Hour,energy_produced,energy_imported,energy_exported,h2_exported,gas_exported
0,0.705520432961609,0.6452765343967035,0.6615511548105761,0.3473189532193719,0.4912151130092066
1,0.30652586416348526,0.18482410282542128,0.538128780558699,0.1532053266928629,0.6082331032835606
2,0.5161286646461907,0.4631517151775243,0.16389308976018446,0.5403786323268631,0.3719828547899382
3,0.2552779157306113,0.3265580911573466,0.013965380166376273,0.08234360758217274,0.7272590491093475
4,0.5979602968903952,0.7839983923645909,0.06618950396897094,0.8385075972490418,0.9205480134862886
5,0.22807696120837595,0.43267443749035994,0.08768277680498726,0.7750220568931642,0.4736262589491429
6,0.7012473542679747,0.9971801682545409,0.7396623648815351,0.2224447889383897,0.8347112946128057
7,0.2557390614300348,0.9861526040370995,0.3279732308587726,0.19605579960003472,0.9315815304584348
8,0.6767574948715648,0.7010384851394463,0.4980224739124379,0.6609224387656178,0.7730784729776218
9,0.7646444464896024,0.3331816696144021,0.09768521400877506,0.18335183744905237,0.3144831569215717
10,0.3084485890299733,0.6321713992079405,0.7486172421642412,0.1644484745114172,0.7339864619375644
11,0.8288545822654458,0.45985939199523485,0.12083485384691028,0.24441676889731345,0.6663579451855223
12,0.09830309924618152,0.5039219032760728,0.05121857224163495,0.43754036882326686,0.663094899013265
13,0.043236909629550735,0.5147770205019193,0.7072334058760312,0.3658283582841748,0.16188024712947968
14,0.11038021845537249,0.31440248526754155,0.2576776495245271,0.9517471488640691,0.8374619241056137
15,0.5957398052687684,0.6598705511782851,0.5584164874402139,0.8957268989803567,0.9917353762249433
16,0.6407581955224211,0.194785768329794,0.2968876244969815,0.7187068253678927,0.6056407380723736
17,0.23761145605332246,0.3895752425081518,0.6961668150143084,0.4571368211908632,0.07065500433053862
18,0.9430581512541234,0.207608784306477,0.7113496621184238,0.22999242602076053,0.9026680697023405
19,0.839597262020095,0.3110601819743759,0.763539319502838,0.3860201549852814,0.17318496857210264
20,0.13187371566804595,0.2685047257913108,0.8312302132099867,0.9313193729293665,0.5712026074821978
21,0.08158236728345791,0.4461716408002986,0.5625473664955217,0.7597740682305693,0.48699204497112913
22,0.20856244866516105,0.10045457535352464,0.17592761655446498,0.18711223285973355,0.19679543278949418
23,0.9298435493416487,0.33885873765535546,0.21148057828846445,0.6557163427180519,0.4196308403847415
24,0.8179482267176993,0.61779099877711,0.846419607986813,0.03359649504741624,0.31623072886014914
25,0.7172615855316324,0.20422940998688033,0.05232606323536515,0.17742294962299443,0.4935962938215519
26,0.7841105513811717,0.20410269902208622,0.004118280154513099,0.9968067431111908,0.5045518213528666
27,0.1533512764050139,0.7189344286793559,0.5345885673934152,0.41282244363315723,0.36998716009562516
28,0.07268382404194262,0.6430503801876012,0.6492785233839875,0.8153190846274412,0.642723690229464
29,0.022349972681287023,0.7759935968460852,0.5836448079352556,0.9107102873159807,0.40448007515814155
30,0.10979959407283268,0.39177299328017723,0.04473080205874935,0.7079382025389832,0.9392684876761954
31,0.8543661771997753,0.34755540823132813,0.7852407686315187,0.24616885924606668,0.4731529147301493
32,0.9301425703928485,0.27732234941019707,0.6116274507267796,0.6325908679396391,0.6393964187449741
33,0.41554647105561016,0.775213613151429,0.6050449973893407,0.30968485178014127,0.8569553626847883
34,0.6588719406963962,0.569223166623495,0.5031102804536249,0.8510934998428457,0.2857495771417248
35,0.11733930478531984,0.7969593404392513,0.6328113370578649,0.6143702367356787,0.5019593989452539
36,0.6889814557080849,0.013813481600176258,0.26639817105763675,0.9699517805472598,0.1278702804633497
37,0.015882676864952927,0.7531615121034049,0.8019085387000416,0.1372163796893504,0.09034130872583257
38,0.09316411960977067,0.1364404632348173,0.4913692401241455,0.7477834071195809,0.19983853704729204
39,0.08599642863276258,0.594648638868867,0.6675910409373558,0.7031452785543485,0.7546036278328493
40,0.6193134922777364,0.5966470998128636,0.2387490456445579,0.8687239528734836,0.45835347609889787
41,0.5096215271967545,0.7293480277751241,0.22318027145439023,0.558105382347419,0.24625440875659577
42,0.6365587182058059,0.24312815575381197,0.9905558298400747,0.2439789919151203,0.023890634897041796
43,0.7540084494453254,0.4165291582248867,0.7432242042932564,0.5540761575697684,0.4063933294567419
44,0.3445924253835485,0.25609101902165043,0.28037452372493454,0.21677969594944535,0.7258890960259764
45,0.07813350924044526,0.7798349141559374,0.7250658984713896,0.817619331549717,0.27534524435348395
46,0.4379574686381257,0.20269617414927965,0.8705212200886447,0.6970208208169053,0.6367921990985774
47,0.8837982292287918,0.8281794039026675,0.8112365320696184,0.2942402423706112,0.5372437459763667
48,0.8179482267176993,0.61779099877711,0.846419607986813,0.03359649504741624,0.31623072886014914
49,0.7172615855316324,0.20422940998688033,0.05232606323536515,0.17742294962299443,0.4935962938215519
50,0.7841105513811717,0.20410269902208622,0.004118280154513099,0.9968067431111908,0.5045518213528666
51,0.1533512764050139,0.7189344286793559,0.5345885673934152,0.41282244363315723,0.36998716009562516
52,0.07268382404194262,0.6430503801876012,0.6492785233839875,0.8153190846274412,0.642723690229464
53,0.022349972681287023,0.7759935968460852,0.5836448079352556,0.9107102873159807,0.40448007515814155
54,0.10979959407283268,0.39177299328017723,0.04473080205874935,0.7079382025389832,0.9392684876761954
55,0.8543661771997753,0.34755540823132813,0.7852407686315187,0.24616885924606668,0.4731529147301493
56,0.9301425703928485,0.27732234941019707,0.6116274507267796,0.6325908679396391,0.6393964187449741
57,0.41554647105561016,0.775213613151429,0.6050449973893407,0.30968485178014127,0.8569553626847883
58,0.6588719406963962,0.569223166623495,0.5031102804536249,0.8510934998428457,0.2857495771417248
59,0.11733930478531984,0.7969593404392513,0.6328113370578649,0.6143702367356787,0.5019593989452539
60,0.6889814557080849,0.013813481600176258,0.26639817105763675,0.9699517805472598,0.1278702804633497
61,0.015882676864952927,0.7531615121034049,0.8019085387000416,0.1372163796893504,0.09034130872583257
62,0.09316411960977067,0.1364404632348173,0.4913692401241455,0.7477834071195809,0.19983853704729204
63,0.08599642863276258,0.594648638868867,0.6675910409373558,0.7031452785543485,0.7546036278328493
64,0.6193134922777364,0.5966470998128636,0.2387490456445579,0.8687239528734836,0.45835347609889787
65,0.5096215271967545,0.7293480277751241,0.22318027145439023,0.558105382347419,0.24625440875659577
66,0.6365587182058059,0.24312815575381197,0.9905558298400747,0.2439789919151203,0.023890634897041796
67,0.7540084494453254,0.4165291582248867,0.7432242042932564,0.5540761575697684,0.4063933294567419
68,0.3445924253835485,0.25609101902165043,0.28037452372493454,0.21677969594944535,0.7258890960259764
69,0.07813350924044526,0.7798349141559374,0.7250658984713896,0.817619331549717,0.27534524435348395
70,0.4379574686381257,0.20269617414927965,0.8705212200886447,0.6970208208169053,0.6367921990985774
71,0.8837982292287918,0.8281794039026675,0.8112365320696184,0.2942402423706112,0.5372437459763667
72,0.705520432961609,0.6452765343967035,0.6615511548105761,0.3473189532193719,0.4912151130092066
73,0.30652586416348526,0.18482410282542128,0.538128780558699,0.1532053266928629,0.6082331032835606
74,0.5161286646461907,0.4631517151775243,0.16389308976018446,0.5403786323268631,0.3719828547899382
75,0.2552779157306113,0.3265580911573466,0.013965380166376273,0.08234360758217274,0.7272590491093475
76,0.5979602968903952,0.7839983923645909,0.06618950396897094,0.8385075972490418,0.9205480134862886
77,0.22807696120837595,0.43267443749035994,0.08768277680498726,0.7750220568931642,0.4736262589491429
78,0.7012473542679747,0.9971801682545409,0.7396623648815351,0.2224447889383897,0.8347112946128057
79,0.2557390614300348,0.9861526040370995,0.3279732308587726,0.19605579960003472,0.9315815304584348
80,0.6767574948715648,0.7010384851394463,0.4980224739124379,0.6609224387656178,0.7730784729776218
81,0.7646444464896024,0.3331816696144021,0.09768521400877506,0.18335183744905237,0.3144831569215717
82,0.3084485890299733,0.6321713992079405,0.7486172421642412,0.1644484745114172,0.7339864619375644
83,0.8288545822654458,0.45985939199523485,0.12083485384691028,0.24441676889731345,0.6663579451855223
84,0.09830309924618152,0.5039219032760728,0.05121857224163495,0.43754036882326686,0.663094899013265
85,0.043236909629550735,0.5147770205019193,0.7072334058760312,0.3658283582841748,0.16188024712947968
86,0.11038021845537249,0.31440248526754155,0.2576776495245271,0.9517471488640691,0.8374619241056137
87,0.5957398052687684,0.6598705511782851,0.5584164874402139,0.8957268989803567,0.9917353762249433
88,0.6407581955224211,0.194785768329794,0.2968876244969815,0.7187068253678927,0.6056407380723736
89,0.23761145605332246,0.3895752425081518,0.6961668150143084,0.4571368211908632,0.07065500433053862
90,0.9430581512541234,0.207608784306477,0.7113496621184238,0.22999242602076053,0.9026680697023405
91,0.839597262020095,0.3110601819743759,0.763539319502838,0.3860201549852814,0.17318496857210264
92,0.13187371566804595,0.2685047257913108,0.8312302132099867,0.9313193729293665,0.5712026074821978
93,0.08158236728345791,0.4461716408002986,0.5625473664955217,0.7597740682305693,0.48699204497112913
94,0.20856244866516105,0.10045457535352464,0.17592761655446498,0.18711223285973355,0.19679543278949418
95,0.9298435493416487,0.33885873765535546,0.21148057828846445,0.6557163427180519,0.4196308403847415
96,0.8179482267176993,0.61779099877711,0.846419607986813,0.03359649504741624,0.31623072886014914
97,0.7172615855316324,0.20422940998688033,0.05232606323536515,0.17742294962299443,0.4935962938215519
98,0.7841105513811717,0.20410269902208622,0.004118280154513099,0.9968067431111908,0.5045518213528666
99,0.1533512764050139,0.7189344286793559,0.5345885673934152,0.41282244363315723,0.36998716009562516
100,0.07268382404194262,0.6430503801876012,0.6492785233839875,0.8153190846274412,0.642723690229464
101,0.022349972681287023,0.7759935968460852,0.5836448079352556,0.9107102873159807,0.40448007515814155
102,0.10979959407283268,0.39177299328017723,0.04473080205874935,0.7079382025389832,0.9392684876761954
103,0.8543661771997753,0.34755540823132813,0.7852407686315187,0.24616885924606668,0.4731529147301493
104,0.9301425703928485,0.27732234941019707,0.6116274507267796,0.6325908679396391,0.6393964187449741
105,0.41554647105561016,0.775213613151429,0.6050449973893407,0.30968485178014127,0.8569553626847883
106,0.6588719406963962,0.569223166623495,0.5031102804536249,0.8510934998428457,0.2857495771417248
107,0.11733930478531984,0.7969593404392513,0.6328113370578649,0.6143702367356787,0.5019593989452539
108,0.6889814557080849,0.013813481600176258,0.26639817105763675,0.9699517805472598,0.1278702804633497
109,0.015882676864952927,0.7531615121034049,0.8019085387000416,0.1372163796893504,0.09034130872583257
110,0.09316411960977067,0.1364404632348173,0.4913692401241455,0.7477834071195809,0.19983853704729204
111,0.08599642863276258,0.594648638868867,0.6675910409373558,0.7031452785543485,0.7546036278328493
112,0.6193134922777364,0.5966470998128636,0.2387490456445579,0.8687239528734836,0.45835347609889787
113,0.5096215271967545,0.7293480277751241,0.22318027145439023,0.558105382347419,0.24625440875659577
114,0.6365587182058059,0.24312815575381197,0.9905558298400747,0.2439789919151203,0.023890634897041796
115,0.7540084494453254,0.4165291582248867,0.7432242042932564,0.5540761575697684,0.4063933294567419
116,0.3445924253835485,0.25609101902165043,0.28037452372493454,0.21677969594944535,0.7258890960259764
117,0.07813350924044526,0.7798349141559374,0.7250658984713896,0.817619331549717,0.27534524435348395
118,0.4379574686381257,0.20269617414927965,0.8705212200886447,0.6970208208169053,0.6367921990985774
119,0.8837982292287918,0.8281794039026675,0.8112365320696184,0.2942402423706112,0.5372437459763667
120,0.705520432961609,0.6452765343967035,0.6615511548105761,0.3473189532193719,0.4912151130092066
121,0.30652586416348526,0.18482410282542128,0.538128780558699,0.1532053266928629,0.6082331032835606
122,0.5161286646461907,0.4631517151775243,0.16389308976018446,0.5403786323268631,0.3719828547899382
123,0.2552779157306113,0.3265580911573466,0.013965380166376273,0.08234360758217274,0.7272590491093475
124,0.5979602968903952,0.7839983923645909,0.06618950396897094,0.8385075972490418,0.9205480134862886
125,0.22807696120837595,0.43267443749035994,0.08768277680498726,0.7750220568931642,0.4736262589491429
126,0.7012473542679747,0.9971801682545409,0.7396623648815351,0.2224447889383897,0.8347112946128057
127,0.2557390614300348,0.9861526040370995,0.3279732308587726,0.19605579960003472,0.9315815304584348
128,0.6767574948715648,0.7010384851394463,0.4980224739124379,0.6609224387656178,0.7730784729776218
129,0.7646444464896024,0.3331816696144021,0.09768521400877506,0.18335183744905237,0.3144831569215717
130,0.3084485890299733,0.6321713992079405,0.7486172421642412,0.1644484745114172,0.7339864619375644
131,0.8288545822654458,0.45985939199523485,0.12083485384691028,0.24441676889731345,0.6663579451855223
132,0.09830309924618152,0.5039219032760728,0.05121857224163495,0.43754036882326686,0.663094899013265
133,0.043236909629550735,0.5147770205019193,0.7072334058760312,0.3658283582841748,0.16188024712947968
134,0.11038021845537249,0.31440248526754155,0.2576776495245271,0.9517471488640691,0.8374619241056137
135,0.5957398052687684,0.6598705511782851,0.5584164874402139,0.8957268989803567,0.9917353762249433
136,0.6407581955224211,0.194785768329794,0.2968876244969815,0.7187068253678927,0.6056407380723736
137,0.23761145605332246,0.3895752425081518,0.6961668150143084,0.4571368211908632,0.07065500433053862
138,0.9430581512541234,0.207608784306477,0.7113496621184238,0.22999242602076053,0.9026680697023405
139,0.839597262020095,0.3110601819743759,0.763539319502838,0.3860201549852814,0.17318496857210264
140,0.13187371566804595,0.2685047257913108,0.8312302132099867,0.9313193729293665,0.5712026074821978
141,0.08158236728345791,0.4461716408002986,0.5625473664955217,0.7597740682305693,0.48699204497112913
142,0.20856244866516105,0.10045457535352464,0.17592761655446498,0.18711223285973355,0.19679543278949418
143,0.9298435493416487,0.33885873765535546,0.21148057828846445,0.6557163427180519,0.4196308403847415
144,0.8179482267176993,0.61779099877711,0.846419607986813,0.03359649504741624,0.31623072886014914
145,0.7172615855316324,0.20422940998688033,0.05232606323536515,0.17742294962299443,0.4935962938215519
146,0.7841105513811717,0.20410269902208622,0.004118280154513099,0.9968067431111908,0.5045518213528666
147,0.1533512764050139,0.7189344286793559,0.5345885673934152,0.41282244363315723,0.36998716009562516
148,0.07268382404194262,0.6430503801876012,0.6492785233839875,0.8153190846274412,0.642723690229464
149,0.022349972681287023,0.7759935968460852,0.5836448079352556,0.9107102873159807,0.40448007515814155
150,0.10979959407283268,0.39177299328017723,0.04473080205874935,0.7079382025389832,0.9392684876761954
151,0.8543661771997753,0.34755540823132813,0.7852407686315187,0.24616885924606668,0.4731529147301493
152,0.9301425703928485,0.27732234941019707,0.6116274507267796,0.6325908679396391,0.6393964187449741
153,0.41554647105561016,0.775213613151429,0.6050449973893407,0.30968485178014127,0.8569553626847883
154,0.6588719406963962,0.569223166623495,0.5031102804536249,0.8510934998428457,0.2857495771417248
155,0.11733930478531984,0.7969593404392513,0.6328113370578649,0.6143702367356787,0.5019593989452539
156,0.6889814557080849,0.013813481600176258,0.26639817105763675,0.9699517805472598,0.1278702804633497
157,0.015882676864952927,0.7531615121034049,0.8019085387000416,0.1372163796893504,0.09034130872583257
158,0.09316411960977067,0.1364404632348173,0.4913692401241455,0.7477834071195809,0.19983853704729204
159,0.08599642863276258,0.594648638868867,0.6675910409373558,0.7031452785543485,0.7546036278328493
160,0.6193134922777364,0.5966470998128636,0.2387490456445579,0.8687239528734836,0.45835347609889787
161,0.5096215271967545,0.7293480277751241,0.22318027145439023,0.558105382347419,0.24625440875659577
162,0.6365587182058059,0.24312815575381197,0.9905558298400747,0.2439789919151203,0.023890634897041796
163,0.7540084494453254,0.4165291582248867,0.7432242042932564,0.5540761575697684,0.4063933294567419
164,0.3445924253835485,0.25609101902165043,0.28037452372493454,0.21677969594944535,0.7258890960259764
165,0.07813350924044526,0.7798349141559374,0.7250658984713896,0.817619331549717,0.27534524435348395
166,0.4379574686381257,0.20269617414927965,0.8705212200886447,0.6970208208169053,0.6367921990985774
167,0.8837982292287918,0.8281794039026675,0.8112365320696184,0.2942402423706112,0.5372437459763667
168,0.8179482267176993,0.61779099877711,0.846419607986813,0.03359649504741624,0.31623072886014914
169,0.7172615855316324,0.20422940998688033,0.05232606323536515,0.17742294962299443,0.4935962938215519
170,0.7841105513811717,0.20410269902208622,0.004118280154513099,0.9968067431111908,0.5045518213528666
171,0.1533512764050139,0.7189344286793559,0.5345885673934152,0.41282244363315723,0.36998716009562516
172,0.07268382404194262,0.6430503801876012,0.6492785233839875,0.8153190846274412,0.642723690229464
173,0.022349972681287023,0.7759935968460852,0.5836448079352556,0.9107102873159807,0.40448007515814155
174,0.10979959407283268,0.39177299328017723,0.04473080205874935,0.7079382025389832,0.9392684876761954
175,0.8543661771997753,0.34755540823132813,0.7852407686315187,0.24616885924606668,0.4731529147301493
176,0.9301425703928485,0.27732234941019707,0.6116274507267796,0.6325908679396391,0.6393964187449741
177,0.41554647105561016,0.775213613151429,0.6050449973893407,0.30968485178014127,0.8569553626847883
178,0.6588719406963962,0.569223166623495,0.5031102804536249,0.8510934998428457,0.2857495771417248
179,0.11733930478531984,0.7969593404392513,0.6328113370578649,0.6143702367356787,0.5019593989452539
180,0.6889814557080849,0.013813481600176258,0.26639817105763675,0.9699517805472598,0.1278702804633497
181,0.015882676864952927,0.7531615121034049,0.8019085387000416,0.1372163796893504,0.09034130872583257
182,0.09316411960977067,0.1364404632348173,0.4913692401241455,0.7477834071195809,0.19983853704729204
183,0.08599642863276258,0.594648638868867,0.6675910409373558,0.7031452785543485,0.7546036278328493
184,0.6193134922777364,0.5966470998128636,0.2387490456445579,0.8687239528734836,0.45835347609889787
185,0.5096215271967545,0.7293480277751241,0.22318027145439023,0.558105382347419,0.24625440875659577
186,0.6365587182058059,0.24312815575381197,0.9905558298400747,0.2439789919151203,0.023890634897041796
187,0.7540084494453254,0.4165291582248867,0.7432242042932564,0.5540761575697684,0.4063933294567419
188,0.3445924253835485,0.25609101902165043,0.28037452372493454,0.21677969594944535,0.7258890960259764
189,0.07813350924044526,0.7798349141559374,0.7250658984713896,0.817619331549717,0.27534524435348395
190,0.4379574686381257,0.20269617414927965,0.8705212200886447,0.6970208208169053,0.6367921990985774
191,0.8837982292287918,0.8281794039026675,0.8112365320696184,0.2942402423706112,0.5372437459763667
192,0.8179482267176993,0.61779099877711,0.846419607986813,0.03359649504741624,0.31623072886014914
193,0.7172615855316324,0.20422940998688033,0.05232606323536515,0.17742294962299443,0.4935962938215519
194,0.7841105513811717,0.20410269902208622,0.004118280154513099,0.9968067431111908,0.5045518213528666
195,0.1533512764050139,0.7189344286793559,0.5345885673934152,0.41282244363315723,0.36998716009562516
196,0.07268382404194262,0.6430503801876012,0.6492785233839875,0.8153190846274412,0.642723690229464
197,0.022349972681287023,0.7759935968460852,0.5836448079352556,0.9107102873159807,0.40448007515814155
198,0.10979959407283268,0.39177299328017723,0.04473080205874935,0.7079382025389832,0.9392684876761954
199,0.8543661771997753,0.34755540823132813,0.7852407686315187,0.24616885924606668,0.4731529147301493
200,0.9301425703928485,0.27732234941019707,0.6116274507267796,0.6325908679396391,0.6393964187449741
201,0.41554647105561016,0.775213613151429,0.6050449973893407,0.30968485178014127,0.8569553626847883
202,0.6588719406963962,0.569223166623495,0.5031102804536249,0.8510934998428457,0.2857495771417248
203,0.11733930478531984,0.7969593404392513,0.6328113370578649,0.6143702367356787,0.5019593989452539
204,0.6889814557080849,0.013813481600176258,0.26639817105763675,0.9699517805472598,0.1278702804633497
205,0.015882676864952927,0.7531615121034049,0.8019085387000416,0.1372163796893504,0.09034130872583257
206,0.09316411960977067,0.1364404632348173,0.4913692401241455,0.7477834071195809,0.19983853704729204
207,0.08599642863276258,0.594648638868867,0.6675910409373558,0.7031452785543485,0.7546036278328493
208,0.6193134922777364,0.5966470998128636,0.2387490456445579,0.8687239528734836,0.45835347609889787
209,0.5096215271967545,0.7293480277751241,0.22318027145439023,0.558105382347419,0.24625440875659577
210,0.6365587182058059,0.24312815575381197,0.9905558298400747,0.2439789919151203,0.023890634897041796
211,0.7540084494453254,0.4165291582248867,0.7432242042932564,0.5540761575697684,0.4063933294567419
212,0.3445924253835485,0.25609101902165043,0.28037452372493454,0.21677969594944535,0.7258890960259764
213,0.07813350924044526,0.7798349141559374,0.7250658984713896,0.817619331549717,0.27534524435348395
214,0.4379574686381257,0.20269617414927965,0.8705212200886447,0.6970208208169053,0.6367921990985774
215,0.8837982292287918,0.8281794039026675,0.8112365320696184,0.2942402423706112,0.5372437459763667
216,0.6767306054635275,0.15986485135780493,0.18501287179845727,0.3093906102150168,0.371952253969556
217,0.4903869754356922,0.24474326753678033,0.9726155962582597,0.17956527857646765,0.28872021484442756
218,0.12201494849603833,0.48035881594552876,0.9142175270316222,0.6793062475212923,0.3761851837678336
219,0.21530218970446158,0.07041140003873869,0.353386116019789,0.5163016742792964,0.1807139533328701
220,0.00840010868481711,0.7968584332640749,0.43297116406334335,0.22020744876557763,0.44159864214880773
221,0.4454839815186671,0.6571396182380635,0.4413628316380661,0.3308013370109065,0.9976280449454733
222,0.508552312301234,0.522852147340867,0.46983548269163244,0.282016896290307,0.20701968439256968
223,0.16566411206246023,0.8093153164909418,0.08876190570842002,0.566288695603571,0.6582234054525907
224,0.9612754309989656,0.1937844774661719,0.048155692561028474,0.4211499802450359,0.3787614364537405
225,0.855927096307693,0.6988219033991568,0.9300261082829807,0.8558822214016029,0.18828474486780855
226,0.15906337919881552,0.5529432523151405,0.567663592207623,0.48139920571355554,0.8654605645837191
227,0.2242315509951811,0.663015297135378,0.9305455758683108,0.8670273725385003,0.1940824102601525
228,0.24972137088780866,0.45884887406834307,0.00865758977347153,0.022999775225752805,0.21165510069767302
229,0.0380567201637142,0.2656509259127754,0.7143374863193724,0.7249523611509217,0.8645306125048968
230,0.5870193142340169,0.9741541767719788,0.6092216440485031,0.738093941904489,0.881324315898082
231,0.920030671496344,0.7068283256900362,0.7996720708916569,0.7197358520341376,0.3353311197354071
232,0.5820112476509077,0.5684329135156956,0.08571644269237122,0.6406031069178643,0.6456967019847204
233,0.06955151484956179,0.5237215989926424,0.15528439491313106,0.017739251391607813,0.010379069346564407
234,0.17355007692425328,0.6889409405563556,0.6308145345127826,0.1632667507098624,0.8243485472759517
235,0.9391759012378561,0.8991222308011819,0.8401722843677227,0.07062588450232832,0.5952529473234933
236,0.34446579032192204,0.3282923071540522,0.3526815364694609,0.7112753472626643,0.24712616932363396
237,0.933998216558351,0.16660525700400897,0.3468970399323148,0.44490137402167673,0.3970551761215956
238,0.9807006863017618,0.17244527566144696,0.6772345025867612,0.12787537432346885,0.4371153688654438
239,0.7966069359130027,0.808939262520225,0.6592956415547649,0.05680037468624555,0.8947035671709844
240,0.8179482267176993,0.61779099877711,0.846419607986813,0.03359649504741624,0.31623072886014914
241,0.7172615855316324,0.20422940998688033,0.05232606323536515,0.17742294962299443,0.4935962938215519
242,0.7841105513811717,0.20410269902208622,0.004118280154513099,0.9968067431111908,0.5045518213528666
243,0.1533512764050139,0.7189344286793559,0.5345885673934152,0.41282244363315723,0.36998716009562516
244,0.07268382404194262,0.6430503801876012,0.6492785233839875,0.8153190846274412,0.642723690229464
245,0.022349972681287023,0.7759935968460852,0.5836448079352556,0.9107102873159807,0.40448007515814155
246,0.10979959407283268,0.39177299328017723,0.04473080205874935,0.7079382025389832,0.9392684876761954
247,0.8543661771997753,0.34755540823132813,0.7852407686315187,0.24616885924606668,0.4731529147301493
248,0.9301425703928485,0.27732234941019707,0.6116274507267796,0.6325908679396391,0.6393964187449741
249,0.41554647105561016,0.775213613151429,0.6050449973893407,0.30968485178014127,0.8569553626847883
250,0.6588719406963962,0.569223166623495,0.5031102804536249,0.8510934998428457,0.2857495771417248
251,0.11733930478531984,0.7969593404392513,0.6328113370578649,0.6143702367356787,0.5019593989452539
252,0.6889814557080849,0.013813481600176258,0.26639817105763675,0.9699517805472598,0.1278702804633497
253,0.015882676864952927,0.7531615121034049,0.8019085387000416,0.1372163796893504,0.09034130872583257
254,0.09316411960977067,0.1364404632348173,0.4913692401241455,0.7477834071195809,0.19983853704729204
255,0.08599642863276258,0.594648638868867,0.6675910409373558,0.7031452785543485,0.7546036278328493
256,0.6193134922777364,0.5966470998128636,0.2387490456445579,0.8687239528734836,0.45835347609889787
257,0.5096215271967545,0.7293480277751241,0.22318027145439023,0.558105382347419,0.24625440875659577
258,0.6365587182058059,0.24312815575381197,0.9905558298400747,0.2439789919151203,0.023890634897041796
259,0.7540084494453254,0.4165291582248867,0.7432242042932564,0.5540761575697684,0.4063933294567419
260,0.3445924253835485,0.25609101902165043,0.28037452372493454,0.21677969594944535,0.7258890960259764
261,0.07813350924044526,0.7798349141559374,0.7250658984713896,0.817619331549717,0.27534524435348395
262,0.4379574686381257,0.20269617414927965,0.8705212200886447,0.6970208208169053,0.6367921990985774
263,0.8837982292287918,0.8281794039026675,0.8112365320696184,0.2942402423706112,0.5372437459763667
264,0.8179482267176993,0.61779099877711,0.846419607986813,0.03359649504741624,0.31623072886014914
265,0.7172615855316324,0.20422940998688033,0.05232606323536515,0.17742294962299443,0.4935962938215519
266,0.7841105513811717,0.20410269902208622,0.004118280154513099,0.9968067431111908,0.5045518213528666
267,0.1533512764050139,0.7189344286793559,0.5345885673934152,0.41282244363315723,0.36998716009562516
268,0.07268382404194262,0.6430503801876012,0.6492785233839875,0.8153190846274412,0.642723690229464
269,0.022349972681287023,0.7759935968460852,0.5836448079352556,0.9107102873159807,0.40448007515814155
270,0.10979959407283268,0.39177299328017723,0.04473080205874935,0.7079382025389832,0.9392684876761954
271,0.8543661771997753,0.34755540823132813,0.7852407686315187,0.24616885924606668,0.4731529147301493
272,0.9301425703928485,0.27732234941019707,0.6116274507267796,0.6325908679396391,0.6393964187449741
273,0.41554647105561016,0.775213613151429,0.6050449973893407,0.30968485178014127,0.8569553626847883
274,0.6588719406963962,0.569223166623495,0.5031102804536249,0.8510934998428457,0.2857495771417248
275,0.11733930478531984,0.7969593404392513,0.6328113370578649,0.6143702367356787,0.5019593989452539
276,0.6889814557080849,0.013813481600176258,0.26639817105763675,0.9699517805472598,0.1278702804633497
277,0.015882676864952927,0.7531615121034049,0.8019085387000416,0.1372163796893504,0.09034130872583257
278,0.09316411960977067,0.1364404632348173,0.4913692401241455,0.7477834071195809,0.19983853704729204
279,0.08599642863276258,0.594648638868867,0.6675910409373558,0.7031452785543485,0.7546036278328493
280,0.6193134922777364,0.5966470998128636,0.2387490456445579,0.8687239528734836,0.45835347609889787
281,0.5096215271967545,0.7293480277751241,0.22318027145439023,0.558105382347419,0.24625440875659577
282,0.6365587182058059,0.24312815575381197,0.9905558298400747,0.2439789919151203,0.023890634897041796
283,0.7540084494453254,0.4165291582248867,0.7432242042932564,0.5540761575697684,0.4063933294567419
284,0.3445924253835485,0.25609101902165043,0.28037452372493454,0.21677969594944535,0.7258890960259764
285,0.07813350924044526,0.7798349141559374,0.7250658984713896,0.817619331549717,0.27534524435348395
286,0.4379574686381257,0.20269617414927965,0.8705212200886447,0.6970208208169053,0.6367921990985774
287,0.8837982292287918,0.8281794039026675,0.8112365320696184,0.2942402423706112,0.5372437459763667
288,0.6767306054635275,0.15986485135780493,0.18501287179845727,0.3093906102150168,0.371952253969556
289,0.4903869754356922,0.24474326753678033,0.9726155962582597,0.17956527857646765,0.28872021484442756
290,0.12201494849603833,0.48035881594552876,0.9142175270316222,0.6793062475212923,0.3761851837678336
291,0.21530218970446158,0.07041140003873869,0.353386116019789,0.5163016742792964,0.1807139533328701
292,0.00840010868481711,0.7968584332640749,0.43297116406334335,0.22020744876557763,0.44159864214880773
293,0.4454839815186671,0.6571396182380635,0.4413628316380661,0.3308013370109065,0.9976280449454733
294,0.508552312301234,0.522852147340867,0.46983548269163244,0.282016896290307,0.20701968439256968
295,0.16566411206246023,0.8093153164909418,0.08876190570842002,0.566288695603571,0.6582234054525907
296,0.9612754309989656,0.1937844774661719,0.048155692561028474,0.4211499802450359,0.3787614364537405
297,0.855927096307693,0.6988219033991568,0.9300261082829807,0.8558822214016029,0.18828474486780855
298,0.15906337919881552,0.5529432523151405,0.567663592207623,0.48139920571355554,0.8654605645837191
299,0.2242315509951811,0.663015297135378,0.9305455758683108,0.8670273725385003,0.1940824102601525
300,0.24972137088780866,0.45884887406834307,0.00865758977347153,0.022999775225752805,0.21165510069767302
301,0.0380567201637142,0.2656509259127754,0.7143374863193724,0.7249523611509217,0.8645306125048968
302,0.5870193142340169,0.9741541767719788,0.6092216440485031,0.738093941904489,0.881324315898082
303,0.920030671496344,0.7068283256900362,0.7996720708916569,0.7197358520341376,0.3353311197354071
304,0.5820112476509077,0.5684329135156956,0.08571644269237122,0.6406031069178643,0.6456967019847204
305,0.06955151484956179,0.5237215989926424,0.15528439491313106,0.017739251391607813,0.010379069346564407
306,0.17355007692425328,0.6889409405563556,0.6308145345127826,0.1632667507098624,0.8243485472759517
307,0.9391759012378561,0.8991222308011819,0.8401722843677227,0.07062588450232832,0.5952529473234933
308,0.34446579032192204,0.3282923071540522,0.3526815364694609,0.7112753472626643,0.24712616932363396
309,0.933998216558351,0.16660525700400897,0.3468970399323148,0.44490137402167673,0.3970551761215956
310,0.9807006863017618,0.17244527566144696,0.6772345025867612,0.12787537432346885,0.4371153688654438
311,0.7966069359130027,0.808939262520225,0.6592956415547649,0.05680037468624555,0.8947035671709844
312,0.6767306054635275,0.15986485135780493,0.18501287179845727,0.3093906102150168,0.371952253969556
313,0.4903869754356922,0.24474326753678033,0.9726155962582597,0.17956527857646765,0.28872021484442756
314,0.12201494849603833,0.48035881594552876,0.9142175270316222,0.6793062475212923,0.3761851837678336
315,0.21530218970446158,0.07041140003873869,0.353386116019789,0.5163016742792964,0.1807139533328701
316,0.00840010868481711,0.7968584332640749,0.43297116406334335,0.22020744876557763,0.44159864214880773
317,0.4454839815186671,0.6571396182380635,0.4413628316380661,0.3308013370109065,0.9976280449454733
318,0.508552312301234,0.522852147340867,0.46983548269163244,0.282016896290307,0.20701968439256968
319,0.16566411206246023,0.8093153164909418,0.08876190570842002,0.566288695603571,0.6582234054525907
320,0.9612754309989656,0.1937844774661719,0.048155692561028474,0.4211499802450359,0.3787614364537405
321,0.855927096307693,0.6988219033991568,0.9300261082829807,0.8558822214016029,0.18828474486780855
322,0.15906337919881552,0.5529432523151405,0.567663592207623,0.48139920571355554,0.8654605645837191
323,0.2242315509951811,0.663015297135378,0.9305455758683108,0.8670273725385003,0.1940824102601525
324,0.24972137088780866,0.45884887406834307,0.00865758977347153,0.022999775225752805,0.21165510069767302
325,0.0380567201637142,0.2656509259127754,0.7143374863193724,0.7249523611509217,0.8645306125048968
326,0.5870193142340169,0.9741541767719788,0.6092216440485031,0.738093941904489,0.881324315898082
327,0.920030671496344,0.7068283256900362,0.7996720708916569,0.7197358520341376,0.3353311197354071
328,0.5820112476509077,0.5684329135156956,0.08571644269237122,0.6406031069178643,0.6456967019847204
329,0.06955151484956179,0.5237215989926424,0.15528439491313106,0.017739251391607813,0.010379069346564407
330,0.17355007692425328,0.6889409405563556,0.6308145345127826,0.1632667507098624,0.8243485472759517
331,0.9391759012378561,0.8991222308011819,0.8401722843677227,0.07062588450232832,0.5952529473234933
332,0.34446579032192204,0.3282923071540522,0.3526815364694609,0.7112753472626643,0.24712616932363396
333,0.933998216558351,0.16660525700400897,0.3468970399323148,0.44490137402167673,0.3970551761215956
334,0.9807006863017618,0.17244527566144696,0.6772345025867612,0.12787537432346885,0.4371153688654438
335,0.7966069359130027,0.808939262520225,0.6592956415547649,0.05680037468624555,0.8947035671709844
336,0.8179482267176993,0.61779099877711,0.846419607986813,0.03359649504741624,0.31623072886014914
337,0.7172615855316324,0.20422940998688033,0.05232606323536515,0.17742294962299443,0.4935962938215519
338,0.7841105513811717,0.20410269902208622,0.004118280154513099,0.9968067431111908,0.5045518213528666
339,0.1533512764050139,0.7189344286793559,0.5345885673934152,0.41282244363315723,0.36998716009562516
340,0.07268382404194262,0.6430503801876012,0.6492785233839875,0.8153190846274412,0.642723690229464
341,0.022349972681287023,0.7759935968460852,0.5836448079352556,0.9107102873159807,0.40448007515814155
342,0.10979959407283268,0.39177299328017723,0.04473080205874935,0.7079382025389832,0.9392684876761954
343,0.8543661771997753,0.34755540823132813,0.7852407686315187,0.24616885924606668,0.4731529147301493
344,0.9301425703928485,0.27732234941019707,0.6116274507267796,0.6325908679396391,0.6393964187449741
345,0.41554647105561016,0.775213613151429,0.6050449973893407,0.30968485178014127,0.8569553626847883
346,0.6588719406963962,0.569223166623495,0.5031102804536249,0.8510934998428457,0.2857495771417248
347,0.11733930478531984,0.7969593404392513,0.6328113370578649,0.6143702367356787,0.5019593989452539
348,0.6889814557080849,0.013813481600176258,0.26639817105763675,0.9699517805472598,0.1278702804633497
349,0.015882676864952927,0.7531615121034049,0.8019085387000416,0.1372163796893504,0.09034130872583257
350,0.09316411960977067,0.1364404632348173,0.4913692401241455,0.7477834071195809,0.19983853704729204
351,0.08599642863276258,0.594648638868867,0.6675910409373558,0.7031452785543485,0.7546036278328493
352,0.6193134922777364,0.5966470998128636,0.2387490456445579,0.8687239528734836,0.45835347609889787
353,0.5096215271967545,0.7293480277751241,0.22318027145439023,0.558105382347419,0.24625440875659577
354,0.6365587182058059,0.24312815575381197,0.9905558298400747,0.2439789919151203,0.023890634897041796
355,0.7540084494453254,0.4165291582248867,0.7432242042932564,0.5540761575697684,0.4063933294567419
356,0.3445924253835485,0.25609101902165043,0.28037452372493454,0.21677969594944535,0.7258890960259764
357,0.07813350924044526,0.7798349141559374,0.7250658984713896,0.817619331549717,0.27534524435348395
358,0.4379574686381257,0.20269617414927965,0.8705212200886447,0.6970208208169053,0.6367921990985774
359,0.8837982292287918,0.8281794039026675,0.8112365320696184,0.2942402423706112,0.5372437459763667
360,0.8179482267176993,0.61779099877711,0.846419607986813,0.03359649504741624,0.31623072886014914
361,0.7172615855316324,0.20422940998688033,0.05232606323536515,0.17742294962299443,0.4935962938215519
362,0.7841105513811717,0.20410269902208622,0.004118280154513099,0.9968067431111908,0.5045518213528666
363,0.1533512764050139,0.7189344286793559,0.5345885673934152,0.41282244363315723,0.36998716009562516
364,0.07268382404194262,0.6430503801876012,0.6492785233839875,0.8153190846274412,0.642723690229464
365,0.022349972681287023,0.7759935968460852,0.5836448079352556,0.9107102873159807,0.40448007515814155
366,0.10979959407283268,0.39177299328017723,0.04473080205874935,0.7079382025389832,0.9392684876761954
367,0.8543661771997753,0.34755540823132813,0.7852407686315187,0.24616885924606668,0.4731529147301493
368,0.9301425703928485,0.27732234941019707,0.6116274507267796,0.6325908679396391,0.6393964187449741
369,0.41554647105561016,0.775213613151429,0.6050449973893407,0.30968485178014127,0.8569553626847883
370,0.6588719406963962,0.569223166623495,0.5031102804536249,0.8510934998428457,0.2857495771417248
371,0.11733930478531984,0.7969593404392513,0.6328113370578649,0.6143702367356787,0.5019593989452539
372,0.6889814557080849,0.013813481600176258,0.26639817105763675,0.9699517805472598,0.1278702804633497
373,0.015882676864952927,0.7531615121034049,0.8019085387000416,0.1372163796893504,0.09034130872583257
374,0.09316411960977067,0.1364404632348173,0.4913692401241455,0.7477834071195809,0.19983853704729204
375,0.08599642863276258,0.594648638868867,0.6675910409373558,0.7031452785543485,0.7546036278328493
376,0.6193134922777364,0.5966470998128636,0.2387490456445579,0.8687239528734836,0.45835347609889787
377,0.5096215271967545,0.7293480277751241,0.22318027145439023,0.558105382347419,0.24625440875659577
378,0.6365587182058059,0.24312815575381197,0.9905558298400747,0.2439789919151203,0.023890634897041796
379,0.7540084494453254,0.4165291582248867,0.7432242042932564,0.5540761575697684,0.4063933294567419
380,0.3445924253835485,0.25609101902165043,0.28037452372493454,0.21677969594944535,0.7258890960259764
381,0.07813350924044526,0.7798349141559374,0.7250658984713896,0.817619331549717,0.27534524435348395
382,0.4379574686381257,0.20269617414927965,0.8705212200886447,0.6970208208169053,0.6367921990985774
383,0.8837982292287918,0.8281794039026675,0.8112365320696184,0.2942402423706112,0.5372437459763667
384,0.8179482267176993,0.61779099877711,0.846419607986813,0.03359649504741624,0.31623072886014914
385,0.7172615855316324,0.20422940998688033,0.05232606323536515,0.17742294962299443,0.4935962938215519
386,0.7841105513811717,0.20410269902208622,0.004118280154513099,0.9968067431111908,0.5045518213528666
387,0.1533512764050139,0.7189344286793559,0.5345885673934152,0.41282244363315723,0.36998716009562516
388,0.07268382404194262,0.6430503801876012,0.6492785233839875,0.8153190846274412,0.642723690229464
389,0.022349972681287023,0.7759935968460852,0.5836448079352556,0.9107102873159807,0.40448007515814155
390,0.10979959407283268,0.39177299328017723,0.04473080205874935,0.7079382025389832,0.9392684876761954
391,0.8543661771997753,0.34755540823132813,0.7852407686315187,0.24616885924606668,0.4731529147301493
392,0.9301425703928485,0.27732234941019707,0.6116274507267796,0.6325908679396391,0.6393964187449741
393,0.41554647105561016,0.775213613151429,0.6050449973893407,0.30968485178014127,0.8569553626847883
394,0.6588719406963962,0.569223166623495,0.5031102804536249,0.8510934998428457,0.2857495771417248
395,0.11733930478531984,0.7969593404392513,0.6328113370578649,0.6143702367356787,0.5019593989452539
396,0.6889814557080849,0.013813481600176258,0.26639817105763675,0.9699517805472598,0.1278702804633497
397,0.015882676864952927,0.7531615121034049,0.8019085387000416,0.1372163796893504,0.09034130872583257
398,0.09316411960977067,0.1364404632348173,0.4913692401241455,0.7477834071195809,0.19983853704729204
399,0.08599642863276258,0.594648638868867,0.6675910409373558,0.7031452785543485,0.7546036278328493
400,0.6193134922777364,0.5966470998128636,0.2387490456445579,0.8687239528734836,0.45835347609889787
401,0.5096215271967545,0.7293480277751241,0.22318027145439023,0.558105382347419,0.24625440875659577
402,0.6365587182058059,0.24312815575381197,0.9905558298400747,0.2439789919151203,0.023890634897041796
403,0.7540084494453254,0.4165291582248867,0.7432242042932564,0.5540761575697684,0.4063933294567419
404,0.3445924253835485,0.25609101902165043,0.28037452372493454,0.21677969594944535,0.7258890960259764
405,0.07813350924044526,0.7798349141559374,0.7250658984713896,0.817619331549717,0.27534524435348395
406,0.4379574686381257,0.20269617414927965,0.8705212200886447,0.6970208208169053,0.6367921990985774
407,0.8837982292287918,0.8281794039026675,0.8112365320696184,0.2942402423706112,0.5372437459763667
408,0.8179482267176993,0.61779099877711,0.846419607986813,0.03359649504741624,0.31623072886014914
409,0.7172615855316324,0.20422940998688033,0.05232606323536515,0.17742294962299443,0.4935962938215519
410,0.7841105513811717,0.20410269902208622,0.004118280154513099,0.9968067431111908,0.5045518213528666
411,0.1533512764050139,0.7189344286793559,0.5345885673934152,0.41282244363315723,0.36998716009562516
412,0.07268382404194262,0.6430503801876012,0.6492785233839875,0.8153190846274412,0.642723690229464
413,0.022349972681287023,0.7759935968460852,0.5836448079352556,0.9107102873159807,0.40448007515814155
414,0.10979959407283268,0.39177299328017723,0.04473080205874935,0.7079382025389832,0.9392684876761954
415,0.8543661771997753,0.34755540823132813,0.7852407686315187,0.24616885924606668,0.4731529147301493
416,0.9301425703928485,0.27732234941019707,0.6116274507267796,0.6325908679396391,0.6393964187449741
417,0.41554647105561016,0.775213613151429,0.6050449973893407,0.30968485178014127,0.8569553626847883
418,0.6588719406963962,0.569223166623495,0.5031102804536249,0.8510934998428457,0.2857495771417248
419,0.11733930478531984,0.7969593404392513,0.6328113370578649,0.6143702367356787,0.5019593989452539
420,0.6889814557080849,0.013813481600176258,0.26639817105763675,0.9699517805472598,0.1278702804633497
421,0.015882676864952927,0.7531615121034049,0.8019085387000416,0.1372163796893504,0.09034130872583257
422,0.09316411960977067,0.1364404632348173,0.4913692401241455,0.7477834071195809,0.19983853704729204
423,0.08599642863276258,0.594648638868867,0.6675910409373558,0.7031452785543485,0.7546036278328493
424,0.6193134922777364,0.5966470998128636,0.2387490456445579,0.8687239528734836,0.45835347609889787
425,0.5096215271967545,0.7293480277751241,0.22318027145439023,0.558105382347419,0.24625440875659577
426,0.6365587182058059,0.24312815575381197,0.9905558298400747,0.2439789919151203,0.023890634897041796
427,0.7540084494453254,0.4165291582248867,0.7432242042932564,0.5540761575697684,0.4063933294567419
428,0.3445924253835485,0.25609101902165043,0.28037452372493454,0.21677969594944535,0.7258890960259764
429,0.07813350924044526,0.7798349141559374,0.7250658984713896,0.817619331549717,0.27534524435348395
430,0.4379574686381257,0.20269617414927965,0.8705212200886447,0.6970208208169053,0.6367921990985774
431,0.8837982292287918,0.8281794039026675,0.8112365320696184,0.2942402423706112,0.5372437459763667
432,0.705520432961609,0.6452765343967035,0.6615511548105761,0.3473189532193719,0.4912151130092066
433,0.30652586416348526,0.18482410282542128,0.538128780558699,0.1532053266928629,0.6082331032835606
434,0.5161286646461907,0.4631517151775243,0.16389308976018446,0.5403786323268631,0.3719828547899382
435,0.2552779157306113,0.3265580911573466,0.013965380166376273,0.08234360758217274,0.7272590491093475
436,0.5979602968903952,0.7839983923645909,0.06618950396897094,0.8385075972490418,0.9205480134862886
437,0.22807696120837595,0.43267443749035994,0.08768277680498726,0.7750220568931642,0.4736262589491429
438,0.7012473542679747,0.9971801682545409,0.7396623648815351,0.2224447889383897,0.8347112946128057
439,0.2557390614300348,0.9861526040370995,0.3279732308587726,0.19605579960003472,0.9315815304584348
440,0.6767574948715648,0.7010384851394463,0.4980224739124379,0.6609224387656178,0.7730784729776218
441,0.7646444464896024,0.3331816696144021,0.09768521400877506,0.18335183744905237,0.3144831569215717
442,0.3084485890299733,0.6321713992079405,0.7486172421642412,0.1644484745114172,0.7339864619375644
443,0.8288545822654458,0.45985939199523485,0.12083485384691028,0.24441676889731345,0.6663579451855223
444,0.09830309924618152,0.5039219032760728,0.05121857224163495,0.43754036882326686,0.663094899013265
445,0.043236909629550735,0.5147770205019193,0.7072334058760312,0.3658283582841748,0.16188024712947968
446,0.11038021845537249,0.31440248526754155,0.2576776495245271,0.9517471488640691,0.8374619241056137
447,0.5957398052687684,0.6598705511782851,0.5584164874402139,0.8957268989803567,0.9917353762249433
448,0.6407581955224211,0.194785768329794,0.2968876244969815,0.7187068253678927,0.6056407380723736
449,0.23761145605332246,0.3895752425081518,0.6961668150143084,0.4571368211908632,0.07065500433053862
450,0.9430581512541234,0.207608784306477,0.7113496621184238,0.22999242602076053,0.9026680697023405
451,0.839597262020095,0.3110601819743759,0.763539319502838,0.3860201549852814,0.17318496857210264
452,0.13187371566804595,0.2685047257913108,0.8312302132099867,0.9313193729293665,0.5712026074821978
453,0.08158236728345791,0.4461716408002986,0.5625473664955217,0.7597740682305693,0.48699204497112913
454,0.20856244866516105,0.10045457535352464,0.17592761655446498,0.18711223285973355,0.19679543278949418
455,0.9298435493416487,0.33885873765535546,0.21148057828846445,0.6557163427180519,0.4196308403847415
456,0.8179482267176993,0.61779099877711,0.846419607986813,0.03359649504741624,0.31623072886014914
457,0.7172615855316324,0.20422940998688033,0.05232606323536515,0.17742294962299443,0.4935962938215519
458,0.7841105513811717,0.20410269902208622,0.004118280154513099,0.9968067431111908,0.5045518213528666
459,0.1533512764050139,0.7189344286793559,0.5345885673934152,0.41282244363315723,0.36998716009562516
460,0.07268382404194262,0.6430503801876012,0.6492785233839875,0.8153190846274412,0.642723690229464
461,0.022349972681287023,0.7759935968460852,0.5836448079352556,0.9107102873159807,0.40448007515814155
462,0.10979959407283268,0.39177299328017723,0.04473080205874935,0.7079382025389832,0.9392684876761954
463,0.8543661771997753,0.34755540823132813,0.7852407686315187,0.24616885924606668,0.4731529147301493
464,0.9301425703928485,0.27732234941019707,0.6116274507267796,0.6325908679396391,0.6393964187449741
465,0.41554647105561016,0.775213613151429,0.6050449973893407,0.30968485178014127,0.8569553626847883
466,0.6588719406963962,0.569223166623495,0.5031102804536249,0.8510934998428457,0.2857495771417248
467,0.11733930478531984,0.7969593404392513,0.6328113370578649,0.6143702367356787,0.5019593989452539
468,0.6889814557080849,0.013813481600176258,0.26639817105763675,0.9699517805472598,0.1278702804633497
469,0.015882676864952927,0.7531615121034049,0.8019085387000416,0.1372163796893504,0.09034130872583257
470,0.09316411960977067,0.1364404632348173,0.4913692401241455,0.7477834071195809,0.19983853704729204
471,0.08599642863276258,0.594648638868867,0.6675910409373558,0.7031452785543485,0.7546036278328493
472,0.6193134922777364,0.5966470998128636,0.2387490456445579,0.8687239528734836,0.45835347609889787
473,0.5096215271967545,0.7293480277751241,0.22318027145439023,0.558105382347419,0.24625440875659577
474,0.6365587182058059,0.24312815575381197,0.9905558298400747,0.2439789919151203,0.023890634897041796
475,0.7540084494453254,0.4165291582248867,0.7432242042932564,0.5540761575697684,0.4063933294567419
476,0.3445924253835485,0.25609101902165043,0.28037452372493454,0.21677969594944535,0.7258890960259764
477,0.07813350924044526,0.7798349141559374,0.7250658984713896,0.817619331549717,0.27534524435348395
478,0.4379574686381257,0.20269617414927965,0.8705212200886447,0.6970208208169053,0.6367921990985774
479,0.8837982292287918,0.8281794039026675,0.8112365320696184,0.2942402423706112,0.5372437459763667
480,0.6767306054635275,0.15986485135780493,0.18501287179845727,0.3093906102150168,0.371952253969556
481,0.4903869754356922,0.24474326753678033,0.9726155962582597,0.17956527857646765,0.28872021484442756
482,0.12201494849603833,0.48035881594552876,0.9142175270316222,0.6793062475212923,0.3761851837678336
483,0.21530218970446158,0.07041140003873869,0.353386116019789,0.5163016742792964,0.1807139533328701
484,0.00840010868481711,0.7968584332640749,0.43297116406334335,0.22020744876557763,0.44159864214880773
485,0.4454839815186671,0.6571396182380635,0.4413628316380661,0.3308013370109065,0.9976280449454733
486,0.508552312301234,0.522852147340867,0.46983548269163244,0.282016896290307,0.20701968439256968
487,0.16566411206246023,0.8093153164909418,0.08876190570842002,0.566288695603571,0.6582234054525907
488,0.9612754309989656,0.1937844774661719,0.048155692561028474,0.4211499802450359,0.3787614364537405
489,0.855927096307693,0.6988219033991568,0.9300261082829807,0.8558822214016029,0.18828474486780855
490,0.15906337919881552,0.5529432523151405,0.567663592207623,0.48139920571355554,0.8654605645837191
491,0.2242315509951811,0.663015297135378,0.9305455758683108,0.8670273725385003,0.1940824102601525
492,0.24972137088780866,0.45884887406834307,0.00865758977347153,0.022999775225752805,0.21165510069767302
493,0.0380567201637142,0.2656509259127754,0.7143374863193724,0.7249523611509217,0.8645306125048968
494,0.5870193142340169,0.9741541767719788,0.6092216440485031,0.738093941904489,0.881324315898082
495,0.920030671496344,0.7068283256900362,0.7996720708916569,0.7197358520341376,0.3353311197354071
496,0.5820112476509077,0.5684329135156956,0.08571644269237122,0.6406031069178643,0.6456967019847204
497,0.06955151484956179,0.5237215989926424,0.15528439491313106,0.017739251391607813,0.010379069346564407
498,0.17355007692425328,0.6889409405563556,0.6308145345127826,0.1632667507098624,0.8243485472759517
499,0.9391759012378561,0.8991222308011819,0.8401722843677227,0.07062588450232832,0.5952529473234933
500,0.34446579032192204,0.3282923071540522,0.3526815364694609,0.7112753472626643,0.24712616932363396
501,0.933998216558351,0.16660525700400897,0.3468970399323148,0.44490137402167673,0.3970551761215956
502,0.9807006863017618,0.17244527566144696,0.6772345025867612,0.12787537432346885,0.4371153688654438
503,0.7966069359130027,0.808939262520225,0.6592956415547649,0.05680037468624555,0.8947035671709844
504,0.6767306054635275,0.15986485135780493,0.18501287179845727,0.3093906102150168,0.371952253969556
505,0.4903869754356922,0.24474326753678033,0.9726155962582597,0.17956527857646765,0.28872021484442756
506,0.12201494849603833,0.48035881594552876,0.9142175270316222,0.6793062475212923,0.3761851837678336
507,0.21530218970446158,0.07041140003873869,0.353386116019789,0.5163016742792964,0.1807139533328701
508,0.00840010868481711,0.7968584332640749,0.43297116406334335,0.22020744876557763,0.44159864214880773
509,0.4454839815186671,0.6571396182380635,0.4413628316380661,0.3308013370109065,0.9976280449454733
510,0.508552312301234,0.522852147340867,0.46983548269163244,0.282016896290307,0.20701968439256968
511,0.16566411206246023,0.8093153164909418,0.08876190570842002,0.566288695603571,0.6582234054525907
512,0.9612754309989656,0.1937844774661719,0.048155692561028474,0.4211499802450359,0.3787614364537405
513,0.855927096307693,0.6988219033991568,0.9300261082829807,0.8558822214016029,0.18828474486780855
514,0.15906337919881552,0.5529432523151405,0.567663592207623,0.48139920571355554,0.8654605645837191
515,0.2242315509951811,0.663015297135378,0.9305455758683108,0.8670273725385003,0.1940824102601525
516,0.24972137088780866,0.45884887406834307,0.00865758977347153,0.022999775225752805,0.21165510069767302
517,0.0380567201637142,0.2656509259127754,0.7143374863193724,0.7249523611509217,0.8645306125048968
518,0.5870193142340169,0.9741541767719788,0.6092216440485031,0.738093941904489,0.881324315898082
519,0.920030671496344,0.7068283256900362,0.7996720708916569,0.7197358520341376,0.3353311197354071
520,0.5820112476509077,0.5684329135156956,0.08571644269237122,0.6406031069178643,0.6456967019847204
521,0.06955151484956179,0.5237215989926424,0.15528439491313106,0.017739251391607813,0.010379069346564407
522,0.17355007692425328,0.6889409405563556,0.6308145345127826,0.1632667507098624,0.8243485472759517
523,0.9391759012378561,0.8991222308011819,0.8401722843677227,0.07062588450232832,0.5952529473234933
524,0.34446579032192204,0.3282923071540522,0.3526815364694609,0.7112753472626643,0.24712616932363396
525,0.933998216558351,0.16660525700400897,0.3468970399323148,0.44490137402167673,0.3970551761215956
526,0.9807006863017618,0.17244527566144696,0.6772345025867612,0.12787537432346885,0.4371153688654438
527,0.7966069359130027,0.808939262520225,0.6592956415547649,0.05680037468624555,0.8947035671709844
528,0.8179482267176993,0.61779099877711,0.846419607986813,0.03359649504741624,0.31623072886014914
529,0.7172615855316324,0.20422940998688033,0.05232606323536515,0.17742294962299443,0.4935962938215519
530,0.7841105513811717,0.20410269902208622,0.004118280154513099,0.9968067431111908,0.5045518213528666
531,0.1533512764050139,0.7189344286793559,0.5345885673934152,0.41282244363315723,0.36998716009562516
532,0.07268382404194262,0.6430503801876012,0.6492785233839875,0.8153190846274412,0.642723690229464
533,0.022349972681287023,0.7759935968460852,0.5836448079352556,0.9107102873159807,0.40448007515814155
534,0.10979959407283268,0.39177299328017723,0.04473080205874935,0.7079382025389832,0.9392684876761954
535,0.8543661771997753,0.34755540823132813,0.7852407686315187,0.24616885924606668,0.4731529147301493
536,0.9301425703928485,0.27732234941019707,0.6116274507267796,0.6325908679396391,0.6393964187449741
537,0.41554647105561016,0.775213613151429,0.6050449973893407,0.30968485178014127,0.8569553626847883
538,0.6588719406963962,0.569223166623495,0.5031102804536249,0.8510934998428457,0.2857495771417248
539,0.11733930478531984,0.7969593404392513,0.6328113370578649,0.6143702367356787,0.5019593989452539
540,0.6889814557080849,0.013813481600176258,0.26639817105763675,0.9699517805472598,0.1278702804633497
541,0.015882676864952927,0.7531615121034049,0.8019085387000416,0.1372163796893504,0.09034130872583257
542,0.09316411960977067,0.1364404632348173,0.4913692401241455,0.7477834071195809,0.19983853704729204
543,0.08599642863276258,0.594648638868867,0.6675910409373558,0.7031452785543485,0.7546036278328493
544,0.6193134922777364,0.5966470998128636,0.2387490456445579,0.8687239528734836,0.45835347609889787
545,0.5096215271967545,0.7293480277751241,0.22318027145439023,0.558105382347419,0.24625440875659577
546,0.6365587182058059,0.24312815575381197,0.9905558298400747,0.2439789919151203,0.023890634897041796
547,0.7540084494453254,0.4165291582248867,0.7432242042932564,0.5540761575697684,0.4063933294567419
548,0.3445924253835485,0.25609101902165043,0.28037452372493454,0.21677969594944535,0.7258890960259764
549,0.07813350924044526,0.7798349141559374,0.7250658984713896,0.817619331549717,0.27534524435348395
550,0.4379574686381257,0.20269617414927965,0.8705212200886447,0.6970208208169053,0.6367921990985774
551,0.8837982292287918,0.8281794039026675,0.8112365320696184,0.2942402423706112,0.5372437459763667
552,0.8179482267176993,0.61779099877711,0.846419607986813,0.03359649504741624,0.31623072886014914
553,0.7172615855316324,0.20422940998688033,0.05232606323536515,0.17742294962299443,0.4935962938215519
554,0.7841105513811717,0.20410269902208622,0.004118280154513099,0.9968067431111908,0.5045518213528666
555,0.1533512764050139,0.7189344286793559,0.5345885673934152,0.41282244363315723,0.36998716009562516
556,0.07268382404194262,0.6430503801876012,0.6492785233839875,0.8153190846274412,0.642723690229464
557,0.022349972681287023,0.7759935968460852,0.5836448079352556,0.9107102873159807,0.40448007515814155
558,0.10979959407283268,0.39177299328017723,0.04473080205874935,0.7079382025389832,0.9392684876761954
559,0.8543661771997753,0.34755540823132813,0.7852407686315187,0.24616885924606668,0.4731529147301493
560,0.9301425703928485,0.27732234941019707,0.6116274507267796,0.6325908679396391,0.6393964187449741
561,0.41554647105561016,0.775213613151429,0.6050449973893407,0.30968485178014127,0.8569553626847883
562,0.6588719406963962,0.569223166623495,0.5031102804536249,0.8510934998428457,0.2857495771417248
563,0.11733930478531984,0.7969593404392513,0.6328113370578649,0.6143702367356787,0.5019593989452539
564,0.6889814557080849,0.013813481600176258,0.26639817105763675,0.9699517805472598,0.1278702804633497
565,0.015882676864952927,0.7531615121034049,0.8019085387000416,0.1372163796893504,0.09034130872583257
566,0.09316411960977067,0.1364404632348173,0.4913692401241455,0.7477834071195809,0.19983853704729204
567,0.08599642863276258,0.594648638868867,0.6675910409373558,0.7031452785543485,0.7546036278328493
568,0.6193134922777364,0.5966470998128636,0.2387490456445579,0.8687239528734836,0.45835347609889787
569,0.5096215271967545,0.7293480277751241,0.22318027145439023,0.558105382347419,0.24625440875659577
570,0.6365587182058059,0.24312815575381197,0.9905558298400747,0.2439789919151203,0.023890634897041796
571,0.7540084494453254,0.4165291582248867,0.7432242042932564,0.5540761575697684,0.4063933294567419
572,0.3445924253835485,0.25609101902165043,0.28037452372493454,0.21677969594944535,0.7258890960259764
573,0.07813350924044526,0.7798349141559374,0.7250658984713896,0.817619331549717,0.27534524435348395
574,0.4379574686381257,0.20269617414927965,0.8705212200886447,0.6970208208169053,0.6367921990985774
575,0.8837982292287918,0.8281794039026675,0.8112365320696184,0.2942402423706112,0.5372437459763667
576,0.8179482267176993,0.61779099877711,0.846419607986813,0.03359649504741624,0.31623072886014914
577,0.7172615855316324,0.20422940998688033,0.05232606323536515,0.17742294962299443,0.4935962938215519
578,0.7841105513811717,0.20410269902208622,0.004118280154513099,0.9968067431111908,0.5045518213528666
579,0.1533512764050139,0.7189344286793559,0.5345885673934152,0.41282244363315723,0.36998716009562516
580,0.07268382404194262,0.6430503801876012,0.6492785233839875,0.8153190846274412,0.642723690229464
581,0.022349972681287023,0.7759935968460852,0.5836448079352556,0.9107102873159807,0.40448007515814155
582,0.10979959407283268,0.39177299328017723,0.04473080205874935,0.7079382025389832,0.9392684876761954
583,0.8543661771997753,0.34755540823132813,0.7852407686315187,0.24616885924606668,0.4731529147301493
584,0.9301425703928485,0.27732234941019707,0.6116274507267796,0.6325908679396391,0.6393964187449741
585,0.41554647105561016,0.775213613151429,0.6050449973893407,0.30968485178014127,0.8569553626847883
586,0.6588719406963962,0.569223166623495,0.5031102804536249,0.8510934998428457,0.2857495771417248
587,0.11733930478531984,0.7969593404392513,0.6328113370578649,0.6143702367356787,0.5019593989452539
588,0.6889814557080849,0.013813481600176258,0.26639817105763675,0.9699517805472598,0.1278702804633497
589,0.015882676864952927,0.7531615121034049,0.8019085387000416,0.1372163796893504,0.09034130872583257
590,0.09316411960977067,0.1364404632348173,0.4913692401241455,0.7477834071195809,0.19983853704729204
591,0.08599642863276258,0.594648638868867,0.6675910409373558,0.7031452785543485,0.7546036278328493
592,0.6193134922777364,0.5966470998128636,0.2387490456445579,0.8687239528734836,0.45835347609889787
593,0.5096215271967545,0.7293480277751241,0.22318027145439023,0.558105382347419,0.24625440875659577
594,0.6365587182058059,0.24312815575381197,0.9905558298400747,0.2439789919151203,0.023890634897041796
595,0.7540084494453254,0.4165291582248867,0.7432242042932564,0.5540761575697684,0.4063933294567419
596,0.3445924253835485,0.25609101902165043,0.28037452372493454,0.21677969594944535,0.7258890960259764
597,0.07813350924044526,0.7798349141559374,0.7250658984713896,0.817619331549717,0.27534524435348395
598,0.4379574686381257,0.20269617414927965,0.8705212200886447,0.6970208208169053,0.6367921990985774
599,0.8837982292287918,0.8281794039026675,0.8112365320696184,0.2942402423706112,0.5372437459763667
600,0.8179482267176993,0.61779099877711,0.846419607986813,0.03359649504741624,0.31623072886014914
601,0.7172615855316324,0.20422940998688033,0.05232606323536515,0.17742294962299443,0.4935962938215519
602,0.7841105513811717,0.20410269902208622,0.004118280154513099,0.9968067431111908,0.5045518213528666
603,0.1533512764050139,0.7189344286793559,0.5345885673934152,0.41282244363315723,0.36998716009562516
604,0.07268382404194262,0.6430503801876012,0.6492785233839875,0.8153190846274412,0.642723690229464
605,0.022349972681287023,0.7759935968460852,0.5836448079352556,0.9107102873159807,0.40448007515814155
606,0.10979959407283268,0.39177299328017723,0.04473080205874935,0.7079382025389832,0.9392684876761954
607,0.8543661771997753,0.34755540823132813,0.7852407686315187,0.24616885924606668,0.4731529147301493
608,0.9301425703928485,0.27732234941019707,0.6116274507267796,0.6325908679396391,0.6393964187449741
609,0.41554647105561016,0.775213613151429,0.6050449973893407,0.30968485178014127,0.8569553626847883
610,0.6588719406963962,0.569223166623495,0.5031102804536249,0.8510934998428457,0.2857495771417248
611,0.11733930478531984,0.7969593404392513,0.6328113370578649,0.6143702367356787,0.5019593989452539
612,0.6889814557080849,0.013813481600176258,0.26639817105763675,0.9699517805472598,0.1278702804633497
613,0.015882676864952927,0.7531615121034049,0.8019085387000416,0.1372163796893504,0.09034130872583257
614,0.09316411960977067,0.1364404632348173,0.4913692401241455,0.7477834071195809,0.19983853704729204
615,0.08599642863276258,0.594648638868867,0.6675910409373558,0.7031452785543485,0.7546036278328493
616,0.6193134922777364,0.5966470998128636,0.2387490456445579,0.8687239528734836,0.45835347609889787
617,0.5096215271967545,0.7293480277751241,0.22318027145439023,0.558105382347419,0.24625440875659577
618,0.6365587182058059,0.24312815575381197,0.9905558298400747,0.2439789919151203,0.023890634897041796
619,0.7540084494453254,0.4165291582248867,0.7432242042932564,0.5540761575697684,0.4063933294567419
620,0.3445924253835485,0.25609101902165043,0.28037452372493454,0.21677969594944535,0.7258890960259764
621,0.07813350924044526,0.7798349141559374,0.7250658984713896,0.817619331549717,0.27534524435348395
622,0.4379574686381257,0.20269617414927965,0.8705212200886447,0.6970208208169053,0.6367921990985774
623,0.8837982292287918,0.8281794039026675,0.8112365320696184,0.2942402423706112,0.5372437459763667
624,0.8179482267176993,0.61779099877711,0.846419607986813,0.03359649504741624,0.31623072886014914
625,0.7172615855316324,0.20422940998688033,0.05232606323536515,0.17742294962299443,0.4935962938215519
626,0.7841105513811717,0.20410269902208622,0.004118280154513099,0.9968067431111908,0.5045518213528666
627,0.1533512764050139,0.7189344286793559,0.5345885673934152,0.41282244363315723,0.36998716009562516
628,0.07268382404194262,0.6430503801876012,0.6492785233839875,0.8153190846274412,0.642723690229464
629,0.022349972681287023,0.7759935968460852,0.5836448079352556,0.9107102873159807,0.40448007515814155
630,0.10979959407283268,0.39177299328017723,0.04473080205874935,0.7079382025389832,0.9392684876761954
631,0.8543661771997753,0.34755540823132813,0.7852407686315187,0.24616885924606668,0.4731529147301493
632,0.9301425703928485,0.27732234941019707,0.6116274507267796,0.6325908679396391,0.6393964187449741
633,0.41554647105561016,0.775213613151429,0.6050449973893407,0.30968485178014127,0.8569553626847883
634,0.6588719406963962,0.569223166623495,0.5031102804536249,0.8510934998428457,0.2857495771417248
635,0.11733930478531984,0.7969593404392513,0.6328113370578649,0.6143702367356787,0.5019593989452539
636,0.6889814557080849,0.013813481600176258,0.26639817105763675,0.9699517805472598,0.1278702804633497
637,0.015882676864952927,0.7531615121034049,0.8019085387000416,0.1372163796893504,0.09034130872583257
638,0.09316411960977067,0.1364404632348173,0.4913692401241455,0.7477834071195809,0.19983853704729204
639,0.08599642863276258,0.594648638868867,0.6675910409373558,0.7031452785543485,0.7546036278328493
640,0.6193134922777364,0.5966470998128636,0.2387490456445579,0.8687239528734836,0.45835347609889787
641,0.5096215271967545,0.7293480277751241,0.22318027145439023,0.558105382347419,0.24625440875659577
642,0.6365587182058059,0.24312815575381197,0.9905558298400747,0.2439789919151203,0.023890634897041796
643,0.7540084494453254,0.4165291582248867,0.7432242042932564,0.5540761575697684,0.4063933294567419
644,0.3445924253835485,0.25609101902165043,0.28037452372493454,0.21677969594944535,0.7258890960259764
645,0.07813350924044526,0.7798349141559374,0.7250658984713896,0.817619331549717,0.27534524435348395
646,0.4379574686381257,0.20269617414927965,0.8705212200886447,0.6970208208169053,0.6367921990985774
647,0.8837982292287918,0.8281794039026675,0.8112365320696184,0.2942402423706112,0.5372437459763667
648,0.6767306054635275,0.15986485135780493,0.18501287179845727,0.3093906102150168,0.371952253969556
649,0.4903869754356922,0.24474326753678033,0.9726155962582597,0.17956527857646765,0.28872021484442756
650,0.12201494849603833,0.48035881594552876,0.9142175270316222,0.6793062475212923,0.3761851837678336
651,0.21530218970446158,0.07041140003873869,0.353386116019789,0.5163016742792964,0.1807139533328701
652,0.00840010868481711,0.7968584332640749,0.43297116406334335,0.22020744876557763,0.44159864214880773
653,0.4454839815186671,0.6571396182380635,0.4413628316380661,0.3308013370109065,0.9976280449454733
654,0.508552312301234,0.522852147340867,0.46983548269163244,0.282016896290307,0.20701968439256968
655,0.16566411206246023,0.8093153164909418,0.08876190570842002,0.566288695603571,0.6582234054525907
656,0.9612754309989656,0.1937844774661719,0.048155692561028474,0.4211499802450359,0.3787614364537405
657,0.855927096307693,0.6988219033991568,0.9300261082829807,0.8558822214016029,0.18828474486780855
658,0.15906337919881552,0.5529432523151405,0.567663592207623,0.48139920571355554,0.8654605645837191
659,0.2242315509951811,0.663015297135378,0.9305455758683108,0.8670273725385003,0.1940824102601525
660,0.24972137088780866,0.45884887406834307,0.00865758977347153,0.022999775225752805,0.21165510069767302
661,0.0380567201637142,0.2656509259127754,0.7143374863193724,0.7249523611509217,0.8645306125048968
662,0.5870193142340169,0.9741541767719788,0.6092216440485031,0.738093941904489,0.881324315898082
663,0.920030671496344,0.7068283256900362,0.7996720708916569,0.7197358520341376,0.3353311197354071
664,0.5820112476509077,0.5684329135156956,0.08571644269237122,0.6406031069178643,0.6456967019847204
665,0.06955151484956179,0.5237215989926424,0.15528439491313106,0.017739251391607813,0.010379069346564407
666,0.17355007692425328,0.6889409405563556,0.6308145345127826,0.1632667507098624,0.8243485472759517
667,0.9391759012378561,0.8991222308011819,0.8401722843677227,0.07062588450232832,0.5952529473234933
668,0.34446579032192204,0.3282923071540522,0.3526815364694609,0.7112753472626643,0.24712616932363396
669,0.933998216558351,0.16660525700400897,0.3468970399323148,0.44490137402167673,0.3970551761215956
670,0.9807006863017618,0.17244527566144696,0.6772345025867612,0.12787537432346885,0.4371153688654438
671,0.7966069359130027,0.808939262520225,0.6592956415547649,0.05680037468624555,0.8947035671709844
672,0.6767306054635275,0.15986485135780493,0.18501287179845727,0.3093906102150168,0.371952253969556
673,0.4903869754356922,0.24474326753678033,0.9726155962582597,0.17956527857646765,0.28872021484442756
674,0.12201494849603833,0.48035881594552876,0.9142175270316222,0.6793062475212923,0.3761851837678336
675,0.21530218970446158,0.07041140003873869,0.353386116019789,0.5163016742792964,0.1807139533328701
676,0.00840010868481711,0.7968584332640749,0.43297116406334335,0.22020744876557763,0.44159864214880773
677,0.4454839815186671,0.6571396182380635,0.4413628316380661,0.3308013370109065,0.9976280449454733
678,0.508552312301234,0.522852147340867,0.46983548269163244,0.282016896290307,0.20701968439256968
679,0.16566411206246023,0.8093153164909418,0.08876190570842002,0.566288695603571,0.6582234054525907
680,0.9612754309989656,0.1937844774661719,0.048155692561028474,0.4211499802450359,0.3787614364537405
681,0.855927096307693,0.6988219033991568,0.9300261082829807,0.8558822214016029,0.18828474486780855
682,0.15906337919881552,0.5529432523151405,0.567663592207623,0.48139920571355554,0.8654605645837191
683,0.2242315509951811,0.663015297135378,0.9305455758683108,0.8670273725385003,0.1940824102601525
684,0.24972137088780866,0.45884887406834307,0.00865758977347153,0.022999775225752805,0.21165510069767302
685,0.0380567201637142,0.2656509259127754,0.7143374863193724,0.7249523611509217,0.8645306125048968
686,0.5870193142340169,0.9741541767719788,0.6092216440485031,0.738093941904489,0.881324315898082
687,0.920030671496344,0.7068283256900362,0.7996720708916569,0.7197358520341376,0.3353311197354071
688,0.5820112476509077,0.5684329135156956,0.08571644269237122,0.6406031069178643,0.6456967019847204
689,0.06955151484956179,0.5237215989926424,0.15528439491313106,0.017739251391607813,0.010379069346564407
690,0.17355007692425328,0.6889409405563556,0.6308145345127826,0.1632667507098624,0.8243485472759517
691,0.9391759012378561,0.8991222308011819,0.8401722843677227,0.07062588450232832,0.5952529473234933
692,0.34446579032192204,0.3282923071540522,0.3526815364694609,0.7112753472626643,0.24712616932363396
693,0.933998216558351,0.16660525700400897,0.3468970399323148,0.44490137402167673,0.3970551761215956
694,0.9807006863017618,0.17244527566144696,0.6772345025867612,0.12787537432346885,0.4371153688654438
695,0.7966069359130027,0.808939262520225,0.6592956415547649,0.05680037468624555,0.8947035671709844
696,0.6767306054635275,0.15986485135780493,0.18501287179845727,0.3093906102150168,0.371952253969556
697,0.4903869754356922,0.24474326753678033,0.9726155962582597,0.17956527857646765,0.28872021484442756
698,0.12201494849603833,0.48035881594552876,0.9142175270316222,0.6793062475212923,0.3761851837678336
699,0.21530218970446158,0.07041140003873869,0.353386116019789,0.5163016742792964,0.1807139533328701
700,0.00840010868481711,0.7968584332640749,0.43297116406334335,0.22020744876557763,0.44159864214880773
701,0.4454839815186671,0.6571396182380635,0.4413628316380661,0.3308013370109065,0.9976280449454733
702,0.508552312301234,0.522852147340867,0.46983548269163244,0.282016896290307,0.20701968439256968
703,0.16566411206246023,0.8093153164909418,0.08876190570842002,0.566288695603571,0.6582234054525907
704,0.9612754309989656,0.1937844774661719,0.048155692561028474,0.4211499802450359,0.3787614364537405
705,0.855927096307693,0.6988219033991568,0.9300261082829807,0.8558822214016029,0.18828474486780855
706,0.15906337919881552,0.5529432523151405,0.567663592207623,0.48139920571355554,0.8654605645837191
707,0.2242315509951811,0.663015297135378,0.9305455758683108,0.8670273725385003,0.1940824102601525
708,0.24972137088780866,0.45884887406834307,0.00865758977347153,0.022999775225752805,0.21165510069767302
709,0.0380567201637142,0.2656509259127754,0.7143374863193724,0.7249523611509217,0.8645306125048968
710,0.5870193142340169,0.9741541767719788,0.6092216440485031,0.738093941904489,0.881324315898082
711,0.920030671496344,0.7068283256900362,0.7996720708916569,0.7197358520341376,0.3353311197354071
712,0.5820112476509077,0.5684329135156956,0.08571644269237122,0.6406031069178643,0.6456967019847204
713,0.06955151484956179,0.5237215989926424,0.15528439491313106,0.017739251391607813,0.010379069346564407
714,0.17355007692425328,0.6889409405563556,0.6308145345127826,0.1632667507098624,0.8243485472759517
715,0.9391759012378561,0.8991222308011819,0.8401722843677227,0.07062588450232832,0.5952529473234933
716,0.34446579032192204,0.3282923071540522,0.3526815364694609,0.7112753472626643,0.24712616932363396
717,0.933998216558351,0.16660525700400897,0.3468970399323148,0.44490137402167673,0.3970551761215956
718,0.9807006863017618,0.17244527566144696,0.6772345025867612,0.12787537432346885,0.4371153688654438
719,0.7966069359130027,0.808939262520225,0.6592956415547649,0.05680037468624555,0.8947035671709844
720,0.8179482267176993,0.61779099877711,0.846419607986813,0.03359649504741624,0.31623072886014914
721,0.7172615855316324,0.20422940998688033,0.05232606323536515,0.17742294962299443,0.4935962938215519
722,0.7841105513811717,0.20410269902208622,0.004118280154513099,0.9968067431111908,0.5045518213528666
723,0.1533512764050139,0.7189344286793559,0.5345885673934152,0.41282244363315723,0.36998716009562516
724,0.07268382404194262,0.6430503801876012,0.6492785233839875,0.8153190846274412,0.642723690229464
725,0.022349972681287023,0.7759935968460852,0.5836448079352556,0.9107102873159807,0.40448007515814155
726,0.10979959407283268,0.39177299328017723,0.04473080205874935,0.7079382025389832,0.9392684876761954
727,0.8543661771997753,0.34755540823132813,0.7852407686315187,0.24616885924606668,0.4731529147301493
728,0.9301425703928485,0.27732234941019707,0.6116274507267796,0.6325908679396391,0.6393964187449741
729,0.41554647105561016,0.775213613151429,0.6050449973893407,0.30968485178014127,0.8569553626847883
730,0.6588719406963962,0.569223166623495,0.5031102804536249,0.8510934998428457,0.2857495771417248
731,0.11733930478531984,0.7969593404392513,0.6328113370578649,0.6143702367356787,0.5019593989452539
732,0.6889814557080849,0.013813481600176258,0.26639817105763675,0.9699517805472598,0.1278702804633497
733,0.015882676864952927,0.7531615121034049,0.8019085387000416,0.1372163796893504,0.09034130872583257
734,0.09316411960977067,0.1364404632348173,0.4913692401241455,0.7477834071195809,0.19983853704729204
735,0.08599642863276258,0.594648638868867,0.6675910409373558,0.7031452785543485,0.7546036278328493
736,0.6193134922777364,0.5966470998128636,0.2387490456445579,0.8687239528734836,0.45835347609889787
737,0.5096215271967545,0.7293480277751241,0.22318027145439023,0.558105382347419,0.24625440875659577
738,0.6365587182058059,0.24312815575381197,0.9905558298400747,0.2439789919151203,0.023890634897041796
739,0.7540084494453254,0.4165291582248867,0.7432242042932564,0.5540761575697684,0.4063933294567419
740,0.3445924253835485,0.25609101902165043,0.28037452372493454,0.21677969594944535,0.7258890960259764
741,0.07813350924044526,0.7798349141559374,0.7250658984713896,0.817619331549717,0.27534524435348395
742,0.4379574686381257,0.20269617414927965,0.8705212200886447,0.6970208208169053,0.6367921990985774
743,0.8837982292287918,0.8281794039026675,0.8112365320696184,0.2942402423706112,0.5372437459763667
744,0.8179482267176993,0.61779099877711,0.846419607986813,0.03359649504741624,0.31623072886014914
745,0.7172615855316324,0.20422940998688033,0.05232606323536515,0.17742294962299443,0.4935962938215519
746,0.7841105513811717,0.20410269902208622,0.004118280154513099,0.9968067431111908,0.5045518213528666
747,0.1533512764050139,0.7189344286793559,0.5345885673934152,0.41282244363315723,0.36998716009562516
748,0.07268382404194262,0.6430503801876012,0.6492785233839875,0.8153190846274412,0.642723690229464
749,0.022349972681287023,0.7759935968460852,0.5836448079352556,0.9107102873159807,0.40448007515814155
750,0.10979959407283268,0.39177299328017723,0.04473080205874935,0.7079382025389832,0.9392684876761954
751,0.8543661771997753,0.34755540823132813,0.7852407686315187,0.24616885924606668,0.4731529147301493
752,0.9301425703928485,0.27732234941019707,0.6116274507267796,0.6325908679396391,0.6393964187449741
753,0.41554647105561016,0.775213613151429,0.6050449973893407,0.30968485178014127,0.8569553626847883
754,0.6588719406963962,0.569223166623495,0.5031102804536249,0.8510934998428457,0.2857495771417248
755,0.11733930478531984,0.7969593404392513,0.6328113370578649,0.6143702367356787,0.5019593989452539
756,0.6889814557080849,0.013813481600176258,0.26639817105763675,0.9699517805472598,0.1278702804633497
757,0.015882676864952927,0.7531615121034049,0.8019085387000416,0.1372163796893504,0.09034130872583257
758,0.09316411960977067,0.1364404632348173,0.4913692401241455,0.7477834071195809,0.19983853704729204
759,0.08599642863276258,0.594648638868867,0.6675910409373558,0.7031452785543485,0.7546036278328493
760,0.6193134922777364,0.5966470998128636,0.2387490456445579,0.8687239528734836,0.45835347609889787
761,0.5096215271967545,0.7293480277751241,0.22318027145439023,0.558105382347419,0.24625440875659577
762,0.6365587182058059,0.24312815575381197,0.9905558298400747,0.2439789919151203,0.023890634897041796
763,0.7540084494453254,0.4165291582248867,0.7432242042932564,0.5540761575697684,0.4063933294567419
764,0.3445924253835485,0.25609101902165043,0.28037452372493454,0.21677969594944535,0.7258890960259764
765,0.07813350924044526,0.7798349141559374,0.7250658984713896,0.817619331549717,0.27534524435348395
766,0.4379574686381257,0.20269617414927965,0.8705212200886447,0.6970208208169053,0.6367921990985774
767,0.8837982292287918,0.8281794039026675,0.8112365320696184,0.2942402423706112,0.5372437459763667
768,0.8179482267176993,0.61779099877711,0.846419607986813,0.03359649504741624,0.31623072886014914
769,0.7172615855316324,0.20422940998688033,0.05232606323536515,0.17742294962299443,0.4935962938215519
770,0.7841105513811717,0.20410269902208622,0.004118280154513099,0.9968067431111908,0.5045518213528666
771,0.1533512764050139,0.7189344286793559,0.5345885673934152,0.41282244363315723,0.36998716009562516
772,0.07268382404194262,0.6430503801876012,0.6492785233839875,0.8153190846274412,0.642723690229464
773,0.022349972681287023,0.7759935968460852,0.5836448079352556,0.9107102873159807,0.40448007515814155
774,0.10979959407283268,0.39177299328017723,0.04473080205874935,0.7079382025389832,0.9392684876761954
775,0.8543661771997753,0.34755540823132813,0.7852407686315187,0.24616885924606668,0.4731529147301493
776,0.9301425703928485,0.27732234941019707,0.6116274507267796,0.6325908679396391,0.6393964187449741
777,0.41554647105561016,0.775213613151429,0.6050449973893407,0.30968485178014127,0.8569553626847883
778,0.6588719406963962,0.569223166623495,0.5031102804536249,0.8510934998428457,0.2857495771417248
779,0.11733930478531984,0.7969593404392513,0.6328113370578649,0.6143702367356787,0.5019593989452539
780,0.6889814557080849,0.013813481600176258,0.26639817105763675,0.9699517805472598,0.1278702804633497
781,0.015882676864952927,0.7531615121034049,0.8019085387000416,0.1372163796893504,0.09034130872583257
782,0.09316411960977067,0.1364404632348173,0.4913692401241455,0.7477834071195809,0.19983853704729204
783,0.08599642863276258,0.594648638868867,0.6675910409373558,0.7031452785543485,0.7546036278328493
784,0.6193134922777364,0.5966470998128636,0.2387490456445579,0.8687239528734836,0.45835347609889787
785,0.5096215271967545,0.7293480277751241,0.22318027145439023,0.558105382347419,0.24625440875659577
786,0.6365587182058059,0.24312815575381197,0.9905558298400747,0.2439789919151203,0.023890634897041796
787,0.7540084494453254,0.4165291582248867,0.7432242042932564,0.5540761575697684,0.4063933294567419
788,0.3445924253835485,0.25609101902165043,0.28037452372493454,0.21677969594944535,0.7258890960259764
789,0.07813350924044526,0.7798349141559374,0.7250658984713896,0.817619331549717,0.27534524435348395
790,0.4379574686381257,0.20269617414927965,0.8705212200886447,0.6970208208169053,0.6367921990985774
791,0.8837982292287918,0.8281794039026675,0.8112365320696184,0.2942402423706112,0.5372437459763667
792,0.6767306054635275,0.15986485135780493,0.18501287179845727,0.3093906102150168,0.371952253969556
793,0.4903869754356922,0.24474326753678033,0.9726155962582597,0.17956527857646765,0.28872021484442756
794,0.12201494849603833,0.48035881594552876,0.9142175270316222,0.6793062475212923,0.3761851837678336
795,0.21530218970446158,0.07041140003873869,0.353386116019789,0.5163016742792964,0.1807139533328701
796,0.00840010868481711,0.7968584332640749,0.43297116406334335,0.22020744876557763,0.44159864214880773
797,0.4454839815186671,0.6571396182380635,0.4413628316380661,0.3308013370109065,0.9976280449454733
798,0.508552312301234,0.522852147340867,0.46983548269163244,0.282016896290307,0.20701968439256968
799,0.16566411206246023,0.8093153164909418,0.08876190570842002,0.566288695603571,0.6582234054525907
800,0.9612754309989656,0.1937844774661719,0.048155692561028474,0.4211499802450359,0.3787614364537405
801,0.855927096307693,0.6988219033991568,0.9300261082829807,0.8558822214016029,0.18828474486780855
802,0.15906337919881552,0.5529432523151405,0.567663592207623,0.48139920571355554,0.8654605645837191
803,0.2242315509951811,0.663015297135378,0.9305455758683108,0.8670273725385003,0.1940824102601525
804,0.24972137088780866,0.45884887406834307,0.00865758977347153,0.022999775225752805,0.21165510069767302
805,0.0380567201637142,0.2656509259127754,0.7143374863193724,0.7249523611509217,0.8645306125048968
806,0.5870193142340169,0.9741541767719788,0.6092216440485031,0.738093941904489,0.881324315898082
807,0.920030671496344,0.7068283256900362,0.7996720708916569,0.7197358520341376,0.3353311197354071
808,0.5820112476509077,0.5684329135156956,0.08571644269237122,0.6406031069178643,0.6456967019847204
809,0.06955151484956179,0.5237215989926424,0.15528439491313106,0.017739251391607813,0.010379069346564407
810,0.17355007692425328,0.6889409405563556,0.6308145345127826,0.1632667507098624,0.8243485472759517
811,0.9391759012378561,0.8991222308011819,0.8401722843677227,0.07062588450232832,0.5952529473234933
812,0.34446579032192204,0.3282923071540522,0.3526815364694609,0.7112753472626643,0.24712616932363396
813,0.933998216558351,0.16660525700400897,0.3468970399323148,0.44490137402167673,0.3970551761215956
814,0.9807006863017618,0.17244527566144696,0.6772345025867612,0.12787537432346885,0.4371153688654438
815,0.7966069359130027,0.808939262520225,0.6592956415547649,0.05680037468624555,0.8947035671709844
816,0.6767306054635275,0.15986485135780493,0.18501287179845727,0.3093906102150168,0.371952253969556
817,0.4903869754356922,0.24474326753678033,0.9726155962582597,0.17956527857646765,0.28872021484442756
818,0.12201494849603833,0.48035881594552876,0.9142175270316222,0.6793062475212923,0.3761851837678336
819,0.21530218970446158,0.07041140003873869,0.353386116019789,0.5163016742792964,0.1807139533328701
820,0.00840010868481711,0.7968584332640749,0.43297116406334335,0.22020744876557763,0.44159864214880773
821,0.4454839815186671,0.6571396182380635,0.4413628316380661,0.3308013370109065,0.9976280449454733
822,0.508552312301234,0.522852147340867,0.46983548269163244,0.282016896290307,0.20701968439256968
823,0.16566411206246023,0.8093153164909418,0.08876190570842002,0.566288695603571,0.6582234054525907
824,0.9612754309989656,0.1937844774661719,0.048155692561028474,0.4211499802450359,0.3787614364537405
825,0.855927096307693,0.6988219033991568,0.9300261082829807,0.8558822214016029,0.18828474486780855
826,0.15906337919881552,0.5529432523151405,0.567663592207623,0.48139920571355554,0.8654605645837191
827,0.2242315509951811,0.663015297135378,0.9305455758683108,0.8670273725385003,0.1940824102601525
828,0.24972137088780866,0.45884887406834307,0.00865758977347153,0.022999775225752805,0.21165510069767302
829,0.0380567201637142,0.2656509259127754,0.7143374863193724,0.7249523611509217,0.8645306125048968
830,0.5870193142340169,0.9741541767719788,0.6092216440485031,0.738093941904489,0.881324315898082
831,0.920030671496344,0.7068283256900362,0.7996720708916569,0.7197358520341376,0.3353311197354071
832,0.5820112476509077,0.5684329135156956,0.08571644269237122,0.6406031069178643,0.6456967019847204
833,0.06955151484956179,0.5237215989926424,0.15528439491313106,0.017739251391607813,0.010379069346564407
834,0.17355007692425328,0.6889409405563556,0.6308145345127826,0.1632667507098624,0.8243485472759517
835,0.9391759012378561,0.8991222308011819,0.8401722843677227,0.07062588450232832,0.5952529473234933
836,0.34446579032192204,0.3282923071540522,0.3526815364694609,0.7112753472626643,0.24712616932363396
837,0.933998216558351,0.16660525700400897,0.3468970399323148,0.44490137402167673,0.3970551761215956
838,0.9807006863017618,0.17244527566144696,0.6772345025867612,0.12787537432346885,0.4371153688654438
839,0.7966069359130027,0.808939262520225,0.6592956415547649,0.05680037468624555,0.8947035671709844
840,0.6767306054635275,0.15986485135780493,0.18501287179845727,0.3093906102150168,0.371952253969556
841,0.4903869754356922,0.24474326753678033,0.9726155962582597,0.17956527857646765,0.28872021484442756
842,0.12201494849603833,0.48035881594552876,0.9142175270316222,0.6793062475212923,0.3761851837678336
843,0.21530218970446158,0.07041140003873869,0.353386116019789,0.5163016742792964,0.1807139533328701
844,0.00840010868481711,0.7968584332640749,0.43297116406334335,0.22020744876557763,0.44159864214880773
845,0.4454839815186671,0.6571396182380635,0.4413628316380661,0.3308013370109065,0.9976280449454733
846,0.508552312301234,0.522852147340867,0.46983548269163244,0.282016896290307,0.20701968439256968
847,0.16566411206246023,0.8093153164909418,0.08876190570842002,0.566288695603571,0.6582234054525907
848,0.9612754309989656,0.1937844774661719,0.048155692561028474,0.4211499802450359,0.3787614364537405
849,0.855927096307693,0.6988219033991568,0.9300261082829807,0.8558822214016029,0.18828474486780855
850,0.15906337919881552,0.5529432523151405,0.567663592207623,0.48139920571355554,0.8654605645837191
851,0.2242315509951811,0.663015297135378,0.9305455758683108,0.8670273725385003,0.1940824102601525
852,0.24972137088780866,0.45884887406834307,0.00865758977347153,0.022999775225752805,0.21165510069767302
853,0.0380567201637142,0.2656509259127754,0.7143374863193724,0.7249523611509217,0.8645306125048968
854,0.5870193142340169,0.9741541767719788,0.6092216440485031,0.738093941904489,0.881324315898082
855,0.920030671496344,0.7068283256900362,0.7996720708916569,0.7197358520341376,0.3353311197354071
856,0.5820112476509077,0.5684329135156956,0.08571644269237122,0.6406031069178643,0.6456967019847204
857,0.06955151484956179,0.5237215989926424,0.15528439491313106,0.017739251391607813,0.010379069346564407
858,0.17355007692425328,0.6889409405563556,0.6308145345127826,0.1632667507098624,0.8243485472759517
859,0.9391759012378561,0.8991222308011819,0.8401722843677227,0.07062588450232832,0.5952529473234933
860,0.34446579032192204,0.3282923071540522,0.3526815364694609,0.7112753472626643,0.24712616932363396
861,0.933998216558351,0.16660525700400897,0.3468970399323148,0.44490137402167673,0.3970551761215956
862,0.9807006863017618,0.17244527566144696,0.6772345025867612,0.12787537432346885,0.4371153688654438
863,0.7966069359130027,0.808939262520225,0.6592956415547649,0.05680037468624555,0.8947035671709844
864,0.6767306054635275,0.15986485135780493,0.18501287179845727,0.3093906102150168,0.371952253969556
865,0.4903869754356922,0.24474326753678033,0.9726155962582597,0.17956527857646765,0.28872021484442756
866,0.12201494849603833,0.48035881594552876,0.9142175270316222,0.6793062475212923,0.3761851837678336
867,0.21530218970446158,0.07041140003873869,0.353386116019789,0.5163016742792964,0.1807139533328701
868,0.00840010868481711,0.7968584332640749,0.43297116406334335,0.22020744876557763,0.44159864214880773
869,0.4454839815186671,0.6571396182380635,0.4413628316380661,0.3308013370109065,0.9976280449454733
870,0.508552312301234,0.522852147340867,0.46983548269163244,0.282016896290307,0.20701968439256968
871,0.16566411206246023,0.8093153164909418,0.08876190570842002,0.566288695603571,0.6582234054525907
872,0.9612754309989656,0.1937844774661719,0.048155692561028474,0.4211499802450359,0.3787614364537405
873,0.855927096307693,0.6988219033991568,0.9300261082829807,0.8558822214016029,0.18828474486780855
874,0.15906337919881552,0.5529432523151405,0.567663592207623,0.48139920571355554,0.8654605645837191
875,0.2242315509951811,0.663015297135378,0.9305455758683108,0.8670273725385003,0.1940824102601525
876,0.24972137088780866,0.45884887406834307,0.00865758977347153,0.022999775225752805,0.21165510069767302
877,0.0380567201637142,0.2656509259127754,0.7143374863193724,0.7249523611509217,0.8645306125048968
878,0.5870193142340169,0.9741541767719788,0.6092216440485031,0.738093941904489,0.881324315898082
879,0.920030671496344,0.7068283256900362,0.7996720708916569,0.7197358520341376,0.3353311197354071
880,0.5820112476509077,0.5684329135156956,0.08571644269237122,0.6406031069178643,0.6456967019847204
881,0.06955151484956179,0.5237215989926424,0.15528439491313106,0.017739251391607813,0.010379069346564407
882,0.17355007692425328,0.6889409405563556,0.6308145345127826,0.1632667507098624,0.8243485472759517
883,0.9391759012378561,0.8991222308011819,0.8401722843677227,0.07062588450232832,0.5952529473234933
884,0.34446579032192204,0.3282923071540522,0.3526815364694609,0.7112753472626643,0.24712616932363396
885,0.933998216558351,0.16660525700400897,0.3468970399323148,0.44490137402167673,0.3970551761215956
886,0.9807006863017618,0.17244527566144696,0.6772345025867612,0.12787537432346885,0.4371153688654438
887,0.7966069359130027,0.808939262520225,0.6592956415547649,0.05680037468624555,0.8947035671709844
888,0.6767306054635275,0.15986485135780493,0.18501287179845727,0.3093906102150168,0.371952253969556
889,0.4903869754356922,0.24474326753678033,0.9726155962582597,0.17956527857646765,0.28872021484442756
890,0.12201494849603833,0.48035881594552876,0.9142175270316222,0.6793062475212923,0.3761851837678336
891,0.21530218970446158,0.07041140003873869,0.353386116019789,0.5163016742792964,0.1807139533328701
892,0.00840010868481711,0.7968584332640749,0.43297116406334335,0.22020744876557763,0.44159864214880773
893,0.4454839815186671,0.6571396182380635,0.4413628316380661,0.3308013370109065,0.9976280449454733
894,0.508552312301234,0.522852147340867,0.46983548269163244,0.282016896290307,0.20701968439256968
895,0.16566411206246023,0.8093153164909418,0.08876190570842002,0.566288695603571,0.6582234054525907
896,0.9612754309989656,0.1937844774661719,0.048155692561028474,0.4211499802450359,0.3787614364537405
897,0.855927096307693,0.6988219033991568,0.9300261082829807,0.8558822214016029,0.18828474486780855
898,0.15906337919881552,0.5529432523151405,0.567663592207623,0.48139920571355554,0.8654605645837191
899,0.2242315509951811,0.663015297135378,0.9305455758683108,0.8670273725385003,0.1940824102601525
900,0.24972137088780866,0.45884887406834307,0.00865758977347153,0.022999775225752805,0.21165510069767302
901,0.0380567201637142,0.2656509259127754,0.7143374863193724,0.7249523611509217,0.8645306125048968
902,0.5870193142340169,0.9741541767719788,0.6092216440485031,0.738093941904489,0.881324315898082
903,0.920030671496344,0.7068283256900362,0.7996720708916569,0.7197358520341376,0.3353311197354071
904,0.5820112476509077,0.5684329135156956,0.08571644269237122,0.6406031069178643,0.6456967019847204
905,0.06955151484956179,0.5237215989926424,0.15528439491313106,0.017739251391607813,0.010379069346564407
906,0.17355007692425328,0.6889409405563556,0.6308145345127826,0.1632667507098624,0.8243485472759517
907,0.9391759012378561,0.8991222308011819,0.8401722843677227,0.07062588450232832,0.5952529473234933
908,0.34446579032192204,0.3282923071540522,0.3526815364694609,0.7112753472626643,0.24712616932363396
909,0.933998216558351,0.16660525700400897,0.3468970399323148,0.44490137402167673,0.3970551761215956
910,0.9807006863017618,0.17244527566144696,0.6772345025867612,0.12787537432346885,0.4371153688654438
911,0.7966069359130027,0.808939262520225,0.6592956415547649,0.05680037468624555,0.8947035671709844
912,0.6767306054635275,0.15986485135780493,0.18501287179845727,0.3093906102150168,0.371952253969556
913,0.4903869754356922,0.24474326753678033,0.9726155962582597,0.17956527857646765,0.28872021484442756
914,0.12201494849603833,0.48035881594552876,0.9142175270316222,0.6793062475212923,0.3761851837678336
915,0.21530218970446158,0.07041140003873869,0.353386116019789,0.5163016742792964,0.1807139533328701
916,0.00840010868481711,0.7968584332640749,0.43297116406334335,0.22020744876557763,0.44159864214880773
917,0.4454839815186671,0.6571396182380635,0.4413628316380661,0.3308013370109065,0.9976280449454733
918,0.508552312301234,0.522852147340867,0.46983548269163244,0.282016896290307,0.20701968439256968
919,0.16566411206246023,0.8093153164909418,0.08876190570842002,0.566288695603571,0.6582234054525907
920,0.9612754309989656,0.1937844774661719,0.048155692561028474,0.4211499802450359,0.3787614364537405
921,0.855927096307693,0.6988219033991568,0.9300261082829807,0.8558822214016029,0.18828474486780855
922,0.15906337919881552,0.5529432523151405,0.567663592207623,0.48139920571355554,0.8654605645837191
923,0.2242315509951811,0.663015297135378,0.9305455758683108,0.8670273725385003,0.1940824102601525
924,0.24972137088780866,0.45884887406834307,0.00865758977347153,0.022999775225752805,0.21165510069767302
925,0.0380567201637142,0.2656509259127754,0.7143374863193724,0.7249523611509217,0.8645306125048968
926,0.5870193142340169,0.9741541767719788,0.6092216440485031,0.738093941904489,0.881324315898082
927,0.920030671496344,0.7068283256900362,0.7996720708916569,0.7197358520341376,0.3353311197354071
928,0.5820112476509077,0.5684329135156956,0.08571644269237122,0.6406031069178643,0.6456967019847204
929,0.06955151484956179,0.5237215989926424,0.15528439491313106,0.017739251391607813,0.010379069346564407
930,0.17355007692425328,0.6889409405563556,0.6308145345127826,0.1632667507098624,0.8243485472759517
931,0.9391759012378561,0.8991222308011819,0.8401722843677227,0.07062588450232832,0.5952529473234933
932,0.34446579032192204,0.3282923071540522,0.3526815364694609,0.7112753472626643,0.24712616932363396
933,0.933998216558351,0.16660525700400897,0.3468970399323148,0.44490137402167673,0.3970551761215956
934,0.9807006863017618,0.17244527566144696,0.6772345025867612,0.12787537432346885,0.4371153688654438
935,0.7966069359130027,0.808939262520225,0.6592956415547649,0.05680037468624555,0.8947035671709844
936,0.8179482267176993,0.61779099877711,0.846419607986813,0.03359649504741624,0.31623072886014914
937,0.7172615855316324,0.20422940998688033,0.05232606323536515,0.17742294962299443,0.4935962938215519
938,0.7841105513811717,0.20410269902208622,0.004118280154513099,0.9968067431111908,0.5045518213528666
939,0.1533512764050139,0.7189344286793559,0.5345885673934152,0.41282244363315723,0.36998716009562516
940,0.07268382404194262,0.6430503801876012,0.6492785233839875,0.8153190846274412,0.642723690229464
941,0.022349972681287023,0.7759935968460852,0.5836448079352556,0.9107102873159807,0.40448007515814155
942,0.10979959407283268,0.39177299328017723,0.04473080205874935,0.7079382025389832,0.9392684876761954
943,0.8543661771997753,0.34755540823132813,0.7852407686315187,0.24616885924606668,0.4731529147301493
944,0.9301425703928485,0.27732234941019707,0.6116274507267796,0.6325908679396391,0.6393964187449741
945,0.41554647105561016,0.775213613151429,0.6050449973893407,0.30968485178014127,0.8569553626847883
946,0.6588719406963962,0.569223166623495,0.5031102804536249,0.8510934998428457,0.2857495771417248
947,0.11733930478531984,0.7969593404392513,0.6328113370578649,0.6143702367356787,0.5019593989452539
948,0.6889814557080849,0.013813481600176258,0.26639817105763675,0.9699517805472598,0.1278702804633497
949,0.015882676864952927,0.7531615121034049,0.8019085387000416,0.1372163796893504,0.09034130872583257
950,0.09316411960977067,0.1364404632348173,0.4913692401241455,0.7477834071195809,0.19983853704729204
951,0.08599642863276258,0.594648638868867,0.6675910409373558,0.7031452785543485,0.7546036278328493
952,0.6193134922777364,0.5966470998128636,0.2387490456445579,0.8687239528734836,0.45835347609889787
953,0.5096215271967545,0.7293480277751241,0.22318027145439023,0.558105382347419,0.24625440875659577
954,0.6365587182058059,0.24312815575381197,0.9905558298400747,0.2439789919151203,0.023890634897041796
955,0.7540084494453254,0.4165291582248867,0.7432242042932564,0.5540761575697684,0.4063933294567419
956,0.3445924253835485,0.25609101902165043,0.28037452372493454,0.21677969594944535,0.7258890960259764
957,0.07813350924044526,0.7798349141559374,0.7250658984713896,0.817619331549717,0.27534524435348395
958,0.4379574686381257,0.20269617414927965,0.8705212200886447,0.6970208208169053,0.6367921990985774
959,0.8837982292287918,0.8281794039026675,0.8112365320696184,0.2942402423706112,0.5372437459763667
960,0.6767306054635275,0.15986485135780493,0.18501287179845727,0.3093906102150168,0.371952253969556
961,0.4903869754356922,0.24474326753678033,0.9726155962582597,0.17956527857646765,0.28872021484442756
962,0.12201494849603833,0.48035881594552876,0.9142175270316222,0.6793062475212923,0.3761851837678336
963,0.21530218970446158,0.07041140003873869,0.353386116019789,0.5163016742792964,0.1807139533328701
964,0.00840010868481711,0.7968584332640749,0.43297116406334335,0.22020744876557763,0.44159864214880773
965,0.4454839815186671,0.6571396182380635,0.4413628316380661,0.3308013370109065,0.9976280449454733
966,0.508552312301234,0.522852147340867,0.46983548269163244,0.282016896290307,0.20701968439256968
967,0.16566411206246023,0.8093153164909418,0.08876190570842002,0.566288695603571,0.6582234054525907
968,0.9612754309989656,0.1937844774661719,0.048155692561028474,0.4211499802450359,0.3787614364537405
969,0.855927096307693,0.6988219033991568,0.9300261082829807,0.8558822214016029,0.18828474486780855
970,0.15906337919881552,0.5529432523151405,0.567663592207623,0.48139920571355554,0.8654605645837191
971,0.2242315509951811,0.663015297135378,0.9305455758683108,0.8670273725385003,0.1940824102601525
972,0.24972137088780866,0.45884887406834307,0.00865758977347153,0.022999775225752805,0.21165510069767302
973,0.0380567201637142,0.2656509259127754,0.7143374863193724,0.7249523611509217,0.8645306125048968
974,0.5870193142340169,0.9741541767719788,0.6092216440485031,0.738093941904489,0.881324315898082
975,0.920030671496344,0.7068283256900362,0.7996720708916569,0.7197358520341376,0.3353311197354071
976,0.5820112476509077,0.5684329135156956,0.08571644269237122,0.6406031069178643,0.6456967019847204
977,0.06955151484956179,0.5237215989926424,0.15528439491313106,0.017739251391607813,0.010379069346564407
978,0.17355007692425328,0.6889409405563556,0.6308145345127826,0.1632667507098624,0.8243485472759517
979,0.9391759012378561,0.8991222308011819,0.8401722843677227,0.07062588450232832,0.5952529473234933
980,0.34446579032192204,0.3282923071540522,0.3526815364694609,0.7112753472626643,0.24712616932363396
981,0.933998216558351,0.16660525700400897,0.3468970399323148,0.44490137402167673,0.3970551761215956
982,0.9807006863017618,0.17244527566144696,0.6772345025867612,0.12787537432346885,0.4371153688654438
983,0.7966069359130027,0.808939262520225,0.6592956415547649,0.05680037468624555,0.8947035671709844
984,0.6767306054635275,0.15986485135780493,0.18501287179845727,0.3093906102150168,0.371952253969556
985,0.4903869754356922,0.24474326753678033,0.9726155962582597,0.17956527857646765,0.28872021484442756
986,0.12201494849603833,0.48035881594552876,0.9142175270316222,0.6793062475212923,0.3761851837678336
987,0.21530218970446158,0.07041140003873869,0.353386116019789,0.5163016742792964,0.1807139533328701
988,0.00840010868481711,0.7968584332640749,0.43297116406334335,0.22020744876557763,0.44159864214880773
989,0.4454839815186671,0.6571396182380635,0.4413628316380661,0.3308013370109065,0.9976280449454733
990,0.508552312301234,0.522852147340867,0.46983548269163244,0.282016896290307,0.20701968439256968
991,0.16566411206246023,0.8093153164909418,0.08876190570842002,0.566288695603571,0.6582234054525907
992,0.9612754309989656,0.1937844774661719,0.048155692561028474,0.4211499802450359,0.3787614364537405
993,0.855927096307693,0.6988219033991568,0.9300261082829807,0.8558822214016029,0.18828474486780855
994,0.15906337919881552,0.5529432523151405,0.567663592207623,0.48139920571355554,0.8654605645837191
995,0.2242315509951811,0.663015297135378,0.9305455758683108,0.8670273725385003,0.1940824102601525
996,0.24972137088780866,0.45884887406834307,0.00865758977347153,0.022999775225752805,0.21165510069767302
997,0.0380567201637142,0.2656509259127754,0.7143374863193724,0.7249523611509217,0.8645306125048968
998,0.5870193142340169,0.9741541767719788,0.6092216440485031,0.738093941904489,0.881324315898082
999,0.920030671496344,0.7068283256900362,0.7996720708916569,0.7197358520341376,0.3353311197354071
1000,0.5820112476509077,0.5684329135156956,0.08571644269237122,0.6406031069178643,0.6456967019847204
1001,0.06955151484956179,0.5237215989926424,0.15528439491313106,0.017739251391607813,0.010379069346564407
1002,0.17355007692425328,0.6889409405563556,0.6308145345127826,0.1632667507098624,0.8243485472759517
1003,0.9391759012378561,0.8991222308011819,0.8401722843677227,0.07062588450232832,0.5952529473234933
1004,0.34446579032192204,0.3282923071540522,0.3526815364694609,0.7112753472626643,0.24712616932363396
1005,0.933998216558351,0.16660525700400897,0.3468970399323148,0.44490137402167673,0.3970551761215956
1006,0.9807006863017618,0.17244527566144696,0.6772345025867612,0.12787537432346885,0.4371153688654438
1007,0.7966069359130027,0.808939262520225,0.6592956415547649,0.05680037468624555,0.8947035671709844
1008,0.6767306054635275,0.15986485135780493,0.18501287179845727,0.3093906102150168,0.371952253969556
1009,0.4903869754356922,0.24474326753678033,0.9726155962582597,0.17956527857646765,0.28872021484442756
1010,0.12201494849603833,0.48035881594552876,0.9142175270316222,0.6793062475212923,0.3761851837678336
1011,0.21530218970446158,0.07041140003873869,0.353386116019789,0.5163016742792964,0.1807139533328701
1012,0.00840010868481711,0.7968584332640749,0.43297116406334335,0.22020744876557763,0.44159864214880773
1013,0.4454839815186671,0.6571396182380635,0.4413628316380661,0.3308013370109065,0.9976280449454733
1014,0.508552312301234,0.522852147340867,0.46983548269163244,0.282016896290307,0.20701968439256968
1015,0.16566411206246023,0.8093153164909418,0.08876190570842002,0.566288695603571,0.6582234054525907
1016,0.9612754309989656,0.1937844774661719,0.048155692561028474,0.4211499802450359,0.3787614364537405
1017,0.855927096307693,0.6988219033991568,0.9300261082829807,0.8558822214016029,0.18828474486780855
1018,0.15906337919881552,0.5529432523151405,0.567663592207623,0.48139920571355554,0.8654605645837191
1019,0.2242315509951811,0.663015297135378,0.9305455758683108,0.8670273725385003,0.1940824102601525
1020,0.24972137088780866,0.45884887406834307,0.00865758977347153,0.022999775225752805,0.21165510069767302
1021,0.0380567201637142,0.2656509259127754,0.7143374863193724,0.7249523611509217,0.8645306125048968
1022,0.5870193142340169,0.9741541767719788,0.6092216440485031,0.738093941904489,0.881324315898082
1023,0.920030671496344,0.7068283256900362,0.7996720708916569,0.7197358520341376,0.3353311197354071
1024,0.5820112476509077,0.5684329135156956,0.08571644269237122,0.6406031069178643,0.6456967019847204
1025,0.06955151484956179,0.5237215989926424,0.15528439491313106,0.017739251391607813,0.010379069346564407
1026,0.17355007692425328,0.6889409405563556,0.6308145345127826,0.1632667507098624,0.8243485472759517
1027,0.9391759012378561,0.8991222308011819,0.8401722843677227,0.07062588450232832,0.5952529473234933
1028,0.34446579032192204,0.3282923071540522,0.3526815364694609,0.7112753472626643,0.24712616932363396
1029,0.933998216558351,0.16660525700400897,0.3468970399323148,0.44490137402167673,0.3970551761215956
1030,0.9807006863017618,0.17244527566144696,0.6772345025867612,0.12787537432346885,0.4371153688654438
1031,0.7966069359130027,0.808939262520225,0.6592956415547649,0.05680037468624555,0.8947035671709844
1032,0.6767306054635275,0.15986485135780493,0.18501287179845727,0.3093906102150168,0.371952253969556
1033,0.4903869754356922,0.24474326753678033,0.9726155962582597,0.17956527857646765,0.28872021484442756
1034,0.12201494849603833,0.48035881594552876,0.9142175270316222,0.6793062475212923,0.3761851837678336
1035,0.21530218970446158,0.07041140003873869,0.353386116019789,0.5163016742792964,0.1807139533328701
1036,0.00840010868481711,0.7968584332640749,0.43297116406334335,0.22020744876557763,0.44159864214880773
1037,0.4454839815186671,0.6571396182380635,0.4413628316380661,0.3308013370109065,0.9976280449454733
1038,0.508552312301234,0.522852147340867,0.46983548269163244,0.282016896290307,0.20701968439256968
1039,0.16566411206246023,0.8093153164909418,0.08876190570842002,0.566288695603571,0.6582234054525907
1040,0.9612754309989656,0.1937844774661719,0.048155692561028474,0.4211499802450359,0.3787614364537405
1041,0.855927096307693,0.6988219033991568,0.9300261082829807,0.8558822214016029,0.18828474486780855
1042,0.15906337919881552,0.5529432523151405,0.567663592207623,0.48139920571355554,0.8654605645837191
1043,0.2242315509951811,0.663015297135378,0.9305455758683108,0.8670273725385003,0.1940824102601525
1044,0.24972137088780866,0.45884887406834307,0.00865758977347153,0.022999775225752805,0.21165510069767302
1045,0.0380567201637142,0.2656509259127754,0.7143374863193724,0.7249523611509217,0.8645306125048968
1046,0.5870193142340169,0.9741541767719788,0.6092216440485031,0.738093941904489,0.881324315898082
1047,0.920030671496344,0.7068283256900362,0.7996720708916569,0.7197358520341376,0.3353311197354071
1048,0.5820112476509077,0.5684329135156956,0.08571644269237122,0.6406031069178643,0.6456967019847204
1049,0.06955151484956179,0.5237215989926424,0.15528439491313106,0.017739251391607813,0.010379069346564407
1050,0.17355007692425328,0.6889409405563556,0.6308145345127826,0.1632667507098624,0.8243485472759517
1051,0.9391759012378561,0.8991222308011819,0.8401722843677227,0.07062588450232832,0.5952529473234933
1052,0.34446579032192204,0.3282923071540522,0.3526815364694609,0.7112753472626643,0.24712616932363396
1053,0.933998216558351,0.16660525700400897,0.3468970399323148,0.44490137402167673,0.3970551761215956
1054,0.9807006863017618,0.17244527566144696,0.6772345025867612,0.12787537432346885,0.4371153688654438
1055,0.7966069359130027,0.808939262520225,0.6592956415547649,0.05680037468624555,0.8947035671709844
1056,0.6767306054635275,0.15986485135780493,0.18501287179845727,0.3093906102150168,0.371952253969556
1057,0.4903869754356922,0.24474326753678033,0.9726155962582597,0.17956527857646765,0.28872021484442756
1058,0.12201494849603833,0.48035881594552876,0.9142175270316222,0.6793062475212923,0.3761851837678336
1059,0.21530218970446158,0.07041140003873869,0.353386116019789,0.5163016742792964,0.1807139533328701
1060,0.00840010868481711,0.7968584332640749,0.43297116406334335,0.22020744876557763,0.44159864214880773
1061,0.4454839815186671,0.6571396182380635,0.4413628316380661,0.3308013370109065,0.9976280449454733
1062,0.508552312301234,0.522852147340867,0.46983548269163244,0.282016896290307,0.20701968439256968
1063,0.16566411206246023,0.8093153164909418,0.08876190570842002,0.566288695603571,0.6582234054525907
1064,0.9612754309989656,0.1937844774661719,0.048155692561028474,0.4211499802450359,0.3787614364537405
1065,0.855927096307693,0.6988219033991568,0.9300261082829807,0.8558822214016029,0.18828474486780855
1066,0.15906337919881552,0.5529432523151405,0.567663592207623,0.48139920571355554,0.8654605645837191
1067,0.2242315509951811,0.663015297135378,0.9305455758683108,0.8670273725385003,0.1940824102601525
1068,0.24972137088780866,0.45884887406834307,0.00865758977347153,0.022999775225752805,0.21165510069767302
1069,0.0380567201637142,0.2656509259127754,0.7143374863193724,0.7249523611509217,0.8645306125048968
1070,0.5870193142340169,0.9741541767719788,0.6092216440485031,0.738093941904489,0.881324315898082
1071,0.920030671496344,0.7068283256900362,0.7996720708916569,0.7197358520341376,0.3353311197354071
1072,0.5820112476509077,0.5684329135156956,0.08571644269237122,0.6406031069178643,0.6456967019847204
1073,0.06955151484956179,0.5237215989926424,0.15528439491313106,0.017739251391607813,0.010379069346564407
1074,0.17355007692425328,0.6889409405563556,0.6308145345127826,0.1632667507098624,0.8243485472759517
1075,0.9391759012378561,0.8991222308011819,0.8401722843677227,0.07062588450232832,0.5952529473234933
1076,0.34446579032192204,0.3282923071540522,0.3526815364694609,0.7112753472626643,0.24712616932363396
1077,0.933998216558351,0.16660525700400897,0.3468970399323148,0.44490137402167673,0.3970551761215956
1078,0.9807006863017618,0.17244527566144696,0.6772345025867612,0.12787537432346885,0.4371153688654438
1079,0.7966069359130027,0.808939262520225,0.6592956415547649,0.05680037468624555,0.8947035671709844
1080,0.8179482267176993,0.61779099877711,0.846419607986813,0.03359649504741624,0.31623072886014914
1081,0.7172615855316324,0.20422940998688033,0.05232606323536515,0.17742294962299443,0.4935962938215519
1082,0.7841105513811717,0.20410269902208622,0.004118280154513099,0.9968067431111908,0.5045518213528666
1083,0.1533512764050139,0.7189344286793559,0.5345885673934152,0.41282244363315723,0.36998716009562516
1084,0.07268382404194262,0.6430503801876012,0.6492785233839875,0.8153190846274412,0.642723690229464
1085,0.022349972681287023,0.7759935968460852,0.5836448079352556,0.9107102873159807,0.40448007515814155
1086,0.10979959407283268,0.39177299328017723,0.04473080205874935,0.7079382025389832,0.9392684876761954
1087,0.8543661771997753,0.34755540823132813,0.7852407686315187,0.24616885924606668,0.4731529147301493
1088,0.9301425703928485,0.27732234941019707,0.6116274507267796,0.6325908679396391,0.6393964187449741
1089,0.41554647105561016,0.775213613151429,0.6050449973893407,0.30968485178014127,0.8569553626847883
1090,0.6588719406963962,0.569223166623495,0.5031102804536249,0.8510934998428457,0.2857495771417248
1091,0.11733930478531984,0.7969593404392513,0.6328113370578649,0.6143702367356787,0.5019593989452539
1092,0.6889814557080849,0.013813481600176258,0.26639817105763675,0.9699517805472598,0.1278702804633497
1093,0.015882676864952927,0.7531615121034049,0.8019085387000416,0.1372163796893504,0.09034130872583257
1094,0.09316411960977067,0.1364404632348173,0.4913692401241455,0.7477834071195809,0.19983853704729204
1095,0.08599642863276258,0.594648638868867,0.6675910409373558,0.7031452785543485,0.7546036278328493
1096,0.6193134922777364,0.5966470998128636,0.2387490456445579,0.8687239528734836,0.45835347609889787
1097,0.5096215271967545,0.7293480277751241,0.22318027145439023,0.558105382347419,0.24625440875659577
1098,0.6365587182058059,0.24312815575381197,0.9905558298400747,0.2439789919151203,0.023890634897041796
1099,0.7540084494453254,0.4165291582248867,0.7432242042932564,0.5540761575697684,0.4063933294567419
1100,0.3445924253835485,0.25609101902165043,0.28037452372493454,0.21677969594944535,0.7258890960259764
1101,0.07813350924044526,0.7798349141559374,0.7250658984713896,0.817619331549717,0.27534524435348395
1102,0.4379574686381257,0.20269617414927965,0.8705212200886447,0.6970208208169053,0.6367921990985774
1103,0.8837982292287918,0.8281794039026675,0.8112365320696184,0.2942402423706112,0.5372437459763667
1104,0.8179482267176993,0.61779099877711,0.846419607986813,0.03359649504741624,0.31623072886014914
1105,0.7172615855316324,0.20422940998688033,0.05232606323536515,0.17742294962299443,0.4935962938215519
1106,0.7841105513811717,0.20410269902208622,0.004118280154513099,0.9968067431111908,0.5045518213528666
1107,0.1533512764050139,0.7189344286793559,0.5345885673934152,0.41282244363315723,0.36998716009562516
1108,0.07268382404194262,0.6430503801876012,0.6492785233839875,0.8153190846274412,0.642723690229464
1109,0.022349972681287023,0.7759935968460852,0.5836448079352556,0.9107102873159807,0.40448007515814155
1110,0.10979959407283268,0.39177299328017723,0.04473080205874935,0.7079382025389832,0.9392684876761954
1111,0.8543661771997753,0.34755540823132813,0.7852407686315187,0.24616885924606668,0.4731529147301493
1112,0.9301425703928485,0.27732234941019707,0.6116274507267796,0.6325908679396391,0.6393964187449741
1113,0.41554647105561016,0.775213613151429,0.6050449973893407,0.30968485178014127,0.8569553626847883
1114,0.6588719406963962,0.569223166623495,0.5031102804536249,0.8510934998428457,0.2857495771417248
1115,0.11733930478531984,0.7969593404392513,0.6328113370578649,0.6143702367356787,0.5019593989452539
1116,0.6889814557080849,0.013813481600176258,0.26639817105763675,0.9699517805472598,0.1278702804633497
1117,0.015882676864952927,0.7531615121034049,0.8019085387000416,0.1372163796893504,0.09034130872583257
1118,0.09316411960977067,0.1364404632348173,0.4913692401241455,0.7477834071195809,0.19983853704729204
1119,0.08599642863276258,0.594648638868867,0.6675910409373558,0.7031452785543485,0.7546036278328493
1120,0.6193134922777364,0.5966470998128636,0.2387490456445579,0.8687239528734836,0.45835347609889787
1121,0.5096215271967545,0.7293480277751241,0.22318027145439023,0.558105382347419,0.24625440875659577
1122,0.6365587182058059,0.24312815575381197,0.9905558298400747,0.2439789919151203,0.023890634897041796
1123,0.7540084494453254,0.4165291582248867,0.7432242042932564,0.5540761575697684,0.4063933294567419
1124,0.3445924253835485,0.25609101902165043,0.28037452372493454,0.21677969594944535,0.7258890960259764
1125,0.07813350924044526,0.7798349141559374,0.7250658984713896,0.817619331549717,0.27534524435348395
1126,0.4379574686381257,0.20269617414927965,0.8705212200886447,0.6970208208169053,0.6367921990985774
1127,0.8837982292287918,0.8281794039026675,0.8112365320696184,0.2942402423706112,0.5372437459763667
1128,0.6767306054635275,0.15986485135780493,0.18501287179845727,0.3093906102150168,0.371952253969556
1129,0.4903869754356922,0.24474326753678033,0.9726155962582597,0.17956527857646765,0.28872021484442756
1130,0.12201494849603833,0.48035881594552876,0.9142175270316222,0.6793062475212923,0.3761851837678336
1131,0.21530218970446158,0.07041140003873869,0.353386116019789,0.5163016742792964,0.1807139533328701
1132,0.00840010868481711,0.7968584332640749,0.43297116406334335,0.22020744876557763,0.44159864214880773
1133,0.4454839815186671,0.6571396182380635,0.4413628316380661,0.3308013370109065,0.9976280449454733
1134,0.508552312301234,0.522852147340867,0.46983548269163244,0.282016896290307,0.20701968439256968
1135,0.16566411206246023,0.8093153164909418,0.08876190570842002,0.566288695603571,0.6582234054525907
1136,0.9612754309989656,0.1937844774661719,0.048155692561028474,0.4211499802450359,0.3787614364537405
1137,0.855927096307693,0.6988219033991568,0.9300261082829807,0.8558822214016029,0.18828474486780855
1138,0.15906337919881552,0.5529432523151405,0.567663592207623,0.48139920571355554,0.8654605645837191
1139,0.2242315509951811,0.663015297135378,0.9305455758683108,0.8670273725385003,0.1940824102601525
1140,0.24972137088780866,0.45884887406834307,0.00865758977347153,0.022999775225752805,0.21165510069767302
1141,0.0380567201637142,0.2656509259127754,0.7143374863193724,0.7249523611509217,0.8645306125048968
1142,0.5870193142340169,0.9741541767719788,0.6092216440485031,0.738093941904489,0.881324315898082
1143,0.920030671496344,0.7068283256900362,0.7996720708916569,0.7197358520341376,0.3353311197354071
1144,0.5820112476509077,0.5684329135156956,0.08571644269237122,0.6406031069178643,0.6456967019847204
1145,0.06955151484956179,0.5237215989926424,0.15528439491313106,0.017739251391607813,0.010379069346564407
1146,0.17355007692425328,0.6889409405563556,0.6308145345127826,0.1632667507098624,0.8243485472759517
1147,0.9391759012378561,0.8991222308011819,0.8401722843677227,0.07062588450232832,0.5952529473234933
1148,0.34446579032192204,0.3282923071540522,0.3526815364694609,0.7112753472626643,0.24712616932363396
1149,0.933998216558351,0.16660525700400897,0.3468970399323148,0.44490137402167673,0.3970551761215956
1150,0.9807006863017618,0.17244527566144696,0.6772345025867612,0.12787537432346885,0.4371153688654438
1151,0.7966069359130027,0.808939262520225,0.6592956415547649,0.05680037468624555,0.8947035671709844
1152,0.6767306054635275,0.15986485135780493,0.18501287179845727,0.3093906102150168,0.371952253969556
1153,0.4903869754356922,0.24474326753678033,0.9726155962582597,0.17956527857646765,0.28872021484442756
1154,0.12201494849603833,0.48035881594552876,0.9142175270316222,0.6793062475212923,0.3761851837678336
1155,0.21530218970446158,0.07041140003873869,0.353386116019789,0.5163016742792964,0.1807139533328701
1156,0.00840010868481711,0.7968584332640749,0.43297116406334335,0.22020744876557763,0.44159864214880773
1157,0.4454839815186671,0.6571396182380635,0.4413628316380661,0.3308013370109065,0.9976280449454733
1158,0.508552312301234,0.522852147340867,0.46983548269163244,0.282016896290307,0.20701968439256968
1159,0.16566411206246023,0.8093153164909418,0.08876190570842002,0.566288695603571,0.6582234054525907
1160,0.9612754309989656,0.1937844774661719,0.048155692561028474,0.4211499802450359,0.3787614364537405
1161,0.855927096307693,0.6988219033991568,0.9300261082829807,0.8558822214016029,0.18828474486780855
1162,0.15906337919881552,0.5529432523151405,0.567663592207623,0.48139920571355554,0.8654605645837191
1163,0.2242315509951811,0.663015297135378,0.9305455758683108,0.8670273725385003,0.1940824102601525
1164,0.24972137088780866,0.45884887406834307,0.00865758977347153,0.022999775225752805,0.21165510069767302
1165,0.0380567201637142,0.2656509259127754,0.7143374863193724,0.7249523611509217,0.8645306125048968
1166,0.5870193142340169,0.9741541767719788,0.6092216440485031,0.738093941904489,0.881324315898082
1167,0.920030671496344,0.7068283256900362,0.7996720708916569,0.7197358520341376,0.3353311197354071
1168,0.5820112476509077,0.5684329135156956,0.08571644269237122,0.6406031069178643,0.6456967019847204
1169,0.06955151484956179,0.5237215989926424,0.15528439491313106,0.017739251391607813,0.010379069346564407
1170,0.17355007692425328,0.6889409405563556,0.6308145345127826,0.1632667507098624,0.8243485472759517
1171,0.9391759012378561,0.8991222308011819,0.8401722843677227,0.07062588450232832,0.5952529473234933
1172,0.34446579032192204,0.3282923071540522,0.3526815364694609,0.7112753472626643,0.24712616932363396
1173,0.933998216558351,0.16660525700400897,0.3468970399323148,0.44490137402167673,0.3970551761215956
1174,0.9807006863017618,0.17244527566144696,0.6772345025867612,0.12787537432346885,0.4371153688654438
1175,0.7966069359130027,0.808939262520225,0.6592956415547649,0.05680037468624555,0.8947035671709844
1176,0.6767306054635275,0.15986485135780493,0.18501287179845727,0.3093906102150168,0.371952253969556
1177,0.4903869754356922,0.24474326753678033,0.9726155962582597,0.17956527857646765,0.28872021484442756
1178,0.12201494849603833,0.48035881594552876,0.9142175270316222,0.6793062475212923,0.3761851837678336
1179,0.21530218970446158,0.07041140003873869,0.353386116019789,0.5163016742792964,0.1807139533328701
1180,0.00840010868481711,0.7968584332640749,0.43297116406334335,0.22020744876557763,0.44159864214880773
1181,0.4454839815186671,0.6571396182380635,0.4413628316380661,0.3308013370109065,0.9976280449454733
1182,0.508552312301234,0.522852147340867,0.46983548269163244,0.282016896290307,0.20701968439256968
1183,0.16566411206246023,0.8093153164909418,0.08876190570842002,0.566288695603571,0.6582234054525907
1184,0.9612754309989656,0.1937844774661719,0.048155692561028474,0.4211499802450359,0.3787614364537405
1185,0.855927096307693,0.6988219033991568,0.9300261082829807,0.8558822214016029,0.18828474486780855
1186,0.15906337919881552,0.5529432523151405,0.567663592207623,0.48139920571355554,0.8654605645837191
1187,0.2242315509951811,0.663015297135378,0.9305455758683108,0.8670273725385003,0.1940824102601525
1188,0.24972137088780866,0.45884887406834307,0.00865758977347153,0.022999775225752805,0.21165510069767302
1189,0.0380567201637142,0.2656509259127754,0.7143374863193724,0.7249523611509217,0.8645306125048968
1190,0.5870193142340169,0.9741541767719788,0.6092216440485031,0.738093941904489,0.881324315898082
1191,0.920030671496344,0.7068283256900362,0.7996720708916569,0.7197358520341376,0.3353311197354071
1192,0.5820112476509077,0.5684329135156956,0.08571644269237122,0.6406031069178643,0.6456967019847204
1193,0.06955151484956179,0.5237215989926424,0.15528439491313106,0.017739251391607813,0.010379069346564407
1194,0.17355007692425328,0.6889409405563556,0.6308145345127826,0.1632667507098624,0.8243485472759517
1195,0.9391759012378561,0.8991222308011819,0.8401722843677227,0.07062588450232832,0.5952529473234933
1196,0.34446579032192204,0.3282923071540522,0.3526815364694609,0.7112753472626643,0.24712616932363396
1197,0.933998216558351,0.16660525700400897,0.3468970399323148,0.44490137402167673,0.3970551761215956
1198,0.9807006863017618,0.17244527566144696,0.6772345025867612,0.12787537432346885,0.4371153688654438
1199,0.7966069359130027,0.808939262520225,0.6592956415547649,0.05680037468624555,0.8947035671709844
1200,0.6767306054635275,0.15986485135780493,0.18501287179845727,0.3093906102150168,0.371952253969556
1201,0.4903869754356922,0.24474326753678033,0.9726155962582597,0.17956527857646765,0.28872021484442756
1202,0.12201494849603833,0.48035881594552876,0.9142175270316222,0.6793062475212923,0.3761851837678336
1203,0.21530218970446158,0.07041140003873869,0.353386116019789,0.5163016742792964,0.1807139533328701
1204,0.00840010868481711,0.7968584332640749,0.43297116406334335,0.22020744876557763,0.44159864214880773
1205,0.4454839815186671,0.6571396182380635,0.4413628316380661,0.3308013370109065,0.9976280449454733
1206,0.508552312301234,0.522852147340867,0.46983548269163244,0.282016896290307,0.20701968439256968
1207,0.16566411206246023,0.8093153164909418,0.08876190570842002,0.566288695603571,0.6582234054525907
1208,0.9612754309989656,0.1937844774661719,0.048155692561028474,0.4211499802450359,0.3787614364537405
1209,0.855927096307693,0.6988219033991568,0.9300261082829807,0.8558822214016029,0.18828474486780855
1210,0.15906337919881552,0.5529432523151405,0.567663592207623,0.48139920571355554,0.8654605645837191
1211,0.2242315509951811,0.663015297135378,0.9305455758683108,0.8670273725385003,0.1940824102601525
1212,0.24972137088780866,0.45884887406834307,0.00865758977347153,0.022999775225752805,0.21165510069767302
1213,0.0380567201637142,0.2656509259127754,0.7143374863193724,0.7249523611509217,0.8645306125048968
1214,0.5870193142340169,0.9741541767719788,0.6092216440485031,0.738093941904489,0.881324315898082
1215,0.920030671496344,0.7068283256900362,0.7996720708916569,0.7197358520341376,0.3353311197354071
1216,0.5820112476509077,0.5684329135156956,0.08571644269237122,0.6406031069178643,0.6456967019847204
1217,0.06955151484956179,0.5237215989926424,0.15528439491313106,0.017739251391607813,0.010379069346564407
1218,0.17355007692425328,0.6889409405563556,0.6308145345127826,0.1632667507098624,0.8243485472759517
1219,0.9391759012378561,0.8991222308011819,0.8401722843677227,0.07062588450232832,0.5952529473234933
1220,0.34446579032192204,0.3282923071540522,0.3526815364694609,0.7112753472626643,0.24712616932363396
1221,0.933998216558351,0.16660525700400897,0.3468970399323148,0.44490137402167673,0.3970551761215956
1222,0.9807006863017618,0.17244527566144696,0.6772345025867612,0.12787537432346885,0.4371153688654438
1223,0.7966069359130027,0.808939262520225,0.6592956415547649,0.05680037468624555,0.8947035671709844
1224,0.6767306054635275,0.15986485135780493,0.18501287179845727,0.3093906102150168,0.371952253969556
1225,0.4903869754356922,0.24474326753678033,0.9726155962582597,0.17956527857646765,0.28872021484442756
1226,0.12201494849603833,0.48035881594552876,0.9142175270316222,0.6793062475212923,0.3761851837678336
1227,0.21530218970446158,0.07041140003873869,0.353386116019789,0.5163016742792964,0.1807139533328701
1228,0.00840010868481711,0.7968584332640749,0.43297116406334335,0.22020744876557763,0.44159864214880773
1229,0.4454839815186671,0.6571396182380635,0.4413628316380661,0.3308013370109065,0.9976280449454733
1230,0.508552312301234,0.522852147340867,0.46983548269163244,0.282016896290307,0.20701968439256968
1231,0.16566411206246023,0.8093153164909418,0.08876190570842002,0.566288695603571,0.6582234054525907
1232,0.9612754309989656,0.1937844774661719,0.048155692561028474,0.4211499802450359,0.3787614364537405
1233,0.855927096307693,0.6988219033991568,0.9300261082829807,0.8558822214016029,0.18828474486780855
1234,0.15906337919881552,0.5529432523151405,0.567663592207623,0.48139920571355554,0.8654605645837191
1235,0.2242315509951811,0.663015297135378,0.9305455758683108,0.8670273725385003,0.1940824102601525
1236,0.24972137088780866,0.45884887406834307,0.00865758977347153,0.022999775225752805,0.21165510069767302
1237,0.0380567201637142,0.2656509259127754,0.7143374863193724,0.7249523611509217,0.8645306125048968
1238,0.5870193142340169,0.9741541767719788,0.6092216440485031,0.738093941904489,0.881324315898082
1239,0.920030671496344,0.7068283256900362,0.7996720708916569,0.7197358520341376,0.3353311197354071
1240,0.5820112476509077,0.5684329135156956,0.08571644269237122,0.6406031069178643,0.6456967019847204
1241,0.06955151484956179,0.5237215989926424,0.15528439491313106,0.017739251391607813,0.010379069346564407
1242,0.17355007692425328,0.6889409405563556,0.6308145345127826,0.1632667507098624,0.8243485472759517
1243,0.9391759012378561,0.8991222308011819,0.8401722843677227,0.07062588450232832,0.5952529473234933
1244,0.34446579032192204,0.3282923071540522,0.3526815364694609,0.7112753472626643,0.24712616932363396
1245,0.933998216558351,0.16660525700400897,0.3468970399323148,0.44490137402167673,0.3970551761215956
1246,0.9807006863017618,0.17244527566144696,0.6772345025867612,0.12787537432346885,0.4371153688654438
1247,0.7966069359130027,0.808939262520225,0.6592956415547649,0.05680037468624555,0.8947035671709844
1248,0.8179482267176993,0.61779099877711,0.846419607986813,0.03359649504741624,0.31623072886014914
1249,0.7172615855316324,0.20422940998688033,0.05232606323536515,0.17742294962299443,0.4935962938215519
1250,0.7841105513811717,0.20410269902208622,0.004118280154513099,0.9968067431111908,0.5045518213528666
1251,0.1533512764050139,0.7189344286793559,0.5345885673934152,0.41282244363315723,0.36998716009562516
1252,0.07268382404194262,0.6430503801876012,0.6492785233839875,0.8153190846274412,0.642723690229464
1253,0.022349972681287023,0.7759935968460852,0.5836448079352556,0.9107102873159807,0.40448007515814155
1254,0.10979959407283268,0.39177299328017723,0.04473080205874935,0.7079382025389832,0.9392684876761954
1255,0.8543661771997753,0.34755540823132813,0.7852407686315187,0.24616885924606668,0.4731529147301493
1256,0.9301425703928485,0.27732234941019707,0.6116274507267796,0.6325908679396391,0.6393964187449741
1257,0.41554647105561016,0.775213613151429,0.6050449973893407,0.30968485178014127,0.8569553626847883
1258,0.6588719406963962,0.569223166623495,0.5031102804536249,0.8510934998428457,0.2857495771417248
1259,0.11733930478531984,0.7969593404392513,0.6328113370578649,0.6143702367356787,0.5019593989452539
1260,0.6889814557080849,0.013813481600176258,0.26639817105763675,0.9699517805472598,0.1278702804633497
1261,0.015882676864952927,0.7531615121034049,0.8019085387000416,0.1372163796893504,0.09034130872583257
1262,0.09316411960977067,0.1364404632348173,0.4913692401241455,0.7477834071195809,0.19983853704729204
1263,0.08599642863276258,0.594648638868867,0.6675910409373558,0.7031452785543485,0.7546036278328493
1264,0.6193134922777364,0.5966470998128636,0.2387490456445579,0.8687239528734836,0.45835347609889787
1265,0.5096215271967545,0.7293480277751241,0.22318027145439023,0.558105382347419,0.24625440875659577
1266,0.6365587182058059,0.24312815575381197,0.9905558298400747,0.2439789919151203,0.023890634897041796
1267,0.7540084494453254,0.4165291582248867,0.7432242042932564,0.5540761575697684,0.4063933294567419
1268,0.3445924253835485,0.25609101902165043,0.28037452372493454,0.21677969594944535,0.7258890960259764
1269,0.07813350924044526,0.7798349141559374,0.7250658984713896,0.817619331549717,0.27534524435348395
1270,0.4379574686381257,0.20269617414927965,0.8705212200886447,0.6970208208169053,0.6367921990985774
1271,0.8837982292287918,0.8281794039026675,0.8112365320696184,0.2942402423706112,0.5372437459763667
1272,0.8179482267176993,0.61779099877711,0.846419607986813,0.03359649504741624,0.31623072886014914
1273,0.7172615855316324,0.20422940998688033,0.05232606323536515,0.17742294962299443,0.4935962938215519
1274,0.7841105513811717,0.20410269902208622,0.004118280154513099,0.9968067431111908,0.5045518213528666
1275,0.1533512764050139,0.7189344286793559,0.5345885673934152,0.41282244363315723,0.36998716009562516
1276,0.07268382404194262,0.6430503801876012,0.6492785233839875,0.8153190846274412,0.642723690229464
1277,0.022349972681287023,0.7759935968460852,0.5836448079352556,0.9107102873159807,0.40448007515814155
1278,0.10979959407283268,0.39177299328017723,0.04473080205874935,0.7079382025389832,0.9392684876761954
1279,0.8543661771997753,0.34755540823132813,0.7852407686315187,0.24616885924606668,0.4731529147301493
1280,0.9301425703928485,0.27732234941019707,0.6116274507267796,0.6325908679396391,0.6393964187449741
1281,0.41554647105561016,0.775213613151429,0.6050449973893407,0.30968485178014127,0.8569553626847883
1282,0.6588719406963962,0.569223166623495,0.5031102804536249,0.8510934998428457,0.2857495771417248
1283,0.11733930478531984,0.7969593404392513,0.6328113370578649,0.6143702367356787,0.5019593989452539
1284,0.6889814557080849,0.013813481600176258,0.26639817105763675,0.9699517805472598,0.1278702804633497
1285,0.015882676864952927,0.7531615121034049,0.8019085387000416,0.1372163796893504,0.09034130872583257
1286,0.09316411960977067,0.1364404632348173,0.4913692401241455,0.7477834071195809,0.19983853704729204
1287,0.08599642863276258,0.594648638868867,0.6675910409373558,0.7031452785543485,0.7546036278328493
1288,0.6193134922777364,0.5966470998128636,0.2387490456445579,0.8687239528734836,0.45835347609889787
1289,0.5096215271967545,0.7293480277751241,0.22318027145439023,0.558105382347419,0.24625440875659577
1290,0.6365587182058059,0.24312815575381197,0.9905558298400747,0.2439789919151203,0.023890634897041796
1291,0.7540084494453254,0.4165291582248867,0.7432242042932564,0.5540761575697684,0.4063933294567419
1292,0.3445924253835485,0.25609101902165043,0.28037452372493454,0.21677969594944535,0.7258890960259764
1293,0.07813350924044526,0.7798349141559374,0.7250658984713896,0.817619331549717,0.27534524435348395
1294,0.4379574686381257,0.20269617414927965,0.8705212200886447,0.6970208208169053,0.6367921990985774
1295,0.8837982292287918,0.8281794039026675,0.8112365320696184,0.2942402423706112,0.5372437459763667
1296,0.8179482267176993,0.61779099877711,0.846419607986813,0.03359649504741624,0.31623072886014914
1297,0.7172615855316324,0.20422940998688033,0.05232606323536515,0.17742294962299443,0.4935962938215519
1298,0.7841105513811717,0.20410269902208622,0.004118280154513099,0.9968067431111908,0.5045518213528666
1299,0.1533512764050139,0.7189344286793559,0.5345885673934152,0.41282244363315723,0.36998716009562516
1300,0.07268382404194262,0.6430503801876012,0.6492785233839875,0.8153190846274412,0.642723690229464
1301,0.022349972681287023,0.7759935968460852,0.5836448079352556,0.9107102873159807,0.40448007515814155
1302,0.10979959407283268,0.39177299328017723,0.04473080205874935,0.7079382025389832,0.9392684876761954
1303,0.8543661771997753,0.34755540823132813,0.7852407686315187,0.24616885924606668,0.4731529147301493
1304,0.9301425703928485,0.27732234941019707,0.6116274507267796,0.6325908679396391,0.6393964187449741
1305,0.41554647105561016,0.775213613151429,0.6050449973893407,0.30968485178014127,0.8569553626847883
1306,0.6588719406963962,0.569223166623495,0.5031102804536249,0.8510934998428457,0.2857495771417248
1307,0.11733930478531984,0.7969593404392513,0.6328113370578649,0.6143702367356787,0.5019593989452539
1308,0.6889814557080849,0.013813481600176258,0.26639817105763675,0.9699517805472598,0.1278702804633497
1309,0.015882676864952927,0.7531615121034049,0.8019085387000416,0.1372163796893504,0.09034130872583257
1310,0.09316411960977067,0.1364404632348173,0.4913692401241455,0.7477834071195809,0.19983853704729204
1311,0.08599642863276258,0.594648638868867,0.6675910409373558,0.7031452785543485,0.7546036278328493
1312,0.6193134922777364,0.5966470998128636,0.2387490456445579,0.8687239528734836,0.45835347609889787
1313,0.5096215271967545,0.7293480277751241,0.22318027145439023,0.558105382347419,0.24625440875659577
1314,0.6365587182058059,0.24312815575381197,0.9905558298400747,0.2439789919151203,0.023890634897041796
1315,0.7540084494453254,0.4165291582248867,0.7432242042932564,0.5540761575697684,0.4063933294567419
1316,0.3445924253835485,0.25609101902165043,0.28037452372493454,0.21677969594944535,0.7258890960259764
1317,0.07813350924044526,0.7798349141559374,0.7250658984713896,0.817619331549717,0.27534524435348395
1318,0.4379574686381257,0.20269617414927965,0.8705212200886447,0.6970208208169053,0.6367921990985774
1319,0.8837982292287918,0.8281794039026675,0.8112365320696184,0.2942402423706112,0.5372437459763667
1320,0.6767306054635275,0.15986485135780493,0.18501287179845727,0.3093906102150168,0.371952253969556
1321,0.4903869754356922,0.24474326753678033,0.9726155962582597,0.17956527857646765,0.28872021484442756
1322,0.12201494849603833,0.48035881594552876,0.9142175270316222,0.6793062475212923,0.3761851837678336
1323,0.21530218970446158,0.07041140003873869,0.353386116019789,0.5163016742792964,0.1807139533328701
1324,0.00840010868481711,0.7968584332640749,0.43297116406334335,0.22020744876557763,0.44159864214880773
1325,0.4454839815186671,0.6571396182380635,0.4413628316380661,0.3308013370109065,0.9976280449454733
1326,0.508552312301234,0.522852147340867,0.46983548269163244,0.282016896290307,0.20701968439256968
1327,0.16566411206246023,0.8093153164909418,0.08876190570842002,0.566288695603571,0.6582234054525907
1328,0.9612754309989656,0.1937844774661719,0.048155692561028474,0.4211499802450359,0.3787614364537405
1329,0.855927096307693,0.6988219033991568,0.9300261082829807,0.8558822214016029,0.18828474486780855
1330,0.15906337919881552,0.5529432523151405,0.567663592207623,0.48139920571355554,0.8654605645837191
1331,0.2242315509951811,0.663015297135378,0.9305455758683108,0.8670273725385003,0.1940824102601525
1332,0.24972137088780866,0.45884887406834307,0.00865758977347153,0.022999775225752805,0.21165510069767302
1333,0.0380567201637142,0.2656509259127754,0.7143374863193724,0.7249523611509217,0.8645306125048968
1334,0.5870193142340169,0.9741541767719788,0.6092216440485031,0.738093941904489,0.881324315898082
1335,0.920030671496344,0.7068283256900362,0.7996720708916569,0.7197358520341376,0.3353311197354071
1336,0.5820112476509077,0.5684329135156956,0.08571644269237122,0.6406031069178643,0.6456967019847204
1337,0.06955151484956179,0.5237215989926424,0.15528439491313106,0.017739251391607813,0.010379069346564407
1338,0.17355007692425328,0.6889409405563556,0.6308145345127826,0.1632667507098624,0.8243485472759517
1339,0.9391759012378561,0.8991222308011819,0.8401722843677227,0.07062588450232832,0.5952529473234933
1340,0.34446579032192204,0.3282923071540522,0.3526815364694609,0.7112753472626643,0.24712616932363396
1341,0.933998216558351,0.16660525700400897,0.3468970399323148,0.44490137402167673,0.3970551761215956
1342,0.9807006863017618,0.17244527566144696,0.6772345025867612,0.12787537432346885,0.4371153688654438
1343,0.7966069359130027,0.808939262520225,0.6592956415547649,0.05680037468624555,0.8947035671709844
1344,0.8179482267176993,0.61779099877711,0.846419607986813,0.03359649504741624,0.31623072886014914
1345,0.7172615855316324,0.20422940998688033,0.05232606323536515,0.17742294962299443,0.4935962938215519
1346,0.7841105513811717,0.20410269902208622,0.004118280154513099,0.9968067431111908,0.5045518213528666
1347,0.1533512764050139,0.7189344286793559,0.5345885673934152,0.41282244363315723,0.36998716009562516
1348,0.07268382404194262,0.6430503801876012,0.6492785233839875,0.8153190846274412,0.642723690229464
1349,0.022349972681287023,0.7759935968460852,0.5836448079352556,0.9107102873159807,0.40448007515814155
1350,0.10979959407283268,0.39177299328017723,0.04473080205874935,0.7079382025389832,0.9392684876761954
1351,0.8543661771997753,0.34755540823132813,0.7852407686315187,0.24616885924606668,0.4731529147301493
1352,0.9301425703928485,0.27732234941019707,0.6116274507267796,0.6325908679396391,0.6393964187449741
1353,0.41554647105561016,0.775213613151429,0.6050449973893407,0.30968485178014127,0.8569553626847883
1354,0.6588719406963962,0.569223166623495,0.5031102804536249,0.8510934998428457,0.2857495771417248
1355,0.11733930478531984,0.7969593404392513,0.6328113370578649,0.6143702367356787,0.5019593989452539
1356,0.6889814557080849,0.013813481600176258,0.26639817105763675,0.9699517805472598,0.1278702804633497
1357,0.015882676864952927,0.7531615121034049,0.8019085387000416,0.1372163796893504,0.09034130872583257
1358,0.09316411960977067,0.1364404632348173,0.4913692401241455,0.7477834071195809,0.19983853704729204
1359,0.08599642863276258,0.594648638868867,0.6675910409373558,0.7031452785543485,0.7546036278328493
1360,0.6193134922777364,0.5966470998128636,0.2387490456445579,0.8687239528734836,0.45835347609889787
1361,0.5096215271967545,0.7293480277751241,0.22318027145439023,0.558105382347419,0.24625440875659577
1362,0.6365587182058059,0.24312815575381197,0.9905558298400747,0.2439789919151203,0.023890634897041796
1363,0.7540084494453254,0.4165291582248867,0.7432242042932564,0.5540761575697684,0.4063933294567419
1364,0.3445924253835485,0.25609101902165043,0.28037452372493454,0.21677969594944535,0.7258890960259764
1365,0.07813350924044526,0.7798349141559374,0.7250658984713896,0.817619331549717,0.27534524435348395
1366,0.4379574686381257,0.20269617414927965,0.8705212200886447,0.6970208208169053,0.6367921990985774
1367,0.8837982292287918,0.8281794039026675,0.8112365320696184,0.2942402423706112,0.5372437459763667
1368,0.8179482267176993,0.61779099877711,0.846419607986813,0.03359649504741624,0.31623072886014914
1369,0.7172615855316324,0.20422940998688033,0.05232606323536515,0.17742294962299443,0.4935962938215519
1370,0.7841105513811717,0.20410269902208622,0.004118280154513099,0.9968067431111908,0.5045518213528666
1371,0.1533512764050139,0.7189344286793559,0.5345885673934152,0.41282244363315723,0.36998716009562516
1372,0.07268382404194262,0.6430503801876012,0.6492785233839875,0.8153190846274412,0.642723690229464
1373,0.022349972681287023,0.7759935968460852,0.5836448079352556,0.9107102873159807,0.40448007515814155
1374,0.10979959407283268,0.39177299328017723,0.04473080205874935,0.7079382025389832,0.9392684876761954
1375,0.8543661771997753,0.34755540823132813,0.7852407686315187,0.24616885924606668,0.4731529147301493
1376,0.9301425703928485,0.27732234941019707,0.6116274507267796,0.6325908679396391,0.6393964187449741
1377,0.41554647105561016,0.775213613151429,0.6050449973893407,0.30968485178014127,0.8569553626847883
1378,0.6588719406963962,0.569223166623495,0.5031102804536249,0.8510934998428457,0.2857495771417248
1379,0.11733930478531984,0.7969593404392513,0.6328113370578649,0.6143702367356787,0.5019593989452539
1380,0.6889814557080849,0.013813481600176258,0.26639817105763675,0.9699517805472598,0.1278702804633497
1381,0.015882676864952927,0.7531615121034049,0.8019085387000416,0.1372163796893504,0.09034130872583257
1382,0.09316411960977067,0.1364404632348173,0.4913692401241455,0.7477834071195809,0.19983853704729204
1383,0.08599642863276258,0.594648638868867,0.6675910409373558,0.7031452785543485,0.7546036278328493
1384,0.6193134922777364,0.5966470998128636,0.2387490456445579,0.8687239528734836,0.45835347609889787
1385,0.5096215271967545,0.7293480277751241,0.22318027145439023,0.558105382347419,0.24625440875659577
1386,0.6365587182058059,0.24312815575381197,0.9905558298400747,0.2439789919151203,0.023890634897041796
1387,0.7540084494453254,0.4165291582248867,0.7432242042932564,0.5540761575697684,0.4063933294567419
1388,0.3445924253835485,0.25609101902165043,0.28037452372493454,0.21677969594944535,0.7258890960259764
1389,0.07813350924044526,0.7798349141559374,0.7250658984713896,0.817619331549717,0.27534524435348395
1390,0.4379574686381257,0.20269617414927965,0.8705212200886447,0.6970208208169053,0.6367921990985774
1391,0.8837982292287918,0.8281794039026675,0.8112365320696184,0.2942402423706112,0.5372437459763667
1392,0.6767306054635275,0.15986485135780493,0.18501287179845727,0.3093906102150168,0.371952253969556
1393,0.4903869754356922,0.24474326753678033,0.9726155962582597,0.17956527857646765,0.28872021484442756
1394,0.12201494849603833,0.48035881594552876,0.9142175270316222,0.6793062475212923,0.3761851837678336
1395,0.21530218970446158,0.07041140003873869,0.353386116019789,0.5163016742792964,0.1807139533328701
1396,0.00840010868481711,0.7968584332640749,0.43297116406334335,0.22020744876557763,0.44159864214880773
1397,0.4454839815186671,0.6571396182380635,0.4413628316380661,0.3308013370109065,0.9976280449454733
1398,0.508552312301234,0.522852147340867,0.46983548269163244,0.282016896290307,0.20701968439256968
1399,0.16566411206246023,0.8093153164909418,0.08876190570842002,0.566288695603571,0.6582234054525907
1400,0.9612754309989656,0.1937844774661719,0.048155692561028474,0.4211499802450359,0.3787614364537405
1401,0.855927096307693,0.6988219033991568,0.9300261082829807,0.8558822214016029,0.18828474486780855
1402,0.15906337919881552,0.5529432523151405,0.567663592207623,0.48139920571355554,0.8654605645837191
1403,0.2242315509951811,0.663015297135378,0.9305455758683108,0.8670273725385003,0.1940824102601525
1404,0.24972137088780866,0.45884887406834307,0.00865758977347153,0.022999775225752805,0.21165510069767302
1405,0.0380567201637142,0.2656509259127754,0.7143374863193724,0.7249523611509217,0.8645306125048968
1406,0.5870193142340169,0.9741541767719788,0.6092216440485031,0.738093941904489,0.881324315898082
1407,0.920030671496344,0.7068283256900362,0.7996720708916569,0.7197358520341376,0.3353311197354071
1408,0.5820112476509077,0.5684329135156956,0.08571644269237122,0.6406031069178643,0.6456967019847204
1409,0.06955151484956179,0.5237215989926424,0.15528439491313106,0.017739251391607813,0.010379069346564407
1410,0.17355007692425328,0.6889409405563556,0.6308145345127826,0.1632667507098624,0.8243485472759517
1411,0.9391759012378561,0.8991222308011819,0.8401722843677227,0.07062588450232832,0.5952529473234933
1412,0.34446579032192204,0.3282923071540522,0.3526815364694609,0.7112753472626643,0.24712616932363396
1413,0.933998216558351,0.16660525700400897,0.3468970399323148,0.44490137402167673,0.3970551761215956
1414,0.9807006863017618,0.17244527566144696,0.6772345025867612,0.12787537432346885,0.4371153688654438
1415,0.7966069359130027,0.808939262520225,0.6592956415547649,0.05680037468624555,0.8947035671709844
1416,0.8179482267176993,0.61779099877711,0.846419607986813,0.03359649504741624,0.31623072886014914
1417,0.7172615855316324,0.20422940998688033,0.05232606323536515,0.17742294962299443,0.4935962938215519
1418,0.7841105513811717,0.20410269902208622,0.004118280154513099,0.9968067431111908,0.5045518213528666
1419,0.1533512764050139,0.7189344286793559,0.5345885673934152,0.41282244363315723,0.36998716009562516
1420,0.07268382404194262,0.6430503801876012,0.6492785233839875,0.8153190846274412,0.642723690229464
1421,0.022349972681287023,0.7759935968460852,0.5836448079352556,0.9107102873159807,0.40448007515814155
1422,0.10979959407283268,0.39177299328017723,0.04473080205874935,0.7079382025389832,0.9392684876761954
1423,0.8543661771997753,0.34755540823132813,0.7852407686315187,0.24616885924606668,0.4731529147301493
1424,0.9301425703928485,0.27732234941019707,0.6116274507267796,0.6325908679396391,0.6393964187449741
1425,0.41554647105561016,0.775213613151429,0.6050449973893407,0.30968485178014127,0.8569553626847883
1426,0.6588719406963962,0.569223166623495,0.5031102804536249,0.8510934998428457,0.2857495771417248
1427,0.11733930478531984,0.7969593404392513,0.6328113370578649,0.6143702367356787,0.5019593989452539
1428,0.6889814557080849,0.013813481600176258,0.26639817105763675,0.9699517805472598,0.1278702804633497
1429,0.015882676864952927,0.7531615121034049,0.8019085387000416,0.1372163796893504,0.09034130872583257
1430,0.09316411960977067,0.1364404632348173,0.4913692401241455,0.7477834071195809,0.19983853704729204
1431,0.08599642863276258,0.594648638868867,0.6675910409373558,0.7031452785543485,0.7546036278328493
1432,0.6193134922777364,0.5966470998128636,0.2387490456445579,0.8687239528734836,0.45835347609889787
1433,0.5096215271967545,0.7293480277751241,0.22318027145439023,0.558105382347419,0.24625440875659577
1434,0.6365587182058059,0.24312815575381197,0.9905558298400747,0.2439789919151203,0.023890634897041796
1435,0.7540084494453254,0.4165291582248867,0.7432242042932564,0.5540761575697684,0.4063933294567419
1436,0.3445924253835485,0.25609101902165043,0.28037452372493454,0.21677969594944535,0.7258890960259764
1437,0.07813350924044526,0.7798349141559374,0.7250658984713896,0.817619331549717,0.27534524435348395
1438,0.4379574686381257,0.20269617414927965,0.8705212200886447,0.6970208208169053,0.6367921990985774
1439,0.8837982292287918,0.8281794039026675,0.8112365320696184,0.2942402423706112,0.5372437459763667
1440,0.8179482267176993,0.61779099877711,0.846419607986813,0.03359649504741624,0.31623072886014914
1441,0.7172615855316324,0.20422940998688033,0.05232606323536515,0.17742294962299443,0.4935962938215519
1442,0.7841105513811717,0.20410269902208622,0.004118280154513099,0.9968067431111908,0.5045518213528666
1443,0.1533512764050139,0.7189344286793559,0.5345885673934152,0.41282244363315723,0.36998716009562516
1444,0.07268382404194262,0.6430503801876012,0.6492785233839875,0.8153190846274412,0.642723690229464
1445,0.022349972681287023,0.7759935968460852,0.5836448079352556,0.9107102873159807,0.40448007515814155
1446,0.10979959407283268,0.39177299328017723,0.04473080205874935,0.7079382025389832,0.9392684876761954
1447,0.8543661771997753,0.34755540823132813,0.7852407686315187,0.24616885924606668,0.4731529147301493
1448,0.9301425703928485,0.27732234941019707,0.6116274507267796,0.6325908679396391,0.6393964187449741
1449,0.41554647105561016,0.775213613151429,0.6050449973893407,0.30968485178014127,0.8569553626847883
1450,0.6588719406963962,0.569223166623495,0.5031102804536249,0.8510934998428457,0.2857495771417248
1451,0.11733930478531984,0.7969593404392513,0.6328113370578649,0.6143702367356787,0.5019593989452539
1452,0.6889814557080849,0.013813481600176258,0.26639817105763675,0.9699517805472598,0.1278702804633497
1453,0.015882676864952927,0.7531615121034049,0.8019085387000416,0.1372163796893504,0.09034130872583257
1454,0.09316411960977067,0.1364404632348173,0.4913692401241455,0.7477834071195809,0.19983853704729204
1455,0.08599642863276258,0.594648638868867,0.6675910409373558,0.7031452785543485,0.7546036278328493
1456,0.6193134922777364,0.5966470998128636,0.2387490456445579,0.8687239528734836,0.45835347609889787
1457,0.5096215271967545,0.7293480277751241,0.22318027145439023,0.558105382347419,0.24625440875659577
1458,0.6365587182058059,0.24312815575381197,0.9905558298400747,0.2439789919151203,0.023890634897041796
1459,0.7540084494453254,0.4165291582248867,0.7432242042932564,0.5540761575697684,0.4063933294567419
1460,0.3445924253835485,0.25609101902165043,0.28037452372493454,0.21677969594944535,0.7258890960259764
1461,0.07813350924044526,0.7798349141559374,0.7250658984713896,0.817619331549717,0.27534524435348395
1462,0.4379574686381257,0.20269617414927965,0.8705212200886447,0.6970208208169053,0.6367921990985774
1463,0.8837982292287918,0.8281794039026675,0.8112365320696184,0.2942402423706112,0.5372437459763667
1464,0.6767306054635275,0.15986485135780493,0.18501287179845727,0.3093906102150168,0.371952253969556
1465,0.4903869754356922,0.24474326753678033,0.9726155962582597,0.17956527857646765,0.28872021484442756
1466,0.12201494849603833,0.48035881594552876,0.9142175270316222,0.6793062475212923,0.3761851837678336
1467,0.21530218970446158,0.07041140003873869,0.353386116019789,0.5163016742792964,0.1807139533328701
1468,0.00840010868481711,0.7968584332640749,0.43297116406334335,0.22020744876557763,0.44159864214880773
1469,0.4454839815186671,0.6571396182380635,0.4413628316380661,0.3308013370109065,0.9976280449454733
1470,0.508552312301234,0.522852147340867,0.46983548269163244,0.282016896290307,0.20701968439256968
1471,0.16566411206246023,0.8093153164909418,0.08876190570842002,0.566288695603571,0.6582234054525907
1472,0.9612754309989656,0.1937844774661719,0.048155692561028474,0.4211499802450359,0.3787614364537405
1473,0.855927096307693,0.6988219033991568,0.9300261082829807,0.8558822214016029,0.18828474486780855
1474,0.15906337919881552,0.5529432523151405,0.567663592207623,0.48139920571355554,0.8654605645837191
1475,0.2242315509951811,0.663015297135378,0.9305455758683108,0.8670273725385003,0.1940824102601525
1476,0.24972137088780866,0.45884887406834307,0.00865758977347153,0.022999775225752805,0.21165510069767302
1477,0.0380567201637142,0.2656509259127754,0.7143374863193724,0.7249523611509217,0.8645306125048968
1478,0.5870193142340169,0.9741541767719788,0.6092216440485031,0.738093941904489,0.881324315898082
1479,0.920030671496344,0.7068283256900362,0.7996720708916569,0.7197358520341376,0.3353311197354071
1480,0.5820112476509077,0.5684329135156956,0.08571644269237122,0.6406031069178643,0.6456967019847204
1481,0.06955151484956179,0.5237215989926424,0.15528439491313106,0.017739251391607813,0.010379069346564407
1482,0.17355007692425328,0.6889409405563556,0.6308145345127826,0.1632667507098624,0.8243485472759517
1483,0.9391759012378561,0.8991222308011819,0.8401722843677227,0.07062588450232832,0.5952529473234933
1484,0.34446579032192204,0.3282923071540522,0.3526815364694609,0.7112753472626643,0.24712616932363396
1485,0.933998216558351,0.16660525700400897,0.3468970399323148,0.44490137402167673,0.3970551761215956
1486,0.9807006863017618,0.17244527566144696,0.6772345025867612,0.12787537432346885,0.4371153688654438
1487,0.7966069359130027,0.808939262520225,0.6592956415547649,0.05680037468624555,0.8947035671709844
1488,0.6767306054635275,0.15986485135780493,0.18501287179845727,0.3093906102150168,0.371952253969556
1489,0.4903869754356922,0.24474326753678033,0.9726155962582597,0.17956527857646765,0.28872021484442756
1490,0.12201494849603833,0.48035881594552876,0.9142175270316222,0.6793062475212923,0.3761851837678336
1491,0.21530218970446158,0.07041140003873869,0.353386116019789,0.5163016742792964,0.1807139533328701
1492,0.00840010868481711,0.7968584332640749,0.43297116406334335,0.22020744876557763,0.44159864214880773
1493,0.4454839815186671,0.6571396182380635,0.4413628316380661,0.3308013370109065,0.9976280449454733
1494,0.508552312301234,0.522852147340867,0.46983548269163244,0.282016896290307,0.20701968439256968
1495,0.16566411206246023,0.8093153164909418,0.08876190570842002,0.566288695603571,0.6582234054525907
1496,0.9612754309989656,0.1937844774661719,0.048155692561028474,0.4211499802450359,0.3787614364537405
1497,0.855927096307693,0.6988219033991568,0.9300261082829807,0.8558822214016029,0.18828474486780855
1498,0.15906337919881552,0.5529432523151405,0.567663592207623,0.48139920571355554,0.8654605645837191
1499,0.2242315509951811,0.663015297135378,0.9305455758683108,0.8670273725385003,0.1940824102601525
1500,0.24972137088780866,0.45884887406834307,0.00865758977347153,0.022999775225752805,0.21165510069767302
1501,0.0380567201637142,0.2656509259127754,0.7143374863193724,0.7249523611509217,0.8645306125048968
1502,0.5870193142340169,0.9741541767719788,0.6092216440485031,0.738093941904489,0.881324315898082
1503,0.920030671496344,0.7068283256900362,0.7996720708916569,0.7197358520341376,0.3353311197354071
1504,0.5820112476509077,0.5684329135156956,0.08571644269237122,0.6406031069178643,0.6456967019847204
1505,0.06955151484956179,0.5237215989926424,0.15528439491313106,0.017739251391607813,0.010379069346564407
1506,0.17355007692425328,0.6889409405563556,0.6308145345127826,0.1632667507098624,0.8243485472759517
1507,0.9391759012378561,0.8991222308011819,0.8401722843677227,0.07062588450232832,0.5952529473234933
1508,0.34446579032192204,0.3282923071540522,0.3526815364694609,0.7112753472626643,0.24712616932363396
1509,0.933998216558351,0.16660525700400897,0.3468970399323148,0.44490137402167673,0.3970551761215956
1510,0.9807006863017618,0.17244527566144696,0.6772345025867612,0.12787537432346885,0.4371153688654438
1511,0.7966069359130027,0.808939262520225,0.6592956415547649,0.05680037468624555,0.8947035671709844
1512,0.6767306054635275,0.15986485135780493,0.18501287179845727,0.3093906102150168,0.371952253969556
1513,0.4903869754356922,0.24474326753678033,0.9726155962582597,0.17956527857646765,0.28872021484442756
1514,0.12201494849603833,0.48035881594552876,0.9142175270316222,0.6793062475212923,0.3761851837678336
1515,0.21530218970446158,0.07041140003873869,0.353386116019789,0.5163016742792964,0.1807139533328701
1516,0.00840010868481711,0.7968584332640749,0.43297116406334335,0.22020744876557763,0.44159864214880773
1517,0.4454839815186671,0.6571396182380635,0.4413628316380661,0.3308013370109065,0.9976280449454733
1518,0.508552312301234,0.522852147340867,0.46983548269163244,0.282016896290307,0.20701968439256968
1519,0.16566411206246023,0.8093153164909418,0.08876190570842002,0.566288695603571,0.6582234054525907
1520,0.9612754309989656,0.1937844774661719,0.048155692561028474,0.4211499802450359,0.3787614364537405
1521,0.855927096307693,0.6988219033991568,0.9300261082829807,0.8558822214016029,0.18828474486780855
1522,0.15906337919881552,0.5529432523151405,0.567663592207623,0.48139920571355554,0.8654605645837191
1523,0.2242315509951811,0.663015297135378,0.9305455758683108,0.8670273725385003,0.1940824102601525
1524,0.24972137088780866,0.45884887406834307,0.00865758977347153,0.022999775225752805,0.21165510069767302
1525,0.0380567201637142,0.2656509259127754,0.7143374863193724,0.7249523611509217,0.8645306125048968
1526,0.5870193142340169,0.9741541767719788,0.6092216440485031,0.738093941904489,0.881324315898082
1527,0.920030671496344,0.7068283256900362,0.7996720708916569,0.7197358520341376,0.3353311197354071
1528,0.5820112476509077,0.5684329135156956,0.08571644269237122,0.6406031069178643,0.6456967019847204
1529,0.06955151484956179,0.5237215989926424,0.15528439491313106,0.017739251391607813,0.010379069346564407
1530,0.17355007692425328,0.6889409405563556,0.6308145345127826,0.1632667507098624,0.8243485472759517
1531,0.9391759012378561,0.8991222308011819,0.8401722843677227,0.07062588450232832,0.5952529473234933
1532,0.34446579032192204,0.3282923071540522,0.3526815364694609,0.7112753472626643,0.24712616932363396
1533,0.933998216558351,0.16660525700400897,0.3468970399323148,0.44490137402167673,0.3970551761215956
1534,0.9807006863017618,0.17244527566144696,0.6772345025867612,0.12787537432346885,0.4371153688654438
1535,0.7966069359130027,0.808939262520225,0.6592956415547649,0.05680037468624555,0.8947035671709844
1536,0.6767306054635275,0.15986485135780493,0.18501287179845727,0.3093906102150168,0.371952253969556
1537,0.4903869754356922,0.24474326753678033,0.9726155962582597,0.17956527857646765,0.28872021484442756
1538,0.12201494849603833,0.48035881594552876,0.9142175270316222,0.6793062475212923,0.3761851837678336
1539,0.21530218970446158,0.07041140003873869,0.353386116019789,0.5163016742792964,0.1807139533328701
1540,0.00840010868481711,0.7968584332640749,0.43297116406334335,0.22020744876557763,0.44159864214880773
1541,0.4454839815186671,0.6571396182380635,0.4413628316380661,0.3308013370109065,0.9976280449454733
1542,0.508552312301234,0.522852147340867,0.46983548269163244,0.282016896290307,0.20701968439256968
1543,0.16566411206246023,0.8093153164909418,0.08876190570842002,0.566288695603571,0.6582234054525907
1544,0.9612754309989656,0.1937844774661719,0.048155692561028474,0.4211499802450359,0.3787614364537405
1545,0.855927096307693,0.6988219033991568,0.9300261082829807,0.8558822214016029,0.18828474486780855
1546,0.15906337919881552,0.5529432523151405,0.567663592207623,0.48139920571355554,0.8654605645837191
1547,0.2242315509951811,0.663015297135378,0.9305455758683108,0.8670273725385003,0.1940824102601525
1548,0.24972137088780866,0.45884887406834307,0.00865758977347153,0.022999775225752805,0.21165510069767302
1549,0.0380567201637142,0.2656509259127754,0.7143374863193724,0.7249523611509217,0.8645306125048968
1550,0.5870193142340169,0.9741541767719788,0.6092216440485031,0.738093941904489,0.881324315898082
1551,0.920030671496344,0.7068283256900362,0.7996720708916569,0.7197358520341376,0.3353311197354071
1552,0.5820112476509077,0.5684329135156956,0.08571644269237122,0.6406031069178643,0.6456967019847204
1553,0.06955151484956179,0.5237215989926424,0.15528439491313106,0.017739251391607813,0.010379069346564407
1554,0.17355007692425328,0.6889409405563556,0.6308145345127826,0.1632667507098624,0.8243485472759517
1555,0.9391759012378561,0.8991222308011819,0.8401722843677227,0.07062588450232832,0.5952529473234933
1556,0.34446579032192204,0.3282923071540522,0.3526815364694609,0.7112753472626643,0.24712616932363396
1557,0.933998216558351,0.16660525700400897,0.3468970399323148,0.44490137402167673,0.3970551761215956
1558,0.9807006863017618,0.17244527566144696,0.6772345025867612,0.12787537432346885,0.4371153688654438
1559,0.7966069359130027,0.808939262520225,0.6592956415547649,0.05680037468624555,0.8947035671709844
1560,0.6767306054635275,0.15986485135780493,0.18501287179845727,0.3093906102150168,0.371952253969556
1561,0.4903869754356922,0.24474326753678033,0.9726155962582597,0.17956527857646765,0.28872021484442756
1562,0.12201494849603833,0.48035881594552876,0.9142175270316222,0.6793062475212923,0.3761851837678336
1563,0.21530218970446158,0.07041140003873869,0.353386116019789,0.5163016742792964,0.1807139533328701
1564,0.00840010868481711,0.7968584332640749,0.43297116406334335,0.22020744876557763,0.44159864214880773
1565,0.4454839815186671,0.6571396182380635,0.4413628316380661,0.3308013370109065,0.9976280449454733
1566,0.508552312301234,0.522852147340867,0.46983548269163244,0.282016896290307,0.20701968439256968
1567,0.16566411206246023,0.8093153164909418,0.08876190570842002,0.566288695603571,0.6582234054525907
1568,0.9612754309989656,0.1937844774661719,0.048155692561028474,0.4211499802450359,0.3787614364537405
1569,0.855927096307693,0.6988219033991568,0.9300261082829807,0.8558822214016029,0.18828474486780855
1570,0.15906337919881552,0.5529432523151405,0.567663592207623,0.48139920571355554,0.8654605645837191
1571,0.2242315509951811,0.663015297135378,0.9305455758683108,0.8670273725385003,0.1940824102601525
1572,0.24972137088780866,0.45884887406834307,0.00865758977347153,0.022999775225752805,0.21165510069767302
1573,0.0380567201637142,0.2656509259127754,0.7143374863193724,0.7249523611509217,0.8645306125048968
1574,0.5870193142340169,0.9741541767719788,0.6092216440485031,0.738093941904489,0.881324315898082
1575,0.920030671496344,0.7068283256900362,0.7996720708916569,0.7197358520341376,0.3353311197354071
1576,0.5820112476509077,0.5684329135156956,0.08571644269237122,0.6406031069178643,0.6456967019847204
1577,0.06955151484956179,0.5237215989926424,0.15528439491313106,0.017739251391607813,0.010379069346564407
1578,0.17355007692425328,0.6889409405563556,0.6308145345127826,0.1632667507098624,0.8243485472759517
1579,0.9391759012378561,0.8991222308011819,0.8401722843677227,0.07062588450232832,0.5952529473234933
1580,0.34446579032192204,0.3282923071540522,0.3526815364694609,0.7112753472626643,0.24712616932363396
1581,0.933998216558351,0.16660525700400897,0.3468970399323148,0.44490137402167673,0.3970551761215956
1582,0.9807006863017618,0.17244527566144696,0.6772345025867612,0.12787537432346885,0.4371153688654438
1583,0.7966069359130027,0.808939262520225,0.6592956415547649,0.05680037468624555,0.8947035671709844
1584,0.8179482267176993,0.61779099877711,0.846419607986813,0.03359649504741624,0.31623072886014914
1585,0.7172615855316324,0.20422940998688033,0.05232606323536515,0.17742294962299443,0.4935962938215519
1586,0.7841105513811717,0.20410269902208622,0.004118280154513099,0.9968067431111908,0.5045518213528666
1587,0.1533512764050139,0.7189344286793559,0.5345885673934152,0.41282244363315723,0.36998716009562516
1588,0.07268382404194262,0.6430503801876012,0.6492785233839875,0.8153190846274412,0.642723690229464
1589,0.022349972681287023,0.7759935968460852,0.5836448079352556,0.9107102873159807,0.40448007515814155
1590,0.10979959407283268,0.39177299328017723,0.04473080205874935,0.7079382025389832,0.9392684876761954
1591,0.8543661771997753,0.34755540823132813,0.7852407686315187,0.24616885924606668,0.4731529147301493
1592,0.9301425703928485,0.27732234941019707,0.6116274507267796,0.6325908679396391,0.6393964187449741
1593,0.41554647105561016,0.775213613151429,0.6050449973893407,0.30968485178014127,0.8569553626847883
1594,0.6588719406963962,0.569223166623495,0.5031102804536249,0.8510934998428457,0.2857495771417248
1595,0.11733930478531984,0.7969593404392513,0.6328113370578649,0.6143702367356787,0.5019593989452539
1596,0.6889814557080849,0.013813481600176258,0.26639817105763675,0.9699517805472598,0.1278702804633497
1597,0.015882676864952927,0.7531615121034049,0.8019085387000416,0.1372163796893504,0.09034130872583257
1598,0.09316411960977067,0.1364404632348173,0.4913692401241455,0.7477834071195809,0.19983853704729204
1599,0.08599642863276258,0.594648638868867,0.6675910409373558,0.7031452785543485,0.7546036278328493
1600,0.6193134922777364,0.5966470998128636,0.2387490456445579,0.8687239528734836,0.45835347609889787
1601,0.5096215271967545,0.7293480277751241,0.22318027145439023,0.558105382347419,0.24625440875659577
1602,0.6365587182058059,0.24312815575381197,0.9905558298400747,0.2439789919151203,0.023890634897041796
1603,0.7540084494453254,0.4165291582248867,0.7432242042932564,0.5540761575697684,0.4063933294567419
1604,0.3445924253835485,0.25609101902165043,0.28037452372493454,0.21677969594944535,0.7258890960259764
1605,0.07813350924044526,0.7798349141559374,0.7250658984713896,0.817619331549717,0.27534524435348395
1606,0.4379574686381257,0.20269617414927965,0.8705212200886447,0.6970208208169053,0.6367921990985774
1607,0.8837982292287918,0.8281794039026675,0.8112365320696184,0.2942402423706112,0.5372437459763667
1608,0.6767306054635275,0.15986485135780493,0.18501287179845727,0.3093906102150168,0.371952253969556
1609,0.4903869754356922,0.24474326753678033,0.9726155962582597,0.17956527857646765,0.28872021484442756
1610,0.12201494849603833,0.48035881594552876,0.9142175270316222,0.6793062475212923,0.3761851837678336
1611,0.21530218970446158,0.07041140003873869,0.353386116019789,0.5163016742792964,0.1807139533328701
1612,0.00840010868481711,0.7968584332640749,0.43297116406334335,0.22020744876557763,0.44159864214880773
1613,0.4454839815186671,0.6571396182380635,0.4413628316380661,0.3308013370109065,0.9976280449454733
1614,0.508552312301234,0.522852147340867,0.46983548269163244,0.282016896290307,0.20701968439256968
1615,0.16566411206246023,0.8093153164909418,0.08876190570842002,0.566288695603571,0.6582234054525907
1616,0.9612754309989656,0.1937844774661719,0.048155692561028474,0.4211499802450359,0.3787614364537405
1617,0.855927096307693,0.6988219033991568,0.9300261082829807,0.8558822214016029,0.18828474486780855
1618,0.15906337919881552,0.5529432523151405,0.567663592207623,0.48139920571355554,0.8654605645837191
1619,0.2242315509951811,0.663015297135378,0.9305455758683108,0.8670273725385003,0.1940824102601525
1620,0.24972137088780866,0.45884887406834307,0.00865758977347153,0.022999775225752805,0.21165510069767302
1621,0.0380567201637142,0.2656509259127754,0.7143374863193724,0.7249523611509217,0.8645306125048968
1622,0.5870193142340169,0.9741541767719788,0.6092216440485031,0.738093941904489,0.881324315898082
1623,0.920030671496344,0.7068283256900362,0.7996720708916569,0.7197358520341376,0.3353311197354071
1624,0.5820112476509077,0.5684329135156956,0.08571644269237122,0.6406031069178643,0.6456967019847204
1625,0.06955151484956179,0.5237215989926424,0.15528439491313106,0.017739251391607813,0.010379069346564407
1626,0.17355007692425328,0.6889409405563556,0.6308145345127826,0.1632667507098624,0.8243485472759517
1627,0.9391759012378561,0.8991222308011819,0.8401722843677227,0.07062588450232832,0.5952529473234933
1628,0.34446579032192204,0.3282923071540522,0.3526815364694609,0.7112753472626643,0.24712616932363396
1629,0.933998216558351,0.16660525700400897,0.3468970399323148,0.44490137402167673,0.3970551761215956
1630,0.9807006863017618,0.17244527566144696,0.6772345025867612,0.12787537432346885,0.4371153688654438
1631,0.7966069359130027,0.808939262520225,0.6592956415547649,0.05680037468624555,0.8947035671709844
1632,0.6767306054635275,0.15986485135780493,0.18501287179845727,0.3093906102150168,0.371952253969556
1633,0.4903869754356922,0.24474326753678033,0.9726155962582597,0.17956527857646765,0.28872021484442756
1634,0.12201494849603833,0.48035881594552876,0.9142175270316222,0.6793062475212923,0.3761851837678336
1635,0.21530218970446158,0.07041140003873869,0.353386116019789,0.5163016742792964,0.1807139533328701
1636,0.00840010868481711,0.7968584332640749,0.43297116406334335,0.22020744876557763,0.44159864214880773
1637,0.4454839815186671,0.6571396182380635,0.4413628316380661,0.3308013370109065,0.9976280449454733
1638,0.508552312301234,0.522852147340867,0.46983548269163244,0.282016896290307,0.20701968439256968
1639,0.16566411206246023,0.8093153164909418,0.08876190570842002,0.566288695603571,0.6582234054525907
1640,0.9612754309989656,0.1937844774661719,0.048155692561028474,0.4211499802450359,0.3787614364537405
1641,0.855927096307693,0.6988219033991568,0.9300261082829807,0.8558822214016029,0.18828474486780855
1642,0.15906337919881552,0.5529432523151405,0.567663592207623,0.48139920571355554,0.8654605645837191
1643,0.2242315509951811,0.663015297135378,0.9305455758683108,0.8670273725385003,0.1940824102601525
1644,0.24972137088780866,0.45884887406834307,0.00865758977347153,0.022999775225752805,0.21165510069767302
1645,0.0380567201637142,0.2656509259127754,0.7143374863193724,0.7249523611509217,0.8645306125048968
1646,0.5870193142340169,0.9741541767719788,0.6092216440485031,0.738093941904489,0.881324315898082
1647,0.920030671496344,0.7068283256900362,0.7996720708916569,0.7197358520341376,0.3353311197354071
1648,0.5820112476509077,0.5684329135156956,0.08571644269237122,0.6406031069178643,0.6456967019847204
1649,0.06955151484956179,0.5237215989926424,0.15528439491313106,0.017739251391607813,0.010379069346564407
1650,0.17355007692425328,0.6889409405563556,0.6308145345127826,0.1632667507098624,0.8243485472759517
1651,0.9391759012378561,0.8991222308011819,0.8401722843677227,0.07062588450232832,0.5952529473234933
1652,0.34446579032192204,0.3282923071540522,0.3526815364694609,0.7112753472626643,0.24712616932363396
1653,0.933998216558351,0.16660525700400897,0.3468970399323148,0.44490137402167673,0.3970551761215956
1654,0.9807006863017618,0.17244527566144696,0.6772345025867612,0.12787537432346885,0.4371153688654438
1655,0.7966069359130027,0.808939262520225,0.6592956415547649,0.05680037468624555,0.8947035671709844
1656,0.6767306054635275,0.15986485135780493,0.18501287179845727,0.3093906102150168,0.371952253969556
1657,0.4903869754356922,0.24474326753678033,0.9726155962582597,0.17956527857646765,0.28872021484442756
1658,0.12201494849603833,0.48035881594552876,0.9142175270316222,0.6793062475212923,0.3761851837678336
1659,0.21530218970446158,0.07041140003873869,0.353386116019789,0.5163016742792964,0.1807139533328701
1660,0.00840010868481711,0.7968584332640749,0.43297116406334335,0.22020744876557763,0.44159864214880773
1661,0.4454839815186671,0.6571396182380635,0.4413628316380661,0.3308013370109065,0.9976280449454733
1662,0.508552312301234,0.522852147340867,0.46983548269163244,0.282016896290307,0.20701968439256968
1663,0.16566411206246023,0.8093153164909418,0.08876190570842002,0.566288695603571,0.6582234054525907
1664,0.9612754309989656,0.1937844774661719,0.048155692561028474,0.4211499802450359,0.3787614364537405
1665,0.855927096307693,0.6988219033991568,0.9300261082829807,0.8558822214016029,0.18828474486780855
1666,0.15906337919881552,0.5529432523151405,0.567663592207623,0.48139920571355554,0.8654605645837191
1667,0.2242315509951811,0.663015297135378,0.9305455758683108,0.8670273725385003,0.1940824102601525
1668,0.24972137088780866,0.45884887406834307,0.00865758977347153,0.022999775225752805,0.21165510069767302
1669,0.0380567201637142,0.2656509259127754,0.7143374863193724,0.7249523611509217,0.8645306125048968
1670,0.5870193142340169,0.9741541767719788,0.6092216440485031,0.738093941904489,0.881324315898082
1671,0.920030671496344,0.7068283256900362,0.7996720708916569,0.7197358520341376,0.3353311197354071
1672,0.5820112476509077,0.5684329135156956,0.08571644269237122,0.6406031069178643,0.6456967019847204
1673,0.06955151484956179,0.5237215989926424,0.15528439491313106,0.017739251391607813,0.010379069346564407
1674,0.17355007692425328,0.6889409405563556,0.6308145345127826,0.1632667507098624,0.8243485472759517
1675,0.9391759012378561,0.8991222308011819,0.8401722843677227,0.07062588450232832,0.5952529473234933
1676,0.34446579032192204,0.3282923071540522,0.3526815364694609,0.7112753472626643,0.24712616932363396
1677,0.933998216558351,0.16660525700400897,0.3468970399323148,0.44490137402167673,0.3970551761215956
1678,0.9807006863017618,0.17244527566144696,0.6772345025867612,0.12787537432346885,0.4371153688654438
1679,0.7966069359130027,0.808939262520225,0.6592956415547649,0.05680037468624555,0.8947035671709844
1680,0.46734876205217446,0.19299179049373427,0.3468733091555666,0.11611012045147173,0.5490889144665598
1681,0.2407281810239511,0.09107129888058996,0.6054805143789416,0.9280084019745547,0.15472703459329684
1682,0.7915330421452634,0.2392474310413013,0.5694528662970507,0.6566296104140548,0.15276838495757183
1683,0.07236292350073548,0.3762676950507159,0.8078877741698877,0.3145509294553067,0.3377628609064298
1684,0.7493697610785008,0.8793285683637947,0.49734349536155764,0.8239238262769917,0.08519607982222155
1685,0.30934664282671553,0.5637725827347632,0.6877455960792761,0.9297694318981805,0.49981909066795205
1686,0.14456570140910519,0.9523441740485441,0.6356216208473698,0.4841346799630505,0.6159413382461194
1687,0.9048257252837798,0.15356699699031195,0.5147944070424375,0.688795259106429,0.8190792056523759
1688,0.6968457575722763,0.6048487768110237,0.47310124916333673,0.9318660995590784,0.315099620504799
1689,0.8359452266644805,0.4992606706393994,0.5290522212711586,0.6032404261004203,0.8443679996865356
1690,0.009280090227594351,0.29591775666584297,0.2077558288422252,0.7843558753329914,0.6013294578442843
1691,0.8970666501348051,0.8025763328213232,0.22968197332745355,0.3510766284139373,0.6263879439515235
1692,0.2319613669614633,0.6323691737077461,0.9611256791150996,0.9101051937391422,0.24839527550648866
1693,0.502058877656962,0.9005426809502268,0.1666614913612634,0.49703459388261095,0.2039436520778336
1694,0.5799947220930594,0.5548710901038961,0.9924895627548053,0.9533950108712994,0.235353293419459
1695,0.0013356464619352915,0.5908942851709937,0.9093571220600569,0.39192898292074374,0.9928225528553826
1696,0.638865144719369,0.15484421829293493,0.0565689311280102,0.380459224025505,0.6403877013924192
1697,0.4035213886821629,0.7293374169387229,0.9178869929792779,0.769067438629718,0.8493260160195342
1698,0.6767103720737424,0.4312010195465382,0.2706474234216165,0.9845866142215745,0.3992689508171593
1699,0.268130552773891,0.10987273400748887,0.322411580787929,0.579170593375313,0.49606962164949586
1700,0.7828790792183891,0.4043854184248562,0.8198772447494665,0.15069313873865897,0.6825837125548107
1701,0.4087451923862575,0.08978126479361448,0.7289457770511674,0.4087096497465954,0.12313277636312037
1702,0.33736897640048225,0.7995017345081776,0.4265172985536999,0.0036031902930417914,0.0699160255464426
1703,0.6179870613358845,0.2788887945651195,0.6119488966730624,0.6014449667459782,0.9239390618072519
1704,0.6767306054635275,0.15986485135780493,0.18501287179845727,0.3093906102150168,0.371952253969556
1705,0.4903869754356922,0.24474326753678033,0.9726155962582597,0.17956527857646765,0.28872021484442756
1706,0.12201494849603833,0.48035881594552876,0.9142175270316222,0.6793062475212923,0.3761851837678336
1707,0.21530218970446158,0.07041140003873869,0.353386116019789,0.5163016742792964,0.1807139533328701
1708,0.00840010868481711,0.7968584332640749,0.43297116406334335,0.22020744876557763,0.44159864214880773
1709,0.4454839815186671,0.6571396182380635,0.4413628316380661,0.3308013370109065,0.9976280449454733
1710,0.508552312301234,0.522852147340867,0.46983548269163244,0.282016896290307,0.20701968439256968
1711,0.16566411206246023,0.8093153164909418,0.08876190570842002,0.566288695603571,0.6582234054525907
1712,0.9612754309989656,0.1937844774661719,0.048155692561028474,0.4211499802450359,0.3787614364537405
1713,0.855927096307693,0.6988219033991568,0.9300261082829807,0.8558822214016029,0.18828474486780855
1714,0.15906337919881552,0.5529432523151405,0.567663592207623,0.48139920571355554,0.8654605645837191
1715,0.2242315509951811,0.663015297135378,0.9305455758683108,0.8670273725385003,0.1940824102601525
1716,0.24972137088780866,0.45884887406834307,0.00865758977347153,0.022999775225752805,0.21165510069767302
1717,0.0380567201637142,0.2656509259127754,0.7143374863193724,0.7249523611509217,0.8645306125048968
1718,0.5870193142340169,0.9741541767719788,0.6092216440485031,0.738093941904489,0.881324315898082
1719,0.920030671496344,0.7068283256900362,0.7996720708916569,0.7197358520341376,0.3353311197354071
1720,0.5820112476509077,0.5684329135156956,0.08571644269237122,0.6406031069178643,0.6456967019847204
1721,0.06955151484956179,0.5237215989926424,0.15528439491313106,0.017739251391607813,0.010379069346564407
1722,0.17355007692425328,0.6889409405563556,0.6308145345127826,0.1632667507098624,0.8243485472759517
1723,0.9391759012378561,0.8991222308011819,0.8401722843677227,0.07062588450232832,0.5952529473234933
1724,0.34446579032192204,0.3282923071540522,0.3526815364694609,0.7112753472626643,0.24712616932363396
1725,0.933998216558351,0.16660525700400897,0.3468970399323148,0.44490137402167673,0.3970551761215956
1726,0.9807006863017618,0.17244527566144696,0.6772345025867612,0.12787537432346885,0.4371153688654438
1727,0.7966069359130027,0.808939262520225,0.6592956415547649,0.05680037468624555,0.8947035671709844
1728,0.6767306054635275,0.15986485135780493,0.18501287179845727,0.3093906102150168,0.371952253969556
1729,0.4903869754356922,0.24474326753678033,0.9726155962582597,0.17956527857646765,0.28872021484442756
1730,0.12201494849603833,0.48035881594552876,0.9142175270316222,0.6793062475212923,0.3761851837678336
1731,0.21530218970446158,0.07041140003873869,0.353386116019789,0.5163016742792964,0.1807139533328701
1732,0.00840010868481711,0.7968584332640749,0.43297116406334335,0.22020744876557763,0.44159864214880773
1733,0.4454839815186671,0.6571396182380635,0.4413628316380661,0.3308013370109065,0.9976280449454733
1734,0.508552312301234,0.522852147340867,0.46983548269163244,0.282016896290307,0.20701968439256968
1735,0.16566411206246023,0.8093153164909418,0.08876190570842002,0.566288695603571,0.6582234054525907
1736,0.9612754309989656,0.1937844774661719,0.048155692561028474,0.4211499802450359,0.3787614364537405
1737,0.855927096307693,0.6988219033991568,0.9300261082829807,0.8558822214016029,0.18828474486780855
1738,0.15906337919881552,0.5529432523151405,0.567663592207623,0.48139920571355554,0.8654605645837191
1739,0.2242315509951811,0.663015297135378,0.9305455758683108,0.8670273725385003,0.1940824102601525
1740,0.24972137088780866,0.45884887406834307,0.00865758977347153,0.022999775225752805,0.21165510069767302
1741,0.0380567201637142,0.2656509259127754,0.7143374863193724,0.7249523611509217,0.8645306125048968
1742,0.5870193142340169,0.9741541767719788,0.6092216440485031,0.738093941904489,0.881324315898082
1743,0.920030671496344,0.7068283256900362,0.7996720708916569,0.7197358520341376,0.3353311197354071
1744,0.5820112476509077,0.5684329135156956,0.08571644269237122,0.6406031069178643,0.6456967019847204
1745,0.06955151484956179,0.5237215989926424,0.15528439491313106,0.017739251391607813,0.010379069346564407
1746,0.17355007692425328,0.6889409405563556,0.6308145345127826,0.1632667507098624,0.8243485472759517
1747,0.9391759012378561,0.8991222308011819,0.8401722843677227,0.07062588450232832,0.5952529473234933
1748,0.34446579032192204,0.3282923071540522,0.3526815364694609,0.7112753472626643,0.24712616932363396
1749,0.933998216558351,0.16660525700400897,0.3468970399323148,0.44490137402167673,0.3970551761215956
1750,0.9807006863017618,0.17244527566144696,0.6772345025867612,0.12787537432346885,0.4371153688654438
1751,0.7966069359130027,0.808939262520225,0.6592956415547649,0.05680037468624555,0.8947035671709844
1752,0.6767306054635275,0.15986485135780493,0.18501287179845727,0.3093906102150168,0.371952253969556
1753,0.4903869754356922,0.24474326753678033,0.9726155962582597,0.17956527857646765,0.28872021484442756
1754,0.12201494849603833,0.48035881594552876,0.9142175270316222,0.6793062475212923,0.3761851837678336
1755,0.21530218970446158,0.07041140003873869,0.353386116019789,0.5163016742792964,0.1807139533328701
1756,0.00840010868481711,0.7968584332640749,0.43297116406334335,0.22020744876557763,0.44159864214880773
1757,0.4454839815186671,0.6571396182380635,0.4413628316380661,0.3308013370109065,0.9976280449454733
1758,0.508552312301234,0.522852147340867,0.46983548269163244,0.282016896290307,0.20701968439256968
1759,0.16566411206246023,0.8093153164909418,0.08876190570842002,0.566288695603571,0.6582234054525907
1760,0.9612754309989656,0.1937844774661719,0.048155692561028474,0.4211499802450359,0.3787614364537405
1761,0.855927096307693,0.6988219033991568,0.9300261082829807,0.8558822214016029,0.18828474486780855
1762,0.15906337919881552,0.5529432523151405,0.567663592207623,0.48139920571355554,0.8654605645837191
1763,0.2242315509951811,0.663015297135378,0.9305455758683108,0.8670273725385003,0.1940824102601525
1764,0.24972137088780866,0.45884887406834307,0.00865758977347153,0.022999775225752805,0.21165510069767302
1765,0.0380567201637142,0.2656509259127754,0.7143374863193724,0.7249523611509217,0.8645306125048968
1766,0.5870193142340169,0.9741541767719788,0.6092216440485031,0.738093941904489,0.881324315898082
1767,0.920030671496344,0.7068283256900362,0.7996720708916569,0.7197358520341376,0.3353311197354071
1768,0.5820112476509077,0.5684329135156956,0.08571644269237122,0.6406031069178643,0.6456967019847204
1769,0.06955151484956179,0.5237215989926424,0.15528439491313106,0.017739251391607813,0.010379069346564407
1770,0.17355007692425328,0.6889409405563556,0.6308145345127826,0.1632667507098624,0.8243485472759517
1771,0.9391759012378561,0.8991222308011819,0.8401722843677227,0.07062588450232832,0.5952529473234933
1772,0.34446579032192204,0.3282923071540522,0.3526815364694609,0.7112753472626643,0.24712616932363396
1773,0.933998216558351,0.16660525700400897,0.3468970399323148,0.44490137402167673,0.3970551761215956
1774,0.9807006863017618,0.17244527566144696,0.6772345025867612,0.12787537432346885,0.4371153688654438
1775,0.7966069359130027,0.808939262520225,0.6592956415547649,0.05680037468624555,0.8947035671709844
1776,0.6767306054635275,0.15986485135780493,0.18501287179845727,0.3093906102150168,0.371952253969556
1777,0.4903869754356922,0.24474326753678033,0.9726155962582597,0.17956527857646765,0.28872021484442756
1778,0.12201494849603833,0.48035881594552876,0.9142175270316222,0.6793062475212923,0.3761851837678336
1779,0.21530218970446158,0.07041140003873869,0.353386116019789,0.5163016742792964,0.1807139533328701
1780,0.00840010868481711,0.7968584332640749,0.43297116406334335,0.22020744876557763,0.44159864214880773
1781,0.4454839815186671,0.6571396182380635,0.4413628316380661,0.3308013370109065,0.9976280449454733
1782,0.508552312301234,0.522852147340867,0.46983548269163244,0.282016896290307,0.20701968439256968
1783,0.16566411206246023,0.8093153164909418,0.08876190570842002,0.566288695603571,0.6582234054525907
1784,0.9612754309989656,0.1937844774661719,0.048155692561028474,0.4211499802450359,0.3787614364537405
1785,0.855927096307693,0.6988219033991568,0.9300261082829807,0.8558822214016029,0.18828474486780855
1786,0.15906337919881552,0.5529432523151405,0.567663592207623,0.48139920571355554,0.8654605645837191
1787,0.2242315509951811,0.663015297135378,0.9305455758683108,0.8670273725385003,0.1940824102601525
1788,0.24972137088780866,0.45884887406834307,0.00865758977347153,0.022999775225752805,0.21165510069767302
1789,0.0380567201637142,0.2656509259127754,0.7143374863193724,0.7249523611509217,0.8645306125048968
1790,0.5870193142340169,0.9741541767719788,0.6092216440485031,0.738093941904489,0.881324315898082
1791,0.920030671496344,0.7068283256900362,0.7996720708916569,0.7197358520341376,0.3353311197354071
1792,0.5820112476509077,0.5684329135156956,0.08571644269237122,0.6406031069178643,0.6456967019847204
1793,0.06955151484956179,0.5237215989926424,0.15528439491313106,0.017739251391607813,0.010379069346564407
1794,0.17355007692425328,0.6889409405563556,0.6308145345127826,0.1632667507098624,0.8243485472759517
1795,0.9391759012378561,0.8991222308011819,0.8401722843677227,0.07062588450232832,0.5952529473234933
1796,0.34446579032192204,0.3282923071540522,0.3526815364694609,0.7112753472626643,0.24712616932363396
1797,0.933998216558351,0.16660525700400897,0.3468970399323148,0.44490137402167673,0.3970551761215956
1798,0.9807006863017618,0.17244527566144696,0.6772345025867612,0.12787537432346885,0.4371153688654438
1799,0.7966069359130027,0.808939262520225,0.6592956415547649,0.05680037468624555,0.8947035671709844
1800,0.6767306054635275,0.15986485135780493,0.18501287179845727,0.3093906102150168,0.371952253969556
1801,0.4903869754356922,0.24474326753678033,0.9726155962582597,0.17956527857646765,0.28872021484442756
1802,0.12201494849603833,0.48035881594552876,0.9142175270316222,0.6793062475212923,0.3761851837678336
1803,0.21530218970446158,0.07041140003873869,0.353386116019789,0.5163016742792964,0.1807139533328701
1804,0.00840010868481711,0.7968584332640749,0.43297116406334335,0.22020744876557763,0.44159864214880773
1805,0.4454839815186671,0.6571396182380635,0.4413628316380661,0.3308013370109065,0.9976280449454733
1806,0.508552312301234,0.522852147340867,0.46983548269163244,0.282016896290307,0.20701968439256968
1807,0.16566411206246023,0.8093153164909418,0.08876190570842002,0.566288695603571,0.6582234054525907
1808,0.9612754309989656,0.1937844774661719,0.048155692561028474,0.4211499802450359,0.3787614364537405
1809,0.855927096307693,0.6988219033991568,0.9300261082829807,0.8558822214016029,0.18828474486780855
1810,0.15906337919881552,0.5529432523151405,0.567663592207623,0.48139920571355554,0.8654605645837191
1811,0.2242315509951811,0.663015297135378,0.9305455758683108,0.8670273725385003,0.1940824102601525
1812,0.24972137088780866,0.45884887406834307,0.00865758977347153,0.022999775225752805,0.21165510069767302
1813,0.0380567201637142,0.2656509259127754,0.7143374863193724,0.7249523611509217,0.8645306125048968
1814,0.5870193142340169,0.9741541767719788,0.6092216440485031,0.738093941904489,0.881324315898082
1815,0.920030671496344,0.7068283256900362,0.7996720708916569,0.7197358520341376,0.3353311197354071
1816,0.5820112476509077,0.5684329135156956,0.08571644269237122,0.6406031069178643,0.6456967019847204
1817,0.06955151484956179,0.5237215989926424,0.15528439491313106,0.017739251391607813,0.010379069346564407
1818,0.17355007692425328,0.6889409405563556,0.6308145345127826,0.1632667507098624,0.8243485472759517
1819,0.9391759012378561,0.8991222308011819,0.8401722843677227,0.07062588450232832,0.5952529473234933
1820,0.34446579032192204,0.3282923071540522,0.3526815364694609,0.7112753472626643,0.24712616932363396
1821,0.933998216558351,0.16660525700400897,0.3468970399323148,0.44490137402167673,0.3970551761215956
1822,0.9807006863017618,0.17244527566144696,0.6772345025867612,0.12787537432346885,0.4371153688654438
1823,0.7966069359130027,0.808939262520225,0.6592956415547649,0.05680037468624555,0.8947035671709844
1824,0.46734876205217446,0.19299179049373427,0.3468733091555666,0.11611012045147173,0.5490889144665598
1825,0.2407281810239511,0.09107129888058996,0.6054805143789416,0.9280084019745547,0.15472703459329684
1826,0.7915330421452634,0.2392474310413013,0.5694528662970507,0.6566296104140548,0.15276838495757183
1827,0.07236292350073548,0.3762676950507159,0.8078877741698877,0.3145509294553067,0.3377628609064298
1828,0.7493697610785008,0.8793285683637947,0.49734349536155764,0.8239238262769917,0.08519607982222155
1829,0.30934664282671553,0.5637725827347632,0.6877455960792761,0.9297694318981805,0.49981909066795205
1830,0.14456570140910519,0.9523441740485441,0.6356216208473698,0.4841346799630505,0.6159413382461194
1831,0.9048257252837798,0.15356699699031195,0.5147944070424375,0.688795259106429,0.8190792056523759
1832,0.6968457575722763,0.6048487768110237,0.47310124916333673,0.9318660995590784,0.315099620504799
1833,0.8359452266644805,0.4992606706393994,0.5290522212711586,0.6032404261004203,0.8443679996865356
1834,0.009280090227594351,0.29591775666584297,0.2077558288422252,0.7843558753329914,0.6013294578442843
1835,0.8970666501348051,0.8025763328213232,0.22968197332745355,0.3510766284139373,0.6263879439515235
1836,0.2319613669614633,0.6323691737077461,0.9611256791150996,0.9101051937391422,0.24839527550648866
1837,0.502058877656962,0.9005426809502268,0.1666614913612634,0.49703459388261095,0.2039436520778336
1838,0.5799947220930594,0.5548710901038961,0.9924895627548053,0.9533950108712994,0.235353293419459
1839,0.0013356464619352915,0.5908942851709937,0.9093571220600569,0.39192898292074374,0.9928225528553826
1840,0.638865144719369,0.15484421829293493,0.0565689311280102,0.380459224025505,0.6403877013924192
1841,0.4035213886821629,0.7293374169387229,0.9178869929792779,0.769067438629718,0.8493260160195342
1842,0.6767103720737424,0.4312010195465382,0.2706474234216165,0.9845866142215745,0.3992689508171593
1843,0.268130552773891,0.10987273400748887,0.322411580787929,0.579170593375313,0.49606962164949586
1844,0.7828790792183891,0.4043854184248562,0.8198772447494665,0.15069313873865897,0.6825837125548107
1845,0.4087451923862575,0.08978126479361448,0.7289457770511674,0.4087096497465954,0.12313277636312037
1846,0.33736897640048225,0.7995017345081776,0.4265172985536999,0.0036031902930417914,0.0699160255464426
1847,0.6179870613358845,0.2788887945651195,0.6119488966730624,0.6014449667459782,0.9239390618072519
1848,0.08119942273576364,0.918380251618889,0.2072034291262379,0.9789908986949998,0.7605812366012885
1849,0.20518196841956338,0.9944395356371601,0.8699913951957262,0.6318012557379925,0.775406294578274
1850,0.12029545335915048,0.9465989131777108,0.2389168777076247,0.5631514523060189,0.006882606547047088
1851,0.45497189272680827,0.9106111198729966,0.7509739561089669,0.6168025108801637,0.7590697472437893
1852,0.5823811509405162,0.3106811314633784,0.08267807753317447,0.6071793703145606,0.321830906228047
1853,0.9581597760062257,0.12568411627654652,0.59268569164246,0.4322666932624395,0.9824443321868744
1854,0.12075256920914557,0.9867821057475119,0.8169116283012471,0.16311892774891468,0.20835884967754326
1855,0.8368584538122006,0.8924005377222722,0.5383071442854762,0.3044185486881754,0.8425198096008207
1856,0.6379752291671068,0.256967643528887,0.6037765262927276,0.36394801332733573,0.8254076890619257
1857,0.29556933085443293,0.6699096353516709,0.12136255255569506,0.6095559442954196,0.9610518130379864
1858,0.9119319126202493,0.33005478029989366,0.6346612992973985,0.6909568423864734,0.3649437195879386
1859,0.017236825987758886,0.6716292718813686,0.5621043200962933,0.6071261471942283,0.1877430194069094
1860,0.778477786553463,0.027723399338113186,0.7686848981377713,0.7796127166059962,0.21564805967638634
1861,0.900571764048458,0.24850046294283656,0.5171932785192996,0.1994521591994456,0.7967509247522842
1862,0.35651972646177643,0.0982437449318172,0.9204051935673014,0.9849735350237291,0.22302303597750583
1863,0.5462327386104502,0.9141825380536812,0.6128925300713509,0.834663661228924,0.16347184376874713
1864,0.8609247591285041,0.7388396990132401,0.8867833002022126,0.8827863113670819,0.2761388102932598
1865,0.26482886367529446,0.12138045724570945,0.6609487973614716,0.45722925885871946,0.039827896734819235
1866,0.8395410145750536,0.18097369830460908,0.5963146712976288,0.27033737151915804,0.9767426135116218
1867,0.3439382948382955,0.30491748707896027,0.6788733507855236,0.3081903739081667,0.5959427250516829
1868,0.4499597271804665,0.2962832573442383,0.7740957923168312,0.7117569387484599,0.34706153371414905
1869,0.6628289434543888,0.6597326183761185,0.5471274517955871,0.6161904637125268,0.9065751162762671
1870,0.16435610189589167,0.25794728860867533,0.01031825663144148,0.7628783715274752,0.05657437285482636
1871,0.6484611315495431,0.06247315515610996,0.33296775572957027,0.2845190131320461,0.057041758832878764
1872,0.46734876205217446,0.19299179049373427,0.3468733091555666,0.11611012045147173,0.5490889144665598
1873,0.2407281810239511,0.09107129888058996,0.6054805143789416,0.9280084019745547,0.15472703459329684
1874,0.7915330421452634,0.2392474310413013,0.5694528662970507,0.6566296104140548,0.15276838495757183
1875,0.07236292350073548,0.3762676950507159,0.8078877741698877,0.3145509294553067,0.3377628609064298
1876,0.7493697610785008,0.8793285683637947,0.49734349536155764,0.8239238262769917,0.08519607982222155
1877,0.30934664282671553,0.5637725827347632,0.6877455960792761,0.9297694318981805,0.49981909066795205
1878,0.14456570140910519,0.9523441740485441,0.6356216208473698,0.4841346799630505,0.6159413382461194
1879,0.9048257252837798,0.15356699699031195,0.5147944070424375,0.688795259106429,0.8190792056523759
1880,0.6968457575722763,0.6048487768110237,0.47310124916333673,0.9318660995590784,0.315099620504799
1881,0.8359452266644805,0.4992606706393994,0.5290522212711586,0.6032404261004203,0.8443679996865356
1882,0.009280090227594351,0.29591775666584297,0.2077558288422252,0.7843558753329914,0.6013294578442843
1883,0.8970666501348051,0.8025763328213232,0.22968197332745355,0.3510766284139373,0.6263879439515235
1884,0.2319613669614633,0.6323691737077461,0.9611256791150996,0.9101051937391422,0.24839527550648866
1885,0.502058877656962,0.9005426809502268,0.1666614913612634,0.49703459388261095,0.2039436520778336
1886,0.5799947220930594,0.5548710901038961,0.9924895627548053,0.9533950108712994,0.235353293419459
1887,0.0013356464619352915,0.5908942851709937,0.9093571220600569,0.39192898292074374,0.9928225528553826
1888,0.638865144719369,0.15484421829293493,0.0565689311280102,0.380459224025505,0.6403877013924192
1889,0.4035213886821629,0.7293374169387229,0.9178869929792779,0.769067438629718,0.8493260160195342
1890,0.6767103720737424,0.4312010195465382,0.2706474234216165,0.9845866142215745,0.3992689508171593
1891,0.268130552773891,0.10987273400748887,0.322411580787929,0.579170593375313,0.49606962164949586
1892,0.7828790792183891,0.4043854184248562,0.8198772447494665,0.15069313873865897,0.6825837125548107
1893,0.4087451923862575,0.08978126479361448,0.7289457770511674,0.4087096497465954,0.12313277636312037
1894,0.33736897640048225,0.7995017345081776,0.4265172985536999,0.0036031902930417914,0.0699160255464426
1895,0.6179870613358845,0.2788887945651195,0.6119488966730624,0.6014449667459782,0.9239390618072519
1896,0.46734876205217446,0.19299179049373427,0.3468733091555666,0.11611012045147173,0.5490889144665598
1897,0.2407281810239511,0.09107129888058996,0.6054805143789416,0.9280084019745547,0.15472703459329684
1898,0.7915330421452634,0.2392474310413013,0.5694528662970507,0.6566296104140548,0.15276838495757183
1899,0.07236292350073548,0.3762676950507159,0.8078877741698877,0.3145509294553067,0.3377628609064298
1900,0.7493697610785008,0.8793285683637947,0.49734349536155764,0.8239238262769917,0.08519607982222155
1901,0.30934664282671553,0.5637725827347632,0.6877455960792761,0.9297694318981805,0.49981909066795205
1902,0.14456570140910519,0.9523441740485441,0.6356216208473698,0.4841346799630505,0.6159413382461194
1903,0.9048257252837798,0.15356699699031195,0.5147944070424375,0.688795259106429,0.8190792056523759
1904,0.6968457575722763,0.6048487768110237,0.47310124916333673,0.9318660995590784,0.315099620504799
1905,0.8359452266644805,0.4992606706393994,0.5290522212711586,0.6032404261004203,0.8443679996865356
1906,0.009280090227594351,0.29591775666584297,0.2077558288422252,0.7843558753329914,0.6013294578442843
1907,0.8970666501348051,0.8025763328213232,0.22968197332745355,0.3510766284139373,0.6263879439515235
1908,0.2319613669614633,0.6323691737077461,0.9611256791150996,0.9101051937391422,0.24839527550648866
1909,0.502058877656962,0.9005426809502268,0.1666614913612634,0.49703459388261095,0.2039436520778336
1910,0.5799947220930594,0.5548710901038961,0.9924895627548053,0.9533950108712994,0.235353293419459
1911,0.0013356464619352915,0.5908942851709937,0.9093571220600569,0.39192898292074374,0.9928225528553826
1912,0.638865144719369,0.15484421829293493,0.0565689311280102,0.380459224025505,0.6403877013924192
1913,0.4035213886821629,0.7293374169387229,0.9178869929792779,0.769067438629718,0.8493260160195342
1914,0.6767103720737424,0.4312010195465382,0.2706474234216165,0.9845866142215745,0.3992689508171593
1915,0.268130552773891,0.10987273400748887,0.322411580787929,0.579170593375313,0.49606962164949586
1916,0.7828790792183891,0.4043854184248562,0.8198772447494665,0.15069313873865897,0.6825837125548107
1917,0.4087451923862575,0.08978126479361448,0.7289457770511674,0.4087096497465954,0.12313277636312037
1918,0.33736897640048225,0.7995017345081776,0.4265172985536999,0.0036031902930417914,0.0699160255464426
1919,0.6179870613358845,0.2788887945651195,0.6119488966730624,0.6014449667459782,0.9239390618072519
1920,0.6767306054635275,0.15986485135780493,0.18501287179845727,0.3093906102150168,0.371952253969556
1921,0.4903869754356922,0.24474326753678033,0.9726155962582597,0.17956527857646765,0.28872021484442756
1922,0.12201494849603833,0.48035881594552876,0.9142175270316222,0.6793062475212923,0.3761851837678336
1923,0.21530218970446158,0.07041140003873869,0.353386116019789,0.5163016742792964,0.1807139533328701
1924,0.00840010868481711,0.7968584332640749,0.43297116406334335,0.22020744876557763,0.44159864214880773
1925,0.4454839815186671,0.6571396182380635,0.4413628316380661,0.3308013370109065,0.9976280449454733
1926,0.508552312301234,0.522852147340867,0.46983548269163244,0.282016896290307,0.20701968439256968
1927,0.16566411206246023,0.8093153164909418,0.08876190570842002,0.566288695603571,0.6582234054525907
1928,0.9612754309989656,0.1937844774661719,0.048155692561028474,0.4211499802450359,0.3787614364537405
1929,0.855927096307693,0.6988219033991568,0.9300261082829807,0.8558822214016029,0.18828474486780855
1930,0.15906337919881552,0.5529432523151405,0.567663592207623,0.48139920571355554,0.8654605645837191
1931,0.2242315509951811,0.663015297135378,0.9305455758683108,0.8670273725385003,0.1940824102601525
1932,0.24972137088780866,0.45884887406834307,0.00865758977347153,0.022999775225752805,0.21165510069767302
1933,0.0380567201637142,0.2656509259127754,0.7143374863193724,0.7249523611509217,0.8645306125048968
1934,0.5870193142340169,0.9741541767719788,0.6092216440485031,0.738093941904489,0.881324315898082
1935,0.920030671496344,0.7068283256900362,0.7996720708916569,0.7197358520341376,0.3353311197354071
1936,0.5820112476509077,0.5684329135156956,0.08571644269237122,0.6406031069178643,0.6456967019847204
1937,0.06955151484956179,0.5237215989926424,0.15528439491313106,0.017739251391607813,0.010379069346564407
1938,0.17355007692425328,0.6889409405563556,0.6308145345127826,0.1632667507098624,0.8243485472759517
1939,0.9391759012378561,0.8991222308011819,0.8401722843677227,0.07062588450232832,0.5952529473234933
1940,0.34446579032192204,0.3282923071540522,0.3526815364694609,0.7112753472626643,0.24712616932363396
1941,0.933998216558351,0.16660525700400897,0.3468970399323148,0.44490137402167673,0.3970551761215956
1942,0.9807006863017618,0.17244527566144696,0.6772345025867612,0.12787537432346885,0.4371153688654438
1943,0.7966069359130027,0.808939262520225,0.6592956415547649,0.05680037468624555,0.8947035671709844
1944,0.08119942273576364,0.918380251618889,0.2072034291262379,0.9789908986949998,0.7605812366012885
1945,0.20518196841956338,0.9944395356371601,0.8699913951957262,0.6318012557379925,0.775406294578274
1946,0.12029545335915048,0.9465989131777108,0.2389168777076247,0.5631514523060189,0.006882606547047088
1947,0.45497189272680827,0.9106111198729966,0.7509739561089669,0.6168025108801637,0.7590697472437893
1948,0.5823811509405162,0.3106811314633784,0.08267807753317447,0.6071793703145606,0.321830906228047
1949,0.9581597760062257,0.12568411627654652,0.59268569164246,0.4322666932624395,0.9824443321868744
1950,0.12075256920914557,0.9867821057475119,0.8169116283012471,0.16311892774891468,0.20835884967754326
1951,0.8368584538122006,0.8924005377222722,0.5383071442854762,0.3044185486881754,0.8425198096008207
1952,0.6379752291671068,0.256967643528887,0.6037765262927276,0.36394801332733573,0.8254076890619257
1953,0.29556933085443293,0.6699096353516709,0.12136255255569506,0.6095559442954196,0.9610518130379864
1954,0.9119319126202493,0.33005478029989366,0.6346612992973985,0.6909568423864734,0.3649437195879386
1955,0.017236825987758886,0.6716292718813686,0.5621043200962933,0.6071261471942283,0.1877430194069094
1956,0.778477786553463,0.027723399338113186,0.7686848981377713,0.7796127166059962,0.21564805967638634
1957,0.900571764048458,0.24850046294283656,0.5171932785192996,0.1994521591994456,0.7967509247522842
1958,0.35651972646177643,0.0982437449318172,0.9204051935673014,0.9849735350237291,0.22302303597750583
1959,0.5462327386104502,0.9141825380536812,0.6128925300713509,0.834663661228924,0.16347184376874713
1960,0.8609247591285041,0.7388396990132401,0.8867833002022126,0.8827863113670819,0.2761388102932598
1961,0.26482886367529446,0.12138045724570945,0.6609487973614716,0.45722925885871946,0.039827896734819235
1962,0.8395410145750536,0.18097369830460908,0.5963146712976288,0.27033737151915804,0.9767426135116218
1963,0.3439382948382955,0.30491748707896027,0.6788733507855236,0.3081903739081667,0.5959427250516829
1964,0.4499597271804665,0.2962832573442383,0.7740957923168312,0.7117569387484599,0.34706153371414905
1965,0.6628289434543888,0.6597326183761185,0.5471274517955871,0.6161904637125268,0.9065751162762671
1966,0.16435610189589167,0.25794728860867533,0.01031825663144148,0.7628783715274752,0.05657437285482636
1967,0.6484611315495431,0.06247315515610996,0.33296775572957027,0.2845190131320461,0.057041758832878764
1968,0.08119942273576364,0.918380251618889,0.2072034291262379,0.9789908986949998,0.7605812366012885
1969,0.20518196841956338,0.9944395356371601,0.8699913951957262,0.6318012557379925,0.775406294578274
1970,0.12029545335915048,0.9465989131777108,0.2389168777076247,0.5631514523060189,0.006882606547047088
1971,0.45497189272680827,0.9106111198729966,0.7509739561089669,0.6168025108801637,0.7590697472437893
1972,0.5823811509405162,0.3106811314633784,0.08267807753317447,0.6071793703145606,0.321830906228047
1973,0.9581597760062257,0.12568411627654652,0.59268569164246,0.4322666932624395,0.9824443321868744
1974,0.12075256920914557,0.9867821057475119,0.8169116283012471,0.16311892774891468,0.20835884967754326
1975,0.8368584538122006,0.8924005377222722,0.5383071442854762,0.3044185486881754,0.8425198096008207
1976,0.6379752291671068,0.256967643528887,0.6037765262927276,0.36394801332733573,0.8254076890619257
1977,0.29556933085443293,0.6699096353516709,0.12136255255569506,0.6095559442954196,0.9610518130379864
1978,0.9119319126202493,0.33005478029989366,0.6346612992973985,0.6909568423864734,0.3649437195879386
1979,0.017236825987758886,0.6716292718813686,0.5621043200962933,0.6071261471942283,0.1877430194069094
1980,0.778477786553463,0.027723399338113186,0.7686848981377713,0.7796127166059962,0.21564805967638634
1981,0.900571764048458,0.24850046294283656,0.5171932785192996,0.1994521591994456,0.7967509247522842
1982,0.35651972646177643,0.0982437449318172,0.9204051935673014,0.9849735350237291,0.22302303597750583
1983,0.5462327386104502,0.9141825380536812,0.6128925300713509,0.834663661228924,0.16347184376874713
1984,0.8609247591285041,0.7388396990132401,0.8867833002022126,0.8827863113670819,0.2761388102932598
1985,0.26482886367529446,0.12138045724570945,0.6609487973614716,0.45722925885871946,0.039827896734819235
1986,0.8395410145750536,0.18097369830460908,0.5963146712976288,0.27033737151915804,0.9767426135116218
1987,0.3439382948382955,0.30491748707896027,0.6788733507855236,0.3081903739081667,0.5959427250516829
1988,0.4499597271804665,0.2962832573442383,0.7740957923168312,0.7117569387484599,0.34706153371414905
1989,0.6628289434543888,0.6597326183761185,0.5471274517955871,0.6161904637125268,0.9065751162762671
1990,0.16435610189589167,0.25794728860867533,0.01031825663144148,0.7628783715274752,0.05657437285482636
1991,0.6484611315495431,0.06247315515610996,0.33296775572957027,0.2845190131320461,0.057041758832878764
1992,0.46734876205217446,0.19299179049373427,0.3468733091555666,0.11611012045147173,0.5490889144665598
1993,0.2407281810239511,0.09107129888058996,0.6054805143789416,0.9280084019745547,0.15472703459329684
1994,0.7915330421452634,0.2392474310413013,0.5694528662970507,0.6566296104140548,0.15276838495757183
1995,0.07236292350073548,0.3762676950507159,0.8078877741698877,0.3145509294553067,0.3377628609064298
1996,0.7493697610785008,0.8793285683637947,0.49734349536155764,0.8239238262769917,0.08519607982222155
1997,0.30934664282671553,0.5637725827347632,0.6877455960792761,0.9297694318981805,0.49981909066795205
1998,0.14456570140910519,0.9523441740485441,0.6356216208473698,0.4841346799630505,0.6159413382461194
1999,0.9048257252837798,0.15356699699031195,0.5147944070424375,0.688795259106429,0.8190792056523759
2000,0.6968457575722763,0.6048487768110237,0.47310124916333673,0.9318660995590784,0.315099620504799
2001,0.8359452266644805,0.4992606706393994,0.5290522212711586,0.6032404261004203,0.8443679996865356
2002,0.009280090227594351,0.29591775666584297,0.2077558288422252,0.7843558753329914,0.6013294578442843
2003,0.8970666501348051,0.8025763328213232,0.22968197332745355,0.3510766284139373,0.6263879439515235
2004,0.2319613669614633,0.6323691737077461,0.9611256791150996,0.9101051937391422,0.24839527550648866
2005,0.502058877656962,0.9005426809502268,0.1666614913612634,0.49703459388261095,0.2039436520778336
2006,0.5799947220930594,0.5548710901038961,0.9924895627548053,0.9533950108712994,0.235353293419459
2007,0.0013356464619352915,0.5908942851709937,0.9093571220600569,0.39192898292074374,0.9928225528553826
2008,0.638865144719369,0.15484421829293493,0.0565689311280102,0.380459224025505,0.6403877013924192
2009,0.4035213886821629,0.7293374169387229,0.9178869929792779,0.769067438629718,0.8493260160195342
2010,0.6767103720737424,0.4312010195465382,0.2706474234216165,0.9845866142215745,0.3992689508171593
2011,0.268130552773891,0.10987273400748887,0.322411580787929,0.579170593375313,0.49606962164949586
2012,0.7828790792183891,0.4043854184248562,0.8198772447494665,0.15069313873865897,0.6825837125548107
2013,0.4087451923862575,0.08978126479361448,0.7289457770511674,0.4087096497465954,0.12313277636312037
2014,0.33736897640048225,0.7995017345081776,0.4265172985536999,0.0036031902930417914,0.0699160255464426
2015,0.6179870613358845,0.2788887945651195,0.6119488966730624,0.6014449667459782,0.9239390618072519
2016,0.08119942273576364,0.918380251618889,0.2072034291262379,0.9789908986949998,0.7605812366012885
2017,0.20518196841956338,0.9944395356371601,0.8699913951957262,0.6318012557379925,0.775406294578274
2018,0.12029545335915048,0.9465989131777108,0.2389168777076247,0.5631514523060189,0.006882606547047088
2019,0.45497189272680827,0.9106111198729966,0.7509739561089669,0.6168025108801637,0.7590697472437893
2020,0.5823811509405162,0.3106811314633784,0.08267807753317447,0.6071793703145606,0.321830906228047
2021,0.9581597760062257,0.12568411627654652,0.59268569164246,0.4322666932624395,0.9824443321868744
2022,0.12075256920914557,0.9867821057475119,0.8169116283012471,0.16311892774891468,0.20835884967754326
2023,0.8368584538122006,0.8924005377222722,0.5383071442854762,0.3044185486881754,0.8425198096008207
2024,0.6379752291671068,0.256967643528887,0.6037765262927276,0.36394801332733573,0.8254076890619257
2025,0.29556933085443293,0.6699096353516709,0.12136255255569506,0.6095559442954196,0.9610518130379864
2026,0.9119319126202493,0.33005478029989366,0.6346612992973985,0.6909568423864734,0.3649437195879386
2027,0.017236825987758886,0.6716292718813686,0.5621043200962933,0.6071261471942283,0.1877430194069094
2028,0.778477786553463,0.027723399338113186,0.7686848981377713,0.7796127166059962,0.21564805967638634
2029,0.900571764048458,0.24850046294283656,0.5171932785192996,0.1994521591994456,0.7967509247522842
2030,0.35651972646177643,0.0982437449318172,0.9204051935673014,0.9849735350237291,0.22302303597750583
2031,0.5462327386104502,0.9141825380536812,0.6128925300713509,0.834663661228924,0.16347184376874713
2032,0.8609247591285041,0.7388396990132401,0.8867833002022126,0.8827863113670819,0.2761388102932598
2033,0.26482886367529446,0.12138045724570945,0.6609487973614716,0.45722925885871946,0.039827896734819235
2034,0.8395410145750536,0.18097369830460908,0.5963146712976288,0.27033737151915804,0.9767426135116218
2035,0.3439382948382955,0.30491748707896027,0.6788733507855236,0.3081903739081667,0.5959427250516829
2036,0.4499597271804665,0.2962832573442383,0.7740957923168312,0.7117569387484599,0.34706153371414905
2037,0.6628289434543888,0.6597326183761185,0.5471274517955871,0.6161904637125268,0.9065751162762671
2038,0.16435610189589167,0.25794728860867533,0.01031825663144148,0.7628783715274752,0.05657437285482636
2039,0.6484611315495431,0.06247315515610996,0.33296775572957027,0.2845190131320461,0.057041758832878764
2040,0.46734876205217446,0.19299179049373427,0.3468733091555666,0.11611012045147173,0.5490889144665598
2041,0.2407281810239511,0.09107129888058996,0.6054805143789416,0.9280084019745547,0.15472703459329684
2042,0.7915330421452634,0.2392474310413013,0.5694528662970507,0.6566296104140548,0.15276838495757183
2043,0.07236292350073548,0.3762676950507159,0.8078877741698877,0.3145509294553067,0.3377628609064298
2044,0.7493697610785008,0.8793285683637947,0.49734349536155764,0.8239238262769917,0.08519607982222155
2045,0.30934664282671553,0.5637725827347632,0.6877455960792761,0.9297694318981805,0.49981909066795205
2046,0.14456570140910519,0.9523441740485441,0.6356216208473698,0.4841346799630505,0.6159413382461194
2047,0.9048257252837798,0.15356699699031195,0.5147944070424375,0.688795259106429,0.8190792056523759
2048,0.6968457575722763,0.6048487768110237,0.47310124916333673,0.9318660995590784,0.315099620504799
2049,0.8359452266644805,0.4992606706393994,0.5290522212711586,0.6032404261004203,0.8443679996865356
2050,0.009280090227594351,0.29591775666584297,0.2077558288422252,0.7843558753329914,0.6013294578442843
2051,0.8970666501348051,0.8025763328213232,0.22968197332745355,0.3510766284139373,0.6263879439515235
2052,0.2319613669614633,0.6323691737077461,0.9611256791150996,0.9101051937391422,0.24839527550648866
2053,0.502058877656962,0.9005426809502268,0.1666614913612634,0.49703459388261095,0.2039436520778336
2054,0.5799947220930594,0.5548710901038961,0.9924895627548053,0.9533950108712994,0.235353293419459
2055,0.0013356464619352915,0.5908942851709937,0.9093571220600569,0.39192898292074374,0.9928225528553826
2056,0.638865144719369,0.15484421829293493,0.0565689311280102,0.380459224025505,0.6403877013924192
2057,0.4035213886821629,0.7293374169387229,0.9178869929792779,0.769067438629718,0.8493260160195342
2058,0.6767103720737424,0.4312010195465382,0.2706474234216165,0.9845866142215745,0.3992689508171593
2059,0.268130552773891,0.10987273400748887,0.322411580787929,0.579170593375313,0.49606962164949586
2060,0.7828790792183891,0.4043854184248562,0.8198772447494665,0.15069313873865897,0.6825837125548107
2061,0.4087451923862575,0.08978126479361448,0.7289457770511674,0.4087096497465954,0.12313277636312037
2062,0.33736897640048225,0.7995017345081776,0.4265172985536999,0.0036031902930417914,0.0699160255464426
2063,0.6179870613358845,0.2788887945651195,0.6119488966730624,0.6014449667459782,0.9239390618072519
2064,0.46734876205217446,0.19299179049373427,0.3468733091555666,0.11611012045147173,0.5490889144665598
2065,0.2407281810239511,0.09107129888058996,0.6054805143789416,0.9280084019745547,0.15472703459329684
2066,0.7915330421452634,0.2392474310413013,0.5694528662970507,0.6566296104140548,0.15276838495757183
2067,0.07236292350073548,0.3762676950507159,0.8078877741698877,0.3145509294553067,0.3377628609064298
2068,0.7493697610785008,0.8793285683637947,0.49734349536155764,0.8239238262769917,0.08519607982222155
2069,0.30934664282671553,0.5637725827347632,0.6877455960792761,0.9297694318981805,0.49981909066795205
2070,0.14456570140910519,0.9523441740485441,0.6356216208473698,0.4841346799630505,0.6159413382461194
2071,0.9048257252837798,0.15356699699031195,0.5147944070424375,0.688795259106429,0.8190792056523759
2072,0.6968457575722763,0.6048487768110237,0.47310124916333673,0.9318660995590784,0.315099620504799
2073,0.8359452266644805,0.4992606706393994,0.5290522212711586,0.6032404261004203,0.8443679996865356
2074,0.009280090227594351,0.29591775666584297,0.2077558288422252,0.7843558753329914,0.6013294578442843
2075,0.8970666501348051,0.8025763328213232,0.22968197332745355,0.3510766284139373,0.6263879439515235
2076,0.2319613669614633,0.6323691737077461,0.9611256791150996,0.9101051937391422,0.24839527550648866
2077,0.502058877656962,0.9005426809502268,0.1666614913612634,0.49703459388261095,0.2039436520778336
2078,0.5799947220930594,0.5548710901038961,0.9924895627548053,0.9533950108712994,0.235353293419459
2079,0.0013356464619352915,0.5908942851709937,0.9093571220600569,0.39192898292074374,0.9928225528553826
2080,0.638865144719369,0.15484421829293493,0.0565689311280102,0.380459224025505,0.6403877013924192
2081,0.4035213886821629,0.7293374169387229,0.9178869929792779,0.769067438629718,0.8493260160195342
2082,0.6767103720737424,0.4312010195465382,0.2706474234216165,0.9845866142215745,0.3992689508171593
2083,0.268130552773891,0.10987273400748887,0.322411580787929,0.579170593375313,0.49606962164949586
2084,0.7828790792183891,0.4043854184248562,0.8198772447494665,0.15069313873865897,0.6825837125548107
2085,0.4087451923862575,0.08978126479361448,0.7289457770511674,0.4087096497465954,0.12313277636312037
2086,0.33736897640048225,0.7995017345081776,0.4265172985536999,0.0036031902930417914,0.0699160255464426
2087,0.6179870613358845,0.2788887945651195,0.6119488966730624,0.6014449667459782,0.9239390618072519
2088,0.08119942273576364,0.918380251618889,0.2072034291262379,0.9789908986949998,0.7605812366012885
2089,0.20518196841956338,0.9944395356371601,0.8699913951957262,0.6318012557379925,0.775406294578274
2090,0.12029545335915048,0.9465989131777108,0.2389168777076247,0.5631514523060189,0.006882606547047088
2091,0.45497189272680827,0.9106111198729966,0.7509739561089669,0.6168025108801637,0.7590697472437893
2092,0.5823811509405162,0.3106811314633784,0.08267807753317447,0.6071793703145606,0.321830906228047
2093,0.9581597760062257,0.12568411627654652,0.59268569164246,0.4322666932624395,0.9824443321868744
2094,0.12075256920914557,0.9867821057475119,0.8169116283012471,0.16311892774891468,0.20835884967754326
2095,0.8368584538122006,0.8924005377222722,0.5383071442854762,0.3044185486881754,0.8425198096008207
2096,0.6379752291671068,0.256967643528887,0.6037765262927276,0.36394801332733573,0.8254076890619257
2097,0.29556933085443293,0.6699096353516709,0.12136255255569506,0.6095559442954196,0.9610518130379864
2098,0.9119319126202493,0.33005478029989366,0.6346612992973985,0.6909568423864734,0.3649437195879386
2099,0.017236825987758886,0.6716292718813686,0.5621043200962933,0.6071261471942283,0.1877430194069094
2100,0.778477786553463,0.027723399338113186,0.7686848981377713,0.7796127166059962,0.21564805967638634
2101,0.900571764048458,0.24850046294283656,0.5171932785192996,0.1994521591994456,0.7967509247522842
2102,0.35651972646177643,0.0982437449318172,0.9204051935673014,0.9849735350237291,0.22302303597750583
2103,0.5462327386104502,0.9141825380536812,0.6128925300713509,0.834663661228924,0.16347184376874713
2104,0.8609247591285041,0.7388396990132401,0.8867833002022126,0.8827863113670819,0.2761388102932598
2105,0.26482886367529446,0.12138045724570945,0.6609487973614716,0.45722925885871946,0.039827896734819235
2106,0.8395410145750536,0.18097369830460908,0.5963146712976288,0.27033737151915804,0.9767426135116218
2107,0.3439382948382955,0.30491748707896027,0.6788733507855236,0.3081903739081667,0.5959427250516829
2108,0.4499597271804665,0.2962832573442383,0.7740957923168312,0.7117569387484599,0.34706153371414905
2109,0.6628289434543888,0.6597326183761185,0.5471274517955871,0.6161904637125268,0.9065751162762671
2110,0.16435610189589167,0.25794728860867533,0.01031825663144148,0.7628783715274752,0.05657437285482636
2111,0.6484611315495431,0.06247315515610996,0.33296775572957027,0.2845190131320461,0.057041758832878764
2112,0.8179482267176993,0.61779099877711,0.846419607986813,0.03359649504741624,0.31623072886014914
2113,0.7172615855316324,0.20422940998688033,0.05232606323536515,0.17742294962299443,0.4935962938215519
2114,0.7841105513811717,0.20410269902208622,0.004118280154513099,0.9968067431111908,0.5045518213528666
2115,0.1533512764050139,0.7189344286793559,0.5345885673934152,0.41282244363315723,0.36998716009562516
2116,0.07268382404194262,0.6430503801876012,0.6492785233839875,0.8153190846274412,0.642723690229464
2117,0.022349972681287023,0.7759935968460852,0.5836448079352556,0.9107102873159807,0.40448007515814155
2118,0.10979959407283268,0.39177299328017723,0.04473080205874935,0.7079382025389832,0.9392684876761954
2119,0.8543661771997753,0.34755540823132813,0.7852407686315187,0.24616885924606668,0.4731529147301493
2120,0.9301425703928485,0.27732234941019707,0.6116274507267796,0.6325908679396391,0.6393964187449741
2121,0.41554647105561016,0.775213613151429,0.6050449973893407,0.30968485178014127,0.8569553626847883
2122,0.6588719406963962,0.569223166623495,0.5031102804536249,0.8510934998428457,0.2857495771417248
2123,0.11733930478531984,0.7969593404392513,0.6328113370578649,0.6143702367356787,0.5019593989452539
2124,0.6889814557080849,0.013813481600176258,0.26639817105763675,0.9699517805472598,0.1278702804633497
2125,0.015882676864952927,0.7531615121034049,0.8019085387000416,0.1372163796893504,0.09034130872583257
2126,0.09316411960977067,0.1364404632348173,0.4913692401241455,0.7477834071195809,0.19983853704729204
2127,0.08599642863276258,0.594648638868867,0.6675910409373558,0.7031452785543485,0.7546036278328493
2128,0.6193134922777364,0.5966470998128636,0.2387490456445579,0.8687239528734836,0.45835347609889787
2129,0.5096215271967545,0.7293480277751241,0.22318027145439023,0.558105382347419,0.24625440875659577
2130,0.6365587182058059,0.24312815575381197,0.9905558298400747,0.2439789919151203,0.023890634897041796
2131,0.7540084494453254,0.4165291582248867,0.7432242042932564,0.5540761575697684,0.4063933294567419
2132,0.3445924253835485,0.25609101902165043,0.28037452372493454,0.21677969594944535,0.7258890960259764
2133,0.07813350924044526,0.7798349141559374,0.7250658984713896,0.817619331549717,0.27534524435348395
2134,0.4379574686381257,0.20269617414927965,0.8705212200886447,0.6970208208169053,0.6367921990985774
2135,0.8837982292287918,0.8281794039026675,0.8112365320696184,0.2942402423706112,0.5372437459763667
2136,0.08119942273576364,0.918380251618889,0.2072034291262379,0.9789908986949998,0.7605812366012885
2137,0.20518196841956338,0.9944395356371601,0.8699913951957262,0.6318012557379925,0.775406294578274
2138,0.12029545335915048,0.9465989131777108,0.2389168777076247,0.5631514523060189,0.006882606547047088
2139,0.45497189272680827,0.9106111198729966,0.7509739561089669,0.6168025108801637,0.7590697472437893
2140,0.5823811509405162,0.3106811314633784,0.08267807753317447,0.6071793703145606,0.321830906228047
2141,0.9581597760062257,0.12568411627654652,0.59268569164246,0.4322666932624395,0.9824443321868744
2142,0.12075256920914557,0.9867821057475119,0.8169116283012471,0.16311892774891468,0.20835884967754326
2143,0.8368584538122006,0.8924005377222722,0.5383071442854762,0.3044185486881754,0.8425198096008207
2144,0.6379752291671068,0.256967643528887,0.6037765262927276,0.36394801332733573,0.8254076890619257
2145,0.29556933085443293,0.6699096353516709,0.12136255255569506,0.6095559442954196,0.9610518130379864
2146,0.9119319126202493,0.33005478029989366,0.6346612992973985,0.6909568423864734,0.3649437195879386
2147,0.017236825987758886,0.6716292718813686,0.5621043200962933,0.6071261471942283,0.1877430194069094
2148,0.778477786553463,0.027723399338113186,0.7686848981377713,0.7796127166059962,0.21564805967638634
2149,0.900571764048458,0.24850046294283656,0.5171932785192996,0.1994521591994456,0.7967509247522842
2150,0.35651972646177643,0.0982437449318172,0.9204051935673014,0.9849735350237291,0.22302303597750583
2151,0.5462327386104502,0.9141825380536812,0.6128925300713509,0.834663661228924,0.16347184376874713
2152,0.8609247591285041,0.7388396990132401,0.8867833002022126,0.8827863113670819,0.2761388102932598
2153,0.26482886367529446,0.12138045724570945,0.6609487973614716,0.45722925885871946,0.039827896734819235
2154,0.8395410145750536,0.18097369830460908,0.5963146712976288,0.27033737151915804,0.9767426135116218
2155,0.3439382948382955,0.30491748707896027,0.6788733507855236,0.3081903739081667,0.5959427250516829
2156,0.4499597271804665,0.2962832573442383,0.7740957923168312,0.7117569387484599,0.34706153371414905
2157,0.6628289434543888,0.6597326183761185,0.5471274517955871,0.6161904637125268,0.9065751162762671
2158,0.16435610189589167,0.25794728860867533,0.01031825663144148,0.7628783715274752,0.05657437285482636
2159,0.6484611315495431,0.06247315515610996,0.33296775572957027,0.2845190131320461,0.057041758832878764
2160,0.46734876205217446,0.19299179049373427,0.3468733091555666,0.11611012045147173,0.5490889144665598
2161,0.2407281810239511,0.09107129888058996,0.6054805143789416,0.9280084019745547,0.15472703459329684
2162,0.7915330421452634,0.2392474310413013,0.5694528662970507,0.6566296104140548,0.15276838495757183
2163,0.07236292350073548,0.3762676950507159,0.8078877741698877,0.3145509294553067,0.3377628609064298
2164,0.7493697610785008,0.8793285683637947,0.49734349536155764,0.8239238262769917,0.08519607982222155
2165,0.30934664282671553,0.5637725827347632,0.6877455960792761,0.9297694318981805,0.49981909066795205
2166,0.14456570140910519,0.9523441740485441,0.6356216208473698,0.4841346799630505,0.6159413382461194
2167,0.9048257252837798,0.15356699699031195,0.5147944070424375,0.688795259106429,0.8190792056523759
2168,0.6968457575722763,0.6048487768110237,0.47310124916333673,0.9318660995590784,0.315099620504799
2169,0.8359452266644805,0.4992606706393994,0.5290522212711586,0.6032404261004203,0.8443679996865356
2170,0.009280090227594351,0.29591775666584297,0.2077558288422252,0.7843558753329914,0.6013294578442843
2171,0.8970666501348051,0.8025763328213232,0.22968197332745355,0.3510766284139373,0.6263879439515235
2172,0.2319613669614633,0.6323691737077461,0.9611256791150996,0.9101051937391422,0.24839527550648866
2173,0.502058877656962,0.9005426809502268,0.1666614913612634,0.49703459388261095,0.2039436520778336
2174,0.5799947220930594,0.5548710901038961,0.9924895627548053,0.9533950108712994,0.235353293419459
2175,0.0013356464619352915,0.5908942851709937,0.9093571220600569,0.39192898292074374,0.9928225528553826
2176,0.638865144719369,0.15484421829293493,0.0565689311280102,0.380459224025505,0.6403877013924192
2177,0.4035213886821629,0.7293374169387229,0.9178869929792779,0.769067438629718,0.8493260160195342
2178,0.6767103720737424,0.4312010195465382,0.2706474234216165,0.9845866142215745,0.3992689508171593
2179,0.268130552773891,0.10987273400748887,0.322411580787929,0.579170593375313,0.49606962164949586
2180,0.7828790792183891,0.4043854184248562,0.8198772447494665,0.15069313873865897,0.6825837125548107
2181,0.4087451923862575,0.08978126479361448,0.7289457770511674,0.4087096497465954,0.12313277636312037
2182,0.33736897640048225,0.7995017345081776,0.4265172985536999,0.0036031902930417914,0.0699160255464426
2183,0.6179870613358845,0.2788887945651195,0.6119488966730624,0.6014449667459782,0.9239390618072519
2184,0.46734876205217446,0.19299179049373427,0.3468733091555666,0.11611012045147173,0.5490889144665598
2185,0.2407281810239511,0.09107129888058996,0.6054805143789416,0.9280084019745547,0.15472703459329684
2186,0.7915330421452634,0.2392474310413013,0.5694528662970507,0.6566296104140548,0.15276838495757183
2187,0.07236292350073548,0.3762676950507159,0.8078877741698877,0.3145509294553067,0.3377628609064298
2188,0.7493697610785008,0.8793285683637947,0.49734349536155764,0.8239238262769917,0.08519607982222155
2189,0.30934664282671553,0.5637725827347632,0.6877455960792761,0.9297694318981805,0.49981909066795205
2190,0.14456570140910519,0.9523441740485441,0.6356216208473698,0.4841346799630505,0.6159413382461194
2191,0.9048257252837798,0.15356699699031195,0.5147944070424375,0.688795259106429,0.8190792056523759
2192,0.6968457575722763,0.6048487768110237,0.47310124916333673,0.9318660995590784,0.315099620504799
2193,0.8359452266644805,0.4992606706393994,0.5290522212711586,0.6032404261004203,0.8443679996865356
2194,0.009280090227594351,0.29591775666584297,0.2077558288422252,0.7843558753329914,0.6013294578442843
2195,0.8970666501348051,0.8025763328213232,0.22968197332745355,0.3510766284139373,0.6263879439515235
2196,0.2319613669614633,0.6323691737077461,0.9611256791150996,0.9101051937391422,0.24839527550648866
2197,0.502058877656962,0.9005426809502268,0.1666614913612634,0.49703459388261095,0.2039436520778336
2198,0.5799947220930594,0.5548710901038961,0.9924895627548053,0.9533950108712994,0.235353293419459
2199,0.0013356464619352915,0.5908942851709937,0.9093571220600569,0.39192898292074374,0.9928225528553826
2200,0.638865144719369,0.15484421829293493,0.0565689311280102,0.380459224025505,0.6403877013924192
2201,0.4035213886821629,0.7293374169387229,0.9178869929792779,0.769067438629718,0.8493260160195342
2202,0.6767103720737424,0.4312010195465382,0.2706474234216165,0.9845866142215745,0.3992689508171593
2203,0.268130552773891,0.10987273400748887,0.322411580787929,0.579170593375313,0.49606962164949586
2204,0.7828790792183891,0.4043854184248562,0.8198772447494665,0.15069313873865897,0.6825837125548107
2205,0.4087451923862575,0.08978126479361448,0.7289457770511674,0.4087096497465954,0.12313277636312037
2206,0.33736897640048225,0.7995017345081776,0.4265172985536999,0.0036031902930417914,0.0699160255464426
2207,0.6179870613358845,0.2788887945651195,0.6119488966730624,0.6014449667459782,0.9239390618072519
2208,0.46734876205217446,0.19299179049373427,0.3468733091555666,0.11611012045147173,0.5490889144665598
2209,0.2407281810239511,0.09107129888058996,0.6054805143789416,0.9280084019745547,0.15472703459329684
2210,0.7915330421452634,0.2392474310413013,0.5694528662970507,0.6566296104140548,0.15276838495757183
2211,0.07236292350073548,0.3762676950507159,0.8078877741698877,0.3145509294553067,0.3377628609064298
2212,0.7493697610785008,0.8793285683637947,0.49734349536155764,0.8239238262769917,0.08519607982222155
2213,0.30934664282671553,0.5637725827347632,0.6877455960792761,0.9297694318981805,0.49981909066795205
2214,0.14456570140910519,0.9523441740485441,0.6356216208473698,0.4841346799630505,0.6159413382461194
2215,0.9048257252837798,0.15356699699031195,0.5147944070424375,0.688795259106429,0.8190792056523759
2216,0.6968457575722763,0.6048487768110237,0.47310124916333673,0.9318660995590784,0.315099620504799
2217,0.8359452266644805,0.4992606706393994,0.5290522212711586,0.6032404261004203,0.8443679996865356
2218,0.009280090227594351,0.29591775666584297,0.2077558288422252,0.7843558753329914,0.6013294578442843
2219,0.8970666501348051,0.8025763328213232,0.22968197332745355,0.3510766284139373,0.6263879439515235
2220,0.2319613669614633,0.6323691737077461,0.9611256791150996,0.9101051937391422,0.24839527550648866
2221,0.502058877656962,0.9005426809502268,0.1666614913612634,0.49703459388261095,0.2039436520778336
2222,0.5799947220930594,0.5548710901038961,0.9924895627548053,0.9533950108712994,0.235353293419459
2223,0.0013356464619352915,0.5908942851709937,0.9093571220600569,0.39192898292074374,0.9928225528553826
2224,0.638865144719369,0.15484421829293493,0.0565689311280102,0.380459224025505,0.6403877013924192
2225,0.4035213886821629,0.7293374169387229,0.9178869929792779,0.769067438629718,0.8493260160195342
2226,0.6767103720737424,0.4312010195465382,0.2706474234216165,0.9845866142215745,0.3992689508171593
2227,0.268130552773891,0.10987273400748887,0.322411580787929,0.579170593375313,0.49606962164949586
2228,0.7828790792183891,0.4043854184248562,0.8198772447494665,0.15069313873865897,0.6825837125548107
2229,0.4087451923862575,0.08978126479361448,0.7289457770511674,0.4087096497465954,0.12313277636312037
2230,0.33736897640048225,0.7995017345081776,0.4265172985536999,0.0036031902930417914,0.0699160255464426
2231,0.6179870613358845,0.2788887945651195,0.6119488966730624,0.6014449667459782,0.9239390618072519
2232,0.46734876205217446,0.19299179049373427,0.3468733091555666,0.11611012045147173,0.5490889144665598
2233,0.2407281810239511,0.09107129888058996,0.6054805143789416,0.9280084019745547,0.15472703459329684
2234,0.7915330421452634,0.2392474310413013,0.5694528662970507,0.6566296104140548,0.15276838495757183
2235,0.07236292350073548,0.3762676950507159,0.8078877741698877,0.3145509294553067,0.3377628609064298
2236,0.7493697610785008,0.8793285683637947,0.49734349536155764,0.8239238262769917,0.08519607982222155
2237,0.30934664282671553,0.5637725827347632,0.6877455960792761,0.9297694318981805,0.49981909066795205
2238,0.14456570140910519,0.9523441740485441,0.6356216208473698,0.4841346799630505,0.6159413382461194
2239,0.9048257252837798,0.15356699699031195,0.5147944070424375,0.688795259106429,0.8190792056523759
2240,0.6968457575722763,0.6048487768110237,0.47310124916333673,0.9318660995590784,0.315099620504799
2241,0.8359452266644805,0.4992606706393994,0.5290522212711586,0.6032404261004203,0.8443679996865356
2242,0.009280090227594351,0.29591775666584297,0.2077558288422252,0.7843558753329914,0.6013294578442843
2243,0.8970666501348051,0.8025763328213232,0.22968197332745355,0.3510766284139373,0.6263879439515235
2244,0.2319613669614633,0.6323691737077461,0.9611256791150996,0.9101051937391422,0.24839527550648866
2245,0.502058877656962,0.9005426809502268,0.1666614913612634,0.49703459388261095,0.2039436520778336
2246,0.5799947220930594,0.5548710901038961,0.9924895627548053,0.9533950108712994,0.235353293419459
2247,0.0013356464619352915,0.5908942851709937,0.9093571220600569,0.39192898292074374,0.9928225528553826
2248,0.638865144719369,0.15484421829293493,0.0565689311280102,0.380459224025505,0.6403877013924192
2249,0.4035213886821629,0.7293374169387229,0.9178869929792779,0.769067438629718,0.8493260160195342
2250,0.6767103720737424,0.4312010195465382,0.2706474234216165,0.9845866142215745,0.3992689508171593
2251,0.268130552773891,0.10987273400748887,0.322411580787929,0.579170593375313,0.49606962164949586
2252,0.7828790792183891,0.4043854184248562,0.8198772447494665,0.15069313873865897,0.6825837125548107
2253,0.4087451923862575,0.08978126479361448,0.7289457770511674,0.4087096497465954,0.12313277636312037
2254,0.33736897640048225,0.7995017345081776,0.4265172985536999,0.0036031902930417914,0.0699160255464426
2255,0.6179870613358845,0.2788887945651195,0.6119488966730624,0.6014449667459782,0.9239390618072519
2256,0.46734876205217446,0.19299179049373427,0.3468733091555666,0.11611012045147173,0.5490889144665598
2257,0.2407281810239511,0.09107129888058996,0.6054805143789416,0.9280084019745547,0.15472703459329684
2258,0.7915330421452634,0.2392474310413013,0.5694528662970507,0.6566296104140548,0.15276838495757183
2259,0.07236292350073548,0.3762676950507159,0.8078877741698877,0.3145509294553067,0.3377628609064298
2260,0.7493697610785008,0.8793285683637947,0.49734349536155764,0.8239238262769917,0.08519607982222155
2261,0.30934664282671553,0.5637725827347632,0.6877455960792761,0.9297694318981805,0.49981909066795205
2262,0.14456570140910519,0.9523441740485441,0.6356216208473698,0.4841346799630505,0.6159413382461194
2263,0.9048257252837798,0.15356699699031195,0.5147944070424375,0.688795259106429,0.8190792056523759
2264,0.6968457575722763,0.6048487768110237,0.47310124916333673,0.9318660995590784,0.315099620504799
2265,0.8359452266644805,0.4992606706393994,0.5290522212711586,0.6032404261004203,0.8443679996865356
2266,0.009280090227594351,0.29591775666584297,0.2077558288422252,0.7843558753329914,0.6013294578442843
2267,0.8970666501348051,0.8025763328213232,0.22968197332745355,0.3510766284139373,0.6263879439515235
2268,0.2319613669614633,0.6323691737077461,0.9611256791150996,0.9101051937391422,0.24839527550648866
2269,0.502058877656962,0.9005426809502268,0.1666614913612634,0.49703459388261095,0.2039436520778336
2270,0.5799947220930594,0.5548710901038961,0.9924895627548053,0.9533950108712994,0.235353293419459
2271,0.0013356464619352915,0.5908942851709937,0.9093571220600569,0.39192898292074374,0.9928225528553826
2272,0.638865144719369,0.15484421829293493,0.0565689311280102,0.380459224025505,0.6403877013924192
2273,0.4035213886821629,0.7293374169387229,0.9178869929792779,0.769067438629718,0.8493260160195342
2274,0.6767103720737424,0.4312010195465382,0.2706474234216165,0.9845866142215745,0.3992689508171593
2275,0.268130552773891,0.10987273400748887,0.322411580787929,0.579170593375313,0.49606962164949586
2276,0.7828790792183891,0.4043854184248562,0.8198772447494665,0.15069313873865897,0.6825837125548107
2277,0.4087451923862575,0.08978126479361448,0.7289457770511674,0.4087096497465954,0.12313277636312037
2278,0.33736897640048225,0.7995017345081776,0.4265172985536999,0.0036031902930417914,0.0699160255464426
2279,0.6179870613358845,0.2788887945651195,0.6119488966730624,0.6014449667459782,0.9239390618072519
2280,0.46734876205217446,0.19299179049373427,0.3468733091555666,0.11611012045147173,0.5490889144665598
2281,0.2407281810239511,0.09107129888058996,0.6054805143789416,0.9280084019745547,0.15472703459329684
2282,0.7915330421452634,0.2392474310413013,0.5694528662970507,0.6566296104140548,0.15276838495757183
2283,0.07236292350073548,0.3762676950507159,0.8078877741698877,0.3145509294553067,0.3377628609064298
2284,0.7493697610785008,0.8793285683637947,0.49734349536155764,0.8239238262769917,0.08519607982222155
2285,0.30934664282671553,0.5637725827347632,0.6877455960792761,0.9297694318981805,0.49981909066795205
2286,0.14456570140910519,0.9523441740485441,0.6356216208473698,0.4841346799630505,0.6159413382461194
2287,0.9048257252837798,0.15356699699031195,0.5147944070424375,0.688795259106429,0.8190792056523759
2288,0.6968457575722763,0.6048487768110237,0.47310124916333673,0.9318660995590784,0.315099620504799
2289,0.8359452266644805,0.4992606706393994,0.5290522212711586,0.6032404261004203,0.8443679996865356
2290,0.009280090227594351,0.29591775666584297,0.2077558288422252,0.7843558753329914,0.6013294578442843
2291,0.8970666501348051,0.8025763328213232,0.22968197332745355,0.3510766284139373,0.6263879439515235
2292,0.2319613669614633,0.6323691737077461,0.9611256791150996,0.9101051937391422,0.24839527550648866
2293,0.502058877656962,0.9005426809502268,0.1666614913612634,0.49703459388261095,0.2039436520778336
2294,0.5799947220930594,0.5548710901038961,0.9924895627548053,0.9533950108712994,0.235353293419459
2295,0.0013356464619352915,0.5908942851709937,0.9093571220600569,0.39192898292074374,0.9928225528553826
2296,0.638865144719369,0.15484421829293493,0.0565689311280102,0.380459224025505,0.6403877013924192
2297,0.4035213886821629,0.7293374169387229,0.9178869929792779,0.769067438629718,0.8493260160195342
2298,0.6767103720737424,0.4312010195465382,0.2706474234216165,0.9845866142215745,0.3992689508171593
2299,0.268130552773891,0.10987273400748887,0.322411580787929,0.579170593375313,0.49606962164949586
2300,0.7828790792183891,0.4043854184248562,0.8198772447494665,0.15069313873865897,0.6825837125548107
2301,0.4087451923862575,0.08978126479361448,0.7289457770511674,0.4087096497465954,0.12313277636312037
2302,0.33736897640048225,0.7995017345081776,0.4265172985536999,0.0036031902930417914,0.0699160255464426
2303,0.6179870613358845,0.2788887945651195,0.6119488966730624,0.6014449667459782,0.9239390618072519
2304,0.08119942273576364,0.918380251618889,0.2072034291262379,0.9789908986949998,0.7605812366012885
2305,0.20518196841956338,0.9944395356371601,0.8699913951957262,0.6318012557379925,0.775406294578274
2306,0.12029545335915048,0.9465989131777108,0.2389168777076247,0.5631514523060189,0.006882606547047088
2307,0.45497189272680827,0.9106111198729966,0.7509739561089669,0.6168025108801637,0.7590697472437893
2308,0.5823811509405162,0.3106811314633784,0.08267807753317447,0.6071793703145606,0.321830906228047
2309,0.9581597760062257,0.12568411627654652,0.59268569164246,0.4322666932624395,0.9824443321868744
2310,0.12075256920914557,0.9867821057475119,0.8169116283012471,0.16311892774891468,0.20835884967754326
2311,0.8368584538122006,0.8924005377222722,0.5383071442854762,0.3044185486881754,0.8425198096008207
2312,0.6379752291671068,0.256967643528887,0.6037765262927276,0.36394801332733573,0.8254076890619257
2313,0.29556933085443293,0.6699096353516709,0.12136255255569506,0.6095559442954196,0.9610518130379864
2314,0.9119319126202493,0.33005478029989366,0.6346612992973985,0.6909568423864734,0.3649437195879386
2315,0.017236825987758886,0.6716292718813686,0.5621043200962933,0.6071261471942283,0.1877430194069094
2316,0.778477786553463,0.027723399338113186,0.7686848981377713,0.7796127166059962,0.21564805967638634
2317,0.900571764048458,0.24850046294283656,0.5171932785192996,0.1994521591994456,0.7967509247522842
2318,0.35651972646177643,0.0982437449318172,0.9204051935673014,0.9849735350237291,0.22302303597750583
2319,0.5462327386104502,0.9141825380536812,0.6128925300713509,0.834663661228924,0.16347184376874713
2320,0.8609247591285041,0.7388396990132401,0.8867833002022126,0.8827863113670819,0.2761388102932598
2321,0.26482886367529446,0.12138045724570945,0.6609487973614716,0.45722925885871946,0.039827896734819235
2322,0.8395410145750536,0.18097369830460908,0.5963146712976288,0.27033737151915804,0.9767426135116218
2323,0.3439382948382955,0.30491748707896027,0.6788733507855236,0.3081903739081667,0.5959427250516829
2324,0.4499597271804665,0.2962832573442383,0.7740957923168312,0.7117569387484599,0.34706153371414905
2325,0.6628289434543888,0.6597326183761185,0.5471274517955871,0.6161904637125268,0.9065751162762671
2326,0.16435610189589167,0.25794728860867533,0.01031825663144148,0.7628783715274752,0.05657437285482636
2327,0.6484611315495431,0.06247315515610996,0.33296775572957027,0.2845190131320461,0.057041758832878764
2328,0.46734876205217446,0.19299179049373427,0.3468733091555666,0.11611012045147173,0.5490889144665598
2329,0.2407281810239511,0.09107129888058996,0.6054805143789416,0.9280084019745547,0.15472703459329684
2330,0.7915330421452634,0.2392474310413013,0.5694528662970507,0.6566296104140548,0.15276838495757183
2331,0.07236292350073548,0.3762676950507159,0.8078877741698877,0.3145509294553067,0.3377628609064298
2332,0.7493697610785008,0.8793285683637947,0.49734349536155764,0.8239238262769917,0.08519607982222155
2333,0.30934664282671553,0.5637725827347632,0.6877455960792761,0.9297694318981805,0.49981909066795205
2334,0.14456570140910519,0.9523441740485441,0.6356216208473698,0.4841346799630505,0.6159413382461194
2335,0.9048257252837798,0.15356699699031195,0.5147944070424375,0.688795259106429,0.8190792056523759
2336,0.6968457575722763,0.6048487768110237,0.47310124916333673,0.9318660995590784,0.315099620504799
2337,0.8359452266644805,0.4992606706393994,0.5290522212711586,0.6032404261004203,0.8443679996865356
2338,0.009280090227594351,0.29591775666584297,0.2077558288422252,0.7843558753329914,0.6013294578442843
2339,0.8970666501348051,0.8025763328213232,0.22968197332745355,0.3510766284139373,0.6263879439515235
2340,0.2319613669614633,0.6323691737077461,0.9611256791150996,0.9101051937391422,0.24839527550648866
2341,0.502058877656962,0.9005426809502268,0.1666614913612634,0.49703459388261095,0.2039436520778336
2342,0.5799947220930594,0.5548710901038961,0.9924895627548053,0.9533950108712994,0.235353293419459
2343,0.0013356464619352915,0.5908942851709937,0.9093571220600569,0.39192898292074374,0.9928225528553826
2344,0.638865144719369,0.15484421829293493,0.0565689311280102,0.380459224025505,0.6403877013924192
2345,0.4035213886821629,0.7293374169387229,0.9178869929792779,0.769067438629718,0.8493260160195342
2346,0.6767103720737424,0.4312010195465382,0.2706474234216165,0.9845866142215745,0.3992689508171593
2347,0.268130552773891,0.10987273400748887,0.322411580787929,0.579170593375313,0.49606962164949586
2348,0.7828790792183891,0.4043854184248562,0.8198772447494665,0.15069313873865897,0.6825837125548107
2349,0.4087451923862575,0.08978126479361448,0.7289457770511674,0.4087096497465954,0.12313277636312037
2350,0.33736897640048225,0.7995017345081776,0.4265172985536999,0.0036031902930417914,0.0699160255464426
2351,0.6179870613358845,0.2788887945651195,0.6119488966730624,0.6014449667459782,0.9239390618072519
2352,0.46734876205217446,0.19299179049373427,0.3468733091555666,0.11611012045147173,0.5490889144665598
2353,0.2407281810239511,0.09107129888058996,0.6054805143789416,0.9280084019745547,0.15472703459329684
2354,0.7915330421452634,0.2392474310413013,0.5694528662970507,0.6566296104140548,0.15276838495757183
2355,0.07236292350073548,0.3762676950507159,0.8078877741698877,0.3145509294553067,0.3377628609064298
2356,0.7493697610785008,0.8793285683637947,0.49734349536155764,0.8239238262769917,0.08519607982222155
2357,0.30934664282671553,0.5637725827347632,0.6877455960792761,0.9297694318981805,0.49981909066795205
2358,0.14456570140910519,0.9523441740485441,0.6356216208473698,0.4841346799630505,0.6159413382461194
2359,0.9048257252837798,0.15356699699031195,0.5147944070424375,0.688795259106429,0.8190792056523759
2360,0.6968457575722763,0.6048487768110237,0.47310124916333673,0.9318660995590784,0.315099620504799
2361,0.8359452266644805,0.4992606706393994,0.5290522212711586,0.6032404261004203,0.8443679996865356
2362,0.009280090227594351,0.29591775666584297,0.2077558288422252,0.7843558753329914,0.6013294578442843
2363,0.8970666501348051,0.8025763328213232,0.22968197332745355,0.3510766284139373,0.6263879439515235
2364,0.2319613669614633,0.6323691737077461,0.9611256791150996,0.9101051937391422,0.24839527550648866
2365,0.502058877656962,0.9005426809502268,0.1666614913612634,0.49703459388261095,0.2039436520778336
2366,0.5799947220930594,0.5548710901038961,0.9924895627548053,0.9533950108712994,0.235353293419459
2367,0.0013356464619352915,0.5908942851709937,0.9093571220600569,0.39192898292074374,0.9928225528553826
2368,0.638865144719369,0.15484421829293493,0.0565689311280102,0.380459224025505,0.6403877013924192
2369,0.4035213886821629,0.7293374169387229,0.9178869929792779,0.769067438629718,0.8493260160195342
2370,0.6767103720737424,0.4312010195465382,0.2706474234216165,0.9845866142215745,0.3992689508171593
2371,0.268130552773891,0.10987273400748887,0.322411580787929,0.579170593375313,0.49606962164949586
2372,0.7828790792183891,0.4043854184248562,0.8198772447494665,0.15069313873865897,0.6825837125548107
2373,0.4087451923862575,0.08978126479361448,0.7289457770511674,0.4087096497465954,0.12313277636312037
2374,0.33736897640048225,0.7995017345081776,0.4265172985536999,0.0036031902930417914,0.0699160255464426
2375,0.6179870613358845,0.2788887945651195,0.6119488966730624,0.6014449667459782,0.9239390618072519
2376,0.46734876205217446,0.19299179049373427,0.3468733091555666,0.11611012045147173,0.5490889144665598
2377,0.2407281810239511,0.09107129888058996,0.6054805143789416,0.9280084019745547,0.15472703459329684
2378,0.7915330421452634,0.2392474310413013,0.5694528662970507,0.6566296104140548,0.15276838495757183
2379,0.07236292350073548,0.3762676950507159,0.8078877741698877,0.3145509294553067,0.3377628609064298
2380,0.7493697610785008,0.8793285683637947,0.49734349536155764,0.8239238262769917,0.08519607982222155
2381,0.30934664282671553,0.5637725827347632,0.6877455960792761,0.9297694318981805,0.49981909066795205
2382,0.14456570140910519,0.9523441740485441,0.6356216208473698,0.4841346799630505,0.6159413382461194
2383,0.9048257252837798,0.15356699699031195,0.5147944070424375,0.688795259106429,0.8190792056523759
2384,0.6968457575722763,0.6048487768110237,0.47310124916333673,0.9318660995590784,0.315099620504799
2385,0.8359452266644805,0.4992606706393994,0.5290522212711586,0.6032404261004203,0.8443679996865356
2386,0.009280090227594351,0.29591775666584297,0.2077558288422252,0.7843558753329914,0.6013294578442843
2387,0.8970666501348051,0.8025763328213232,0.22968197332745355,0.3510766284139373,0.6263879439515235
2388,0.2319613669614633,0.6323691737077461,0.9611256791150996,0.9101051937391422,0.24839527550648866
2389,0.502058877656962,0.9005426809502268,0.1666614913612634,0.49703459388261095,0.2039436520778336
2390,0.5799947220930594,0.5548710901038961,0.9924895627548053,0.9533950108712994,0.235353293419459
2391,0.0013356464619352915,0.5908942851709937,0.9093571220600569,0.39192898292074374,0.9928225528553826
2392,0.638865144719369,0.15484421829293493,0.0565689311280102,0.380459224025505,0.6403877013924192
2393,0.4035213886821629,0.7293374169387229,0.9178869929792779,0.769067438629718,0.8493260160195342
2394,0.6767103720737424,0.4312010195465382,0.2706474234216165,0.9845866142215745,0.3992689508171593
2395,0.268130552773891,0.10987273400748887,0.322411580787929,0.579170593375313,0.49606962164949586
2396,0.7828790792183891,0.4043854184248562,0.8198772447494665,0.15069313873865897,0.6825837125548107
2397,0.4087451923862575,0.08978126479361448,0.7289457770511674,0.4087096497465954,0.12313277636312037
2398,0.33736897640048225,0.7995017345081776,0.4265172985536999,0.0036031902930417914,0.0699160255464426
2399,0.6179870613358845,0.2788887945651195,0.6119488966730624,0.6014449667459782,0.9239390618072519
2400,0.46734876205217446,0.19299179049373427,0.3468733091555666,0.11611012045147173,0.5490889144665598
2401,0.2407281810239511,0.09107129888058996,0.6054805143789416,0.9280084019745547,0.15472703459329684
2402,0.7915330421452634,0.2392474310413013,0.5694528662970507,0.6566296104140548,0.15276838495757183
2403,0.07236292350073548,0.3762676950507159,0.8078877741698877,0.3145509294553067,0.3377628609064298
2404,0.7493697610785008,0.8793285683637947,0.49734349536155764,0.8239238262769917,0.08519607982222155
2405,0.30934664282671553,0.5637725827347632,0.6877455960792761,0.9297694318981805,0.49981909066795205
2406,0.14456570140910519,0.9523441740485441,0.6356216208473698,0.4841346799630505,0.6159413382461194
2407,0.9048257252837798,0.15356699699031195,0.5147944070424375,0.688795259106429,0.8190792056523759
2408,0.6968457575722763,0.6048487768110237,0.47310124916333673,0.9318660995590784,0.315099620504799
2409,0.8359452266644805,0.4992606706393994,0.5290522212711586,0.6032404261004203,0.8443679996865356
2410,0.009280090227594351,0.29591775666584297,0.2077558288422252,0.7843558753329914,0.6013294578442843
2411,0.8970666501348051,0.8025763328213232,0.22968197332745355,0.3510766284139373,0.6263879439515235
2412,0.2319613669614633,0.6323691737077461,0.9611256791150996,0.9101051937391422,0.24839527550648866
2413,0.502058877656962,0.9005426809502268,0.1666614913612634,0.49703459388261095,0.2039436520778336
2414,0.5799947220930594,0.5548710901038961,0.9924895627548053,0.9533950108712994,0.235353293419459
2415,0.0013356464619352915,0.5908942851709937,0.9093571220600569,0.39192898292074374,0.9928225528553826
2416,0.638865144719369,0.15484421829293493,0.0565689311280102,0.380459224025505,0.6403877013924192
2417,0.4035213886821629,0.7293374169387229,0.9178869929792779,0.769067438629718,0.8493260160195342
2418,0.6767103720737424,0.4312010195465382,0.2706474234216165,0.9845866142215745,0.3992689508171593
2419,0.268130552773891,0.10987273400748887,0.322411580787929,0.579170593375313,0.49606962164949586
2420,0.7828790792183891,0.4043854184248562,0.8198772447494665,0.15069313873865897,0.6825837125548107
2421,0.4087451923862575,0.08978126479361448,0.7289457770511674,0.4087096497465954,0.12313277636312037
2422,0.33736897640048225,0.7995017345081776,0.4265172985536999,0.0036031902930417914,0.0699160255464426
2423,0.6179870613358845,0.2788887945651195,0.6119488966730624,0.6014449667459782,0.9239390618072519
2424,0.8179482267176993,0.61779099877711,0.846419607986813,0.03359649504741624,0.31623072886014914
2425,0.7172615855316324,0.20422940998688033,0.05232606323536515,0.17742294962299443,0.4935962938215519
2426,0.7841105513811717,0.20410269902208622,0.004118280154513099,0.9968067431111908,0.5045518213528666
2427,0.1533512764050139,0.7189344286793559,0.5345885673934152,0.41282244363315723,0.36998716009562516
2428,0.07268382404194262,0.6430503801876012,0.6492785233839875,0.8153190846274412,0.642723690229464
2429,0.022349972681287023,0.7759935968460852,0.5836448079352556,0.9107102873159807,0.40448007515814155
2430,0.10979959407283268,0.39177299328017723,0.04473080205874935,0.7079382025389832,0.9392684876761954
2431,0.8543661771997753,0.34755540823132813,0.7852407686315187,0.24616885924606668,0.4731529147301493
2432,0.9301425703928485,0.27732234941019707,0.6116274507267796,0.6325908679396391,0.6393964187449741
2433,0.41554647105561016,0.775213613151429,0.6050449973893407,0.30968485178014127,0.8569553626847883
2434,0.6588719406963962,0.569223166623495,0.5031102804536249,0.8510934998428457,0.2857495771417248
2435,0.11733930478531984,0.7969593404392513,0.6328113370578649,0.6143702367356787,0.5019593989452539
2436,0.6889814557080849,0.013813481600176258,0.26639817105763675,0.9699517805472598,0.1278702804633497
2437,0.015882676864952927,0.7531615121034049,0.8019085387000416,0.1372163796893504,0.09034130872583257
2438,0.09316411960977067,0.1364404632348173,0.4913692401241455,0.7477834071195809,0.19983853704729204
2439,0.08599642863276258,0.594648638868867,0.6675910409373558,0.7031452785543485,0.7546036278328493
2440,0.6193134922777364,0.5966470998128636,0.2387490456445579,0.8687239528734836,0.45835347609889787
2441,0.5096215271967545,0.7293480277751241,0.22318027145439023,0.558105382347419,0.24625440875659577
2442,0.6365587182058059,0.24312815575381197,0.9905558298400747,0.2439789919151203,0.023890634897041796
2443,0.7540084494453254,0.4165291582248867,0.7432242042932564,0.5540761575697684,0.4063933294567419
2444,0.3445924253835485,0.25609101902165043,0.28037452372493454,0.21677969594944535,0.7258890960259764
2445,0.07813350924044526,0.7798349141559374,0.7250658984713896,0.817619331549717,0.27534524435348395
2446,0.4379574686381257,0.20269617414927965,0.8705212200886447,0.6970208208169053,0.6367921990985774
2447,0.8837982292287918,0.8281794039026675,0.8112365320696184,0.2942402423706112,0.5372437459763667
2448,0.08119942273576364,0.918380251618889,0.2072034291262379,0.9789908986949998,0.7605812366012885
2449,0.20518196841956338,0.9944395356371601,0.8699913951957262,0.6318012557379925,0.775406294578274
2450,0.12029545335915048,0.9465989131777108,0.2389168777076247,0.5631514523060189,0.006882606547047088
2451,0.45497189272680827,0.9106111198729966,0.7509739561089669,0.6168025108801637,0.7590697472437893
2452,0.5823811509405162,0.3106811314633784,0.08267807753317447,0.6071793703145606,0.321830906228047
2453,0.9581597760062257,0.12568411627654652,0.59268569164246,0.4322666932624395,0.9824443321868744
2454,0.12075256920914557,0.9867821057475119,0.8169116283012471,0.16311892774891468,0.20835884967754326
2455,0.8368584538122006,0.8924005377222722,0.5383071442854762,0.3044185486881754,0.8425198096008207
2456,0.6379752291671068,0.256967643528887,0.6037765262927276,0.36394801332733573,0.8254076890619257
2457,0.29556933085443293,0.6699096353516709,0.12136255255569506,0.6095559442954196,0.9610518130379864
2458,0.9119319126202493,0.33005478029989366,0.6346612992973985,0.6909568423864734,0.3649437195879386
2459,0.017236825987758886,0.6716292718813686,0.5621043200962933,0.6071261471942283,0.1877430194069094
2460,0.778477786553463,0.027723399338113186,0.7686848981377713,0.7796127166059962,0.21564805967638634
2461,0.900571764048458,0.24850046294283656,0.5171932785192996,0.1994521591994456,0.7967509247522842
2462,0.35651972646177643,0.0982437449318172,0.9204051935673014,0.9849735350237291,0.22302303597750583
2463,0.5462327386104502,0.9141825380536812,0.6128925300713509,0.834663661228924,0.16347184376874713
2464,0.8609247591285041,0.7388396990132401,0.8867833002022126,0.8827863113670819,0.2761388102932598
2465,0.26482886367529446,0.12138045724570945,0.6609487973614716,0.45722925885871946,0.039827896734819235
2466,0.8395410145750536,0.18097369830460908,0.5963146712976288,0.27033737151915804,0.9767426135116218
2467,0.3439382948382955,0.30491748707896027,0.6788733507855236,0.3081903739081667,0.5959427250516829
2468,0.4499597271804665,0.2962832573442383,0.7740957923168312,0.7117569387484599,0.34706153371414905
2469,0.6628289434543888,0.6597326183761185,0.5471274517955871,0.6161904637125268,0.9065751162762671
2470,0.16435610189589167,0.25794728860867533,0.01031825663144148,0.7628783715274752,0.05657437285482636
2471,0.6484611315495431,0.06247315515610996,0.33296775572957027,0.2845190131320461,0.057041758832878764
2472,0.46734876205217446,0.19299179049373427,0.3468733091555666,0.11611012045147173,0.5490889144665598
2473,0.2407281810239511,0.09107129888058996,0.6054805143789416,0.9280084019745547,0.15472703459329684
2474,0.7915330421452634,0.2392474310413013,0.5694528662970507,0.6566296104140548,0.15276838495757183
2475,0.07236292350073548,0.3762676950507159,0.8078877741698877,0.3145509294553067,0.3377628609064298
2476,0.7493697610785008,0.8793285683637947,0.49734349536155764,0.8239238262769917,0.08519607982222155
2477,0.30934664282671553,0.5637725827347632,0.6877455960792761,0.9297694318981805,0.49981909066795205
2478,0.14456570140910519,0.9523441740485441,0.6356216208473698,0.4841346799630505,0.6159413382461194
2479,0.9048257252837798,0.15356699699031195,0.5147944070424375,0.688795259106429,0.8190792056523759
2480,0.6968457575722763,0.6048487768110237,0.47310124916333673,0.9318660995590784,0.315099620504799
2481,0.8359452266644805,0.4992606706393994,0.5290522212711586,0.6032404261004203,0.8443679996865356
2482,0.009280090227594351,0.29591775666584297,0.2077558288422252,0.7843558753329914,0.6013294578442843
2483,0.8970666501348051,0.8025763328213232,0.22968197332745355,0.3510766284139373,0.6263879439515235
2484,0.2319613669614633,0.6323691737077461,0.9611256791150996,0.9101051937391422,0.24839527550648866
2485,0.502058877656962,0.9005426809502268,0.1666614913612634,0.49703459388261095,0.2039436520778336
2486,0.5799947220930594,0.5548710901038961,0.9924895627548053,0.9533950108712994,0.235353293419459
2487,0.0013356464619352915,0.5908942851709937,0.9093571220600569,0.39192898292074374,0.9928225528553826
2488,0.638865144719369,0.15484421829293493,0.0565689311280102,0.380459224025505,0.6403877013924192
2489,0.4035213886821629,0.7293374169387229,0.9178869929792779,0.769067438629718,0.8493260160195342
2490,0.6767103720737424,0.4312010195465382,0.2706474234216165,0.9845866142215745,0.3992689508171593
2491,0.268130552773891,0.10987273400748887,0.322411580787929,0.579170593375313,0.49606962164949586
2492,0.7828790792183891,0.4043854184248562,0.8198772447494665,0.15069313873865897,0.6825837125548107
2493,0.4087451923862575,0.08978126479361448,0.7289457770511674,0.4087096497465954,0.12313277636312037
2494,0.33736897640048225,0.7995017345081776,0.4265172985536999,0.0036031902930417914,0.0699160255464426
2495,0.6179870613358845,0.2788887945651195,0.6119488966730624,0.6014449667459782,0.9239390618072519
2496,0.46734876205217446,0.19299179049373427,0.3468733091555666,0.11611012045147173,0.5490889144665598
2497,0.2407281810239511,0.09107129888058996,0.6054805143789416,0.9280084019745547,0.15472703459329684
2498,0.7915330421452634,0.2392474310413013,0.5694528662970507,0.6566296104140548,0.15276838495757183
2499,0.07236292350073548,0.3762676950507159,0.8078877741698877,0.3145509294553067,0.3377628609064298
2500,0.7493697610785008,0.8793285683637947,0.49734349536155764,0.8239238262769917,0.08519607982222155
2501,0.30934664282671553,0.5637725827347632,0.6877455960792761,0.9297694318981805,0.49981909066795205
2502,0.14456570140910519,0.9523441740485441,0.6356216208473698,0.4841346799630505,0.6159413382461194
2503,0.9048257252837798,0.15356699699031195,0.5147944070424375,0.688795259106429,0.8190792056523759
2504,0.6968457575722763,0.6048487768110237,0.47310124916333673,0.9318660995590784,0.315099620504799
2505,0.8359452266644805,0.4992606706393994,0.5290522212711586,0.6032404261004203,0.8443679996865356
2506,0.009280090227594351,0.29591775666584297,0.2077558288422252,0.7843558753329914,0.6013294578442843
2507,0.8970666501348051,0.8025763328213232,0.22968197332745355,0.3510766284139373,0.6263879439515235
2508,0.2319613669614633,0.6323691737077461,0.9611256791150996,0.9101051937391422,0.24839527550648866
2509,0.502058877656962,0.9005426809502268,0.1666614913612634,0.49703459388261095,0.2039436520778336
2510,0.5799947220930594,0.5548710901038961,0.9924895627548053,0.9533950108712994,0.235353293419459
2511,0.0013356464619352915,0.5908942851709937,0.9093571220600569,0.39192898292074374,0.9928225528553826
2512,0.638865144719369,0.15484421829293493,0.0565689311280102,0.380459224025505,0.6403877013924192
2513,0.4035213886821629,0.7293374169387229,0.9178869929792779,0.769067438629718,0.8493260160195342
2514,0.6767103720737424,0.4312010195465382,0.2706474234216165,0.9845866142215745,0.3992689508171593
2515,0.268130552773891,0.10987273400748887,0.322411580787929,0.579170593375313,0.49606962164949586
2516,0.7828790792183891,0.4043854184248562,0.8198772447494665,0.15069313873865897,0.6825837125548107
2517,0.4087451923862575,0.08978126479361448,0.7289457770511674,0.4087096497465954,0.12313277636312037
2518,0.33736897640048225,0.7995017345081776,0.4265172985536999,0.0036031902930417914,0.0699160255464426
2519,0.6179870613358845,0.2788887945651195,0.6119488966730624,0.6014449667459782,0.9239390618072519
2520,0.46734876205217446,0.19299179049373427,0.3468733091555666,0.11611012045147173,0.5490889144665598
2521,0.2407281810239511,0.09107129888058996,0.6054805143789416,0.9280084019745547,0.15472703459329684
2522,0.7915330421452634,0.2392474310413013,0.5694528662970507,0.6566296104140548,0.15276838495757183
2523,0.07236292350073548,0.3762676950507159,0.8078877741698877,0.3145509294553067,0.3377628609064298
2524,0.7493697610785008,0.8793285683637947,0.49734349536155764,0.8239238262769917,0.08519607982222155
2525,0.30934664282671553,0.5637725827347632,0.6877455960792761,0.9297694318981805,0.49981909066795205
2526,0.14456570140910519,0.9523441740485441,0.6356216208473698,0.4841346799630505,0.6159413382461194
2527,0.9048257252837798,0.15356699699031195,0.5147944070424375,0.688795259106429,0.8190792056523759
2528,0.6968457575722763,0.6048487768110237,0.47310124916333673,0.9318660995590784,0.315099620504799
2529,0.8359452266644805,0.4992606706393994,0.5290522212711586,0.6032404261004203,0.8443679996865356
2530,0.009280090227594351,0.29591775666584297,0.2077558288422252,0.7843558753329914,0.6013294578442843
2531,0.8970666501348051,0.8025763328213232,0.22968197332745355,0.3510766284139373,0.6263879439515235
2532,0.2319613669614633,0.6323691737077461,0.9611256791150996,0.9101051937391422,0.24839527550648866
2533,0.502058877656962,0.9005426809502268,0.1666614913612634,0.49703459388261095,0.2039436520778336
2534,0.5799947220930594,0.5548710901038961,0.9924895627548053,0.9533950108712994,0.235353293419459
2535,0.0013356464619352915,0.5908942851709937,0.9093571220600569,0.39192898292074374,0.9928225528553826
2536,0.638865144719369,0.15484421829293493,0.0565689311280102,0.380459224025505,0.6403877013924192
2537,0.4035213886821629,0.7293374169387229,0.9178869929792779,0.769067438629718,0.8493260160195342
2538,0.6767103720737424,0.4312010195465382,0.2706474234216165,0.9845866142215745,0.3992689508171593
2539,0.268130552773891,0.10987273400748887,0.322411580787929,0.579170593375313,0.49606962164949586
2540,0.7828790792183891,0.4043854184248562,0.8198772447494665,0.15069313873865897,0.6825837125548107
2541,0.4087451923862575,0.08978126479361448,0.7289457770511674,0.4087096497465954,0.12313277636312037
2542,0.33736897640048225,0.7995017345081776,0.4265172985536999,0.0036031902930417914,0.0699160255464426
2543,0.6179870613358845,0.2788887945651195,0.6119488966730624,0.6014449667459782,0.9239390618072519
2544,0.46734876205217446,0.19299179049373427,0.3468733091555666,0.11611012045147173,0.5490889144665598
2545,0.2407281810239511,0.09107129888058996,0.6054805143789416,0.9280084019745547,0.15472703459329684
2546,0.7915330421452634,0.2392474310413013,0.5694528662970507,0.6566296104140548,0.15276838495757183
2547,0.07236292350073548,0.3762676950507159,0.8078877741698877,0.3145509294553067,0.3377628609064298
2548,0.7493697610785008,0.8793285683637947,0.49734349536155764,0.8239238262769917,0.08519607982222155
2549,0.30934664282671553,0.5637725827347632,0.6877455960792761,0.9297694318981805,0.49981909066795205
2550,0.14456570140910519,0.9523441740485441,0.6356216208473698,0.4841346799630505,0.6159413382461194
2551,0.9048257252837798,0.15356699699031195,0.5147944070424375,0.688795259106429,0.8190792056523759
2552,0.6968457575722763,0.6048487768110237,0.47310124916333673,0.9318660995590784,0.315099620504799
2553,0.8359452266644805,0.4992606706393994,0.5290522212711586,0.6032404261004203,0.8443679996865356
2554,0.009280090227594351,0.29591775666584297,0.2077558288422252,0.7843558753329914,0.6013294578442843
2555,0.8970666501348051,0.8025763328213232,0.22968197332745355,0.3510766284139373,0.6263879439515235
2556,0.2319613669614633,0.6323691737077461,0.9611256791150996,0.9101051937391422,0.24839527550648866
2557,0.502058877656962,0.9005426809502268,0.1666614913612634,0.49703459388261095,0.2039436520778336
2558,0.5799947220930594,0.5548710901038961,0.9924895627548053,0.9533950108712994,0.235353293419459
2559,0.0013356464619352915,0.5908942851709937,0.9093571220600569,0.39192898292074374,0.9928225528553826
2560,0.638865144719369,0.15484421829293493,0.0565689311280102,0.380459224025505,0.6403877013924192
2561,0.4035213886821629,0.7293374169387229,0.9178869929792779,0.769067438629718,0.8493260160195342
2562,0.6767103720737424,0.4312010195465382,0.2706474234216165,0.9845866142215745,0.3992689508171593
2563,0.268130552773891,0.10987273400748887,0.322411580787929,0.579170593375313,0.49606962164949586
2564,0.7828790792183891,0.4043854184248562,0.8198772447494665,0.15069313873865897,0.6825837125548107
2565,0.4087451923862575,0.08978126479361448,0.7289457770511674,0.4087096497465954,0.12313277636312037
2566,0.33736897640048225,0.7995017345081776,0.4265172985536999,0.0036031902930417914,0.0699160255464426
2567,0.6179870613358845,0.2788887945651195,0.6119488966730624,0.6014449667459782,0.9239390618072519
2568,0.46734876205217446,0.19299179049373427,0.3468733091555666,0.11611012045147173,0.5490889144665598
2569,0.2407281810239511,0.09107129888058996,0.6054805143789416,0.9280084019745547,0.15472703459329684
2570,0.7915330421452634,0.2392474310413013,0.5694528662970507,0.6566296104140548,0.15276838495757183
2571,0.07236292350073548,0.3762676950507159,0.8078877741698877,0.3145509294553067,0.3377628609064298
2572,0.7493697610785008,0.8793285683637947,0.49734349536155764,0.8239238262769917,0.08519607982222155
2573,0.30934664282671553,0.5637725827347632,0.6877455960792761,0.9297694318981805,0.49981909066795205
2574,0.14456570140910519,0.9523441740485441,0.6356216208473698,0.4841346799630505,0.6159413382461194
2575,0.9048257252837798,0.15356699699031195,0.5147944070424375,0.688795259106429,0.8190792056523759
2576,0.6968457575722763,0.6048487768110237,0.47310124916333673,0.9318660995590784,0.315099620504799
2577,0.8359452266644805,0.4992606706393994,0.5290522212711586,0.6032404261004203,0.8443679996865356
2578,0.009280090227594351,0.29591775666584297,0.2077558288422252,0.7843558753329914,0.6013294578442843
2579,0.8970666501348051,0.8025763328213232,0.22968197332745355,0.3510766284139373,0.6263879439515235
2580,0.2319613669614633,0.6323691737077461,0.9611256791150996,0.9101051937391422,0.24839527550648866
2581,0.502058877656962,0.9005426809502268,0.1666614913612634,0.49703459388261095,0.2039436520778336
2582,0.5799947220930594,0.5548710901038961,0.9924895627548053,0.9533950108712994,0.235353293419459
2583,0.0013356464619352915,0.5908942851709937,0.9093571220600569,0.39192898292074374,0.9928225528553826
2584,0.638865144719369,0.15484421829293493,0.0565689311280102,0.380459224025505,0.6403877013924192
2585,0.4035213886821629,0.7293374169387229,0.9178869929792779,0.769067438629718,0.8493260160195342
2586,0.6767103720737424,0.4312010195465382,0.2706474234216165,0.9845866142215745,0.3992689508171593
2587,0.268130552773891,0.10987273400748887,0.322411580787929,0.579170593375313,0.49606962164949586
2588,0.7828790792183891,0.4043854184248562,0.8198772447494665,0.15069313873865897,0.6825837125548107
2589,0.4087451923862575,0.08978126479361448,0.7289457770511674,0.4087096497465954,0.12313277636312037
2590,0.33736897640048225,0.7995017345081776,0.4265172985536999,0.0036031902930417914,0.0699160255464426
2591,0.6179870613358845,0.2788887945651195,0.6119488966730624,0.6014449667459782,0.9239390618072519
2592,0.46734876205217446,0.19299179049373427,0.3468733091555666,0.11611012045147173,0.5490889144665598
2593,0.2407281810239511,0.09107129888058996,0.6054805143789416,0.9280084019745547,0.15472703459329684
2594,0.7915330421452634,0.2392474310413013,0.5694528662970507,0.6566296104140548,0.15276838495757183
2595,0.07236292350073548,0.3762676950507159,0.8078877741698877,0.3145509294553067,0.3377628609064298
2596,0.7493697610785008,0.8793285683637947,0.49734349536155764,0.8239238262769917,0.08519607982222155
2597,0.30934664282671553,0.5637725827347632,0.6877455960792761,0.9297694318981805,0.49981909066795205
2598,0.14456570140910519,0.9523441740485441,0.6356216208473698,0.4841346799630505,0.6159413382461194
2599,0.9048257252837798,0.15356699699031195,0.5147944070424375,0.688795259106429,0.8190792056523759
2600,0.6968457575722763,0.6048487768110237,0.47310124916333673,0.9318660995590784,0.315099620504799
2601,0.8359452266644805,0.4992606706393994,0.5290522212711586,0.6032404261004203,0.8443679996865356
2602,0.009280090227594351,0.29591775666584297,0.2077558288422252,0.7843558753329914,0.6013294578442843
2603,0.8970666501348051,0.8025763328213232,0.22968197332745355,0.3510766284139373,0.6263879439515235
2604,0.2319613669614633,0.6323691737077461,0.9611256791150996,0.9101051937391422,0.24839527550648866
2605,0.502058877656962,0.9005426809502268,0.1666614913612634,0.49703459388261095,0.2039436520778336
2606,0.5799947220930594,0.5548710901038961,0.9924895627548053,0.9533950108712994,0.235353293419459
2607,0.0013356464619352915,0.5908942851709937,0.9093571220600569,0.39192898292074374,0.9928225528553826
2608,0.638865144719369,0.15484421829293493,0.0565689311280102,0.380459224025505,0.6403877013924192
2609,0.4035213886821629,0.7293374169387229,0.9178869929792779,0.769067438629718,0.8493260160195342
2610,0.6767103720737424,0.4312010195465382,0.2706474234216165,0.9845866142215745,0.3992689508171593
2611,0.268130552773891,0.10987273400748887,0.322411580787929,0.579170593375313,0.49606962164949586
2612,0.7828790792183891,0.4043854184248562,0.8198772447494665,0.15069313873865897,0.6825837125548107
2613,0.4087451923862575,0.08978126479361448,0.7289457770511674,0.4087096497465954,0.12313277636312037
2614,0.33736897640048225,0.7995017345081776,0.4265172985536999,0.0036031902930417914,0.0699160255464426
2615,0.6179870613358845,0.2788887945651195,0.6119488966730624,0.6014449667459782,0.9239390618072519
2616,0.8179482267176993,0.61779099877711,0.846419607986813,0.03359649504741624,0.31623072886014914
2617,0.7172615855316324,0.20422940998688033,0.05232606323536515,0.17742294962299443,0.4935962938215519
2618,0.7841105513811717,0.20410269902208622,0.004118280154513099,0.9968067431111908,0.5045518213528666
2619,0.1533512764050139,0.7189344286793559,0.5345885673934152,0.41282244363315723,0.36998716009562516
2620,0.07268382404194262,0.6430503801876012,0.6492785233839875,0.8153190846274412,0.642723690229464
2621,0.022349972681287023,0.7759935968460852,0.5836448079352556,0.9107102873159807,0.40448007515814155
2622,0.10979959407283268,0.39177299328017723,0.04473080205874935,0.7079382025389832,0.9392684876761954
2623,0.8543661771997753,0.34755540823132813,0.7852407686315187,0.24616885924606668,0.4731529147301493
2624,0.9301425703928485,0.27732234941019707,0.6116274507267796,0.6325908679396391,0.6393964187449741
2625,0.41554647105561016,0.775213613151429,0.6050449973893407,0.30968485178014127,0.8569553626847883
2626,0.6588719406963962,0.569223166623495,0.5031102804536249,0.8510934998428457,0.2857495771417248
2627,0.11733930478531984,0.7969593404392513,0.6328113370578649,0.6143702367356787,0.5019593989452539
2628,0.6889814557080849,0.013813481600176258,0.26639817105763675,0.9699517805472598,0.1278702804633497
2629,0.015882676864952927,0.7531615121034049,0.8019085387000416,0.1372163796893504,0.09034130872583257
2630,0.09316411960977067,0.1364404632348173,0.4913692401241455,0.7477834071195809,0.19983853704729204
2631,0.08599642863276258,0.594648638868867,0.6675910409373558,0.7031452785543485,0.7546036278328493
2632,0.6193134922777364,0.5966470998128636,0.2387490456445579,0.8687239528734836,0.45835347609889787
2633,0.5096215271967545,0.7293480277751241,0.22318027145439023,0.558105382347419,0.24625440875659577
2634,0.6365587182058059,0.24312815575381197,0.9905558298400747,0.2439789919151203,0.023890634897041796
2635,0.7540084494453254,0.4165291582248867,0.7432242042932564,0.5540761575697684,0.4063933294567419
2636,0.3445924253835485,0.25609101902165043,0.28037452372493454,0.21677969594944535,0.7258890960259764
2637,0.07813350924044526,0.7798349141559374,0.7250658984713896,0.817619331549717,0.27534524435348395
2638,0.4379574686381257,0.20269617414927965,0.8705212200886447,0.6970208208169053,0.6367921990985774
2639,0.8837982292287918,0.8281794039026675,0.8112365320696184,0.2942402423706112,0.5372437459763667
2640,0.8179482267176993,0.61779099877711,0.846419607986813,0.03359649504741624,0.31623072886014914
2641,0.7172615855316324,0.20422940998688033,0.05232606323536515,0.17742294962299443,0.4935962938215519
2642,0.7841105513811717,0.20410269902208622,0.004118280154513099,0.9968067431111908,0.5045518213528666
2643,0.1533512764050139,0.7189344286793559,0.5345885673934152,0.41282244363315723,0.36998716009562516
2644,0.07268382404194262,0.6430503801876012,0.6492785233839875,0.8153190846274412,0.642723690229464
2645,0.022349972681287023,0.7759935968460852,0.5836448079352556,0.9107102873159807,0.40448007515814155
2646,0.10979959407283268,0.39177299328017723,0.04473080205874935,0.7079382025389832,0.9392684876761954
2647,0.8543661771997753,0.34755540823132813,0.7852407686315187,0.24616885924606668,0.4731529147301493
2648,0.9301425703928485,0.27732234941019707,0.6116274507267796,0.6325908679396391,0.6393964187449741
2649,0.41554647105561016,0.775213613151429,0.6050449973893407,0.30968485178014127,0.8569553626847883
2650,0.6588719406963962,0.569223166623495,0.5031102804536249,0.8510934998428457,0.2857495771417248
2651,0.11733930478531984,0.7969593404392513,0.6328113370578649,0.6143702367356787,0.5019593989452539
2652,0.6889814557080849,0.013813481600176258,0.26639817105763675,0.9699517805472598,0.1278702804633497
2653,0.015882676864952927,0.7531615121034049,0.8019085387000416,0.1372163796893504,0.09034130872583257
2654,0.09316411960977067,0.1364404632348173,0.4913692401241455,0.7477834071195809,0.19983853704729204
2655,0.08599642863276258,0.594648638868867,0.6675910409373558,0.7031452785543485,0.7546036278328493
2656,0.6193134922777364,0.5966470998128636,0.2387490456445579,0.8687239528734836,0.45835347609889787
2657,0.5096215271967545,0.7293480277751241,0.22318027145439023,0.558105382347419,0.24625440875659577
2658,0.6365587182058059,0.24312815575381197,0.9905558298400747,0.2439789919151203,0.023890634897041796
2659,0.7540084494453254,0.4165291582248867,0.7432242042932564,0.5540761575697684,0.4063933294567419
2660,0.3445924253835485,0.25609101902165043,0.28037452372493454,0.21677969594944535,0.7258890960259764
2661,0.07813350924044526,0.7798349141559374,0.7250658984713896,0.817619331549717,0.27534524435348395
2662,0.4379574686381257,0.20269617414927965,0.8705212200886447,0.6970208208169053,0.6367921990985774
2663,0.8837982292287918,0.8281794039026675,0.8112365320696184,0.2942402423706112,0.5372437459763667
2664,0.46734876205217446,0.19299179049373427,0.3468733091555666,0.11611012045147173,0.5490889144665598
2665,0.2407281810239511,0.09107129888058996,0.6054805143789416,0.9280084019745547,0.15472703459329684
2666,0.7915330421452634,0.2392474310413013,0.5694528662970507,0.6566296104140548,0.15276838495757183
2667,0.07236292350073548,0.3762676950507159,0.8078877741698877,0.3145509294553067,0.3377628609064298
2668,0.7493697610785008,0.8793285683637947,0.49734349536155764,0.8239238262769917,0.08519607982222155
2669,0.30934664282671553,0.5637725827347632,0.6877455960792761,0.9297694318981805,0.49981909066795205
2670,0.14456570140910519,0.9523441740485441,0.6356216208473698,0.4841346799630505,0.6159413382461194
2671,0.9048257252837798,0.15356699699031195,0.5147944070424375,0.688795259106429,0.8190792056523759
2672,0.6968457575722763,0.6048487768110237,0.47310124916333673,0.9318660995590784,0.315099620504799
2673,0.8359452266644805,0.4992606706393994,0.5290522212711586,0.6032404261004203,0.8443679996865356
2674,0.009280090227594351,0.29591775666584297,0.2077558288422252,0.7843558753329914,0.6013294578442843
2675,0.8970666501348051,0.8025763328213232,0.22968197332745355,0.3510766284139373,0.6263879439515235
2676,0.2319613669614633,0.6323691737077461,0.9611256791150996,0.9101051937391422,0.24839527550648866
2677,0.502058877656962,0.9005426809502268,0.1666614913612634,0.49703459388261095,0.2039436520778336
2678,0.5799947220930594,0.5548710901038961,0.9924895627548053,0.9533950108712994,0.235353293419459
2679,0.0013356464619352915,0.5908942851709937,0.9093571220600569,0.39192898292074374,0.9928225528553826
2680,0.638865144719369,0.15484421829293493,0.0565689311280102,0.380459224025505,0.6403877013924192
2681,0.4035213886821629,0.7293374169387229,0.9178869929792779,0.769067438629718,0.8493260160195342
2682,0.6767103720737424,0.4312010195465382,0.2706474234216165,0.9845866142215745,0.3992689508171593
2683,0.268130552773891,0.10987273400748887,0.322411580787929,0.579170593375313,0.49606962164949586
2684,0.7828790792183891,0.4043854184248562,0.8198772447494665,0.15069313873865897,0.6825837125548107
2685,0.4087451923862575,0.08978126479361448,0.7289457770511674,0.4087096497465954,0.12313277636312037
2686,0.33736897640048225,0.7995017345081776,0.4265172985536999,0.0036031902930417914,0.0699160255464426
2687,0.6179870613358845,0.2788887945651195,0.6119488966730624,0.6014449667459782,0.9239390618072519
2688,0.46734876205217446,0.19299179049373427,0.3468733091555666,0.11611012045147173,0.5490889144665598
2689,0.2407281810239511,0.09107129888058996,0.6054805143789416,0.9280084019745547,0.15472703459329684
2690,0.7915330421452634,0.2392474310413013,0.5694528662970507,0.6566296104140548,0.15276838495757183
2691,0.07236292350073548,0.3762676950507159,0.8078877741698877,0.3145509294553067,0.3377628609064298
2692,0.7493697610785008,0.8793285683637947,0.49734349536155764,0.8239238262769917,0.08519607982222155
2693,0.30934664282671553,0.5637725827347632,0.6877455960792761,0.9297694318981805,0.49981909066795205
2694,0.14456570140910519,0.9523441740485441,0.6356216208473698,0.4841346799630505,0.6159413382461194
2695,0.9048257252837798,0.15356699699031195,0.5147944070424375,0.688795259106429,0.8190792056523759
2696,0.6968457575722763,0.6048487768110237,0.47310124916333673,0.9318660995590784,0.315099620504799
2697,0.8359452266644805,0.4992606706393994,0.5290522212711586,0.6032404261004203,0.8443679996865356
2698,0.009280090227594351,0.29591775666584297,0.2077558288422252,0.7843558753329914,0.6013294578442843
2699,0.8970666501348051,0.8025763328213232,0.22968197332745355,0.3510766284139373,0.6263879439515235
2700,0.2319613669614633,0.6323691737077461,0.9611256791150996,0.9101051937391422,0.24839527550648866
2701,0.502058877656962,0.9005426809502268,0.1666614913612634,0.49703459388261095,0.2039436520778336
2702,0.5799947220930594,0.5548710901038961,0.9924895627548053,0.9533950108712994,0.235353293419459
2703,0.0013356464619352915,0.5908942851709937,0.9093571220600569,0.39192898292074374,0.9928225528553826
2704,0.638865144719369,0.15484421829293493,0.0565689311280102,0.380459224025505,0.6403877013924192
2705,0.4035213886821629,0.7293374169387229,0.9178869929792779,0.769067438629718,0.8493260160195342
2706,0.6767103720737424,0.4312010195465382,0.2706474234216165,0.9845866142215745,0.3992689508171593
2707,0.268130552773891,0.10987273400748887,0.322411580787929,0.579170593375313,0.49606962164949586
2708,0.7828790792183891,0.4043854184248562,0.8198772447494665,0.15069313873865897,0.6825837125548107
2709,0.4087451923862575,0.08978126479361448,0.7289457770511674,0.4087096497465954,0.12313277636312037
2710,0.33736897640048225,0.7995017345081776,0.4265172985536999,0.0036031902930417914,0.0699160255464426
2711,0.6179870613358845,0.2788887945651195,0.6119488966730624,0.6014449667459782,0.9239390618072519
2712,0.46734876205217446,0.19299179049373427,0.3468733091555666,0.11611012045147173,0.5490889144665598
2713,0.2407281810239511,0.09107129888058996,0.6054805143789416,0.9280084019745547,0.15472703459329684
2714,0.7915330421452634,0.2392474310413013,0.5694528662970507,0.6566296104140548,0.15276838495757183
2715,0.07236292350073548,0.3762676950507159,0.8078877741698877,0.3145509294553067,0.3377628609064298
2716,0.7493697610785008,0.8793285683637947,0.49734349536155764,0.8239238262769917,0.08519607982222155
2717,0.30934664282671553,0.5637725827347632,0.6877455960792761,0.9297694318981805,0.49981909066795205
2718,0.14456570140910519,0.9523441740485441,0.6356216208473698,0.4841346799630505,0.6159413382461194
2719,0.9048257252837798,0.15356699699031195,0.5147944070424375,0.688795259106429,0.8190792056523759
2720,0.6968457575722763,0.6048487768110237,0.47310124916333673,0.9318660995590784,0.315099620504799
2721,0.8359452266644805,0.4992606706393994,0.5290522212711586,0.6032404261004203,0.8443679996865356
2722,0.009280090227594351,0.29591775666584297,0.2077558288422252,0.7843558753329914,0.6013294578442843
2723,0.8970666501348051,0.8025763328213232,0.22968197332745355,0.3510766284139373,0.6263879439515235
2724,0.2319613669614633,0.6323691737077461,0.9611256791150996,0.9101051937391422,0.24839527550648866
2725,0.502058877656962,0.9005426809502268,0.1666614913612634,0.49703459388261095,0.2039436520778336
2726,0.5799947220930594,0.5548710901038961,0.9924895627548053,0.9533950108712994,0.235353293419459
2727,0.0013356464619352915,0.5908942851709937,0.9093571220600569,0.39192898292074374,0.9928225528553826
2728,0.638865144719369,0.15484421829293493,0.0565689311280102,0.380459224025505,0.6403877013924192
2729,0.4035213886821629,0.7293374169387229,0.9178869929792779,0.769067438629718,0.8493260160195342
2730,0.6767103720737424,0.4312010195465382,0.2706474234216165,0.9845866142215745,0.3992689508171593
2731,0.268130552773891,0.10987273400748887,0.322411580787929,0.579170593375313,0.49606962164949586
2732,0.7828790792183891,0.4043854184248562,0.8198772447494665,0.15069313873865897,0.6825837125548107
2733,0.4087451923862575,0.08978126479361448,0.7289457770511674,0.4087096497465954,0.12313277636312037
2734,0.33736897640048225,0.7995017345081776,0.4265172985536999,0.0036031902930417914,0.0699160255464426
2735,0.6179870613358845,0.2788887945651195,0.6119488966730624,0.6014449667459782,0.9239390618072519
2736,0.08119942273576364,0.918380251618889,0.2072034291262379,0.9789908986949998,0.7605812366012885
2737,0.20518196841956338,0.9944395356371601,0.8699913951957262,0.6318012557379925,0.775406294578274
2738,0.12029545335915048,0.9465989131777108,0.2389168777076247,0.5631514523060189,0.006882606547047088
2739,0.45497189272680827,0.9106111198729966,0.7509739561089669,0.6168025108801637,0.7590697472437893
2740,0.5823811509405162,0.3106811314633784,0.08267807753317447,0.6071793703145606,0.321830906228047
2741,0.9581597760062257,0.12568411627654652,0.59268569164246,0.4322666932624395,0.9824443321868744
2742,0.12075256920914557,0.9867821057475119,0.8169116283012471,0.16311892774891468,0.20835884967754326
2743,0.8368584538122006,0.8924005377222722,0.5383071442854762,0.3044185486881754,0.8425198096008207
2744,0.6379752291671068,0.256967643528887,0.6037765262927276,0.36394801332733573,0.8254076890619257
2745,0.29556933085443293,0.6699096353516709,0.12136255255569506,0.6095559442954196,0.9610518130379864
2746,0.9119319126202493,0.33005478029989366,0.6346612992973985,0.6909568423864734,0.3649437195879386
2747,0.017236825987758886,0.6716292718813686,0.5621043200962933,0.6071261471942283,0.1877430194069094
2748,0.778477786553463,0.027723399338113186,0.7686848981377713,0.7796127166059962,0.21564805967638634
2749,0.900571764048458,0.24850046294283656,0.5171932785192996,0.1994521591994456,0.7967509247522842
2750,0.35651972646177643,0.0982437449318172,0.9204051935673014,0.9849735350237291,0.22302303597750583
2751,0.5462327386104502,0.9141825380536812,0.6128925300713509,0.834663661228924,0.16347184376874713
2752,0.8609247591285041,0.7388396990132401,0.8867833002022126,0.8827863113670819,0.2761388102932598
2753,0.26482886367529446,0.12138045724570945,0.6609487973614716,0.45722925885871946,0.039827896734819235
2754,0.8395410145750536,0.18097369830460908,0.5963146712976288,0.27033737151915804,0.9767426135116218
2755,0.3439382948382955,0.30491748707896027,0.6788733507855236,0.3081903739081667,0.5959427250516829
2756,0.4499597271804665,0.2962832573442383,0.7740957923168312,0.7117569387484599,0.34706153371414905
2757,0.6628289434543888,0.6597326183761185,0.5471274517955871,0.6161904637125268,0.9065751162762671
2758,0.16435610189589167,0.25794728860867533,0.01031825663144148,0.7628783715274752,0.05657437285482636
2759,0.6484611315495431,0.06247315515610996,0.33296775572957027,0.2845190131320461,0.057041758832878764
2760,0.46734876205217446,0.19299179049373427,0.3468733091555666,0.11611012045147173,0.5490889144665598
2761,0.2407281810239511,0.09107129888058996,0.6054805143789416,0.9280084019745547,0.15472703459329684
2762,0.7915330421452634,0.2392474310413013,0.5694528662970507,0.6566296104140548,0.15276838495757183
2763,0.07236292350073548,0.3762676950507159,0.8078877741698877,0.3145509294553067,0.3377628609064298
2764,0.7493697610785008,0.8793285683637947,0.49734349536155764,0.8239238262769917,0.08519607982222155
2765,0.30934664282671553,0.5637725827347632,0.6877455960792761,0.9297694318981805,0.49981909066795205
2766,0.14456570140910519,0.9523441740485441,0.6356216208473698,0.4841346799630505,0.6159413382461194
2767,0.9048257252837798,0.15356699699031195,0.5147944070424375,0.688795259106429,0.8190792056523759
2768,0.6968457575722763,0.6048487768110237,0.47310124916333673,0.9318660995590784,0.315099620504799
2769,0.8359452266644805,0.4992606706393994,0.5290522212711586,0.6032404261004203,0.8443679996865356
2770,0.009280090227594351,0.29591775666584297,0.2077558288422252,0.7843558753329914,0.6013294578442843
2771,0.8970666501348051,0.8025763328213232,0.22968197332745355,0.3510766284139373,0.6263879439515235
2772,0.2319613669614633,0.6323691737077461,0.9611256791150996,0.9101051937391422,0.24839527550648866
2773,0.502058877656962,0.9005426809502268,0.1666614913612634,0.49703459388261095,0.2039436520778336
2774,0.5799947220930594,0.5548710901038961,0.9924895627548053,0.9533950108712994,0.235353293419459
2775,0.0013356464619352915,0.5908942851709937,0.9093571220600569,0.39192898292074374,0.9928225528553826
2776,0.638865144719369,0.15484421829293493,0.0565689311280102,0.380459224025505,0.6403877013924192
2777,0.4035213886821629,0.7293374169387229,0.9178869929792779,0.769067438629718,0.8493260160195342
2778,0.6767103720737424,0.4312010195465382,0.2706474234216165,0.9845866142215745,0.3992689508171593
2779,0.268130552773891,0.10987273400748887,0.322411580787929,0.579170593375313,0.49606962164949586
2780,0.7828790792183891,0.4043854184248562,0.8198772447494665,0.15069313873865897,0.6825837125548107
2781,0.4087451923862575,0.08978126479361448,0.7289457770511674,0.4087096497465954,0.12313277636312037
2782,0.33736897640048225,0.7995017345081776,0.4265172985536999,0.0036031902930417914,0.0699160255464426
2783,0.6179870613358845,0.2788887945651195,0.6119488966730624,0.6014449667459782,0.9239390618072519
2784,0.46734876205217446,0.19299179049373427,0.3468733091555666,0.11611012045147173,0.5490889144665598
2785,0.2407281810239511,0.09107129888058996,0.6054805143789416,0.9280084019745547,0.15472703459329684
2786,0.7915330421452634,0.2392474310413013,0.5694528662970507,0.6566296104140548,0.15276838495757183
2787,0.07236292350073548,0.3762676950507159,0.8078877741698877,0.3145509294553067,0.3377628609064298
2788,0.7493697610785008,0.8793285683637947,0.49734349536155764,0.8239238262769917,0.08519607982222155
2789,0.30934664282671553,0.5637725827347632,0.6877455960792761,0.9297694318981805,0.49981909066795205
2790,0.14456570140910519,0.9523441740485441,0.6356216208473698,0.4841346799630505,0.6159413382461194
2791,0.9048257252837798,0.15356699699031195,0.5147944070424375,0.688795259106429,0.8190792056523759
2792,0.6968457575722763,0.6048487768110237,0.47310124916333673,0.9318660995590784,0.315099620504799
2793,0.8359452266644805,0.4992606706393994,0.5290522212711586,0.6032404261004203,0.8443679996865356
2794,0.009280090227594351,0.29591775666584297,0.2077558288422252,0.7843558753329914,0.6013294578442843
2795,0.8970666501348051,0.8025763328213232,0.22968197332745355,0.3510766284139373,0.6263879439515235
2796,0.2319613669614633,0.6323691737077461,0.9611256791150996,0.9101051937391422,0.24839527550648866
2797,0.502058877656962,0.9005426809502268,0.1666614913612634,0.49703459388261095,0.2039436520778336
2798,0.5799947220930594,0.5548710901038961,0.9924895627548053,0.9533950108712994,0.235353293419459
2799,0.0013356464619352915,0.5908942851709937,0.9093571220600569,0.39192898292074374,0.9928225528553826
2800,0.638865144719369,0.15484421829293493,0.0565689311280102,0.380459224025505,0.6403877013924192
2801,0.4035213886821629,0.7293374169387229,0.9178869929792779,0.769067438629718,0.8493260160195342
2802,0.6767103720737424,0.4312010195465382,0.2706474234216165,0.9845866142215745,0.3992689508171593
2803,0.268130552773891,0.10987273400748887,0.322411580787929,0.579170593375313,0.49606962164949586
2804,0.7828790792183891,0.4043854184248562,0.8198772447494665,0.15069313873865897,0.6825837125548107
2805,0.4087451923862575,0.08978126479361448,0.7289457770511674,0.4087096497465954,0.12313277636312037
2806,0.33736897640048225,0.7995017345081776,0.4265172985536999,0.0036031902930417914,0.0699160255464426
2807,0.6179870613358845,0.2788887945651195,0.6119488966730624,0.6014449667459782,0.9239390618072519
2808,0.46734876205217446,0.19299179049373427,0.3468733091555666,0.11611012045147173,0.5490889144665598
2809,0.2407281810239511,0.09107129888058996,0.6054805143789416,0.9280084019745547,0.15472703459329684
2810,0.7915330421452634,0.2392474310413013,0.5694528662970507,0.6566296104140548,0.15276838495757183
2811,0.07236292350073548,0.3762676950507159,0.8078877741698877,0.3145509294553067,0.3377628609064298
2812,0.7493697610785008,0.8793285683637947,0.49734349536155764,0.8239238262769917,0.08519607982222155
2813,0.30934664282671553,0.5637725827347632,0.6877455960792761,0.9297694318981805,0.49981909066795205
2814,0.14456570140910519,0.9523441740485441,0.6356216208473698,0.4841346799630505,0.6159413382461194
2815,0.9048257252837798,0.15356699699031195,0.5147944070424375,0.688795259106429,0.8190792056523759
2816,0.6968457575722763,0.6048487768110237,0.47310124916333673,0.9318660995590784,0.315099620504799
2817,0.8359452266644805,0.4992606706393994,0.5290522212711586,0.6032404261004203,0.8443679996865356
2818,0.009280090227594351,0.29591775666584297,0.2077558288422252,0.7843558753329914,0.6013294578442843
2819,0.8970666501348051,0.8025763328213232,0.22968197332745355,0.3510766284139373,0.6263879439515235
2820,0.2319613669614633,0.6323691737077461,0.9611256791150996,0.9101051937391422,0.24839527550648866
2821,0.502058877656962,0.9005426809502268,0.1666614913612634,0.49703459388261095,0.2039436520778336
2822,0.5799947220930594,0.5548710901038961,0.9924895627548053,0.9533950108712994,0.235353293419459
2823,0.0013356464619352915,0.5908942851709937,0.9093571220600569,0.39192898292074374,0.9928225528553826
2824,0.638865144719369,0.15484421829293493,0.0565689311280102,0.380459224025505,0.6403877013924192
2825,0.4035213886821629,0.7293374169387229,0.9178869929792779,0.769067438629718,0.8493260160195342
2826,0.6767103720737424,0.4312010195465382,0.2706474234216165,0.9845866142215745,0.3992689508171593
2827,0.268130552773891,0.10987273400748887,0.322411580787929,0.579170593375313,0.49606962164949586
2828,0.7828790792183891,0.4043854184248562,0.8198772447494665,0.15069313873865897,0.6825837125548107
2829,0.4087451923862575,0.08978126479361448,0.7289457770511674,0.4087096497465954,0.12313277636312037
2830,0.33736897640048225,0.7995017345081776,0.4265172985536999,0.0036031902930417914,0.0699160255464426
2831,0.6179870613358845,0.2788887945651195,0.6119488966730624,0.6014449667459782,0.9239390618072519
2832,0.08119942273576364,0.918380251618889,0.2072034291262379,0.9789908986949998,0.7605812366012885
2833,0.20518196841956338,0.9944395356371601,0.8699913951957262,0.6318012557379925,0.775406294578274
2834,0.12029545335915048,0.9465989131777108,0.2389168777076247,0.5631514523060189,0.006882606547047088
2835,0.45497189272680827,0.9106111198729966,0.7509739561089669,0.6168025108801637,0.7590697472437893
2836,0.5823811509405162,0.3106811314633784,0.08267807753317447,0.6071793703145606,0.321830906228047
2837,0.9581597760062257,0.12568411627654652,0.59268569164246,0.4322666932624395,0.9824443321868744
2838,0.12075256920914557,0.9867821057475119,0.8169116283012471,0.16311892774891468,0.20835884967754326
2839,0.8368584538122006,0.8924005377222722,0.5383071442854762,0.3044185486881754,0.8425198096008207
2840,0.6379752291671068,0.256967643528887,0.6037765262927276,0.36394801332733573,0.8254076890619257
2841,0.29556933085443293,0.6699096353516709,0.12136255255569506,0.6095559442954196,0.9610518130379864
2842,0.9119319126202493,0.33005478029989366,0.6346612992973985,0.6909568423864734,0.3649437195879386
2843,0.017236825987758886,0.6716292718813686,0.5621043200962933,0.6071261471942283,0.1877430194069094
2844,0.778477786553463,0.027723399338113186,0.7686848981377713,0.7796127166059962,0.21564805967638634
2845,0.900571764048458,0.24850046294283656,0.5171932785192996,0.1994521591994456,0.7967509247522842
2846,0.35651972646177643,0.0982437449318172,0.9204051935673014,0.9849735350237291,0.22302303597750583
2847,0.5462327386104502,0.9141825380536812,0.6128925300713509,0.834663661228924,0.16347184376874713
2848,0.8609247591285041,0.7388396990132401,0.8867833002022126,0.8827863113670819,0.2761388102932598
2849,0.26482886367529446,0.12138045724570945,0.6609487973614716,0.45722925885871946,0.039827896734819235
2850,0.8395410145750536,0.18097369830460908,0.5963146712976288,0.27033737151915804,0.9767426135116218
2851,0.3439382948382955,0.30491748707896027,0.6788733507855236,0.3081903739081667,0.5959427250516829
2852,0.4499597271804665,0.2962832573442383,0.7740957923168312,0.7117569387484599,0.34706153371414905
2853,0.6628289434543888,0.6597326183761185,0.5471274517955871,0.6161904637125268,0.9065751162762671
2854,0.16435610189589167,0.25794728860867533,0.01031825663144148,0.7628783715274752,0.05657437285482636
2855,0.6484611315495431,0.06247315515610996,0.33296775572957027,0.2845190131320461,0.057041758832878764
2856,0.08119942273576364,0.918380251618889,0.2072034291262379,0.9789908986949998,0.7605812366012885
2857,0.20518196841956338,0.9944395356371601,0.8699913951957262,0.6318012557379925,0.775406294578274
2858,0.12029545335915048,0.9465989131777108,0.2389168777076247,0.5631514523060189,0.006882606547047088
2859,0.45497189272680827,0.9106111198729966,0.7509739561089669,0.6168025108801637,0.7590697472437893
2860,0.5823811509405162,0.3106811314633784,0.08267807753317447,0.6071793703145606,0.321830906228047
2861,0.9581597760062257,0.12568411627654652,0.59268569164246,0.4322666932624395,0.9824443321868744
2862,0.12075256920914557,0.9867821057475119,0.8169116283012471,0.16311892774891468,0.20835884967754326
2863,0.8368584538122006,0.8924005377222722,0.5383071442854762,0.3044185486881754,0.8425198096008207
2864,0.6379752291671068,0.256967643528887,0.6037765262927276,0.36394801332733573,0.8254076890619257
2865,0.29556933085443293,0.6699096353516709,0.12136255255569506,0.6095559442954196,0.9610518130379864
2866,0.9119319126202493,0.33005478029989366,0.6346612992973985,0.6909568423864734,0.3649437195879386
2867,0.017236825987758886,0.6716292718813686,0.5621043200962933,0.6071261471942283,0.1877430194069094
2868,0.778477786553463,0.027723399338113186,0.7686848981377713,0.7796127166059962,0.21564805967638634
2869,0.900571764048458,0.24850046294283656,0.5171932785192996,0.1994521591994456,0.7967509247522842
2870,0.35651972646177643,0.0982437449318172,0.9204051935673014,0.9849735350237291,0.22302303597750583
2871,0.5462327386104502,0.9141825380536812,0.6128925300713509,0.834663661228924,0.16347184376874713
2872,0.8609247591285041,0.7388396990132401,0.8867833002022126,0.8827863113670819,0.2761388102932598
2873,0.26482886367529446,0.12138045724570945,0.6609487973614716,0.45722925885871946,0.039827896734819235
2874,0.8395410145750536,0.18097369830460908,0.5963146712976288,0.27033737151915804,0.9767426135116218
2875,0.3439382948382955,0.30491748707896027,0.6788733507855236,0.3081903739081667,0.5959427250516829
2876,0.4499597271804665,0.2962832573442383,0.7740957923168312,0.7117569387484599,0.34706153371414905
2877,0.6628289434543888,0.6597326183761185,0.5471274517955871,0.6161904637125268,0.9065751162762671
2878,0.16435610189589167,0.25794728860867533,0.01031825663144148,0.7628783715274752,0.05657437285482636
2879,0.6484611315495431,0.06247315515610996,0.33296775572957027,0.2845190131320461,0.057041758832878764
2880,0.8179482267176993,0.61779099877711,0.846419607986813,0.03359649504741624,0.31623072886014914
2881,0.7172615855316324,0.20422940998688033,0.05232606323536515,0.17742294962299443,0.4935962938215519
2882,0.7841105513811717,0.20410269902208622,0.004118280154513099,0.9968067431111908,0.5045518213528666
2883,0.1533512764050139,0.7189344286793559,0.5345885673934152,0.41282244363315723,0.36998716009562516
2884,0.07268382404194262,0.6430503801876012,0.6492785233839875,0.8153190846274412,0.642723690229464
2885,0.022349972681287023,0.7759935968460852,0.5836448079352556,0.9107102873159807,0.40448007515814155
2886,0.10979959407283268,0.39177299328017723,0.04473080205874935,0.7079382025389832,0.9392684876761954
2887,0.8543661771997753,0.34755540823132813,0.7852407686315187,0.24616885924606668,0.4731529147301493
2888,0.9301425703928485,0.27732234941019707,0.6116274507267796,0.6325908679396391,0.6393964187449741
2889,0.41554647105561016,0.775213613151429,0.6050449973893407,0.30968485178014127,0.8569553626847883
2890,0.6588719406963962,0.569223166623495,0.5031102804536249,0.8510934998428457,0.2857495771417248
2891,0.11733930478531984,0.7969593404392513,0.6328113370578649,0.6143702367356787,0.5019593989452539
2892,0.6889814557080849,0.013813481600176258,0.26639817105763675,0.9699517805472598,0.1278702804633497
2893,0.015882676864952927,0.7531615121034049,0.8019085387000416,0.1372163796893504,0.09034130872583257
2894,0.09316411960977067,0.1364404632348173,0.4913692401241455,0.7477834071195809,0.19983853704729204
2895,0.08599642863276258,0.594648638868867,0.6675910409373558,0.7031452785543485,0.7546036278328493
2896,0.6193134922777364,0.5966470998128636,0.2387490456445579,0.8687239528734836,0.45835347609889787
2897,0.5096215271967545,0.7293480277751241,0.22318027145439023,0.558105382347419,0.24625440875659577
2898,0.6365587182058059,0.24312815575381197,0.9905558298400747,0.2439789919151203,0.023890634897041796
2899,0.7540084494453254,0.4165291582248867,0.7432242042932564,0.5540761575697684,0.4063933294567419
2900,0.3445924253835485,0.25609101902165043,0.28037452372493454,0.21677969594944535,0.7258890960259764
2901,0.07813350924044526,0.7798349141559374,0.7250658984713896,0.817619331549717,0.27534524435348395
2902,0.4379574686381257,0.20269617414927965,0.8705212200886447,0.6970208208169053,0.6367921990985774
2903,0.8837982292287918,0.8281794039026675,0.8112365320696184,0.2942402423706112,0.5372437459763667
2904,0.46734876205217446,0.19299179049373427,0.3468733091555666,0.11611012045147173,0.5490889144665598
2905,0.2407281810239511,0.09107129888058996,0.6054805143789416,0.9280084019745547,0.15472703459329684
2906,0.7915330421452634,0.2392474310413013,0.5694528662970507,0.6566296104140548,0.15276838495757183
2907,0.07236292350073548,0.3762676950507159,0.8078877741698877,0.3145509294553067,0.3377628609064298
2908,0.7493697610785008,0.8793285683637947,0.49734349536155764,0.8239238262769917,0.08519607982222155
2909,0.30934664282671553,0.5637725827347632,0.6877455960792761,0.9297694318981805,0.49981909066795205
2910,0.14456570140910519,0.9523441740485441,0.6356216208473698,0.4841346799630505,0.6159413382461194
2911,0.9048257252837798,0.15356699699031195,0.5147944070424375,0.688795259106429,0.8190792056523759
2912,0.6968457575722763,0.6048487768110237,0.47310124916333673,0.9318660995590784,0.315099620504799
2913,0.8359452266644805,0.4992606706393994,0.5290522212711586,0.6032404261004203,0.8443679996865356
2914,0.009280090227594351,0.29591775666584297,0.2077558288422252,0.7843558753329914,0.6013294578442843
2915,0.8970666501348051,0.8025763328213232,0.22968197332745355,0.3510766284139373,0.6263879439515235
2916,0.2319613669614633,0.6323691737077461,0.9611256791150996,0.9101051937391422,0.24839527550648866
2917,0.502058877656962,0.9005426809502268,0.1666614913612634,0.49703459388261095,0.2039436520778336
2918,0.5799947220930594,0.5548710901038961,0.9924895627548053,0.9533950108712994,0.235353293419459
2919,0.0013356464619352915,0.5908942851709937,0.9093571220600569,0.39192898292074374,0.9928225528553826
2920,0.638865144719369,0.15484421829293493,0.0565689311280102,0.380459224025505,0.6403877013924192
2921,0.4035213886821629,0.7293374169387229,0.9178869929792779,0.769067438629718,0.8493260160195342
2922,0.6767103720737424,0.4312010195465382,0.2706474234216165,0.9845866142215745,0.3992689508171593
2923,0.268130552773891,0.10987273400748887,0.322411580787929,0.579170593375313,0.49606962164949586
2924,0.7828790792183891,0.4043854184248562,0.8198772447494665,0.15069313873865897,0.6825837125548107
2925,0.4087451923862575,0.08978126479361448,0.7289457770511674,0.4087096497465954,0.12313277636312037
2926,0.33736897640048225,0.7995017345081776,0.4265172985536999,0.0036031902930417914,0.0699160255464426
2927,0.6179870613358845,0.2788887945651195,0.6119488966730624,0.6014449667459782,0.9239390618072519
2928,0.46734876205217446,0.19299179049373427,0.3468733091555666,0.11611012045147173,0.5490889144665598
2929,0.2407281810239511,0.09107129888058996,0.6054805143789416,0.9280084019745547,0.15472703459329684
2930,0.7915330421452634,0.2392474310413013,0.5694528662970507,0.6566296104140548,0.15276838495757183
2931,0.07236292350073548,0.3762676950507159,0.8078877741698877,0.3145509294553067,0.3377628609064298
2932,0.7493697610785008,0.8793285683637947,0.49734349536155764,0.8239238262769917,0.08519607982222155
2933,0.30934664282671553,0.5637725827347632,0.6877455960792761,0.9297694318981805,0.49981909066795205
2934,0.14456570140910519,0.9523441740485441,0.6356216208473698,0.4841346799630505,0.6159413382461194
2935,0.9048257252837798,0.15356699699031195,0.5147944070424375,0.688795259106429,0.8190792056523759
2936,0.6968457575722763,0.6048487768110237,0.47310124916333673,0.9318660995590784,0.315099620504799
2937,0.8359452266644805,0.4992606706393994,0.5290522212711586,0.6032404261004203,0.8443679996865356
2938,0.009280090227594351,0.29591775666584297,0.2077558288422252,0.7843558753329914,0.6013294578442843
2939,0.8970666501348051,0.8025763328213232,0.22968197332745355,0.3510766284139373,0.6263879439515235
2940,0.2319613669614633,0.6323691737077461,0.9611256791150996,0.9101051937391422,0.24839527550648866
2941,0.502058877656962,0.9005426809502268,0.1666614913612634,0.49703459388261095,0.2039436520778336
2942,0.5799947220930594,0.5548710901038961,0.9924895627548053,0.9533950108712994,0.235353293419459
2943,0.0013356464619352915,0.5908942851709937,0.9093571220600569,0.39192898292074374,0.9928225528553826
2944,0.638865144719369,0.15484421829293493,0.0565689311280102,0.380459224025505,0.6403877013924192
2945,0.4035213886821629,0.7293374169387229,0.9178869929792779,0.769067438629718,0.8493260160195342
2946,0.6767103720737424,0.4312010195465382,0.2706474234216165,0.9845866142215745,0.3992689508171593
2947,0.268130552773891,0.10987273400748887,0.322411580787929,0.579170593375313,0.49606962164949586
2948,0.7828790792183891,0.4043854184248562,0.8198772447494665,0.15069313873865897,0.6825837125548107
2949,0.4087451923862575,0.08978126479361448,0.7289457770511674,0.4087096497465954,0.12313277636312037
2950,0.33736897640048225,0.7995017345081776,0.4265172985536999,0.0036031902930417914,0.0699160255464426
2951,0.6179870613358845,0.2788887945651195,0.6119488966730624,0.6014449667459782,0.9239390618072519
2952,0.08119942273576364,0.918380251618889,0.2072034291262379,0.9789908986949998,0.7605812366012885
2953,0.20518196841956338,0.9944395356371601,0.8699913951957262,0.6318012557379925,0.775406294578274
2954,0.12029545335915048,0.9465989131777108,0.2389168777076247,0.5631514523060189,0.006882606547047088
2955,0.45497189272680827,0.9106111198729966,0.7509739561089669,0.6168025108801637,0.7590697472437893
2956,0.5823811509405162,0.3106811314633784,0.08267807753317447,0.6071793703145606,0.321830906228047
2957,0.9581597760062257,0.12568411627654652,0.59268569164246,0.4322666932624395,0.9824443321868744
2958,0.12075256920914557,0.9867821057475119,0.8169116283012471,0.16311892774891468,0.20835884967754326
2959,0.8368584538122006,0.8924005377222722,0.5383071442854762,0.3044185486881754,0.8425198096008207
2960,0.6379752291671068,0.256967643528887,0.6037765262927276,0.36394801332733573,0.8254076890619257
2961,0.29556933085443293,0.6699096353516709,0.12136255255569506,0.6095559442954196,0.9610518130379864
2962,0.9119319126202493,0.33005478029989366,0.6346612992973985,0.6909568423864734,0.3649437195879386
2963,0.017236825987758886,0.6716292718813686,0.5621043200962933,0.6071261471942283,0.1877430194069094
2964,0.778477786553463,0.027723399338113186,0.7686848981377713,0.7796127166059962,0.21564805967638634
2965,0.900571764048458,0.24850046294283656,0.5171932785192996,0.1994521591994456,0.7967509247522842
2966,0.35651972646177643,0.0982437449318172,0.9204051935673014,0.9849735350237291,0.22302303597750583
2967,0.5462327386104502,0.9141825380536812,0.6128925300713509,0.834663661228924,0.16347184376874713
2968,0.8609247591285041,0.7388396990132401,0.8867833002022126,0.8827863113670819,0.2761388102932598
2969,0.26482886367529446,0.12138045724570945,0.6609487973614716,0.45722925885871946,0.039827896734819235
2970,0.8395410145750536,0.18097369830460908,0.5963146712976288,0.27033737151915804,0.9767426135116218
2971,0.3439382948382955,0.30491748707896027,0.6788733507855236,0.3081903739081667,0.5959427250516829
2972,0.4499597271804665,0.2962832573442383,0.7740957923168312,0.7117569387484599,0.34706153371414905
2973,0.6628289434543888,0.6597326183761185,0.5471274517955871,0.6161904637125268,0.9065751162762671
2974,0.16435610189589167,0.25794728860867533,0.01031825663144148,0.7628783715274752,0.05657437285482636
2975,0.6484611315495431,0.06247315515610996,0.33296775572957027,0.2845190131320461,0.057041758832878764
2976,0.46734876205217446,0.19299179049373427,0.3468733091555666,0.11611012045147173,0.5490889144665598
2977,0.2407281810239511,0.09107129888058996,0.6054805143789416,0.9280084019745547,0.15472703459329684
2978,0.7915330421452634,0.2392474310413013,0.5694528662970507,0.6566296104140548,0.15276838495757183
2979,0.07236292350073548,0.3762676950507159,0.8078877741698877,0.3145509294553067,0.3377628609064298
2980,0.7493697610785008,0.8793285683637947,0.49734349536155764,0.8239238262769917,0.08519607982222155
2981,0.30934664282671553,0.5637725827347632,0.6877455960792761,0.9297694318981805,0.49981909066795205
2982,0.14456570140910519,0.9523441740485441,0.6356216208473698,0.4841346799630505,0.6159413382461194
2983,0.9048257252837798,0.15356699699031195,0.5147944070424375,0.688795259106429,0.8190792056523759
2984,0.6968457575722763,0.6048487768110237,0.47310124916333673,0.9318660995590784,0.315099620504799
2985,0.8359452266644805,0.4992606706393994,0.5290522212711586,0.6032404261004203,0.8443679996865356
2986,0.009280090227594351,0.29591775666584297,0.2077558288422252,0.7843558753329914,0.6013294578442843
2987,0.8970666501348051,0.8025763328213232,0.22968197332745355,0.3510766284139373,0.6263879439515235
2988,0.2319613669614633,0.6323691737077461,0.9611256791150996,0.9101051937391422,0.24839527550648866
2989,0.502058877656962,0.9005426809502268,0.1666614913612634,0.49703459388261095,0.2039436520778336
2990,0.5799947220930594,0.5548710901038961,0.9924895627548053,0.9533950108712994,0.235353293419459
2991,0.0013356464619352915,0.5908942851709937,0.9093571220600569,0.39192898292074374,0.9928225528553826
2992,0.638865144719369,0.15484421829293493,0.0565689311280102,0.380459224025505,0.6403877013924192
2993,0.4035213886821629,0.7293374169387229,0.9178869929792779,0.769067438629718,0.8493260160195342
2994,0.6767103720737424,0.4312010195465382,0.2706474234216165,0.9845866142215745,0.3992689508171593
2995,0.268130552773891,0.10987273400748887,0.322411580787929,0.579170593375313,0.49606962164949586
2996,0.7828790792183891,0.4043854184248562,0.8198772447494665,0.15069313873865897,0.6825837125548107
2997,0.4087451923862575,0.08978126479361448,0.7289457770511674,0.4087096497465954,0.12313277636312037
2998,0.33736897640048225,0.7995017345081776,0.4265172985536999,0.0036031902930417914,0.0699160255464426
2999,0.6179870613358845,0.2788887945651195,0.6119488966730624,0.6014449667459782,0.9239390618072519
3000,0.46734876205217446,0.19299179049373427,0.3468733091555666,0.11611012045147173,0.5490889144665598
3001,0.2407281810239511,0.09107129888058996,0.6054805143789416,0.9280084019745547,0.15472703459329684
3002,0.7915330421452634,0.2392474310413013,0.5694528662970507,0.6566296104140548,0.15276838495757183
3003,0.07236292350073548,0.3762676950507159,0.8078877741698877,0.3145509294553067,0.3377628609064298
3004,0.7493697610785008,0.8793285683637947,0.49734349536155764,0.8239238262769917,0.08519607982222155
3005,0.30934664282671553,0.5637725827347632,0.6877455960792761,0.9297694318981805,0.49981909066795205
3006,0.14456570140910519,0.9523441740485441,0.6356216208473698,0.4841346799630505,0.6159413382461194
3007,0.9048257252837798,0.15356699699031195,0.5147944070424375,0.688795259106429,0.8190792056523759
3008,0.6968457575722763,0.6048487768110237,0.47310124916333673,0.9318660995590784,0.315099620504799
3009,0.8359452266644805,0.4992606706393994,0.5290522212711586,0.6032404261004203,0.8443679996865356
3010,0.009280090227594351,0.29591775666584297,0.2077558288422252,0.7843558753329914,0.6013294578442843
3011,0.8970666501348051,0.8025763328213232,0.22968197332745355,0.3510766284139373,0.6263879439515235
3012,0.2319613669614633,0.6323691737077461,0.9611256791150996,0.9101051937391422,0.24839527550648866
3013,0.502058877656962,0.9005426809502268,0.1666614913612634,0.49703459388261095,0.2039436520778336
3014,0.5799947220930594,0.5548710901038961,0.9924895627548053,0.9533950108712994,0.235353293419459
3015,0.0013356464619352915,0.5908942851709937,0.9093571220600569,0.39192898292074374,0.9928225528553826
3016,0.638865144719369,0.15484421829293493,0.0565689311280102,0.380459224025505,0.6403877013924192
3017,0.4035213886821629,0.7293374169387229,0.9178869929792779,0.769067438629718,0.8493260160195342
3018,0.6767103720737424,0.4312010195465382,0.2706474234216165,0.9845866142215745,0.3992689508171593
3019,0.268130552773891,0.10987273400748887,0.322411580787929,0.579170593375313,0.49606962164949586
3020,0.7828790792183891,0.4043854184248562,0.8198772447494665,0.15069313873865897,0.6825837125548107
3021,0.4087451923862575,0.08978126479361448,0.7289457770511674,0.4087096497465954,0.12313277636312037
3022,0.33736897640048225,0.7995017345081776,0.4265172985536999,0.0036031902930417914,0.0699160255464426
3023,0.6179870613358845,0.2788887945651195,0.6119488966730624,0.6014449667459782,0.9239390618072519
3024,0.46734876205217446,0.19299179049373427,0.3468733091555666,0.11611012045147173,0.5490889144665598
3025,0.2407281810239511,0.09107129888058996,0.6054805143789416,0.9280084019745547,0.15472703459329684
3026,0.7915330421452634,0.2392474310413013,0.5694528662970507,0.6566296104140548,0.15276838495757183
3027,0.07236292350073548,0.3762676950507159,0.8078877741698877,0.3145509294553067,0.3377628609064298
3028,0.7493697610785008,0.8793285683637947,0.49734349536155764,0.8239238262769917,0.08519607982222155
3029,0.30934664282671553,0.5637725827347632,0.6877455960792761,0.9297694318981805,0.49981909066795205
3030,0.14456570140910519,0.9523441740485441,0.6356216208473698,0.4841346799630505,0.6159413382461194
3031,0.9048257252837798,0.15356699699031195,0.5147944070424375,0.688795259106429,0.8190792056523759
3032,0.6968457575722763,0.6048487768110237,0.47310124916333673,0.9318660995590784,0.315099620504799
3033,0.8359452266644805,0.4992606706393994,0.5290522212711586,0.6032404261004203,0.8443679996865356
3034,0.009280090227594351,0.29591775666584297,0.2077558288422252,0.7843558753329914,0.6013294578442843
3035,0.8970666501348051,0.8025763328213232,0.22968197332745355,0.3510766284139373,0.6263879439515235
3036,0.2319613669614633,0.6323691737077461,0.9611256791150996,0.9101051937391422,0.24839527550648866
3037,0.502058877656962,0.9005426809502268,0.1666614913612634,0.49703459388261095,0.2039436520778336
3038,0.5799947220930594,0.5548710901038961,0.9924895627548053,0.9533950108712994,0.235353293419459
3039,0.0013356464619352915,0.5908942851709937,0.9093571220600569,0.39192898292074374,0.9928225528553826
3040,0.638865144719369,0.15484421829293493,0.0565689311280102,0.380459224025505,0.6403877013924192
3041,0.4035213886821629,0.7293374169387229,0.9178869929792779,0.769067438629718,0.8493260160195342
3042,0.6767103720737424,0.4312010195465382,0.2706474234216165,0.9845866142215745,0.3992689508171593
3043,0.268130552773891,0.10987273400748887,0.322411580787929,0.579170593375313,0.49606962164949586
3044,0.7828790792183891,0.4043854184248562,0.8198772447494665,0.15069313873865897,0.6825837125548107
3045,0.4087451923862575,0.08978126479361448,0.7289457770511674,0.4087096497465954,0.12313277636312037
3046,0.33736897640048225,0.7995017345081776,0.4265172985536999,0.0036031902930417914,0.0699160255464426
3047,0.6179870613358845,0.2788887945651195,0.6119488966730624,0.6014449667459782,0.9239390618072519
3048,0.46734876205217446,0.19299179049373427,0.3468733091555666,0.11611012045147173,0.5490889144665598
3049,0.2407281810239511,0.09107129888058996,0.6054805143789416,0.9280084019745547,0.15472703459329684
3050,0.7915330421452634,0.2392474310413013,0.5694528662970507,0.6566296104140548,0.15276838495757183
3051,0.07236292350073548,0.3762676950507159,0.8078877741698877,0.3145509294553067,0.3377628609064298
3052,0.7493697610785008,0.8793285683637947,0.49734349536155764,0.8239238262769917,0.08519607982222155
3053,0.30934664282671553,0.5637725827347632,0.6877455960792761,0.9297694318981805,0.49981909066795205
3054,0.14456570140910519,0.9523441740485441,0.6356216208473698,0.4841346799630505,0.6159413382461194
3055,0.9048257252837798,0.15356699699031195,0.5147944070424375,0.688795259106429,0.8190792056523759
3056,0.6968457575722763,0.6048487768110237,0.47310124916333673,0.9318660995590784,0.315099620504799
3057,0.8359452266644805,0.4992606706393994,0.5290522212711586,0.6032404261004203,0.8443679996865356
3058,0.009280090227594351,0.29591775666584297,0.2077558288422252,0.7843558753329914,0.6013294578442843
3059,0.8970666501348051,0.8025763328213232,0.22968197332745355,0.3510766284139373,0.6263879439515235
3060,0.2319613669614633,0.6323691737077461,0.9611256791150996,0.9101051937391422,0.24839527550648866
3061,0.502058877656962,0.9005426809502268,0.1666614913612634,0.49703459388261095,0.2039436520778336
3062,0.5799947220930594,0.5548710901038961,0.9924895627548053,0.9533950108712994,0.235353293419459
3063,0.0013356464619352915,0.5908942851709937,0.9093571220600569,0.39192898292074374,0.9928225528553826
3064,0.638865144719369,0.15484421829293493,0.0565689311280102,0.380459224025505,0.6403877013924192
3065,0.4035213886821629,0.7293374169387229,0.9178869929792779,0.769067438629718,0.8493260160195342
3066,0.6767103720737424,0.4312010195465382,0.2706474234216165,0.9845866142215745,0.3992689508171593
3067,0.268130552773891,0.10987273400748887,0.322411580787929,0.579170593375313,0.49606962164949586
3068,0.7828790792183891,0.4043854184248562,0.8198772447494665,0.15069313873865897,0.6825837125548107
3069,0.4087451923862575,0.08978126479361448,0.7289457770511674,0.4087096497465954,0.12313277636312037
3070,0.33736897640048225,0.7995017345081776,0.4265172985536999,0.0036031902930417914,0.0699160255464426
3071,0.6179870613358845,0.2788887945651195,0.6119488966730624,0.6014449667459782,0.9239390618072519
3072,0.08119942273576364,0.918380251618889,0.2072034291262379,0.9789908986949998,0.7605812366012885
3073,0.20518196841956338,0.9944395356371601,0.8699913951957262,0.6318012557379925,0.775406294578274
3074,0.12029545335915048,0.9465989131777108,0.2389168777076247,0.5631514523060189,0.006882606547047088
3075,0.45497189272680827,0.9106111198729966,0.7509739561089669,0.6168025108801637,0.7590697472437893
3076,0.5823811509405162,0.3106811314633784,0.08267807753317447,0.6071793703145606,0.321830906228047
3077,0.9581597760062257,0.12568411627654652,0.59268569164246,0.4322666932624395,0.9824443321868744
3078,0.12075256920914557,0.9867821057475119,0.8169116283012471,0.16311892774891468,0.20835884967754326
3079,0.8368584538122006,0.8924005377222722,0.5383071442854762,0.3044185486881754,0.8425198096008207
3080,0.6379752291671068,0.256967643528887,0.6037765262927276,0.36394801332733573,0.8254076890619257
3081,0.29556933085443293,0.6699096353516709,0.12136255255569506,0.6095559442954196,0.9610518130379864
3082,0.9119319126202493,0.33005478029989366,0.6346612992973985,0.6909568423864734,0.3649437195879386
3083,0.017236825987758886,0.6716292718813686,0.5621043200962933,0.6071261471942283,0.1877430194069094
3084,0.778477786553463,0.027723399338113186,0.7686848981377713,0.7796127166059962,0.21564805967638634
3085,0.900571764048458,0.24850046294283656,0.5171932785192996,0.1994521591994456,0.7967509247522842
3086,0.35651972646177643,0.0982437449318172,0.9204051935673014,0.9849735350237291,0.22302303597750583
3087,0.5462327386104502,0.9141825380536812,0.6128925300713509,0.834663661228924,0.16347184376874713
3088,0.8609247591285041,0.7388396990132401,0.8867833002022126,0.8827863113670819,0.2761388102932598
3089,0.26482886367529446,0.12138045724570945,0.6609487973614716,0.45722925885871946,0.039827896734819235
3090,0.8395410145750536,0.18097369830460908,0.5963146712976288,0.27033737151915804,0.9767426135116218
3091,0.3439382948382955,0.30491748707896027,0.6788733507855236,0.3081903739081667,0.5959427250516829
3092,0.4499597271804665,0.2962832573442383,0.7740957923168312,0.7117569387484599,0.34706153371414905
3093,0.6628289434543888,0.6597326183761185,0.5471274517955871,0.6161904637125268,0.9065751162762671
3094,0.16435610189589167,0.25794728860867533,0.01031825663144148,0.7628783715274752,0.05657437285482636
3095,0.6484611315495431,0.06247315515610996,0.33296775572957027,0.2845190131320461,0.057041758832878764
3096,0.08119942273576364,0.918380251618889,0.2072034291262379,0.9789908986949998,0.7605812366012885
3097,0.20518196841956338,0.9944395356371601,0.8699913951957262,0.6318012557379925,0.775406294578274
3098,0.12029545335915048,0.9465989131777108,0.2389168777076247,0.5631514523060189,0.006882606547047088
3099,0.45497189272680827,0.9106111198729966,0.7509739561089669,0.6168025108801637,0.7590697472437893
3100,0.5823811509405162,0.3106811314633784,0.08267807753317447,0.6071793703145606,0.321830906228047
3101,0.9581597760062257,0.12568411627654652,0.59268569164246,0.4322666932624395,0.9824443321868744
3102,0.12075256920914557,0.9867821057475119,0.8169116283012471,0.16311892774891468,0.20835884967754326
3103,0.8368584538122006,0.8924005377222722,0.5383071442854762,0.3044185486881754,0.8425198096008207
3104,0.6379752291671068,0.256967643528887,0.6037765262927276,0.36394801332733573,0.8254076890619257
3105,0.29556933085443293,0.6699096353516709,0.12136255255569506,0.6095559442954196,0.9610518130379864
3106,0.9119319126202493,0.33005478029989366,0.6346612992973985,0.6909568423864734,0.3649437195879386
3107,0.017236825987758886,0.6716292718813686,0.5621043200962933,0.6071261471942283,0.1877430194069094
3108,0.778477786553463,0.027723399338113186,0.7686848981377713,0.7796127166059962,0.21564805967638634
3109,0.900571764048458,0.24850046294283656,0.5171932785192996,0.1994521591994456,0.7967509247522842
3110,0.35651972646177643,0.0982437449318172,0.9204051935673014,0.9849735350237291,0.22302303597750583
3111,0.5462327386104502,0.9141825380536812,0.6128925300713509,0.834663661228924,0.16347184376874713
3112,0.8609247591285041,0.7388396990132401,0.8867833002022126,0.8827863113670819,0.2761388102932598
3113,0.26482886367529446,0.12138045724570945,0.6609487973614716,0.45722925885871946,0.039827896734819235
3114,0.8395410145750536,0.18097369830460908,0.5963146712976288,0.27033737151915804,0.9767426135116218
3115,0.3439382948382955,0.30491748707896027,0.6788733507855236,0.3081903739081667,0.5959427250516829
3116,0.4499597271804665,0.2962832573442383,0.7740957923168312,0.7117569387484599,0.34706153371414905
3117,0.6628289434543888,0.6597326183761185,0.5471274517955871,0.6161904637125268,0.9065751162762671
3118,0.16435610189589167,0.25794728860867533,0.01031825663144148,0.7628783715274752,0.05657437285482636
3119,0.6484611315495431,0.06247315515610996,0.33296775572957027,0.2845190131320461,0.057041758832878764
3120,0.08119942273576364,0.918380251618889,0.2072034291262379,0.9789908986949998,0.7605812366012885
3121,0.20518196841956338,0.9944395356371601,0.8699913951957262,0.6318012557379925,0.775406294578274
3122,0.12029545335915048,0.9465989131777108,0.2389168777076247,0.5631514523060189,0.006882606547047088
3123,0.45497189272680827,0.9106111198729966,0.7509739561089669,0.6168025108801637,0.7590697472437893
3124,0.5823811509405162,0.3106811314633784,0.08267807753317447,0.6071793703145606,0.321830906228047
3125,0.9581597760062257,0.12568411627654652,0.59268569164246,0.4322666932624395,0.9824443321868744
3126,0.12075256920914557,0.9867821057475119,0.8169116283012471,0.16311892774891468,0.20835884967754326
3127,0.8368584538122006,0.8924005377222722,0.5383071442854762,0.3044185486881754,0.8425198096008207
3128,0.6379752291671068,0.256967643528887,0.6037765262927276,0.36394801332733573,0.8254076890619257
3129,0.29556933085443293,0.6699096353516709,0.12136255255569506,0.6095559442954196,0.9610518130379864
3130,0.9119319126202493,0.33005478029989366,0.6346612992973985,0.6909568423864734,0.3649437195879386
3131,0.017236825987758886,0.6716292718813686,0.5621043200962933,0.6071261471942283,0.1877430194069094
3132,0.778477786553463,0.027723399338113186,0.7686848981377713,0.7796127166059962,0.21564805967638634
3133,0.900571764048458,0.24850046294283656,0.5171932785192996,0.1994521591994456,0.7967509247522842
3134,0.35651972646177643,0.0982437449318172,0.9204051935673014,0.9849735350237291,0.22302303597750583
3135,0.5462327386104502,0.9141825380536812,0.6128925300713509,0.834663661228924,0.16347184376874713
3136,0.8609247591285041,0.7388396990132401,0.8867833002022126,0.8827863113670819,0.2761388102932598
3137,0.26482886367529446,0.12138045724570945,0.6609487973614716,0.45722925885871946,0.039827896734819235
3138,0.8395410145750536,0.18097369830460908,0.5963146712976288,0.27033737151915804,0.9767426135116218
3139,0.3439382948382955,0.30491748707896027,0.6788733507855236,0.3081903739081667,0.5959427250516829
3140,0.4499597271804665,0.2962832573442383,0.7740957923168312,0.7117569387484599,0.34706153371414905
3141,0.6628289434543888,0.6597326183761185,0.5471274517955871,0.6161904637125268,0.9065751162762671
3142,0.16435610189589167,0.25794728860867533,0.01031825663144148,0.7628783715274752,0.05657437285482636
3143,0.6484611315495431,0.06247315515610996,0.33296775572957027,0.2845190131320461,0.057041758832878764
3144,0.08119942273576364,0.918380251618889,0.2072034291262379,0.9789908986949998,0.7605812366012885
3145,0.20518196841956338,0.9944395356371601,0.8699913951957262,0.6318012557379925,0.775406294578274
3146,0.12029545335915048,0.9465989131777108,0.2389168777076247,0.5631514523060189,0.006882606547047088
3147,0.45497189272680827,0.9106111198729966,0.7509739561089669,0.6168025108801637,0.7590697472437893
3148,0.5823811509405162,0.3106811314633784,0.08267807753317447,0.6071793703145606,0.321830906228047
3149,0.9581597760062257,0.12568411627654652,0.59268569164246,0.4322666932624395,0.9824443321868744
3150,0.12075256920914557,0.9867821057475119,0.8169116283012471,0.16311892774891468,0.20835884967754326
3151,0.8368584538122006,0.8924005377222722,0.5383071442854762,0.3044185486881754,0.8425198096008207
3152,0.6379752291671068,0.256967643528887,0.6037765262927276,0.36394801332733573,0.8254076890619257
3153,0.29556933085443293,0.6699096353516709,0.12136255255569506,0.6095559442954196,0.9610518130379864
3154,0.9119319126202493,0.33005478029989366,0.6346612992973985,0.6909568423864734,0.3649437195879386
3155,0.017236825987758886,0.6716292718813686,0.5621043200962933,0.6071261471942283,0.1877430194069094
3156,0.778477786553463,0.027723399338113186,0.7686848981377713,0.7796127166059962,0.21564805967638634
3157,0.900571764048458,0.24850046294283656,0.5171932785192996,0.1994521591994456,0.7967509247522842
3158,0.35651972646177643,0.0982437449318172,0.9204051935673014,0.9849735350237291,0.22302303597750583
3159,0.5462327386104502,0.9141825380536812,0.6128925300713509,0.834663661228924,0.16347184376874713
3160,0.8609247591285041,0.7388396990132401,0.8867833002022126,0.8827863113670819,0.2761388102932598
3161,0.26482886367529446,0.12138045724570945,0.6609487973614716,0.45722925885871946,0.039827896734819235
3162,0.8395410145750536,0.18097369830460908,0.5963146712976288,0.27033737151915804,0.9767426135116218
3163,0.3439382948382955,0.30491748707896027,0.6788733507855236,0.3081903739081667,0.5959427250516829
3164,0.4499597271804665,0.2962832573442383,0.7740957923168312,0.7117569387484599,0.34706153371414905
3165,0.6628289434543888,0.6597326183761185,0.5471274517955871,0.6161904637125268,0.9065751162762671
3166,0.16435610189589167,0.25794728860867533,0.01031825663144148,0.7628783715274752,0.05657437285482636
3167,0.6484611315495431,0.06247315515610996,0.33296775572957027,0.2845190131320461,0.057041758832878764
3168,0.46734876205217446,0.19299179049373427,0.3468733091555666,0.11611012045147173,0.5490889144665598
3169,0.2407281810239511,0.09107129888058996,0.6054805143789416,0.9280084019745547,0.15472703459329684
3170,0.7915330421452634,0.2392474310413013,0.5694528662970507,0.6566296104140548,0.15276838495757183
3171,0.07236292350073548,0.3762676950507159,0.8078877741698877,0.3145509294553067,0.3377628609064298
3172,0.7493697610785008,0.8793285683637947,0.49734349536155764,0.8239238262769917,0.08519607982222155
3173,0.30934664282671553,0.5637725827347632,0.6877455960792761,0.9297694318981805,0.49981909066795205
3174,0.14456570140910519,0.9523441740485441,0.6356216208473698,0.4841346799630505,0.6159413382461194
3175,0.9048257252837798,0.15356699699031195,0.5147944070424375,0.688795259106429,0.8190792056523759
3176,0.6968457575722763,0.6048487768110237,0.47310124916333673,0.9318660995590784,0.315099620504799
3177,0.8359452266644805,0.4992606706393994,0.5290522212711586,0.6032404261004203,0.8443679996865356
3178,0.009280090227594351,0.29591775666584297,0.2077558288422252,0.7843558753329914,0.6013294578442843
3179,0.8970666501348051,0.8025763328213232,0.22968197332745355,0.3510766284139373,0.6263879439515235
3180,0.2319613669614633,0.6323691737077461,0.9611256791150996,0.9101051937391422,0.24839527550648866
3181,0.502058877656962,0.9005426809502268,0.1666614913612634,0.49703459388261095,0.2039436520778336
3182,0.5799947220930594,0.5548710901038961,0.9924895627548053,0.9533950108712994,0.235353293419459
3183,0.0013356464619352915,0.5908942851709937,0.9093571220600569,0.39192898292074374,0.9928225528553826
3184,0.638865144719369,0.15484421829293493,0.0565689311280102,0.380459224025505,0.6403877013924192
3185,0.4035213886821629,0.7293374169387229,0.9178869929792779,0.769067438629718,0.8493260160195342
3186,0.6767103720737424,0.4312010195465382,0.2706474234216165,0.9845866142215745,0.3992689508171593
3187,0.268130552773891,0.10987273400748887,0.322411580787929,0.579170593375313,0.49606962164949586
3188,0.7828790792183891,0.4043854184248562,0.8198772447494665,0.15069313873865897,0.6825837125548107
3189,0.4087451923862575,0.08978126479361448,0.7289457770511674,0.4087096497465954,0.12313277636312037
3190,0.33736897640048225,0.7995017345081776,0.4265172985536999,0.0036031902930417914,0.0699160255464426
3191,0.6179870613358845,0.2788887945651195,0.6119488966730624,0.6014449667459782,0.9239390618072519
3192,0.46734876205217446,0.19299179049373427,0.3468733091555666,0.11611012045147173,0.5490889144665598
3193,0.2407281810239511,0.09107129888058996,0.6054805143789416,0.9280084019745547,0.15472703459329684
3194,0.7915330421452634,0.2392474310413013,0.5694528662970507,0.6566296104140548,0.15276838495757183
3195,0.07236292350073548,0.3762676950507159,0.8078877741698877,0.3145509294553067,0.3377628609064298
3196,0.7493697610785008,0.8793285683637947,0.49734349536155764,0.8239238262769917,0.08519607982222155
3197,0.30934664282671553,0.5637725827347632,0.6877455960792761,0.9297694318981805,0.49981909066795205
3198,0.14456570140910519,0.9523441740485441,0.6356216208473698,0.4841346799630505,0.6159413382461194
3199,0.9048257252837798,0.15356699699031195,0.5147944070424375,0.688795259106429,0.8190792056523759
3200,0.6968457575722763,0.6048487768110237,0.47310124916333673,0.9318660995590784,0.315099620504799
3201,0.8359452266644805,0.4992606706393994,0.5290522212711586,0.6032404261004203,0.8443679996865356
3202,0.009280090227594351,0.29591775666584297,0.2077558288422252,0.7843558753329914,0.6013294578442843
3203,0.8970666501348051,0.8025763328213232,0.22968197332745355,0.3510766284139373,0.6263879439515235
3204,0.2319613669614633,0.6323691737077461,0.9611256791150996,0.9101051937391422,0.24839527550648866
3205,0.502058877656962,0.9005426809502268,0.1666614913612634,0.49703459388261095,0.2039436520778336
3206,0.5799947220930594,0.5548710901038961,0.9924895627548053,0.9533950108712994,0.235353293419459
3207,0.0013356464619352915,0.5908942851709937,0.9093571220600569,0.39192898292074374,0.9928225528553826
3208,0.638865144719369,0.15484421829293493,0.0565689311280102,0.380459224025505,0.6403877013924192
3209,0.4035213886821629,0.7293374169387229,0.9178869929792779,0.769067438629718,0.8493260160195342
3210,0.6767103720737424,0.4312010195465382,0.2706474234216165,0.9845866142215745,0.3992689508171593
3211,0.268130552773891,0.10987273400748887,0.322411580787929,0.579170593375313,0.49606962164949586
3212,0.7828790792183891,0.4043854184248562,0.8198772447494665,0.15069313873865897,0.6825837125548107
3213,0.4087451923862575,0.08978126479361448,0.7289457770511674,0.4087096497465954,0.12313277636312037
3214,0.33736897640048225,0.7995017345081776,0.4265172985536999,0.0036031902930417914,0.0699160255464426
3215,0.6179870613358845,0.2788887945651195,0.6119488966730624,0.6014449667459782,0.9239390618072519
3216,0.46734876205217446,0.19299179049373427,0.3468733091555666,0.11611012045147173,0.5490889144665598
3217,0.2407281810239511,0.09107129888058996,0.6054805143789416,0.9280084019745547,0.15472703459329684
3218,0.7915330421452634,0.2392474310413013,0.5694528662970507,0.6566296104140548,0.15276838495757183
3219,0.07236292350073548,0.3762676950507159,0.8078877741698877,0.3145509294553067,0.3377628609064298
3220,0.7493697610785008,0.8793285683637947,0.49734349536155764,0.8239238262769917,0.08519607982222155
3221,0.30934664282671553,0.5637725827347632,0.6877455960792761,0.9297694318981805,0.49981909066795205
3222,0.14456570140910519,0.9523441740485441,0.6356216208473698,0.4841346799630505,0.6159413382461194
3223,0.9048257252837798,0.15356699699031195,0.5147944070424375,0.688795259106429,0.8190792056523759
3224,0.6968457575722763,0.6048487768110237,0.47310124916333673,0.9318660995590784,0.315099620504799
3225,0.8359452266644805,0.4992606706393994,0.5290522212711586,0.6032404261004203,0.8443679996865356
3226,0.009280090227594351,0.29591775666584297,0.2077558288422252,0.7843558753329914,0.6013294578442843
3227,0.8970666501348051,0.8025763328213232,0.22968197332745355,0.3510766284139373,0.6263879439515235
3228,0.2319613669614633,0.6323691737077461,0.9611256791150996,0.9101051937391422,0.24839527550648866
3229,0.502058877656962,0.9005426809502268,0.1666614913612634,0.49703459388261095,0.2039436520778336
3230,0.5799947220930594,0.5548710901038961,0.9924895627548053,0.9533950108712994,0.235353293419459
3231,0.0013356464619352915,0.5908942851709937,0.9093571220600569,0.39192898292074374,0.9928225528553826
3232,0.638865144719369,0.15484421829293493,0.0565689311280102,0.380459224025505,0.6403877013924192
3233,0.4035213886821629,0.7293374169387229,0.9178869929792779,0.769067438629718,0.8493260160195342
3234,0.6767103720737424,0.4312010195465382,0.2706474234216165,0.9845866142215745,0.3992689508171593
3235,0.268130552773891,0.10987273400748887,0.322411580787929,0.579170593375313,0.49606962164949586
3236,0.7828790792183891,0.4043854184248562,0.8198772447494665,0.15069313873865897,0.6825837125548107
3237,0.4087451923862575,0.08978126479361448,0.7289457770511674,0.4087096497465954,0.12313277636312037
3238,0.33736897640048225,0.7995017345081776,0.4265172985536999,0.0036031902930417914,0.0699160255464426
3239,0.6179870613358845,0.2788887945651195,0.6119488966730624,0.6014449667459782,0.9239390618072519
3240,0.08119942273576364,0.918380251618889,0.2072034291262379,0.9789908986949998,0.7605812366012885
3241,0.20518196841956338,0.9944395356371601,0.8699913951957262,0.6318012557379925,0.775406294578274
3242,0.12029545335915048,0.9465989131777108,0.2389168777076247,0.5631514523060189,0.006882606547047088
3243,0.45497189272680827,0.9106111198729966,0.7509739561089669,0.6168025108801637,0.7590697472437893
3244,0.5823811509405162,0.3106811314633784,0.08267807753317447,0.6071793703145606,0.321830906228047
3245,0.9581597760062257,0.12568411627654652,0.59268569164246,0.4322666932624395,0.9824443321868744
3246,0.12075256920914557,0.9867821057475119,0.8169116283012471,0.16311892774891468,0.20835884967754326
3247,0.8368584538122006,0.8924005377222722,0.5383071442854762,0.3044185486881754,0.8425198096008207
3248,0.6379752291671068,0.256967643528887,0.6037765262927276,0.36394801332733573,0.8254076890619257
3249,0.29556933085443293,0.6699096353516709,0.12136255255569506,0.6095559442954196,0.9610518130379864
3250,0.9119319126202493,0.33005478029989366,0.6346612992973985,0.6909568423864734,0.3649437195879386
3251,0.017236825987758886,0.6716292718813686,0.5621043200962933,0.6071261471942283,0.1877430194069094
3252,0.778477786553463,0.027723399338113186,0.7686848981377713,0.7796127166059962,0.21564805967638634
3253,0.900571764048458,0.24850046294283656,0.5171932785192996,0.1994521591994456,0.7967509247522842
3254,0.35651972646177643,0.0982437449318172,0.9204051935673014,0.9849735350237291,0.22302303597750583
3255,0.5462327386104502,0.9141825380536812,0.6128925300713509,0.834663661228924,0.16347184376874713
3256,0.8609247591285041,0.7388396990132401,0.8867833002022126,0.8827863113670819,0.2761388102932598
3257,0.26482886367529446,0.12138045724570945,0.6609487973614716,0.45722925885871946,0.039827896734819235
3258,0.8395410145750536,0.18097369830460908,0.5963146712976288,0.27033737151915804,0.9767426135116218
3259,0.3439382948382955,0.30491748707896027,0.6788733507855236,0.3081903739081667,0.5959427250516829
3260,0.4499597271804665,0.2962832573442383,0.7740957923168312,0.7117569387484599,0.34706153371414905
3261,0.6628289434543888,0.6597326183761185,0.5471274517955871,0.6161904637125268,0.9065751162762671
3262,0.16435610189589167,0.25794728860867533,0.01031825663144148,0.7628783715274752,0.05657437285482636
3263,0.6484611315495431,0.06247315515610996,0.33296775572957027,0.2845190131320461,0.057041758832878764
3264,0.08119942273576364,0.918380251618889,0.2072034291262379,0.9789908986949998,0.7605812366012885
3265,0.20518196841956338,0.9944395356371601,0.8699913951957262,0.6318012557379925,0.775406294578274
3266,0.12029545335915048,0.9465989131777108,0.2389168777076247,0.5631514523060189,0.006882606547047088
3267,0.45497189272680827,0.9106111198729966,0.7509739561089669,0.6168025108801637,0.7590697472437893
3268,0.5823811509405162,0.3106811314633784,0.08267807753317447,0.6071793703145606,0.321830906228047
3269,0.9581597760062257,0.12568411627654652,0.59268569164246,0.4322666932624395,0.9824443321868744
3270,0.12075256920914557,0.9867821057475119,0.8169116283012471,0.16311892774891468,0.20835884967754326
3271,0.8368584538122006,0.8924005377222722,0.5383071442854762,0.3044185486881754,0.8425198096008207
3272,0.6379752291671068,0.256967643528887,0.6037765262927276,0.36394801332733573,0.8254076890619257
3273,0.29556933085443293,0.6699096353516709,0.12136255255569506,0.6095559442954196,0.9610518130379864
3274,0.9119319126202493,0.33005478029989366,0.6346612992973985,0.6909568423864734,0.3649437195879386
3275,0.017236825987758886,0.6716292718813686,0.5621043200962933,0.6071261471942283,0.1877430194069094
3276,0.778477786553463,0.027723399338113186,0.7686848981377713,0.7796127166059962,0.21564805967638634
3277,0.900571764048458,0.24850046294283656,0.5171932785192996,0.1994521591994456,0.7967509247522842
3278,0.35651972646177643,0.0982437449318172,0.9204051935673014,0.9849735350237291,0.22302303597750583
3279,0.5462327386104502,0.9141825380536812,0.6128925300713509,0.834663661228924,0.16347184376874713
3280,0.8609247591285041,0.7388396990132401,0.8867833002022126,0.8827863113670819,0.2761388102932598
3281,0.26482886367529446,0.12138045724570945,0.6609487973614716,0.45722925885871946,0.039827896734819235
3282,0.8395410145750536,0.18097369830460908,0.5963146712976288,0.27033737151915804,0.9767426135116218
3283,0.3439382948382955,0.30491748707896027,0.6788733507855236,0.3081903739081667,0.5959427250516829
3284,0.4499597271804665,0.2962832573442383,0.7740957923168312,0.7117569387484599,0.34706153371414905
3285,0.6628289434543888,0.6597326183761185,0.5471274517955871,0.6161904637125268,0.9065751162762671
3286,0.16435610189589167,0.25794728860867533,0.01031825663144148,0.7628783715274752,0.05657437285482636
3287,0.6484611315495431,0.06247315515610996,0.33296775572957027,0.2845190131320461,0.057041758832878764
3288,0.08119942273576364,0.918380251618889,0.2072034291262379,0.9789908986949998,0.7605812366012885
3289,0.20518196841956338,0.9944395356371601,0.8699913951957262,0.6318012557379925,0.775406294578274
3290,0.12029545335915048,0.9465989131777108,0.2389168777076247,0.5631514523060189,0.006882606547047088
3291,0.45497189272680827,0.9106111198729966,0.7509739561089669,0.6168025108801637,0.7590697472437893
3292,0.5823811509405162,0.3106811314633784,0.08267807753317447,0.6071793703145606,0.321830906228047
3293,0.9581597760062257,0.12568411627654652,0.59268569164246,0.4322666932624395,0.9824443321868744
3294,0.12075256920914557,0.9867821057475119,0.8169116283012471,0.16311892774891468,0.20835884967754326
3295,0.8368584538122006,0.8924005377222722,0.5383071442854762,0.3044185486881754,0.8425198096008207
3296,0.6379752291671068,0.256967643528887,0.6037765262927276,0.36394801332733573,0.8254076890619257
3297,0.29556933085443293,0.6699096353516709,0.12136255255569506,0.6095559442954196,0.9610518130379864
3298,0.9119319126202493,0.33005478029989366,0.6346612992973985,0.6909568423864734,0.3649437195879386
3299,0.017236825987758886,0.6716292718813686,0.5621043200962933,0.6071261471942283,0.1877430194069094
3300,0.778477786553463,0.027723399338113186,0.7686848981377713,0.7796127166059962,0.21564805967638634
3301,0.900571764048458,0.24850046294283656,0.5171932785192996,0.1994521591994456,0.7967509247522842
3302,0.35651972646177643,0.0982437449318172,0.9204051935673014,0.9849735350237291,0.22302303597750583
3303,0.5462327386104502,0.9141825380536812,0.6128925300713509,0.834663661228924,0.16347184376874713
3304,0.8609247591285041,0.7388396990132401,0.8867833002022126,0.8827863113670819,0.2761388102932598
3305,0.26482886367529446,0.12138045724570945,0.6609487973614716,0.45722925885871946,0.039827896734819235
3306,0.8395410145750536,0.18097369830460908,0.5963146712976288,0.27033737151915804,0.9767426135116218
3307,0.3439382948382955,0.30491748707896027,0.6788733507855236,0.3081903739081667,0.5959427250516829
3308,0.4499597271804665,0.2962832573442383,0.7740957923168312,0.7117569387484599,0.34706153371414905
3309,0.6628289434543888,0.6597326183761185,0.5471274517955871,0.6161904637125268,0.9065751162762671
3310,0.16435610189589167,0.25794728860867533,0.01031825663144148,0.7628783715274752,0.05657437285482636
3311,0.6484611315495431,0.06247315515610996,0.33296775572957027,0.2845190131320461,0.057041758832878764
3312,0.08119942273576364,0.918380251618889,0.2072034291262379,0.9789908986949998,0.7605812366012885
3313,0.20518196841956338,0.9944395356371601,0.8699913951957262,0.6318012557379925,0.775406294578274
3314,0.12029545335915048,0.9465989131777108,0.2389168777076247,0.5631514523060189,0.006882606547047088
3315,0.45497189272680827,0.9106111198729966,0.7509739561089669,0.6168025108801637,0.7590697472437893
3316,0.5823811509405162,0.3106811314633784,0.08267807753317447,0.6071793703145606,0.321830906228047
3317,0.9581597760062257,0.12568411627654652,0.59268569164246,0.4322666932624395,0.9824443321868744
3318,0.12075256920914557,0.9867821057475119,0.8169116283012471,0.16311892774891468,0.20835884967754326
3319,0.8368584538122006,0.8924005377222722,0.5383071442854762,0.3044185486881754,0.8425198096008207
3320,0.6379752291671068,0.256967643528887,0.6037765262927276,0.36394801332733573,0.8254076890619257
3321,0.29556933085443293,0.6699096353516709,0.12136255255569506,0.6095559442954196,0.9610518130379864
3322,0.9119319126202493,0.33005478029989366,0.6346612992973985,0.6909568423864734,0.3649437195879386
3323,0.017236825987758886,0.6716292718813686,0.5621043200962933,0.6071261471942283,0.1877430194069094
3324,0.778477786553463,0.027723399338113186,0.7686848981377713,0.7796127166059962,0.21564805967638634
3325,0.900571764048458,0.24850046294283656,0.5171932785192996,0.1994521591994456,0.7967509247522842
3326,0.35651972646177643,0.0982437449318172,0.9204051935673014,0.9849735350237291,0.22302303597750583
3327,0.5462327386104502,0.9141825380536812,0.6128925300713509,0.834663661228924,0.16347184376874713
3328,0.8609247591285041,0.7388396990132401,0.8867833002022126,0.8827863113670819,0.2761388102932598
3329,0.26482886367529446,0.12138045724570945,0.6609487973614716,0.45722925885871946,0.039827896734819235
3330,0.8395410145750536,0.18097369830460908,0.5963146712976288,0.27033737151915804,0.9767426135116218
3331,0.3439382948382955,0.30491748707896027,0.6788733507855236,0.3081903739081667,0.5959427250516829
3332,0.4499597271804665,0.2962832573442383,0.7740957923168312,0.7117569387484599,0.34706153371414905
3333,0.6628289434543888,0.6597326183761185,0.5471274517955871,0.6161904637125268,0.9065751162762671
3334,0.16435610189589167,0.25794728860867533,0.01031825663144148,0.7628783715274752,0.05657437285482636
3335,0.6484611315495431,0.06247315515610996,0.33296775572957027,0.2845190131320461,0.057041758832878764
3336,0.08119942273576364,0.918380251618889,0.2072034291262379,0.9789908986949998,0.7605812366012885
3337,0.20518196841956338,0.9944395356371601,0.8699913951957262,0.6318012557379925,0.775406294578274
3338,0.12029545335915048,0.9465989131777108,0.2389168777076247,0.5631514523060189,0.006882606547047088
3339,0.45497189272680827,0.9106111198729966,0.7509739561089669,0.6168025108801637,0.7590697472437893
3340,0.5823811509405162,0.3106811314633784,0.08267807753317447,0.6071793703145606,0.321830906228047
3341,0.9581597760062257,0.12568411627654652,0.59268569164246,0.4322666932624395,0.9824443321868744
3342,0.12075256920914557,0.9867821057475119,0.8169116283012471,0.16311892774891468,0.20835884967754326
3343,0.8368584538122006,0.8924005377222722,0.5383071442854762,0.3044185486881754,0.8425198096008207
3344,0.6379752291671068,0.256967643528887,0.6037765262927276,0.36394801332733573,0.8254076890619257
3345,0.29556933085443293,0.6699096353516709,0.12136255255569506,0.6095559442954196,0.9610518130379864
3346,0.9119319126202493,0.33005478029989366,0.6346612992973985,0.6909568423864734,0.3649437195879386
3347,0.017236825987758886,0.6716292718813686,0.5621043200962933,0.6071261471942283,0.1877430194069094
3348,0.778477786553463,0.027723399338113186,0.7686848981377713,0.7796127166059962,0.21564805967638634
3349,0.900571764048458,0.24850046294283656,0.5171932785192996,0.1994521591994456,0.7967509247522842
3350,0.35651972646177643,0.0982437449318172,0.9204051935673014,0.9849735350237291,0.22302303597750583
3351,0.5462327386104502,0.9141825380536812,0.6128925300713509,0.834663661228924,0.16347184376874713
3352,0.8609247591285041,0.7388396990132401,0.8867833002022126,0.8827863113670819,0.2761388102932598
3353,0.26482886367529446,0.12138045724570945,0.6609487973614716,0.45722925885871946,0.039827896734819235
3354,0.8395410145750536,0.18097369830460908,0.5963146712976288,0.27033737151915804,0.9767426135116218
3355,0.3439382948382955,0.30491748707896027,0.6788733507855236,0.3081903739081667,0.5959427250516829
3356,0.4499597271804665,0.2962832573442383,0.7740957923168312,0.7117569387484599,0.34706153371414905
3357,0.6628289434543888,0.6597326183761185,0.5471274517955871,0.6161904637125268,0.9065751162762671
3358,0.16435610189589167,0.25794728860867533,0.01031825663144148,0.7628783715274752,0.05657437285482636
3359,0.6484611315495431,0.06247315515610996,0.33296775572957027,0.2845190131320461,0.057041758832878764
3360,0.08119942273576364,0.918380251618889,0.2072034291262379,0.9789908986949998,0.7605812366012885
3361,0.20518196841956338,0.9944395356371601,0.8699913951957262,0.6318012557379925,0.775406294578274
3362,0.12029545335915048,0.9465989131777108,0.2389168777076247,0.5631514523060189,0.006882606547047088
3363,0.45497189272680827,0.9106111198729966,0.7509739561089669,0.6168025108801637,0.7590697472437893
3364,0.5823811509405162,0.3106811314633784,0.08267807753317447,0.6071793703145606,0.321830906228047
3365,0.9581597760062257,0.12568411627654652,0.59268569164246,0.4322666932624395,0.9824443321868744
3366,0.12075256920914557,0.9867821057475119,0.8169116283012471,0.16311892774891468,0.20835884967754326
3367,0.8368584538122006,0.8924005377222722,0.5383071442854762,0.3044185486881754,0.8425198096008207
3368,0.6379752291671068,0.256967643528887,0.6037765262927276,0.36394801332733573,0.8254076890619257
3369,0.29556933085443293,0.6699096353516709,0.12136255255569506,0.6095559442954196,0.9610518130379864
3370,0.9119319126202493,0.33005478029989366,0.6346612992973985,0.6909568423864734,0.3649437195879386
3371,0.017236825987758886,0.6716292718813686,0.5621043200962933,0.6071261471942283,0.1877430194069094
3372,0.778477786553463,0.027723399338113186,0.7686848981377713,0.7796127166059962,0.21564805967638634
3373,0.900571764048458,0.24850046294283656,0.5171932785192996,0.1994521591994456,0.7967509247522842
3374,0.35651972646177643,0.0982437449318172,0.9204051935673014,0.9849735350237291,0.22302303597750583
3375,0.5462327386104502,0.9141825380536812,0.6128925300713509,0.834663661228924,0.16347184376874713
3376,0.8609247591285041,0.7388396990132401,0.8867833002022126,0.8827863113670819,0.2761388102932598
3377,0.26482886367529446,0.12138045724570945,0.6609487973614716,0.45722925885871946,0.039827896734819235
3378,0.8395410145750536,0.18097369830460908,0.5963146712976288,0.27033737151915804,0.9767426135116218
3379,0.3439382948382955,0.30491748707896027,0.6788733507855236,0.3081903739081667,0.5959427250516829
3380,0.4499597271804665,0.2962832573442383,0.7740957923168312,0.7117569387484599,0.34706153371414905
3381,0.6628289434543888,0.6597326183761185,0.5471274517955871,0.6161904637125268,0.9065751162762671
3382,0.16435610189589167,0.25794728860867533,0.01031825663144148,0.7628783715274752,0.05657437285482636
3383,0.6484611315495431,0.06247315515610996,0.33296775572957027,0.2845190131320461,0.057041758832878764
3384,0.46734876205217446,0.19299179049373427,0.3468733091555666,0.11611012045147173,0.5490889144665598
3385,0.2407281810239511,0.09107129888058996,0.6054805143789416,0.9280084019745547,0.15472703459329684
3386,0.7915330421452634,0.2392474310413013,0.5694528662970507,0.6566296104140548,0.15276838495757183
3387,0.07236292350073548,0.3762676950507159,0.8078877741698877,0.3145509294553067,0.3377628609064298
3388,0.7493697610785008,0.8793285683637947,0.49734349536155764,0.8239238262769917,0.08519607982222155
3389,0.30934664282671553,0.5637725827347632,0.6877455960792761,0.9297694318981805,0.49981909066795205
3390,0.14456570140910519,0.9523441740485441,0.6356216208473698,0.4841346799630505,0.6159413382461194
3391,0.9048257252837798,0.15356699699031195,0.5147944070424375,0.688795259106429,0.8190792056523759
3392,0.6968457575722763,0.6048487768110237,0.47310124916333673,0.9318660995590784,0.315099620504799
3393,0.8359452266644805,0.4992606706393994,0.5290522212711586,0.6032404261004203,0.8443679996865356
3394,0.009280090227594351,0.29591775666584297,0.2077558288422252,0.7843558753329914,0.6013294578442843
3395,0.8970666501348051,0.8025763328213232,0.22968197332745355,0.3510766284139373,0.6263879439515235
3396,0.2319613669614633,0.6323691737077461,0.9611256791150996,0.9101051937391422,0.24839527550648866
3397,0.502058877656962,0.9005426809502268,0.1666614913612634,0.49703459388261095,0.2039436520778336
3398,0.5799947220930594,0.5548710901038961,0.9924895627548053,0.9533950108712994,0.235353293419459
3399,0.0013356464619352915,0.5908942851709937,0.9093571220600569,0.39192898292074374,0.9928225528553826
3400,0.638865144719369,0.15484421829293493,0.0565689311280102,0.380459224025505,0.6403877013924192
3401,0.4035213886821629,0.7293374169387229,0.9178869929792779,0.769067438629718,0.8493260160195342
3402,0.6767103720737424,0.4312010195465382,0.2706474234216165,0.9845866142215745,0.3992689508171593
3403,0.268130552773891,0.10987273400748887,0.322411580787929,0.579170593375313,0.49606962164949586
3404,0.7828790792183891,0.4043854184248562,0.8198772447494665,0.15069313873865897,0.6825837125548107
3405,0.4087451923862575,0.08978126479361448,0.7289457770511674,0.4087096497465954,0.12313277636312037
3406,0.33736897640048225,0.7995017345081776,0.4265172985536999,0.0036031902930417914,0.0699160255464426
3407,0.6179870613358845,0.2788887945651195,0.6119488966730624,0.6014449667459782,0.9239390618072519
3408,0.46734876205217446,0.19299179049373427,0.3468733091555666,0.11611012045147173,0.5490889144665598
3409,0.2407281810239511,0.09107129888058996,0.6054805143789416,0.9280084019745547,0.15472703459329684
3410,0.7915330421452634,0.2392474310413013,0.5694528662970507,0.6566296104140548,0.15276838495757183
3411,0.07236292350073548,0.3762676950507159,0.8078877741698877,0.3145509294553067,0.3377628609064298
3412,0.7493697610785008,0.8793285683637947,0.49734349536155764,0.8239238262769917,0.08519607982222155
3413,0.30934664282671553,0.5637725827347632,0.6877455960792761,0.9297694318981805,0.49981909066795205
3414,0.14456570140910519,0.9523441740485441,0.6356216208473698,0.4841346799630505,0.6159413382461194
3415,0.9048257252837798,0.15356699699031195,0.5147944070424375,0.688795259106429,0.8190792056523759
3416,0.6968457575722763,0.6048487768110237,0.47310124916333673,0.9318660995590784,0.315099620504799
3417,0.8359452266644805,0.4992606706393994,0.5290522212711586,0.6032404261004203,0.8443679996865356
3418,0.009280090227594351,0.29591775666584297,0.2077558288422252,0.7843558753329914,0.6013294578442843
3419,0.8970666501348051,0.8025763328213232,0.22968197332745355,0.3510766284139373,0.6263879439515235
3420,0.2319613669614633,0.6323691737077461,0.9611256791150996,0.9101051937391422,0.24839527550648866
3421,0.502058877656962,0.9005426809502268,0.1666614913612634,0.49703459388261095,0.2039436520778336
3422,0.5799947220930594,0.5548710901038961,0.9924895627548053,0.9533950108712994,0.235353293419459
3423,0.0013356464619352915,0.5908942851709937,0.9093571220600569,0.39192898292074374,0.9928225528553826
3424,0.638865144719369,0.15484421829293493,0.0565689311280102,0.380459224025505,0.6403877013924192
3425,0.4035213886821629,0.7293374169387229,0.9178869929792779,0.769067438629718,0.8493260160195342
3426,0.6767103720737424,0.4312010195465382,0.2706474234216165,0.9845866142215745,0.3992689508171593
3427,0.268130552773891,0.10987273400748887,0.322411580787929,0.579170593375313,0.49606962164949586
3428,0.7828790792183891,0.4043854184248562,0.8198772447494665,0.15069313873865897,0.6825837125548107
3429,0.4087451923862575,0.08978126479361448,0.7289457770511674,0.4087096497465954,0.12313277636312037
3430,0.33736897640048225,0.7995017345081776,0.4265172985536999,0.0036031902930417914,0.0699160255464426
3431,0.6179870613358845,0.2788887945651195,0.6119488966730624,0.6014449667459782,0.9239390618072519
3432,0.08119942273576364,0.918380251618889,0.2072034291262379,0.9789908986949998,0.7605812366012885
3433,0.20518196841956338,0.9944395356371601,0.8699913951957262,0.6318012557379925,0.775406294578274
3434,0.12029545335915048,0.9465989131777108,0.2389168777076247,0.5631514523060189,0.006882606547047088
3435,0.45497189272680827,0.9106111198729966,0.7509739561089669,0.6168025108801637,0.7590697472437893
3436,0.5823811509405162,0.3106811314633784,0.08267807753317447,0.6071793703145606,0.321830906228047
3437,0.9581597760062257,0.12568411627654652,0.59268569164246,0.4322666932624395,0.9824443321868744
3438,0.12075256920914557,0.9867821057475119,0.8169116283012471,0.16311892774891468,0.20835884967754326
3439,0.8368584538122006,0.8924005377222722,0.5383071442854762,0.3044185486881754,0.8425198096008207
3440,0.6379752291671068,0.256967643528887,0.6037765262927276,0.36394801332733573,0.8254076890619257
3441,0.29556933085443293,0.6699096353516709,0.12136255255569506,0.6095559442954196,0.9610518130379864
3442,0.9119319126202493,0.33005478029989366,0.6346612992973985,0.6909568423864734,0.3649437195879386
3443,0.017236825987758886,0.6716292718813686,0.5621043200962933,0.6071261471942283,0.1877430194069094
3444,0.778477786553463,0.027723399338113186,0.7686848981377713,0.7796127166059962,0.21564805967638634
3445,0.900571764048458,0.24850046294283656,0.5171932785192996,0.1994521591994456,0.7967509247522842
3446,0.35651972646177643,0.0982437449318172,0.9204051935673014,0.9849735350237291,0.22302303597750583
3447,0.5462327386104502,0.9141825380536812,0.6128925300713509,0.834663661228924,0.16347184376874713
3448,0.8609247591285041,0.7388396990132401,0.8867833002022126,0.8827863113670819,0.2761388102932598
3449,0.26482886367529446,0.12138045724570945,0.6609487973614716,0.45722925885871946,0.039827896734819235
3450,0.8395410145750536,0.18097369830460908,0.5963146712976288,0.27033737151915804,0.9767426135116218
3451,0.3439382948382955,0.30491748707896027,0.6788733507855236,0.3081903739081667,0.5959427250516829
3452,0.4499597271804665,0.2962832573442383,0.7740957923168312,0.7117569387484599,0.34706153371414905
3453,0.6628289434543888,0.6597326183761185,0.5471274517955871,0.6161904637125268,0.9065751162762671
3454,0.16435610189589167,0.25794728860867533,0.01031825663144148,0.7628783715274752,0.05657437285482636
3455,0.6484611315495431,0.06247315515610996,0.33296775572957027,0.2845190131320461,0.057041758832878764
3456,0.46734876205217446,0.19299179049373427,0.3468733091555666,0.11611012045147173,0.5490889144665598
3457,0.2407281810239511,0.09107129888058996,0.6054805143789416,0.9280084019745547,0.15472703459329684
3458,0.7915330421452634,0.2392474310413013,0.5694528662970507,0.6566296104140548,0.15276838495757183
3459,0.07236292350073548,0.3762676950507159,0.8078877741698877,0.3145509294553067,0.3377628609064298
3460,0.7493697610785008,0.8793285683637947,0.49734349536155764,0.8239238262769917,0.08519607982222155
3461,0.30934664282671553,0.5637725827347632,0.6877455960792761,0.9297694318981805,0.49981909066795205
3462,0.14456570140910519,0.9523441740485441,0.6356216208473698,0.4841346799630505,0.6159413382461194
3463,0.9048257252837798,0.15356699699031195,0.5147944070424375,0.688795259106429,0.8190792056523759
3464,0.6968457575722763,0.6048487768110237,0.47310124916333673,0.9318660995590784,0.315099620504799
3465,0.8359452266644805,0.4992606706393994,0.5290522212711586,0.6032404261004203,0.8443679996865356
3466,0.009280090227594351,0.29591775666584297,0.2077558288422252,0.7843558753329914,0.6013294578442843
3467,0.8970666501348051,0.8025763328213232,0.22968197332745355,0.3510766284139373,0.6263879439515235
3468,0.2319613669614633,0.6323691737077461,0.9611256791150996,0.9101051937391422,0.24839527550648866
3469,0.502058877656962,0.9005426809502268,0.1666614913612634,0.49703459388261095,0.2039436520778336
3470,0.5799947220930594,0.5548710901038961,0.9924895627548053,0.9533950108712994,0.235353293419459
3471,0.0013356464619352915,0.5908942851709937,0.9093571220600569,0.39192898292074374,0.9928225528553826
3472,0.638865144719369,0.15484421829293493,0.0565689311280102,0.380459224025505,0.6403877013924192
3473,0.4035213886821629,0.7293374169387229,0.9178869929792779,0.769067438629718,0.8493260160195342
3474,0.6767103720737424,0.4312010195465382,0.2706474234216165,0.9845866142215745,0.3992689508171593
3475,0.268130552773891,0.10987273400748887,0.322411580787929,0.579170593375313,0.49606962164949586
3476,0.7828790792183891,0.4043854184248562,0.8198772447494665,0.15069313873865897,0.6825837125548107
3477,0.4087451923862575,0.08978126479361448,0.7289457770511674,0.4087096497465954,0.12313277636312037
3478,0.33736897640048225,0.7995017345081776,0.4265172985536999,0.0036031902930417914,0.0699160255464426
3479,0.6179870613358845,0.2788887945651195,0.6119488966730624,0.6014449667459782,0.9239390618072519
3480,0.46734876205217446,0.19299179049373427,0.3468733091555666,0.11611012045147173,0.5490889144665598
3481,0.2407281810239511,0.09107129888058996,0.6054805143789416,0.9280084019745547,0.15472703459329684
3482,0.7915330421452634,0.2392474310413013,0.5694528662970507,0.6566296104140548,0.15276838495757183
3483,0.07236292350073548,0.3762676950507159,0.8078877741698877,0.3145509294553067,0.3377628609064298
3484,0.7493697610785008,0.8793285683637947,0.49734349536155764,0.8239238262769917,0.08519607982222155
3485,0.30934664282671553,0.5637725827347632,0.6877455960792761,0.9297694318981805,0.49981909066795205
3486,0.14456570140910519,0.9523441740485441,0.6356216208473698,0.4841346799630505,0.6159413382461194
3487,0.9048257252837798,0.15356699699031195,0.5147944070424375,0.688795259106429,0.8190792056523759
3488,0.6968457575722763,0.6048487768110237,0.47310124916333673,0.9318660995590784,0.315099620504799
3489,0.8359452266644805,0.4992606706393994,0.5290522212711586,0.6032404261004203,0.8443679996865356
3490,0.009280090227594351,0.29591775666584297,0.2077558288422252,0.7843558753329914,0.6013294578442843
3491,0.8970666501348051,0.8025763328213232,0.22968197332745355,0.3510766284139373,0.6263879439515235
3492,0.2319613669614633,0.6323691737077461,0.9611256791150996,0.9101051937391422,0.24839527550648866
3493,0.502058877656962,0.9005426809502268,0.1666614913612634,0.49703459388261095,0.2039436520778336
3494,0.5799947220930594,0.5548710901038961,0.9924895627548053,0.9533950108712994,0.235353293419459
3495,0.0013356464619352915,0.5908942851709937,0.9093571220600569,0.39192898292074374,0.9928225528553826
3496,0.638865144719369,0.15484421829293493,0.0565689311280102,0.380459224025505,0.6403877013924192
3497,0.4035213886821629,0.7293374169387229,0.9178869929792779,0.769067438629718,0.8493260160195342
3498,0.6767103720737424,0.4312010195465382,0.2706474234216165,0.9845866142215745,0.3992689508171593
3499,0.268130552773891,0.10987273400748887,0.322411580787929,0.579170593375313,0.49606962164949586
3500,0.7828790792183891,0.4043854184248562,0.8198772447494665,0.15069313873865897,0.6825837125548107
3501,0.4087451923862575,0.08978126479361448,0.7289457770511674,0.4087096497465954,0.12313277636312037
3502,0.33736897640048225,0.7995017345081776,0.4265172985536999,0.0036031902930417914,0.0699160255464426
3503,0.6179870613358845,0.2788887945651195,0.6119488966730624,0.6014449667459782,0.9239390618072519
3504,0.46734876205217446,0.19299179049373427,0.3468733091555666,0.11611012045147173,0.5490889144665598
3505,0.2407281810239511,0.09107129888058996,0.6054805143789416,0.9280084019745547,0.15472703459329684
3506,0.7915330421452634,0.2392474310413013,0.5694528662970507,0.6566296104140548,0.15276838495757183
3507,0.07236292350073548,0.3762676950507159,0.8078877741698877,0.3145509294553067,0.3377628609064298
3508,0.7493697610785008,0.8793285683637947,0.49734349536155764,0.8239238262769917,0.08519607982222155
3509,0.30934664282671553,0.5637725827347632,0.6877455960792761,0.9297694318981805,0.49981909066795205
3510,0.14456570140910519,0.9523441740485441,0.6356216208473698,0.4841346799630505,0.6159413382461194
3511,0.9048257252837798,0.15356699699031195,0.5147944070424375,0.688795259106429,0.8190792056523759
3512,0.6968457575722763,0.6048487768110237,0.47310124916333673,0.9318660995590784,0.315099620504799
3513,0.8359452266644805,0.4992606706393994,0.5290522212711586,0.6032404261004203,0.8443679996865356
3514,0.009280090227594351,0.29591775666584297,0.2077558288422252,0.7843558753329914,0.6013294578442843
3515,0.8970666501348051,0.8025763328213232,0.22968197332745355,0.3510766284139373,0.6263879439515235
3516,0.2319613669614633,0.6323691737077461,0.9611256791150996,0.9101051937391422,0.24839527550648866
3517,0.502058877656962,0.9005426809502268,0.1666614913612634,0.49703459388261095,0.2039436520778336
3518,0.5799947220930594,0.5548710901038961,0.9924895627548053,0.9533950108712994,0.235353293419459
3519,0.0013356464619352915,0.5908942851709937,0.9093571220600569,0.39192898292074374,0.9928225528553826
3520,0.638865144719369,0.15484421829293493,0.0565689311280102,0.380459224025505,0.6403877013924192
3521,0.4035213886821629,0.7293374169387229,0.9178869929792779,0.769067438629718,0.8493260160195342
3522,0.6767103720737424,0.4312010195465382,0.2706474234216165,0.9845866142215745,0.3992689508171593
3523,0.268130552773891,0.10987273400748887,0.322411580787929,0.579170593375313,0.49606962164949586
3524,0.7828790792183891,0.4043854184248562,0.8198772447494665,0.15069313873865897,0.6825837125548107
3525,0.4087451923862575,0.08978126479361448,0.7289457770511674,0.4087096497465954,0.12313277636312037
3526,0.33736897640048225,0.7995017345081776,0.4265172985536999,0.0036031902930417914,0.0699160255464426
3527,0.6179870613358845,0.2788887945651195,0.6119488966730624,0.6014449667459782,0.9239390618072519
3528,0.46734876205217446,0.19299179049373427,0.3468733091555666,0.11611012045147173,0.5490889144665598
3529,0.2407281810239511,0.09107129888058996,0.6054805143789416,0.9280084019745547,0.15472703459329684
3530,0.7915330421452634,0.2392474310413013,0.5694528662970507,0.6566296104140548,0.15276838495757183
3531,0.07236292350073548,0.3762676950507159,0.8078877741698877,0.3145509294553067,0.3377628609064298
3532,0.7493697610785008,0.8793285683637947,0.49734349536155764,0.8239238262769917,0.08519607982222155
3533,0.30934664282671553,0.5637725827347632,0.6877455960792761,0.9297694318981805,0.49981909066795205
3534,0.14456570140910519,0.9523441740485441,0.6356216208473698,0.4841346799630505,0.6159413382461194
3535,0.9048257252837798,0.15356699699031195,0.5147944070424375,0.688795259106429,0.8190792056523759
3536,0.6968457575722763,0.6048487768110237,0.47310124916333673,0.9318660995590784,0.315099620504799
3537,0.8359452266644805,0.4992606706393994,0.5290522212711586,0.6032404261004203,0.8443679996865356
3538,0.009280090227594351,0.29591775666584297,0.2077558288422252,0.7843558753329914,0.6013294578442843
3539,0.8970666501348051,0.8025763328213232,0.22968197332745355,0.3510766284139373,0.6263879439515235
3540,0.2319613669614633,0.6323691737077461,0.9611256791150996,0.9101051937391422,0.24839527550648866
3541,0.502058877656962,0.9005426809502268,0.1666614913612634,0.49703459388261095,0.2039436520778336
3542,0.5799947220930594,0.5548710901038961,0.9924895627548053,0.9533950108712994,0.235353293419459
3543,0.0013356464619352915,0.5908942851709937,0.9093571220600569,0.39192898292074374,0.9928225528553826
3544,0.638865144719369,0.15484421829293493,0.0565689311280102,0.380459224025505,0.6403877013924192
3545,0.4035213886821629,0.7293374169387229,0.9178869929792779,0.769067438629718,0.8493260160195342
3546,0.6767103720737424,0.4312010195465382,0.2706474234216165,0.9845866142215745,0.3992689508171593
3547,0.268130552773891,0.10987273400748887,0.322411580787929,0.579170593375313,0.49606962164949586
3548,0.7828790792183891,0.4043854184248562,0.8198772447494665,0.15069313873865897,0.6825837125548107
3549,0.4087451923862575,0.08978126479361448,0.7289457770511674,0.4087096497465954,0.12313277636312037
3550,0.33736897640048225,0.7995017345081776,0.4265172985536999,0.0036031902930417914,0.0699160255464426
3551,0.6179870613358845,0.2788887945651195,0.6119488966730624,0.6014449667459782,0.9239390618072519
3552,0.46734876205217446,0.19299179049373427,0.3468733091555666,0.11611012045147173,0.5490889144665598
3553,0.2407281810239511,0.09107129888058996,0.6054805143789416,0.9280084019745547,0.15472703459329684
3554,0.7915330421452634,0.2392474310413013,0.5694528662970507,0.6566296104140548,0.15276838495757183
3555,0.07236292350073548,0.3762676950507159,0.8078877741698877,0.3145509294553067,0.3377628609064298
3556,0.7493697610785008,0.8793285683637947,0.49734349536155764,0.8239238262769917,0.08519607982222155
3557,0.30934664282671553,0.5637725827347632,0.6877455960792761,0.9297694318981805,0.49981909066795205
3558,0.14456570140910519,0.9523441740485441,0.6356216208473698,0.4841346799630505,0.6159413382461194
3559,0.9048257252837798,0.15356699699031195,0.5147944070424375,0.688795259106429,0.8190792056523759
3560,0.6968457575722763,0.6048487768110237,0.47310124916333673,0.9318660995590784,0.315099620504799
3561,0.8359452266644805,0.4992606706393994,0.5290522212711586,0.6032404261004203,0.8443679996865356
3562,0.009280090227594351,0.29591775666584297,0.2077558288422252,0.7843558753329914,0.6013294578442843
3563,0.8970666501348051,0.8025763328213232,0.22968197332745355,0.3510766284139373,0.6263879439515235
3564,0.2319613669614633,0.6323691737077461,0.9611256791150996,0.9101051937391422,0.24839527550648866
3565,0.502058877656962,0.9005426809502268,0.1666614913612634,0.49703459388261095,0.2039436520778336
3566,0.5799947220930594,0.5548710901038961,0.9924895627548053,0.9533950108712994,0.235353293419459
3567,0.0013356464619352915,0.5908942851709937,0.9093571220600569,0.39192898292074374,0.9928225528553826
3568,0.638865144719369,0.15484421829293493,0.0565689311280102,0.380459224025505,0.6403877013924192
3569,0.4035213886821629,0.7293374169387229,0.9178869929792779,0.769067438629718,0.8493260160195342
3570,0.6767103720737424,0.4312010195465382,0.2706474234216165,0.9845866142215745,0.3992689508171593
3571,0.268130552773891,0.10987273400748887,0.322411580787929,0.579170593375313,0.49606962164949586
3572,0.7828790792183891,0.4043854184248562,0.8198772447494665,0.15069313873865897,0.6825837125548107
3573,0.4087451923862575,0.08978126479361448,0.7289457770511674,0.4087096497465954,0.12313277636312037
3574,0.33736897640048225,0.7995017345081776,0.4265172985536999,0.0036031902930417914,0.0699160255464426
3575,0.6179870613358845,0.2788887945651195,0.6119488966730624,0.6014449667459782,0.9239390618072519
3576,0.46734876205217446,0.19299179049373427,0.3468733091555666,0.11611012045147173,0.5490889144665598
3577,0.2407281810239511,0.09107129888058996,0.6054805143789416,0.9280084019745547,0.15472703459329684
3578,0.7915330421452634,0.2392474310413013,0.5694528662970507,0.6566296104140548,0.15276838495757183
3579,0.07236292350073548,0.3762676950507159,0.8078877741698877,0.3145509294553067,0.3377628609064298
3580,0.7493697610785008,0.8793285683637947,0.49734349536155764,0.8239238262769917,0.08519607982222155
3581,0.30934664282671553,0.5637725827347632,0.6877455960792761,0.9297694318981805,0.49981909066795205
3582,0.14456570140910519,0.9523441740485441,0.6356216208473698,0.4841346799630505,0.6159413382461194
3583,0.9048257252837798,0.15356699699031195,0.5147944070424375,0.688795259106429,0.8190792056523759
3584,0.6968457575722763,0.6048487768110237,0.47310124916333673,0.9318660995590784,0.315099620504799
3585,0.8359452266644805,0.4992606706393994,0.5290522212711586,0.6032404261004203,0.8443679996865356
3586,0.009280090227594351,0.29591775666584297,0.2077558288422252,0.7843558753329914,0.6013294578442843
3587,0.8970666501348051,0.8025763328213232,0.22968197332745355,0.3510766284139373,0.6263879439515235
3588,0.2319613669614633,0.6323691737077461,0.9611256791150996,0.9101051937391422,0.24839527550648866
3589,0.502058877656962,0.9005426809502268,0.1666614913612634,0.49703459388261095,0.2039436520778336
3590,0.5799947220930594,0.5548710901038961,0.9924895627548053,0.9533950108712994,0.235353293419459
3591,0.0013356464619352915,0.5908942851709937,0.9093571220600569,0.39192898292074374,0.9928225528553826
3592,0.638865144719369,0.15484421829293493,0.0565689311280102,0.380459224025505,0.6403877013924192
3593,0.4035213886821629,0.7293374169387229,0.9178869929792779,0.769067438629718,0.8493260160195342
3594,0.6767103720737424,0.4312010195465382,0.2706474234216165,0.9845866142215745,0.3992689508171593
3595,0.268130552773891,0.10987273400748887,0.322411580787929,0.579170593375313,0.49606962164949586
3596,0.7828790792183891,0.4043854184248562,0.8198772447494665,0.15069313873865897,0.6825837125548107
3597,0.4087451923862575,0.08978126479361448,0.7289457770511674,0.4087096497465954,0.12313277636312037
3598,0.33736897640048225,0.7995017345081776,0.4265172985536999,0.0036031902930417914,0.0699160255464426
3599,0.6179870613358845,0.2788887945651195,0.6119488966730624,0.6014449667459782,0.9239390618072519
3600,0.08119942273576364,0.918380251618889,0.2072034291262379,0.9789908986949998,0.7605812366012885
3601,0.20518196841956338,0.9944395356371601,0.8699913951957262,0.6318012557379925,0.775406294578274
3602,0.12029545335915048,0.9465989131777108,0.2389168777076247,0.5631514523060189,0.006882606547047088
3603,0.45497189272680827,0.9106111198729966,0.7509739561089669,0.6168025108801637,0.7590697472437893
3604,0.5823811509405162,0.3106811314633784,0.08267807753317447,0.6071793703145606,0.321830906228047
3605,0.9581597760062257,0.12568411627654652,0.59268569164246,0.4322666932624395,0.9824443321868744
3606,0.12075256920914557,0.9867821057475119,0.8169116283012471,0.16311892774891468,0.20835884967754326
3607,0.8368584538122006,0.8924005377222722,0.5383071442854762,0.3044185486881754,0.8425198096008207
3608,0.6379752291671068,0.256967643528887,0.6037765262927276,0.36394801332733573,0.8254076890619257
3609,0.29556933085443293,0.6699096353516709,0.12136255255569506,0.6095559442954196,0.9610518130379864
3610,0.9119319126202493,0.33005478029989366,0.6346612992973985,0.6909568423864734,0.3649437195879386
3611,0.017236825987758886,0.6716292718813686,0.5621043200962933,0.6071261471942283,0.1877430194069094
3612,0.778477786553463,0.027723399338113186,0.7686848981377713,0.7796127166059962,0.21564805967638634
3613,0.900571764048458,0.24850046294283656,0.5171932785192996,0.1994521591994456,0.7967509247522842
3614,0.35651972646177643,0.0982437449318172,0.9204051935673014,0.9849735350237291,0.22302303597750583
3615,0.5462327386104502,0.9141825380536812,0.6128925300713509,0.834663661228924,0.16347184376874713
3616,0.8609247591285041,0.7388396990132401,0.8867833002022126,0.8827863113670819,0.2761388102932598
3617,0.26482886367529446,0.12138045724570945,0.6609487973614716,0.45722925885871946,0.039827896734819235
3618,0.8395410145750536,0.18097369830460908,0.5963146712976288,0.27033737151915804,0.9767426135116218
3619,0.3439382948382955,0.30491748707896027,0.6788733507855236,0.3081903739081667,0.5959427250516829
3620,0.4499597271804665,0.2962832573442383,0.7740957923168312,0.7117569387484599,0.34706153371414905
3621,0.6628289434543888,0.6597326183761185,0.5471274517955871,0.6161904637125268,0.9065751162762671
3622,0.16435610189589167,0.25794728860867533,0.01031825663144148,0.7628783715274752,0.05657437285482636
3623,0.6484611315495431,0.06247315515610996,0.33296775572957027,0.2845190131320461,0.057041758832878764
3624,0.46734876205217446,0.19299179049373427,0.3468733091555666,0.11611012045147173,0.5490889144665598
3625,0.2407281810239511,0.09107129888058996,0.6054805143789416,0.9280084019745547,0.15472703459329684
3626,0.7915330421452634,0.2392474310413013,0.5694528662970507,0.6566296104140548,0.15276838495757183
3627,0.07236292350073548,0.3762676950507159,0.8078877741698877,0.3145509294553067,0.3377628609064298
3628,0.7493697610785008,0.8793285683637947,0.49734349536155764,0.8239238262769917,0.08519607982222155
3629,0.30934664282671553,0.5637725827347632,0.6877455960792761,0.9297694318981805,0.49981909066795205
3630,0.14456570140910519,0.9523441740485441,0.6356216208473698,0.4841346799630505,0.6159413382461194
3631,0.9048257252837798,0.15356699699031195,0.5147944070424375,0.688795259106429,0.8190792056523759
3632,0.6968457575722763,0.6048487768110237,0.47310124916333673,0.9318660995590784,0.315099620504799
3633,0.8359452266644805,0.4992606706393994,0.5290522212711586,0.6032404261004203,0.8443679996865356
3634,0.009280090227594351,0.29591775666584297,0.2077558288422252,0.7843558753329914,0.6013294578442843
3635,0.8970666501348051,0.8025763328213232,0.22968197332745355,0.3510766284139373,0.6263879439515235
3636,0.2319613669614633,0.6323691737077461,0.9611256791150996,0.9101051937391422,0.24839527550648866
3637,0.502058877656962,0.9005426809502268,0.1666614913612634,0.49703459388261095,0.2039436520778336
3638,0.5799947220930594,0.5548710901038961,0.9924895627548053,0.9533950108712994,0.235353293419459
3639,0.0013356464619352915,0.5908942851709937,0.9093571220600569,0.39192898292074374,0.9928225528553826
3640,0.638865144719369,0.15484421829293493,0.0565689311280102,0.380459224025505,0.6403877013924192
3641,0.4035213886821629,0.7293374169387229,0.9178869929792779,0.769067438629718,0.8493260160195342
3642,0.6767103720737424,0.4312010195465382,0.2706474234216165,0.9845866142215745,0.3992689508171593
3643,0.268130552773891,0.10987273400748887,0.322411580787929,0.579170593375313,0.49606962164949586
3644,0.7828790792183891,0.4043854184248562,0.8198772447494665,0.15069313873865897,0.6825837125548107
3645,0.4087451923862575,0.08978126479361448,0.7289457770511674,0.4087096497465954,0.12313277636312037
3646,0.33736897640048225,0.7995017345081776,0.4265172985536999,0.0036031902930417914,0.0699160255464426
3647,0.6179870613358845,0.2788887945651195,0.6119488966730624,0.6014449667459782,0.9239390618072519
3648,0.08119942273576364,0.918380251618889,0.2072034291262379,0.9789908986949998,0.7605812366012885
3649,0.20518196841956338,0.9944395356371601,0.8699913951957262,0.6318012557379925,0.775406294578274
3650,0.12029545335915048,0.9465989131777108,0.2389168777076247,0.5631514523060189,0.006882606547047088
3651,0.45497189272680827,0.9106111198729966,0.7509739561089669,0.6168025108801637,0.7590697472437893
3652,0.5823811509405162,0.3106811314633784,0.08267807753317447,0.6071793703145606,0.321830906228047
3653,0.9581597760062257,0.12568411627654652,0.59268569164246,0.4322666932624395,0.9824443321868744
3654,0.12075256920914557,0.9867821057475119,0.8169116283012471,0.16311892774891468,0.20835884967754326
3655,0.8368584538122006,0.8924005377222722,0.5383071442854762,0.3044185486881754,0.8425198096008207
3656,0.6379752291671068,0.256967643528887,0.6037765262927276,0.36394801332733573,0.8254076890619257
3657,0.29556933085443293,0.6699096353516709,0.12136255255569506,0.6095559442954196,0.9610518130379864
3658,0.9119319126202493,0.33005478029989366,0.6346612992973985,0.6909568423864734,0.3649437195879386
3659,0.017236825987758886,0.6716292718813686,0.5621043200962933,0.6071261471942283,0.1877430194069094
3660,0.778477786553463,0.027723399338113186,0.7686848981377713,0.7796127166059962,0.21564805967638634
3661,0.900571764048458,0.24850046294283656,0.5171932785192996,0.1994521591994456,0.7967509247522842
3662,0.35651972646177643,0.0982437449318172,0.9204051935673014,0.9849735350237291,0.22302303597750583
3663,0.5462327386104502,0.9141825380536812,0.6128925300713509,0.834663661228924,0.16347184376874713
3664,0.8609247591285041,0.7388396990132401,0.8867833002022126,0.8827863113670819,0.2761388102932598
3665,0.26482886367529446,0.12138045724570945,0.6609487973614716,0.45722925885871946,0.039827896734819235
3666,0.8395410145750536,0.18097369830460908,0.5963146712976288,0.27033737151915804,0.9767426135116218
3667,0.3439382948382955,0.30491748707896027,0.6788733507855236,0.3081903739081667,0.5959427250516829
3668,0.4499597271804665,0.2962832573442383,0.7740957923168312,0.7117569387484599,0.34706153371414905
3669,0.6628289434543888,0.6597326183761185,0.5471274517955871,0.6161904637125268,0.9065751162762671
3670,0.16435610189589167,0.25794728860867533,0.01031825663144148,0.7628783715274752,0.05657437285482636
3671,0.6484611315495431,0.06247315515610996,0.33296775572957027,0.2845190131320461,0.057041758832878764
3672,0.46734876205217446,0.19299179049373427,0.3468733091555666,0.11611012045147173,0.5490889144665598
3673,0.2407281810239511,0.09107129888058996,0.6054805143789416,0.9280084019745547,0.15472703459329684
3674,0.7915330421452634,0.2392474310413013,0.5694528662970507,0.6566296104140548,0.15276838495757183
3675,0.07236292350073548,0.3762676950507159,0.8078877741698877,0.3145509294553067,0.3377628609064298
3676,0.7493697610785008,0.8793285683637947,0.49734349536155764,0.8239238262769917,0.08519607982222155
3677,0.30934664282671553,0.5637725827347632,0.6877455960792761,0.9297694318981805,0.49981909066795205
3678,0.14456570140910519,0.9523441740485441,0.6356216208473698,0.4841346799630505,0.6159413382461194
3679,0.9048257252837798,0.15356699699031195,0.5147944070424375,0.688795259106429,0.8190792056523759
3680,0.6968457575722763,0.6048487768110237,0.47310124916333673,0.9318660995590784,0.315099620504799
3681,0.8359452266644805,0.4992606706393994,0.5290522212711586,0.6032404261004203,0.8443679996865356
3682,0.009280090227594351,0.29591775666584297,0.2077558288422252,0.7843558753329914,0.6013294578442843
3683,0.8970666501348051,0.8025763328213232,0.22968197332745355,0.3510766284139373,0.6263879439515235
3684,0.2319613669614633,0.6323691737077461,0.9611256791150996,0.9101051937391422,0.24839527550648866
3685,0.502058877656962,0.9005426809502268,0.1666614913612634,0.49703459388261095,0.2039436520778336
3686,0.5799947220930594,0.5548710901038961,0.9924895627548053,0.9533950108712994,0.235353293419459
3687,0.0013356464619352915,0.5908942851709937,0.9093571220600569,0.39192898292074374,0.9928225528553826
3688,0.638865144719369,0.15484421829293493,0.0565689311280102,0.380459224025505,0.6403877013924192
3689,0.4035213886821629,0.7293374169387229,0.9178869929792779,0.769067438629718,0.8493260160195342
3690,0.6767103720737424,0.4312010195465382,0.2706474234216165,0.9845866142215745,0.3992689508171593
3691,0.268130552773891,0.10987273400748887,0.322411580787929,0.579170593375313,0.49606962164949586
3692,0.7828790792183891,0.4043854184248562,0.8198772447494665,0.15069313873865897,0.6825837125548107
3693,0.4087451923862575,0.08978126479361448,0.7289457770511674,0.4087096497465954,0.12313277636312037
3694,0.33736897640048225,0.7995017345081776,0.4265172985536999,0.0036031902930417914,0.0699160255464426
3695,0.6179870613358845,0.2788887945651195,0.6119488966730624,0.6014449667459782,0.9239390618072519
3696,0.08119942273576364,0.918380251618889,0.2072034291262379,0.9789908986949998,0.7605812366012885
3697,0.20518196841956338,0.9944395356371601,0.8699913951957262,0.6318012557379925,0.775406294578274
3698,0.12029545335915048,0.9465989131777108,0.2389168777076247,0.5631514523060189,0.006882606547047088
3699,0.45497189272680827,0.9106111198729966,0.7509739561089669,0.6168025108801637,0.7590697472437893
3700,0.5823811509405162,0.3106811314633784,0.08267807753317447,0.6071793703145606,0.321830906228047
3701,0.9581597760062257,0.12568411627654652,0.59268569164246,0.4322666932624395,0.9824443321868744
3702,0.12075256920914557,0.9867821057475119,0.8169116283012471,0.16311892774891468,0.20835884967754326
3703,0.8368584538122006,0.8924005377222722,0.5383071442854762,0.3044185486881754,0.8425198096008207
3704,0.6379752291671068,0.256967643528887,0.6037765262927276,0.36394801332733573,0.8254076890619257
3705,0.29556933085443293,0.6699096353516709,0.12136255255569506,0.6095559442954196,0.9610518130379864
3706,0.9119319126202493,0.33005478029989366,0.6346612992973985,0.6909568423864734,0.3649437195879386
3707,0.017236825987758886,0.6716292718813686,0.5621043200962933,0.6071261471942283,0.1877430194069094
3708,0.778477786553463,0.027723399338113186,0.7686848981377713,0.7796127166059962,0.21564805967638634
3709,0.900571764048458,0.24850046294283656,0.5171932785192996,0.1994521591994456,0.7967509247522842
3710,0.35651972646177643,0.0982437449318172,0.9204051935673014,0.9849735350237291,0.22302303597750583
3711,0.5462327386104502,0.9141825380536812,0.6128925300713509,0.834663661228924,0.16347184376874713
3712,0.8609247591285041,0.7388396990132401,0.8867833002022126,0.8827863113670819,0.2761388102932598
3713,0.26482886367529446,0.12138045724570945,0.6609487973614716,0.45722925885871946,0.039827896734819235
3714,0.8395410145750536,0.18097369830460908,0.5963146712976288,0.27033737151915804,0.9767426135116218
3715,0.3439382948382955,0.30491748707896027,0.6788733507855236,0.3081903739081667,0.5959427250516829
3716,0.4499597271804665,0.2962832573442383,0.7740957923168312,0.7117569387484599,0.34706153371414905
3717,0.6628289434543888,0.6597326183761185,0.5471274517955871,0.6161904637125268,0.9065751162762671
3718,0.16435610189589167,0.25794728860867533,0.01031825663144148,0.7628783715274752,0.05657437285482636
3719,0.6484611315495431,0.06247315515610996,0.33296775572957027,0.2845190131320461,0.057041758832878764
3720,0.08119942273576364,0.918380251618889,0.2072034291262379,0.9789908986949998,0.7605812366012885
3721,0.20518196841956338,0.9944395356371601,0.8699913951957262,0.6318012557379925,0.775406294578274
3722,0.12029545335915048,0.9465989131777108,0.2389168777076247,0.5631514523060189,0.006882606547047088
3723,0.45497189272680827,0.9106111198729966,0.7509739561089669,0.6168025108801637,0.7590697472437893
3724,0.5823811509405162,0.3106811314633784,0.08267807753317447,0.6071793703145606,0.321830906228047
3725,0.9581597760062257,0.12568411627654652,0.59268569164246,0.4322666932624395,0.9824443321868744
3726,0.12075256920914557,0.9867821057475119,0.8169116283012471,0.16311892774891468,0.20835884967754326
3727,0.8368584538122006,0.8924005377222722,0.5383071442854762,0.3044185486881754,0.8425198096008207
3728,0.6379752291671068,0.256967643528887,0.6037765262927276,0.36394801332733573,0.8254076890619257
3729,0.29556933085443293,0.6699096353516709,0.12136255255569506,0.6095559442954196,0.9610518130379864
3730,0.9119319126202493,0.33005478029989366,0.6346612992973985,0.6909568423864734,0.3649437195879386
3731,0.017236825987758886,0.6716292718813686,0.5621043200962933,0.6071261471942283,0.1877430194069094
3732,0.778477786553463,0.027723399338113186,0.7686848981377713,0.7796127166059962,0.21564805967638634
3733,0.900571764048458,0.24850046294283656,0.5171932785192996,0.1994521591994456,0.7967509247522842
3734,0.35651972646177643,0.0982437449318172,0.9204051935673014,0.9849735350237291,0.22302303597750583
3735,0.5462327386104502,0.9141825380536812,0.6128925300713509,0.834663661228924,0.16347184376874713
3736,0.8609247591285041,0.7388396990132401,0.8867833002022126,0.8827863113670819,0.2761388102932598
3737,0.26482886367529446,0.12138045724570945,0.6609487973614716,0.45722925885871946,0.039827896734819235
3738,0.8395410145750536,0.18097369830460908,0.5963146712976288,0.27033737151915804,0.9767426135116218
3739,0.3439382948382955,0.30491748707896027,0.6788733507855236,0.3081903739081667,0.5959427250516829
3740,0.4499597271804665,0.2962832573442383,0.7740957923168312,0.7117569387484599,0.34706153371414905
3741,0.6628289434543888,0.6597326183761185,0.5471274517955871,0.6161904637125268,0.9065751162762671
3742,0.16435610189589167,0.25794728860867533,0.01031825663144148,0.7628783715274752,0.05657437285482636
3743,0.6484611315495431,0.06247315515610996,0.33296775572957027,0.2845190131320461,0.057041758832878764
3744,0.46734876205217446,0.19299179049373427,0.3468733091555666,0.11611012045147173,0.5490889144665598
3745,0.2407281810239511,0.09107129888058996,0.6054805143789416,0.9280084019745547,0.15472703459329684
3746,0.7915330421452634,0.2392474310413013,0.5694528662970507,0.6566296104140548,0.15276838495757183
3747,0.07236292350073548,0.3762676950507159,0.8078877741698877,0.3145509294553067,0.3377628609064298
3748,0.7493697610785008,0.8793285683637947,0.49734349536155764,0.8239238262769917,0.08519607982222155
3749,0.30934664282671553,0.5637725827347632,0.6877455960792761,0.9297694318981805,0.49981909066795205
3750,0.14456570140910519,0.9523441740485441,0.6356216208473698,0.4841346799630505,0.6159413382461194
3751,0.9048257252837798,0.15356699699031195,0.5147944070424375,0.688795259106429,0.8190792056523759
3752,0.6968457575722763,0.6048487768110237,0.47310124916333673,0.9318660995590784,0.315099620504799
3753,0.8359452266644805,0.4992606706393994,0.5290522212711586,0.6032404261004203,0.8443679996865356
3754,0.009280090227594351,0.29591775666584297,0.2077558288422252,0.7843558753329914,0.6013294578442843
3755,0.8970666501348051,0.8025763328213232,0.22968197332745355,0.3510766284139373,0.6263879439515235
3756,0.2319613669614633,0.6323691737077461,0.9611256791150996,0.9101051937391422,0.24839527550648866
3757,0.502058877656962,0.9005426809502268,0.1666614913612634,0.49703459388261095,0.2039436520778336
3758,0.5799947220930594,0.5548710901038961,0.9924895627548053,0.9533950108712994,0.235353293419459
3759,0.0013356464619352915,0.5908942851709937,0.9093571220600569,0.39192898292074374,0.9928225528553826
3760,0.638865144719369,0.15484421829293493,0.0565689311280102,0.380459224025505,0.6403877013924192
3761,0.4035213886821629,0.7293374169387229,0.9178869929792779,0.769067438629718,0.8493260160195342
3762,0.6767103720737424,0.4312010195465382,0.2706474234216165,0.9845866142215745,0.3992689508171593
3763,0.268130552773891,0.10987273400748887,0.322411580787929,0.579170593375313,0.49606962164949586
3764,0.7828790792183891,0.4043854184248562,0.8198772447494665,0.15069313873865897,0.6825837125548107
3765,0.4087451923862575,0.08978126479361448,0.7289457770511674,0.4087096497465954,0.12313277636312037
3766,0.33736897640048225,0.7995017345081776,0.4265172985536999,0.0036031902930417914,0.0699160255464426
3767,0.6179870613358845,0.2788887945651195,0.6119488966730624,0.6014449667459782,0.9239390618072519
3768,0.46734876205217446,0.19299179049373427,0.3468733091555666,0.11611012045147173,0.5490889144665598
3769,0.2407281810239511,0.09107129888058996,0.6054805143789416,0.9280084019745547,0.15472703459329684
3770,0.7915330421452634,0.2392474310413013,0.5694528662970507,0.6566296104140548,0.15276838495757183
3771,0.07236292350073548,0.3762676950507159,0.8078877741698877,0.3145509294553067,0.3377628609064298
3772,0.7493697610785008,0.8793285683637947,0.49734349536155764,0.8239238262769917,0.08519607982222155
3773,0.30934664282671553,0.5637725827347632,0.6877455960792761,0.9297694318981805,0.49981909066795205
3774,0.14456570140910519,0.9523441740485441,0.6356216208473698,0.4841346799630505,0.6159413382461194
3775,0.9048257252837798,0.15356699699031195,0.5147944070424375,0.688795259106429,0.8190792056523759
3776,0.6968457575722763,0.6048487768110237,0.47310124916333673,0.9318660995590784,0.315099620504799
3777,0.8359452266644805,0.4992606706393994,0.5290522212711586,0.6032404261004203,0.8443679996865356
3778,0.009280090227594351,0.29591775666584297,0.2077558288422252,0.7843558753329914,0.6013294578442843
3779,0.8970666501348051,0.8025763328213232,0.22968197332745355,0.3510766284139373,0.6263879439515235
3780,0.2319613669614633,0.6323691737077461,0.9611256791150996,0.9101051937391422,0.24839527550648866
3781,0.502058877656962,0.9005426809502268,0.1666614913612634,0.49703459388261095,0.2039436520778336
3782,0.5799947220930594,0.5548710901038961,0.9924895627548053,0.9533950108712994,0.235353293419459
3783,0.0013356464619352915,0.5908942851709937,0.9093571220600569,0.39192898292074374,0.9928225528553826
3784,0.638865144719369,0.15484421829293493,0.0565689311280102,0.380459224025505,0.6403877013924192
3785,0.4035213886821629,0.7293374169387229,0.9178869929792779,0.769067438629718,0.8493260160195342
3786,0.6767103720737424,0.4312010195465382,0.2706474234216165,0.9845866142215745,0.3992689508171593
3787,0.268130552773891,0.10987273400748887,0.322411580787929,0.579170593375313,0.49606962164949586
3788,0.7828790792183891,0.4043854184248562,0.8198772447494665,0.15069313873865897,0.6825837125548107
3789,0.4087451923862575,0.08978126479361448,0.7289457770511674,0.4087096497465954,0.12313277636312037
3790,0.33736897640048225,0.7995017345081776,0.4265172985536999,0.0036031902930417914,0.0699160255464426
3791,0.6179870613358845,0.2788887945651195,0.6119488966730624,0.6014449667459782,0.9239390618072519
3792,0.46734876205217446,0.19299179049373427,0.3468733091555666,0.11611012045147173,0.5490889144665598
3793,0.2407281810239511,0.09107129888058996,0.6054805143789416,0.9280084019745547,0.15472703459329684
3794,0.7915330421452634,0.2392474310413013,0.5694528662970507,0.6566296104140548,0.15276838495757183
3795,0.07236292350073548,0.3762676950507159,0.8078877741698877,0.3145509294553067,0.3377628609064298
3796,0.7493697610785008,0.8793285683637947,0.49734349536155764,0.8239238262769917,0.08519607982222155
3797,0.30934664282671553,0.5637725827347632,0.6877455960792761,0.9297694318981805,0.49981909066795205
3798,0.14456570140910519,0.9523441740485441,0.6356216208473698,0.4841346799630505,0.6159413382461194
3799,0.9048257252837798,0.15356699699031195,0.5147944070424375,0.688795259106429,0.8190792056523759
3800,0.6968457575722763,0.6048487768110237,0.47310124916333673,0.9318660995590784,0.315099620504799
3801,0.8359452266644805,0.4992606706393994,0.5290522212711586,0.6032404261004203,0.8443679996865356
3802,0.009280090227594351,0.29591775666584297,0.2077558288422252,0.7843558753329914,0.6013294578442843
3803,0.8970666501348051,0.8025763328213232,0.22968197332745355,0.3510766284139373,0.6263879439515235
3804,0.2319613669614633,0.6323691737077461,0.9611256791150996,0.9101051937391422,0.24839527550648866
3805,0.502058877656962,0.9005426809502268,0.1666614913612634,0.49703459388261095,0.2039436520778336
3806,0.5799947220930594,0.5548710901038961,0.9924895627548053,0.9533950108712994,0.235353293419459
3807,0.0013356464619352915,0.5908942851709937,0.9093571220600569,0.39192898292074374,0.9928225528553826
3808,0.638865144719369,0.15484421829293493,0.0565689311280102,0.380459224025505,0.6403877013924192
3809,0.4035213886821629,0.7293374169387229,0.9178869929792779,0.769067438629718,0.8493260160195342
3810,0.6767103720737424,0.4312010195465382,0.2706474234216165,0.9845866142215745,0.3992689508171593
3811,0.268130552773891,0.10987273400748887,0.322411580787929,0.579170593375313,0.49606962164949586
3812,0.7828790792183891,0.4043854184248562,0.8198772447494665,0.15069313873865897,0.6825837125548107
3813,0.4087451923862575,0.08978126479361448,0.7289457770511674,0.4087096497465954,0.12313277636312037
3814,0.33736897640048225,0.7995017345081776,0.4265172985536999,0.0036031902930417914,0.0699160255464426
3815,0.6179870613358845,0.2788887945651195,0.6119488966730624,0.6014449667459782,0.9239390618072519
3816,0.46734876205217446,0.19299179049373427,0.3468733091555666,0.11611012045147173,0.5490889144665598
3817,0.2407281810239511,0.09107129888058996,0.6054805143789416,0.9280084019745547,0.15472703459329684
3818,0.7915330421452634,0.2392474310413013,0.5694528662970507,0.6566296104140548,0.15276838495757183
3819,0.07236292350073548,0.3762676950507159,0.8078877741698877,0.3145509294553067,0.3377628609064298
3820,0.7493697610785008,0.8793285683637947,0.49734349536155764,0.8239238262769917,0.08519607982222155
3821,0.30934664282671553,0.5637725827347632,0.6877455960792761,0.9297694318981805,0.49981909066795205
3822,0.14456570140910519,0.9523441740485441,0.6356216208473698,0.4841346799630505,0.6159413382461194
3823,0.9048257252837798,0.15356699699031195,0.5147944070424375,0.688795259106429,0.8190792056523759
3824,0.6968457575722763,0.6048487768110237,0.47310124916333673,0.9318660995590784,0.315099620504799
3825,0.8359452266644805,0.4992606706393994,0.5290522212711586,0.6032404261004203,0.8443679996865356
3826,0.009280090227594351,0.29591775666584297,0.2077558288422252,0.7843558753329914,0.6013294578442843
3827,0.8970666501348051,0.8025763328213232,0.22968197332745355,0.3510766284139373,0.6263879439515235
3828,0.2319613669614633,0.6323691737077461,0.9611256791150996,0.9101051937391422,0.24839527550648866
3829,0.502058877656962,0.9005426809502268,0.1666614913612634,0.49703459388261095,0.2039436520778336
3830,0.5799947220930594,0.5548710901038961,0.9924895627548053,0.9533950108712994,0.235353293419459
3831,0.0013356464619352915,0.5908942851709937,0.9093571220600569,0.39192898292074374,0.9928225528553826
3832,0.638865144719369,0.15484421829293493,0.0565689311280102,0.380459224025505,0.6403877013924192
3833,0.4035213886821629,0.7293374169387229,0.9178869929792779,0.769067438629718,0.8493260160195342
3834,0.6767103720737424,0.4312010195465382,0.2706474234216165,0.9845866142215745,0.3992689508171593
3835,0.268130552773891,0.10987273400748887,0.322411580787929,0.579170593375313,0.49606962164949586
3836,0.7828790792183891,0.4043854184248562,0.8198772447494665,0.15069313873865897,0.6825837125548107
3837,0.4087451923862575,0.08978126479361448,0.7289457770511674,0.4087096497465954,0.12313277636312037
3838,0.33736897640048225,0.7995017345081776,0.4265172985536999,0.0036031902930417914,0.0699160255464426
3839,0.6179870613358845,0.2788887945651195,0.6119488966730624,0.6014449667459782,0.9239390618072519
3840,0.46734876205217446,0.19299179049373427,0.3468733091555666,0.11611012045147173,0.5490889144665598
3841,0.2407281810239511,0.09107129888058996,0.6054805143789416,0.9280084019745547,0.15472703459329684
3842,0.7915330421452634,0.2392474310413013,0.5694528662970507,0.6566296104140548,0.15276838495757183
3843,0.07236292350073548,0.3762676950507159,0.8078877741698877,0.3145509294553067,0.3377628609064298
3844,0.7493697610785008,0.8793285683637947,0.49734349536155764,0.8239238262769917,0.08519607982222155
3845,0.30934664282671553,0.5637725827347632,0.6877455960792761,0.9297694318981805,0.49981909066795205
3846,0.14456570140910519,0.9523441740485441,0.6356216208473698,0.4841346799630505,0.6159413382461194
3847,0.9048257252837798,0.15356699699031195,0.5147944070424375,0.688795259106429,0.8190792056523759
3848,0.6968457575722763,0.6048487768110237,0.47310124916333673,0.9318660995590784,0.315099620504799
3849,0.8359452266644805,0.4992606706393994,0.5290522212711586,0.6032404261004203,0.8443679996865356
3850,0.009280090227594351,0.29591775666584297,0.2077558288422252,0.7843558753329914,0.6013294578442843
3851,0.8970666501348051,0.8025763328213232,0.22968197332745355,0.3510766284139373,0.6263879439515235
3852,0.2319613669614633,0.6323691737077461,0.9611256791150996,0.9101051937391422,0.24839527550648866
3853,0.502058877656962,0.9005426809502268,0.1666614913612634,0.49703459388261095,0.2039436520778336
3854,0.5799947220930594,0.5548710901038961,0.9924895627548053,0.9533950108712994,0.235353293419459
3855,0.0013356464619352915,0.5908942851709937,0.9093571220600569,0.39192898292074374,0.9928225528553826
3856,0.638865144719369,0.15484421829293493,0.0565689311280102,0.380459224025505,0.6403877013924192
3857,0.4035213886821629,0.7293374169387229,0.9178869929792779,0.769067438629718,0.8493260160195342
3858,0.6767103720737424,0.4312010195465382,0.2706474234216165,0.9845866142215745,0.3992689508171593
3859,0.268130552773891,0.10987273400748887,0.322411580787929,0.579170593375313,0.49606962164949586
3860,0.7828790792183891,0.4043854184248562,0.8198772447494665,0.15069313873865897,0.6825837125548107
3861,0.4087451923862575,0.08978126479361448,0.7289457770511674,0.4087096497465954,0.12313277636312037
3862,0.33736897640048225,0.7995017345081776,0.4265172985536999,0.0036031902930417914,0.0699160255464426
3863,0.6179870613358845,0.2788887945651195,0.6119488966730624,0.6014449667459782,0.9239390618072519
3864,0.46734876205217446,0.19299179049373427,0.3468733091555666,0.11611012045147173,0.5490889144665598
3865,0.2407281810239511,0.09107129888058996,0.6054805143789416,0.9280084019745547,0.15472703459329684
3866,0.7915330421452634,0.2392474310413013,0.5694528662970507,0.6566296104140548,0.15276838495757183
3867,0.07236292350073548,0.3762676950507159,0.8078877741698877,0.3145509294553067,0.3377628609064298
3868,0.7493697610785008,0.8793285683637947,0.49734349536155764,0.8239238262769917,0.08519607982222155
3869,0.30934664282671553,0.5637725827347632,0.6877455960792761,0.9297694318981805,0.49981909066795205
3870,0.14456570140910519,0.9523441740485441,0.6356216208473698,0.4841346799630505,0.6159413382461194
3871,0.9048257252837798,0.15356699699031195,0.5147944070424375,0.688795259106429,0.8190792056523759
3872,0.6968457575722763,0.6048487768110237,0.47310124916333673,0.9318660995590784,0.315099620504799
3873,0.8359452266644805,0.4992606706393994,0.5290522212711586,0.6032404261004203,0.8443679996865356
3874,0.009280090227594351,0.29591775666584297,0.2077558288422252,0.7843558753329914,0.6013294578442843
3875,0.8970666501348051,0.8025763328213232,0.22968197332745355,0.3510766284139373,0.6263879439515235
3876,0.2319613669614633,0.6323691737077461,0.9611256791150996,0.9101051937391422,0.24839527550648866
3877,0.502058877656962,0.9005426809502268,0.1666614913612634,0.49703459388261095,0.2039436520778336
3878,0.5799947220930594,0.5548710901038961,0.9924895627548053,0.9533950108712994,0.235353293419459
3879,0.0013356464619352915,0.5908942851709937,0.9093571220600569,0.39192898292074374,0.9928225528553826
3880,0.638865144719369,0.15484421829293493,0.0565689311280102,0.380459224025505,0.6403877013924192
3881,0.4035213886821629,0.7293374169387229,0.9178869929792779,0.769067438629718,0.8493260160195342
3882,0.6767103720737424,0.4312010195465382,0.2706474234216165,0.9845866142215745,0.3992689508171593
3883,0.268130552773891,0.10987273400748887,0.322411580787929,0.579170593375313,0.49606962164949586
3884,0.7828790792183891,0.4043854184248562,0.8198772447494665,0.15069313873865897,0.6825837125548107
3885,0.4087451923862575,0.08978126479361448,0.7289457770511674,0.4087096497465954,0.12313277636312037
3886,0.33736897640048225,0.7995017345081776,0.4265172985536999,0.0036031902930417914,0.0699160255464426
3887,0.6179870613358845,0.2788887945651195,0.6119488966730624,0.6014449667459782,0.9239390618072519
3888,0.46734876205217446,0.19299179049373427,0.3468733091555666,0.11611012045147173,0.5490889144665598
3889,0.2407281810239511,0.09107129888058996,0.6054805143789416,0.9280084019745547,0.15472703459329684
3890,0.7915330421452634,0.2392474310413013,0.5694528662970507,0.6566296104140548,0.15276838495757183
3891,0.07236292350073548,0.3762676950507159,0.8078877741698877,0.3145509294553067,0.3377628609064298
3892,0.7493697610785008,0.8793285683637947,0.49734349536155764,0.8239238262769917,0.08519607982222155
3893,0.30934664282671553,0.5637725827347632,0.6877455960792761,0.9297694318981805,0.49981909066795205
3894,0.14456570140910519,0.9523441740485441,0.6356216208473698,0.4841346799630505,0.6159413382461194
3895,0.9048257252837798,0.15356699699031195,0.5147944070424375,0.688795259106429,0.8190792056523759
3896,0.6968457575722763,0.6048487768110237,0.47310124916333673,0.9318660995590784,0.315099620504799
3897,0.8359452266644805,0.4992606706393994,0.5290522212711586,0.6032404261004203,0.8443679996865356
3898,0.009280090227594351,0.29591775666584297,0.2077558288422252,0.7843558753329914,0.6013294578442843
3899,0.8970666501348051,0.8025763328213232,0.22968197332745355,0.3510766284139373,0.6263879439515235
3900,0.2319613669614633,0.6323691737077461,0.9611256791150996,0.9101051937391422,0.24839527550648866
3901,0.502058877656962,0.9005426809502268,0.1666614913612634,0.49703459388261095,0.2039436520778336
3902,0.5799947220930594,0.5548710901038961,0.9924895627548053,0.9533950108712994,0.235353293419459
3903,0.0013356464619352915,0.5908942851709937,0.9093571220600569,0.39192898292074374,0.9928225528553826
3904,0.638865144719369,0.15484421829293493,0.0565689311280102,0.380459224025505,0.6403877013924192
3905,0.4035213886821629,0.7293374169387229,0.9178869929792779,0.769067438629718,0.8493260160195342
3906,0.6767103720737424,0.4312010195465382,0.2706474234216165,0.9845866142215745,0.3992689508171593
3907,0.268130552773891,0.10987273400748887,0.322411580787929,0.579170593375313,0.49606962164949586
3908,0.7828790792183891,0.4043854184248562,0.8198772447494665,0.15069313873865897,0.6825837125548107
3909,0.4087451923862575,0.08978126479361448,0.7289457770511674,0.4087096497465954,0.12313277636312037
3910,0.33736897640048225,0.7995017345081776,0.4265172985536999,0.0036031902930417914,0.0699160255464426
3911,0.6179870613358845,0.2788887945651195,0.6119488966730624,0.6014449667459782,0.9239390618072519
3912,0.08119942273576364,0.918380251618889,0.2072034291262379,0.9789908986949998,0.7605812366012885
3913,0.20518196841956338,0.9944395356371601,0.8699913951957262,0.6318012557379925,0.775406294578274
3914,0.12029545335915048,0.9465989131777108,0.2389168777076247,0.5631514523060189,0.006882606547047088
3915,0.45497189272680827,0.9106111198729966,0.7509739561089669,0.6168025108801637,0.7590697472437893
3916,0.5823811509405162,0.3106811314633784,0.08267807753317447,0.6071793703145606,0.321830906228047
3917,0.9581597760062257,0.12568411627654652,0.59268569164246,0.4322666932624395,0.9824443321868744
3918,0.12075256920914557,0.9867821057475119,0.8169116283012471,0.16311892774891468,0.20835884967754326
3919,0.8368584538122006,0.8924005377222722,0.5383071442854762,0.3044185486881754,0.8425198096008207
3920,0.6379752291671068,0.256967643528887,0.6037765262927276,0.36394801332733573,0.8254076890619257
3921,0.29556933085443293,0.6699096353516709,0.12136255255569506,0.6095559442954196,0.9610518130379864
3922,0.9119319126202493,0.33005478029989366,0.6346612992973985,0.6909568423864734,0.3649437195879386
3923,0.017236825987758886,0.6716292718813686,0.5621043200962933,0.6071261471942283,0.1877430194069094
3924,0.778477786553463,0.027723399338113186,0.7686848981377713,0.7796127166059962,0.21564805967638634
3925,0.900571764048458,0.24850046294283656,0.5171932785192996,0.1994521591994456,0.7967509247522842
3926,0.35651972646177643,0.0982437449318172,0.9204051935673014,0.9849735350237291,0.22302303597750583
3927,0.5462327386104502,0.9141825380536812,0.6128925300713509,0.834663661228924,0.16347184376874713
3928,0.8609247591285041,0.7388396990132401,0.8867833002022126,0.8827863113670819,0.2761388102932598
3929,0.26482886367529446,0.12138045724570945,0.6609487973614716,0.45722925885871946,0.039827896734819235
3930,0.8395410145750536,0.18097369830460908,0.5963146712976288,0.27033737151915804,0.9767426135116218
3931,0.3439382948382955,0.30491748707896027,0.6788733507855236,0.3081903739081667,0.5959427250516829
3932,0.4499597271804665,0.2962832573442383,0.7740957923168312,0.7117569387484599,0.34706153371414905
3933,0.6628289434543888,0.6597326183761185,0.5471274517955871,0.6161904637125268,0.9065751162762671
3934,0.16435610189589167,0.25794728860867533,0.01031825663144148,0.7628783715274752,0.05657437285482636
3935,0.6484611315495431,0.06247315515610996,0.33296775572957027,0.2845190131320461,0.057041758832878764
3936,0.08119942273576364,0.918380251618889,0.2072034291262379,0.9789908986949998,0.7605812366012885
3937,0.20518196841956338,0.9944395356371601,0.8699913951957262,0.6318012557379925,0.775406294578274
3938,0.12029545335915048,0.9465989131777108,0.2389168777076247,0.5631514523060189,0.006882606547047088
3939,0.45497189272680827,0.9106111198729966,0.7509739561089669,0.6168025108801637,0.7590697472437893
3940,0.5823811509405162,0.3106811314633784,0.08267807753317447,0.6071793703145606,0.321830906228047
3941,0.9581597760062257,0.12568411627654652,0.59268569164246,0.4322666932624395,0.9824443321868744
3942,0.12075256920914557,0.9867821057475119,0.8169116283012471,0.16311892774891468,0.20835884967754326
3943,0.8368584538122006,0.8924005377222722,0.5383071442854762,0.3044185486881754,0.8425198096008207
3944,0.6379752291671068,0.256967643528887,0.6037765262927276,0.36394801332733573,0.8254076890619257
3945,0.29556933085443293,0.6699096353516709,0.12136255255569506,0.6095559442954196,0.9610518130379864
3946,0.9119319126202493,0.33005478029989366,0.6346612992973985,0.6909568423864734,0.3649437195879386
3947,0.017236825987758886,0.6716292718813686,0.5621043200962933,0.6071261471942283,0.1877430194069094
3948,0.778477786553463,0.027723399338113186,0.7686848981377713,0.7796127166059962,0.21564805967638634
3949,0.900571764048458,0.24850046294283656,0.5171932785192996,0.1994521591994456,0.7967509247522842
3950,0.35651972646177643,0.0982437449318172,0.9204051935673014,0.9849735350237291,0.22302303597750583
3951,0.5462327386104502,0.9141825380536812,0.6128925300713509,0.834663661228924,0.16347184376874713
3952,0.8609247591285041,0.7388396990132401,0.8867833002022126,0.8827863113670819,0.2761388102932598
3953,0.26482886367529446,0.12138045724570945,0.6609487973614716,0.45722925885871946,0.039827896734819235
3954,0.8395410145750536,0.18097369830460908,0.5963146712976288,0.27033737151915804,0.9767426135116218
3955,0.3439382948382955,0.30491748707896027,0.6788733507855236,0.3081903739081667,0.5959427250516829
3956,0.4499597271804665,0.2962832573442383,0.7740957923168312,0.7117569387484599,0.34706153371414905
3957,0.6628289434543888,0.6597326183761185,0.5471274517955871,0.6161904637125268,0.9065751162762671
3958,0.16435610189589167,0.25794728860867533,0.01031825663144148,0.7628783715274752,0.05657437285482636
3959,0.6484611315495431,0.06247315515610996,0.33296775572957027,0.2845190131320461,0.057041758832878764
3960,0.46734876205217446,0.19299179049373427,0.3468733091555666,0.11611012045147173,0.5490889144665598
3961,0.2407281810239511,0.09107129888058996,0.6054805143789416,0.9280084019745547,0.15472703459329684
3962,0.7915330421452634,0.2392474310413013,0.5694528662970507,0.6566296104140548,0.15276838495757183
3963,0.07236292350073548,0.3762676950507159,0.8078877741698877,0.3145509294553067,0.3377628609064298
3964,0.7493697610785008,0.8793285683637947,0.49734349536155764,0.8239238262769917,0.08519607982222155
3965,0.30934664282671553,0.5637725827347632,0.6877455960792761,0.9297694318981805,0.49981909066795205
3966,0.14456570140910519,0.9523441740485441,0.6356216208473698,0.4841346799630505,0.6159413382461194
3967,0.9048257252837798,0.15356699699031195,0.5147944070424375,0.688795259106429,0.8190792056523759
3968,0.6968457575722763,0.6048487768110237,0.47310124916333673,0.9318660995590784,0.315099620504799
3969,0.8359452266644805,0.4992606706393994,0.5290522212711586,0.6032404261004203,0.8443679996865356
3970,0.009280090227594351,0.29591775666584297,0.2077558288422252,0.7843558753329914,0.6013294578442843
3971,0.8970666501348051,0.8025763328213232,0.22968197332745355,0.3510766284139373,0.6263879439515235
3972,0.2319613669614633,0.6323691737077461,0.9611256791150996,0.9101051937391422,0.24839527550648866
3973,0.502058877656962,0.9005426809502268,0.1666614913612634,0.49703459388261095,0.2039436520778336
3974,0.5799947220930594,0.5548710901038961,0.9924895627548053,0.9533950108712994,0.235353293419459
3975,0.0013356464619352915,0.5908942851709937,0.9093571220600569,0.39192898292074374,0.9928225528553826
3976,0.638865144719369,0.15484421829293493,0.0565689311280102,0.380459224025505,0.6403877013924192
3977,0.4035213886821629,0.7293374169387229,0.9178869929792779,0.769067438629718,0.8493260160195342
3978,0.6767103720737424,0.4312010195465382,0.2706474234216165,0.9845866142215745,0.3992689508171593
3979,0.268130552773891,0.10987273400748887,0.322411580787929,0.579170593375313,0.49606962164949586
3980,0.7828790792183891,0.4043854184248562,0.8198772447494665,0.15069313873865897,0.6825837125548107
3981,0.4087451923862575,0.08978126479361448,0.7289457770511674,0.4087096497465954,0.12313277636312037
3982,0.33736897640048225,0.7995017345081776,0.4265172985536999,0.0036031902930417914,0.0699160255464426
3983,0.6179870613358845,0.2788887945651195,0.6119488966730624,0.6014449667459782,0.9239390618072519
3984,0.46734876205217446,0.19299179049373427,0.3468733091555666,0.11611012045147173,0.5490889144665598
3985,0.2407281810239511,0.09107129888058996,0.6054805143789416,0.9280084019745547,0.15472703459329684
3986,0.7915330421452634,0.2392474310413013,0.5694528662970507,0.6566296104140548,0.15276838495757183
3987,0.07236292350073548,0.3762676950507159,0.8078877741698877,0.3145509294553067,0.3377628609064298
3988,0.7493697610785008,0.8793285683637947,0.49734349536155764,0.8239238262769917,0.08519607982222155
3989,0.30934664282671553,0.5637725827347632,0.6877455960792761,0.9297694318981805,0.49981909066795205
3990,0.14456570140910519,0.9523441740485441,0.6356216208473698,0.4841346799630505,0.6159413382461194
3991,0.9048257252837798,0.15356699699031195,0.5147944070424375,0.688795259106429,0.8190792056523759
3992,0.6968457575722763,0.6048487768110237,0.47310124916333673,0.9318660995590784,0.315099620504799
3993,0.8359452266644805,0.4992606706393994,0.5290522212711586,0.6032404261004203,0.8443679996865356
3994,0.009280090227594351,0.29591775666584297,0.2077558288422252,0.7843558753329914,0.6013294578442843
3995,0.8970666501348051,0.8025763328213232,0.22968197332745355,0.3510766284139373,0.6263879439515235
3996,0.2319613669614633,0.6323691737077461,0.9611256791150996,0.9101051937391422,0.24839527550648866
3997,0.502058877656962,0.9005426809502268,0.1666614913612634,0.49703459388261095,0.2039436520778336
3998,0.5799947220930594,0.5548710901038961,0.9924895627548053,0.9533950108712994,0.235353293419459
3999,0.0013356464619352915,0.5908942851709937,0.9093571220600569,0.39192898292074374,0.9928225528553826
4000,0.638865144719369,0.15484421829293493,0.0565689311280102,0.380459224025505,0.6403877013924192
4001,0.4035213886821629,0.7293374169387229,0.9178869929792779,0.769067438629718,0.8493260160195342
4002,0.6767103720737424,0.4312010195465382,0.2706474234216165,0.9845866142215745,0.3992689508171593
4003,0.268130552773891,0.10987273400748887,0.322411580787929,0.579170593375313,0.49606962164949586
4004,0.7828790792183891,0.4043854184248562,0.8198772447494665,0.15069313873865897,0.6825837125548107
4005,0.4087451923862575,0.08978126479361448,0.7289457770511674,0.4087096497465954,0.12313277636312037
4006,0.33736897640048225,0.7995017345081776,0.4265172985536999,0.0036031902930417914,0.0699160255464426
4007,0.6179870613358845,0.2788887945651195,0.6119488966730624,0.6014449667459782,0.9239390618072519
4008,0.46734876205217446,0.19299179049373427,0.3468733091555666,0.11611012045147173,0.5490889144665598
4009,0.2407281810239511,0.09107129888058996,0.6054805143789416,0.9280084019745547,0.15472703459329684
4010,0.7915330421452634,0.2392474310413013,0.5694528662970507,0.6566296104140548,0.15276838495757183
4011,0.07236292350073548,0.3762676950507159,0.8078877741698877,0.3145509294553067,0.3377628609064298
4012,0.7493697610785008,0.8793285683637947,0.49734349536155764,0.8239238262769917,0.08519607982222155
4013,0.30934664282671553,0.5637725827347632,0.6877455960792761,0.9297694318981805,0.49981909066795205
4014,0.14456570140910519,0.9523441740485441,0.6356216208473698,0.4841346799630505,0.6159413382461194
4015,0.9048257252837798,0.15356699699031195,0.5147944070424375,0.688795259106429,0.8190792056523759
4016,0.6968457575722763,0.6048487768110237,0.47310124916333673,0.9318660995590784,0.315099620504799
4017,0.8359452266644805,0.4992606706393994,0.5290522212711586,0.6032404261004203,0.8443679996865356
4018,0.009280090227594351,0.29591775666584297,0.2077558288422252,0.7843558753329914,0.6013294578442843
4019,0.8970666501348051,0.8025763328213232,0.22968197332745355,0.3510766284139373,0.6263879439515235
4020,0.2319613669614633,0.6323691737077461,0.9611256791150996,0.9101051937391422,0.24839527550648866
4021,0.502058877656962,0.9005426809502268,0.1666614913612634,0.49703459388261095,0.2039436520778336
4022,0.5799947220930594,0.5548710901038961,0.9924895627548053,0.9533950108712994,0.235353293419459
4023,0.0013356464619352915,0.5908942851709937,0.9093571220600569,0.39192898292074374,0.9928225528553826
4024,0.638865144719369,0.15484421829293493,0.0565689311280102,0.380459224025505,0.6403877013924192
4025,0.4035213886821629,0.7293374169387229,0.9178869929792779,0.769067438629718,0.8493260160195342
4026,0.6767103720737424,0.4312010195465382,0.2706474234216165,0.9845866142215745,0.3992689508171593
4027,0.268130552773891,0.10987273400748887,0.322411580787929,0.579170593375313,0.49606962164949586
4028,0.7828790792183891,0.4043854184248562,0.8198772447494665,0.15069313873865897,0.6825837125548107
4029,0.4087451923862575,0.08978126479361448,0.7289457770511674,0.4087096497465954,0.12313277636312037
4030,0.33736897640048225,0.7995017345081776,0.4265172985536999,0.0036031902930417914,0.0699160255464426
4031,0.6179870613358845,0.2788887945651195,0.6119488966730624,0.6014449667459782,0.9239390618072519
4032,0.46734876205217446,0.19299179049373427,0.3468733091555666,0.11611012045147173,0.5490889144665598
4033,0.2407281810239511,0.09107129888058996,0.6054805143789416,0.9280084019745547,0.15472703459329684
4034,0.7915330421452634,0.2392474310413013,0.5694528662970507,0.6566296104140548,0.15276838495757183
4035,0.07236292350073548,0.3762676950507159,0.8078877741698877,0.3145509294553067,0.3377628609064298
4036,0.7493697610785008,0.8793285683637947,0.49734349536155764,0.8239238262769917,0.08519607982222155
4037,0.30934664282671553,0.5637725827347632,0.6877455960792761,0.9297694318981805,0.49981909066795205
4038,0.14456570140910519,0.9523441740485441,0.6356216208473698,0.4841346799630505,0.6159413382461194
4039,0.9048257252837798,0.15356699699031195,0.5147944070424375,0.688795259106429,0.8190792056523759
4040,0.6968457575722763,0.6048487768110237,0.47310124916333673,0.9318660995590784,0.315099620504799
4041,0.8359452266644805,0.4992606706393994,0.5290522212711586,0.6032404261004203,0.8443679996865356
4042,0.009280090227594351,0.29591775666584297,0.2077558288422252,0.7843558753329914,0.6013294578442843
4043,0.8970666501348051,0.8025763328213232,0.22968197332745355,0.3510766284139373,0.6263879439515235
4044,0.2319613669614633,0.6323691737077461,0.9611256791150996,0.9101051937391422,0.24839527550648866
4045,0.502058877656962,0.9005426809502268,0.1666614913612634,0.49703459388261095,0.2039436520778336
4046,0.5799947220930594,0.5548710901038961,0.9924895627548053,0.9533950108712994,0.235353293419459
4047,0.0013356464619352915,0.5908942851709937,0.9093571220600569,0.39192898292074374,0.9928225528553826
4048,0.638865144719369,0.15484421829293493,0.0565689311280102,0.380459224025505,0.6403877013924192
4049,0.4035213886821629,0.7293374169387229,0.9178869929792779,0.769067438629718,0.8493260160195342
4050,0.6767103720737424,0.4312010195465382,0.2706474234216165,0.9845866142215745,0.3992689508171593
4051,0.268130552773891,0.10987273400748887,0.322411580787929,0.579170593375313,0.49606962164949586
4052,0.7828790792183891,0.4043854184248562,0.8198772447494665,0.15069313873865897,0.6825837125548107
4053,0.4087451923862575,0.08978126479361448,0.7289457770511674,0.4087096497465954,0.12313277636312037
4054,0.33736897640048225,0.7995017345081776,0.4265172985536999,0.0036031902930417914,0.0699160255464426
4055,0.6179870613358845,0.2788887945651195,0.6119488966730624,0.6014449667459782,0.9239390618072519
4056,0.46734876205217446,0.19299179049373427,0.3468733091555666,0.11611012045147173,0.5490889144665598
4057,0.2407281810239511,0.09107129888058996,0.6054805143789416,0.9280084019745547,0.15472703459329684
4058,0.7915330421452634,0.2392474310413013,0.5694528662970507,0.6566296104140548,0.15276838495757183
4059,0.07236292350073548,0.3762676950507159,0.8078877741698877,0.3145509294553067,0.3377628609064298
4060,0.7493697610785008,0.8793285683637947,0.49734349536155764,0.8239238262769917,0.08519607982222155
4061,0.30934664282671553,0.5637725827347632,0.6877455960792761,0.9297694318981805,0.49981909066795205
4062,0.14456570140910519,0.9523441740485441,0.6356216208473698,0.4841346799630505,0.6159413382461194
4063,0.9048257252837798,0.15356699699031195,0.5147944070424375,0.688795259106429,0.8190792056523759
4064,0.6968457575722763,0.6048487768110237,0.47310124916333673,0.9318660995590784,0.315099620504799
4065,0.8359452266644805,0.4992606706393994,0.5290522212711586,0.6032404261004203,0.8443679996865356
4066,0.009280090227594351,0.29591775666584297,0.2077558288422252,0.7843558753329914,0.6013294578442843
4067,0.8970666501348051,0.8025763328213232,0.22968197332745355,0.3510766284139373,0.6263879439515235
4068,0.2319613669614633,0.6323691737077461,0.9611256791150996,0.9101051937391422,0.24839527550648866
4069,0.502058877656962,0.9005426809502268,0.1666614913612634,0.49703459388261095,0.2039436520778336
4070,0.5799947220930594,0.5548710901038961,0.9924895627548053,0.9533950108712994,0.235353293419459
4071,0.0013356464619352915,0.5908942851709937,0.9093571220600569,0.39192898292074374,0.9928225528553826
4072,0.638865144719369,0.15484421829293493,0.0565689311280102,0.380459224025505,0.6403877013924192
4073,0.4035213886821629,0.7293374169387229,0.9178869929792779,0.769067438629718,0.8493260160195342
4074,0.6767103720737424,0.4312010195465382,0.2706474234216165,0.9845866142215745,0.3992689508171593
4075,0.268130552773891,0.10987273400748887,0.322411580787929,0.579170593375313,0.49606962164949586
4076,0.7828790792183891,0.4043854184248562,0.8198772447494665,0.15069313873865897,0.6825837125548107
4077,0.4087451923862575,0.08978126479361448,0.7289457770511674,0.4087096497465954,0.12313277636312037
4078,0.33736897640048225,0.7995017345081776,0.4265172985536999,0.0036031902930417914,0.0699160255464426
4079,0.6179870613358845,0.2788887945651195,0.6119488966730624,0.6014449667459782,0.9239390618072519
4080,0.46734876205217446,0.19299179049373427,0.3468733091555666,0.11611012045147173,0.5490889144665598
4081,0.2407281810239511,0.09107129888058996,0.6054805143789416,0.9280084019745547,0.15472703459329684
4082,0.7915330421452634,0.2392474310413013,0.5694528662970507,0.6566296104140548,0.15276838495757183
4083,0.07236292350073548,0.3762676950507159,0.8078877741698877,0.3145509294553067,0.3377628609064298
4084,0.7493697610785008,0.8793285683637947,0.49734349536155764,0.8239238262769917,0.08519607982222155
4085,0.30934664282671553,0.5637725827347632,0.6877455960792761,0.9297694318981805,0.49981909066795205
4086,0.14456570140910519,0.9523441740485441,0.6356216208473698,0.4841346799630505,0.6159413382461194
4087,0.9048257252837798,0.15356699699031195,0.5147944070424375,0.688795259106429,0.8190792056523759
4088,0.6968457575722763,0.6048487768110237,0.47310124916333673,0.9318660995590784,0.315099620504799
4089,0.8359452266644805,0.4992606706393994,0.5290522212711586,0.6032404261004203,0.8443679996865356
4090,0.009280090227594351,0.29591775666584297,0.2077558288422252,0.7843558753329914,0.6013294578442843
4091,0.8970666501348051,0.8025763328213232,0.22968197332745355,0.3510766284139373,0.6263879439515235
4092,0.2319613669614633,0.6323691737077461,0.9611256791150996,0.9101051937391422,0.24839527550648866
4093,0.502058877656962,0.9005426809502268,0.1666614913612634,0.49703459388261095,0.2039436520778336
4094,0.5799947220930594,0.5548710901038961,0.9924895627548053,0.9533950108712994,0.235353293419459
4095,0.0013356464619352915,0.5908942851709937,0.9093571220600569,0.39192898292074374,0.9928225528553826
4096,0.638865144719369,0.15484421829293493,0.0565689311280102,0.380459224025505,0.6403877013924192
4097,0.4035213886821629,0.7293374169387229,0.9178869929792779,0.769067438629718,0.8493260160195342
4098,0.6767103720737424,0.4312010195465382,0.2706474234216165,0.9845866142215745,0.3992689508171593
4099,0.268130552773891,0.10987273400748887,0.322411580787929,0.579170593375313,0.49606962164949586
4100,0.7828790792183891,0.4043854184248562,0.8198772447494665,0.15069313873865897,0.6825837125548107
4101,0.4087451923862575,0.08978126479361448,0.7289457770511674,0.4087096497465954,0.12313277636312037
4102,0.33736897640048225,0.7995017345081776,0.4265172985536999,0.0036031902930417914,0.0699160255464426
4103,0.6179870613358845,0.2788887945651195,0.6119488966730624,0.6014449667459782,0.9239390618072519
4104,0.46734876205217446,0.19299179049373427,0.3468733091555666,0.11611012045147173,0.5490889144665598
4105,0.2407281810239511,0.09107129888058996,0.6054805143789416,0.9280084019745547,0.15472703459329684
4106,0.7915330421452634,0.2392474310413013,0.5694528662970507,0.6566296104140548,0.15276838495757183
4107,0.07236292350073548,0.3762676950507159,0.8078877741698877,0.3145509294553067,0.3377628609064298
4108,0.7493697610785008,0.8793285683637947,0.49734349536155764,0.8239238262769917,0.08519607982222155
4109,0.30934664282671553,0.5637725827347632,0.6877455960792761,0.9297694318981805,0.49981909066795205
4110,0.14456570140910519,0.9523441740485441,0.6356216208473698,0.4841346799630505,0.6159413382461194
4111,0.9048257252837798,0.15356699699031195,0.5147944070424375,0.688795259106429,0.8190792056523759
4112,0.6968457575722763,0.6048487768110237,0.47310124916333673,0.9318660995590784,0.315099620504799
4113,0.8359452266644805,0.4992606706393994,0.5290522212711586,0.6032404261004203,0.8443679996865356
4114,0.009280090227594351,0.29591775666584297,0.2077558288422252,0.7843558753329914,0.6013294578442843
4115,0.8970666501348051,0.8025763328213232,0.22968197332745355,0.3510766284139373,0.6263879439515235
4116,0.2319613669614633,0.6323691737077461,0.9611256791150996,0.9101051937391422,0.24839527550648866
4117,0.502058877656962,0.9005426809502268,0.1666614913612634,0.49703459388261095,0.2039436520778336
4118,0.5799947220930594,0.5548710901038961,0.9924895627548053,0.9533950108712994,0.235353293419459
4119,0.0013356464619352915,0.5908942851709937,0.9093571220600569,0.39192898292074374,0.9928225528553826
4120,0.638865144719369,0.15484421829293493,0.0565689311280102,0.380459224025505,0.6403877013924192
4121,0.4035213886821629,0.7293374169387229,0.9178869929792779,0.769067438629718,0.8493260160195342
4122,0.6767103720737424,0.4312010195465382,0.2706474234216165,0.9845866142215745,0.3992689508171593
4123,0.268130552773891,0.10987273400748887,0.322411580787929,0.579170593375313,0.49606962164949586
4124,0.7828790792183891,0.4043854184248562,0.8198772447494665,0.15069313873865897,0.6825837125548107
4125,0.4087451923862575,0.08978126479361448,0.7289457770511674,0.4087096497465954,0.12313277636312037
4126,0.33736897640048225,0.7995017345081776,0.4265172985536999,0.0036031902930417914,0.0699160255464426
4127,0.6179870613358845,0.2788887945651195,0.6119488966730624,0.6014449667459782,0.9239390618072519
4128,0.46734876205217446,0.19299179049373427,0.3468733091555666,0.11611012045147173,0.5490889144665598
4129,0.2407281810239511,0.09107129888058996,0.6054805143789416,0.9280084019745547,0.15472703459329684
4130,0.7915330421452634,0.2392474310413013,0.5694528662970507,0.6566296104140548,0.15276838495757183
4131,0.07236292350073548,0.3762676950507159,0.8078877741698877,0.3145509294553067,0.3377628609064298
4132,0.7493697610785008,0.8793285683637947,0.49734349536155764,0.8239238262769917,0.08519607982222155
4133,0.30934664282671553,0.5637725827347632,0.6877455960792761,0.9297694318981805,0.49981909066795205
4134,0.14456570140910519,0.9523441740485441,0.6356216208473698,0.4841346799630505,0.6159413382461194
4135,0.9048257252837798,0.15356699699031195,0.5147944070424375,0.688795259106429,0.8190792056523759
4136,0.6968457575722763,0.6048487768110237,0.47310124916333673,0.9318660995590784,0.315099620504799
4137,0.8359452266644805,0.4992606706393994,0.5290522212711586,0.6032404261004203,0.8443679996865356
4138,0.009280090227594351,0.29591775666584297,0.2077558288422252,0.7843558753329914,0.6013294578442843
4139,0.8970666501348051,0.8025763328213232,0.22968197332745355,0.3510766284139373,0.6263879439515235
4140,0.2319613669614633,0.6323691737077461,0.9611256791150996,0.9101051937391422,0.24839527550648866
4141,0.502058877656962,0.9005426809502268,0.1666614913612634,0.49703459388261095,0.2039436520778336
4142,0.5799947220930594,0.5548710901038961,0.9924895627548053,0.9533950108712994,0.235353293419459
4143,0.0013356464619352915,0.5908942851709937,0.9093571220600569,0.39192898292074374,0.9928225528553826
4144,0.638865144719369,0.15484421829293493,0.0565689311280102,0.380459224025505,0.6403877013924192
4145,0.4035213886821629,0.7293374169387229,0.9178869929792779,0.769067438629718,0.8493260160195342
4146,0.6767103720737424,0.4312010195465382,0.2706474234216165,0.9845866142215745,0.3992689508171593
4147,0.268130552773891,0.10987273400748887,0.322411580787929,0.579170593375313,0.49606962164949586
4148,0.7828790792183891,0.4043854184248562,0.8198772447494665,0.15069313873865897,0.6825837125548107
4149,0.4087451923862575,0.08978126479361448,0.7289457770511674,0.4087096497465954,0.12313277636312037
4150,0.33736897640048225,0.7995017345081776,0.4265172985536999,0.0036031902930417914,0.0699160255464426
4151,0.6179870613358845,0.2788887945651195,0.6119488966730624,0.6014449667459782,0.9239390618072519
4152,0.46734876205217446,0.19299179049373427,0.3468733091555666,0.11611012045147173,0.5490889144665598
4153,0.2407281810239511,0.09107129888058996,0.6054805143789416,0.9280084019745547,0.15472703459329684
4154,0.7915330421452634,0.2392474310413013,0.5694528662970507,0.6566296104140548,0.15276838495757183
4155,0.07236292350073548,0.3762676950507159,0.8078877741698877,0.3145509294553067,0.3377628609064298
4156,0.7493697610785008,0.8793285683637947,0.49734349536155764,0.8239238262769917,0.08519607982222155
4157,0.30934664282671553,0.5637725827347632,0.6877455960792761,0.9297694318981805,0.49981909066795205
4158,0.14456570140910519,0.9523441740485441,0.6356216208473698,0.4841346799630505,0.6159413382461194
4159,0.9048257252837798,0.15356699699031195,0.5147944070424375,0.688795259106429,0.8190792056523759
4160,0.6968457575722763,0.6048487768110237,0.47310124916333673,0.9318660995590784,0.315099620504799
4161,0.8359452266644805,0.4992606706393994,0.5290522212711586,0.6032404261004203,0.8443679996865356
4162,0.009280090227594351,0.29591775666584297,0.2077558288422252,0.7843558753329914,0.6013294578442843
4163,0.8970666501348051,0.8025763328213232,0.22968197332745355,0.3510766284139373,0.6263879439515235
4164,0.2319613669614633,0.6323691737077461,0.9611256791150996,0.9101051937391422,0.24839527550648866
4165,0.502058877656962,0.9005426809502268,0.1666614913612634,0.49703459388261095,0.2039436520778336
4166,0.5799947220930594,0.5548710901038961,0.9924895627548053,0.9533950108712994,0.235353293419459
4167,0.0013356464619352915,0.5908942851709937,0.9093571220600569,0.39192898292074374,0.9928225528553826
4168,0.638865144719369,0.15484421829293493,0.0565689311280102,0.380459224025505,0.6403877013924192
4169,0.4035213886821629,0.7293374169387229,0.9178869929792779,0.769067438629718,0.8493260160195342
4170,0.6767103720737424,0.4312010195465382,0.2706474234216165,0.9845866142215745,0.3992689508171593
4171,0.268130552773891,0.10987273400748887,0.322411580787929,0.579170593375313,0.49606962164949586
4172,0.7828790792183891,0.4043854184248562,0.8198772447494665,0.15069313873865897,0.6825837125548107
4173,0.4087451923862575,0.08978126479361448,0.7289457770511674,0.4087096497465954,0.12313277636312037
4174,0.33736897640048225,0.7995017345081776,0.4265172985536999,0.0036031902930417914,0.0699160255464426
4175,0.6179870613358845,0.2788887945651195,0.6119488966730624,0.6014449667459782,0.9239390618072519
4176,0.46734876205217446,0.19299179049373427,0.3468733091555666,0.11611012045147173,0.5490889144665598
4177,0.2407281810239511,0.09107129888058996,0.6054805143789416,0.9280084019745547,0.15472703459329684
4178,0.7915330421452634,0.2392474310413013,0.5694528662970507,0.6566296104140548,0.15276838495757183
4179,0.07236292350073548,0.3762676950507159,0.8078877741698877,0.3145509294553067,0.3377628609064298
4180,0.7493697610785008,0.8793285683637947,0.49734349536155764,0.8239238262769917,0.08519607982222155
4181,0.30934664282671553,0.5637725827347632,0.6877455960792761,0.9297694318981805,0.49981909066795205
4182,0.14456570140910519,0.9523441740485441,0.6356216208473698,0.4841346799630505,0.6159413382461194
4183,0.9048257252837798,0.15356699699031195,0.5147944070424375,0.688795259106429,0.8190792056523759
4184,0.6968457575722763,0.6048487768110237,0.47310124916333673,0.9318660995590784,0.315099620504799
4185,0.8359452266644805,0.4992606706393994,0.5290522212711586,0.6032404261004203,0.8443679996865356
4186,0.009280090227594351,0.29591775666584297,0.2077558288422252,0.7843558753329914,0.6013294578442843
4187,0.8970666501348051,0.8025763328213232,0.22968197332745355,0.3510766284139373,0.6263879439515235
4188,0.2319613669614633,0.6323691737077461,0.9611256791150996,0.9101051937391422,0.24839527550648866
4189,0.502058877656962,0.9005426809502268,0.1666614913612634,0.49703459388261095,0.2039436520778336
4190,0.5799947220930594,0.5548710901038961,0.9924895627548053,0.9533950108712994,0.235353293419459
4191,0.0013356464619352915,0.5908942851709937,0.9093571220600569,0.39192898292074374,0.9928225528553826
4192,0.638865144719369,0.15484421829293493,0.0565689311280102,0.380459224025505,0.6403877013924192
4193,0.4035213886821629,0.7293374169387229,0.9178869929792779,0.769067438629718,0.8493260160195342
4194,0.6767103720737424,0.4312010195465382,0.2706474234216165,0.9845866142215745,0.3992689508171593
4195,0.268130552773891,0.10987273400748887,0.322411580787929,0.579170593375313,0.49606962164949586
4196,0.7828790792183891,0.4043854184248562,0.8198772447494665,0.15069313873865897,0.6825837125548107
4197,0.4087451923862575,0.08978126479361448,0.7289457770511674,0.4087096497465954,0.12313277636312037
4198,0.33736897640048225,0.7995017345081776,0.4265172985536999,0.0036031902930417914,0.0699160255464426
4199,0.6179870613358845,0.2788887945651195,0.6119488966730624,0.6014449667459782,0.9239390618072519
4200,0.46734876205217446,0.19299179049373427,0.3468733091555666,0.11611012045147173,0.5490889144665598
4201,0.2407281810239511,0.09107129888058996,0.6054805143789416,0.9280084019745547,0.15472703459329684
4202,0.7915330421452634,0.2392474310413013,0.5694528662970507,0.6566296104140548,0.15276838495757183
4203,0.07236292350073548,0.3762676950507159,0.8078877741698877,0.3145509294553067,0.3377628609064298
4204,0.7493697610785008,0.8793285683637947,0.49734349536155764,0.8239238262769917,0.08519607982222155
4205,0.30934664282671553,0.5637725827347632,0.6877455960792761,0.9297694318981805,0.49981909066795205
4206,0.14456570140910519,0.9523441740485441,0.6356216208473698,0.4841346799630505,0.6159413382461194
4207,0.9048257252837798,0.15356699699031195,0.5147944070424375,0.688795259106429,0.8190792056523759
4208,0.6968457575722763,0.6048487768110237,0.47310124916333673,0.9318660995590784,0.315099620504799
4209,0.8359452266644805,0.4992606706393994,0.5290522212711586,0.6032404261004203,0.8443679996865356
4210,0.009280090227594351,0.29591775666584297,0.2077558288422252,0.7843558753329914,0.6013294578442843
4211,0.8970666501348051,0.8025763328213232,0.22968197332745355,0.3510766284139373,0.6263879439515235
4212,0.2319613669614633,0.6323691737077461,0.9611256791150996,0.9101051937391422,0.24839527550648866
4213,0.502058877656962,0.9005426809502268,0.1666614913612634,0.49703459388261095,0.2039436520778336
4214,0.5799947220930594,0.5548710901038961,0.9924895627548053,0.9533950108712994,0.235353293419459
4215,0.0013356464619352915,0.5908942851709937,0.9093571220600569,0.39192898292074374,0.9928225528553826
4216,0.638865144719369,0.15484421829293493,0.0565689311280102,0.380459224025505,0.6403877013924192
4217,0.4035213886821629,0.7293374169387229,0.9178869929792779,0.769067438629718,0.8493260160195342
4218,0.6767103720737424,0.4312010195465382,0.2706474234216165,0.9845866142215745,0.3992689508171593
4219,0.268130552773891,0.10987273400748887,0.322411580787929,0.579170593375313,0.49606962164949586
4220,0.7828790792183891,0.4043854184248562,0.8198772447494665,0.15069313873865897,0.6825837125548107
4221,0.4087451923862575,0.08978126479361448,0.7289457770511674,0.4087096497465954,0.12313277636312037
4222,0.33736897640048225,0.7995017345081776,0.4265172985536999,0.0036031902930417914,0.0699160255464426
4223,0.6179870613358845,0.2788887945651195,0.6119488966730624,0.6014449667459782,0.9239390618072519
4224,0.46734876205217446,0.19299179049373427,0.3468733091555666,0.11611012045147173,0.5490889144665598
4225,0.2407281810239511,0.09107129888058996,0.6054805143789416,0.9280084019745547,0.15472703459329684
4226,0.7915330421452634,0.2392474310413013,0.5694528662970507,0.6566296104140548,0.15276838495757183
4227,0.07236292350073548,0.3762676950507159,0.8078877741698877,0.3145509294553067,0.3377628609064298
4228,0.7493697610785008,0.8793285683637947,0.49734349536155764,0.8239238262769917,0.08519607982222155
4229,0.30934664282671553,0.5637725827347632,0.6877455960792761,0.9297694318981805,0.49981909066795205
4230,0.14456570140910519,0.9523441740485441,0.6356216208473698,0.4841346799630505,0.6159413382461194
4231,0.9048257252837798,0.15356699699031195,0.5147944070424375,0.688795259106429,0.8190792056523759
4232,0.6968457575722763,0.6048487768110237,0.47310124916333673,0.9318660995590784,0.315099620504799
4233,0.8359452266644805,0.4992606706393994,0.5290522212711586,0.6032404261004203,0.8443679996865356
4234,0.009280090227594351,0.29591775666584297,0.2077558288422252,0.7843558753329914,0.6013294578442843
4235,0.8970666501348051,0.8025763328213232,0.22968197332745355,0.3510766284139373,0.6263879439515235
4236,0.2319613669614633,0.6323691737077461,0.9611256791150996,0.9101051937391422,0.24839527550648866
4237,0.502058877656962,0.9005426809502268,0.1666614913612634,0.49703459388261095,0.2039436520778336
4238,0.5799947220930594,0.5548710901038961,0.9924895627548053,0.9533950108712994,0.235353293419459
4239,0.0013356464619352915,0.5908942851709937,0.9093571220600569,0.39192898292074374,0.9928225528553826
4240,0.638865144719369,0.15484421829293493,0.0565689311280102,0.380459224025505,0.6403877013924192
4241,0.4035213886821629,0.7293374169387229,0.9178869929792779,0.769067438629718,0.8493260160195342
4242,0.6767103720737424,0.4312010195465382,0.2706474234216165,0.9845866142215745,0.3992689508171593
4243,0.268130552773891,0.10987273400748887,0.322411580787929,0.579170593375313,0.49606962164949586
4244,0.7828790792183891,0.4043854184248562,0.8198772447494665,0.15069313873865897,0.6825837125548107
4245,0.4087451923862575,0.08978126479361448,0.7289457770511674,0.4087096497465954,0.12313277636312037
4246,0.33736897640048225,0.7995017345081776,0.4265172985536999,0.0036031902930417914,0.0699160255464426
4247,0.6179870613358845,0.2788887945651195,0.6119488966730624,0.6014449667459782,0.9239390618072519
4248,0.46734876205217446,0.19299179049373427,0.3468733091555666,0.11611012045147173,0.5490889144665598
4249,0.2407281810239511,0.09107129888058996,0.6054805143789416,0.9280084019745547,0.15472703459329684
4250,0.7915330421452634,0.2392474310413013,0.5694528662970507,0.6566296104140548,0.15276838495757183
4251,0.07236292350073548,0.3762676950507159,0.8078877741698877,0.3145509294553067,0.3377628609064298
4252,0.7493697610785008,0.8793285683637947,0.49734349536155764,0.8239238262769917,0.08519607982222155
4253,0.30934664282671553,0.5637725827347632,0.6877455960792761,0.9297694318981805,0.49981909066795205
4254,0.14456570140910519,0.9523441740485441,0.6356216208473698,0.4841346799630505,0.6159413382461194
4255,0.9048257252837798,0.15356699699031195,0.5147944070424375,0.688795259106429,0.8190792056523759
4256,0.6968457575722763,0.6048487768110237,0.47310124916333673,0.9318660995590784,0.315099620504799
4257,0.8359452266644805,0.4992606706393994,0.5290522212711586,0.6032404261004203,0.8443679996865356
4258,0.009280090227594351,0.29591775666584297,0.2077558288422252,0.7843558753329914,0.6013294578442843
4259,0.8970666501348051,0.8025763328213232,0.22968197332745355,0.3510766284139373,0.6263879439515235
4260,0.2319613669614633,0.6323691737077461,0.9611256791150996,0.9101051937391422,0.24839527550648866
4261,0.502058877656962,0.9005426809502268,0.1666614913612634,0.49703459388261095,0.2039436520778336
4262,0.5799947220930594,0.5548710901038961,0.9924895627548053,0.9533950108712994,0.235353293419459
4263,0.0013356464619352915,0.5908942851709937,0.9093571220600569,0.39192898292074374,0.9928225528553826
4264,0.638865144719369,0.15484421829293493,0.0565689311280102,0.380459224025505,0.6403877013924192
4265,0.4035213886821629,0.7293374169387229,0.9178869929792779,0.769067438629718,0.8493260160195342
4266,0.6767103720737424,0.4312010195465382,0.2706474234216165,0.9845866142215745,0.3992689508171593
4267,0.268130552773891,0.10987273400748887,0.322411580787929,0.579170593375313,0.49606962164949586
4268,0.7828790792183891,0.4043854184248562,0.8198772447494665,0.15069313873865897,0.6825837125548107
4269,0.4087451923862575,0.08978126479361448,0.7289457770511674,0.4087096497465954,0.12313277636312037
4270,0.33736897640048225,0.7995017345081776,0.4265172985536999,0.0036031902930417914,0.0699160255464426
4271,0.6179870613358845,0.2788887945651195,0.6119488966730624,0.6014449667459782,0.9239390618072519
4272,0.08119942273576364,0.918380251618889,0.2072034291262379,0.9789908986949998,0.7605812366012885
4273,0.20518196841956338,0.9944395356371601,0.8699913951957262,0.6318012557379925,0.775406294578274
4274,0.12029545335915048,0.9465989131777108,0.2389168777076247,0.5631514523060189,0.006882606547047088
4275,0.45497189272680827,0.9106111198729966,0.7509739561089669,0.6168025108801637,0.7590697472437893
4276,0.5823811509405162,0.3106811314633784,0.08267807753317447,0.6071793703145606,0.321830906228047
4277,0.9581597760062257,0.12568411627654652,0.59268569164246,0.4322666932624395,0.9824443321868744
4278,0.12075256920914557,0.9867821057475119,0.8169116283012471,0.16311892774891468,0.20835884967754326
4279,0.8368584538122006,0.8924005377222722,0.5383071442854762,0.3044185486881754,0.8425198096008207
4280,0.6379752291671068,0.256967643528887,0.6037765262927276,0.36394801332733573,0.8254076890619257
4281,0.29556933085443293,0.6699096353516709,0.12136255255569506,0.6095559442954196,0.9610518130379864
4282,0.9119319126202493,0.33005478029989366,0.6346612992973985,0.6909568423864734,0.3649437195879386
4283,0.017236825987758886,0.6716292718813686,0.5621043200962933,0.6071261471942283,0.1877430194069094
4284,0.778477786553463,0.027723399338113186,0.7686848981377713,0.7796127166059962,0.21564805967638634
4285,0.900571764048458,0.24850046294283656,0.5171932785192996,0.1994521591994456,0.7967509247522842
4286,0.35651972646177643,0.0982437449318172,0.9204051935673014,0.9849735350237291,0.22302303597750583
4287,0.5462327386104502,0.9141825380536812,0.6128925300713509,0.834663661228924,0.16347184376874713
4288,0.8609247591285041,0.7388396990132401,0.8867833002022126,0.8827863113670819,0.2761388102932598
4289,0.26482886367529446,0.12138045724570945,0.6609487973614716,0.45722925885871946,0.039827896734819235
4290,0.8395410145750536,0.18097369830460908,0.5963146712976288,0.27033737151915804,0.9767426135116218
4291,0.3439382948382955,0.30491748707896027,0.6788733507855236,0.3081903739081667,0.5959427250516829
4292,0.4499597271804665,0.2962832573442383,0.7740957923168312,0.7117569387484599,0.34706153371414905
4293,0.6628289434543888,0.6597326183761185,0.5471274517955871,0.6161904637125268,0.9065751162762671
4294,0.16435610189589167,0.25794728860867533,0.01031825663144148,0.7628783715274752,0.05657437285482636
4295,0.6484611315495431,0.06247315515610996,0.33296775572957027,0.2845190131320461,0.057041758832878764
4296,0.08119942273576364,0.918380251618889,0.2072034291262379,0.9789908986949998,0.7605812366012885
4297,0.20518196841956338,0.9944395356371601,0.8699913951957262,0.6318012557379925,0.775406294578274
4298,0.12029545335915048,0.9465989131777108,0.2389168777076247,0.5631514523060189,0.006882606547047088
4299,0.45497189272680827,0.9106111198729966,0.7509739561089669,0.6168025108801637,0.7590697472437893
4300,0.5823811509405162,0.3106811314633784,0.08267807753317447,0.6071793703145606,0.321830906228047
4301,0.9581597760062257,0.12568411627654652,0.59268569164246,0.4322666932624395,0.9824443321868744
4302,0.12075256920914557,0.9867821057475119,0.8169116283012471,0.16311892774891468,0.20835884967754326
4303,0.8368584538122006,0.8924005377222722,0.5383071442854762,0.3044185486881754,0.8425198096008207
4304,0.6379752291671068,0.256967643528887,0.6037765262927276,0.36394801332733573,0.8254076890619257
4305,0.29556933085443293,0.6699096353516709,0.12136255255569506,0.6095559442954196,0.9610518130379864
4306,0.9119319126202493,0.33005478029989366,0.6346612992973985,0.6909568423864734,0.3649437195879386
4307,0.017236825987758886,0.6716292718813686,0.5621043200962933,0.6071261471942283,0.1877430194069094
4308,0.778477786553463,0.027723399338113186,0.7686848981377713,0.7796127166059962,0.21564805967638634
4309,0.900571764048458,0.24850046294283656,0.5171932785192996,0.1994521591994456,0.7967509247522842
4310,0.35651972646177643,0.0982437449318172,0.9204051935673014,0.9849735350237291,0.22302303597750583
4311,0.5462327386104502,0.9141825380536812,0.6128925300713509,0.834663661228924,0.16347184376874713
4312,0.8609247591285041,0.7388396990132401,0.8867833002022126,0.8827863113670819,0.2761388102932598
4313,0.26482886367529446,0.12138045724570945,0.6609487973614716,0.45722925885871946,0.039827896734819235
4314,0.8395410145750536,0.18097369830460908,0.5963146712976288,0.27033737151915804,0.9767426135116218
4315,0.3439382948382955,0.30491748707896027,0.6788733507855236,0.3081903739081667,0.5959427250516829
4316,0.4499597271804665,0.2962832573442383,0.7740957923168312,0.7117569387484599,0.34706153371414905
4317,0.6628289434543888,0.6597326183761185,0.5471274517955871,0.6161904637125268,0.9065751162762671
4318,0.16435610189589167,0.25794728860867533,0.01031825663144148,0.7628783715274752,0.05657437285482636
4319,0.6484611315495431,0.06247315515610996,0.33296775572957027,0.2845190131320461,0.057041758832878764
4320,0.08119942273576364,0.918380251618889,0.2072034291262379,0.9789908986949998,0.7605812366012885
4321,0.20518196841956338,0.9944395356371601,0.8699913951957262,0.6318012557379925,0.775406294578274
4322,0.12029545335915048,0.9465989131777108,0.2389168777076247,0.5631514523060189,0.006882606547047088
4323,0.45497189272680827,0.9106111198729966,0.7509739561089669,0.6168025108801637,0.7590697472437893
4324,0.5823811509405162,0.3106811314633784,0.08267807753317447,0.6071793703145606,0.321830906228047
4325,0.9581597760062257,0.12568411627654652,0.59268569164246,0.4322666932624395,0.9824443321868744
4326,0.12075256920914557,0.9867821057475119,0.8169116283012471,0.16311892774891468,0.20835884967754326
4327,0.8368584538122006,0.8924005377222722,0.5383071442854762,0.3044185486881754,0.8425198096008207
4328,0.6379752291671068,0.256967643528887,0.6037765262927276,0.36394801332733573,0.8254076890619257
4329,0.29556933085443293,0.6699096353516709,0.12136255255569506,0.6095559442954196,0.9610518130379864
4330,0.9119319126202493,0.33005478029989366,0.6346612992973985,0.6909568423864734,0.3649437195879386
4331,0.017236825987758886,0.6716292718813686,0.5621043200962933,0.6071261471942283,0.1877430194069094
4332,0.778477786553463,0.027723399338113186,0.7686848981377713,0.7796127166059962,0.21564805967638634
4333,0.900571764048458,0.24850046294283656,0.5171932785192996,0.1994521591994456,0.7967509247522842
4334,0.35651972646177643,0.0982437449318172,0.9204051935673014,0.9849735350237291,0.22302303597750583
4335,0.5462327386104502,0.9141825380536812,0.6128925300713509,0.834663661228924,0.16347184376874713
4336,0.8609247591285041,0.7388396990132401,0.8867833002022126,0.8827863113670819,0.2761388102932598
4337,0.26482886367529446,0.12138045724570945,0.6609487973614716,0.45722925885871946,0.039827896734819235
4338,0.8395410145750536,0.18097369830460908,0.5963146712976288,0.27033737151915804,0.9767426135116218
4339,0.3439382948382955,0.30491748707896027,0.6788733507855236,0.3081903739081667,0.5959427250516829
4340,0.4499597271804665,0.2962832573442383,0.7740957923168312,0.7117569387484599,0.34706153371414905
4341,0.6628289434543888,0.6597326183761185,0.5471274517955871,0.6161904637125268,0.9065751162762671
4342,0.16435610189589167,0.25794728860867533,0.01031825663144148,0.7628783715274752,0.05657437285482636
4343,0.6484611315495431,0.06247315515610996,0.33296775572957027,0.2845190131320461,0.057041758832878764
4344,0.46734876205217446,0.19299179049373427,0.3468733091555666,0.11611012045147173,0.5490889144665598
4345,0.2407281810239511,0.09107129888058996,0.6054805143789416,0.9280084019745547,0.15472703459329684
4346,0.7915330421452634,0.2392474310413013,0.5694528662970507,0.6566296104140548,0.15276838495757183
4347,0.07236292350073548,0.3762676950507159,0.8078877741698877,0.3145509294553067,0.3377628609064298
4348,0.7493697610785008,0.8793285683637947,0.49734349536155764,0.8239238262769917,0.08519607982222155
4349,0.30934664282671553,0.5637725827347632,0.6877455960792761,0.9297694318981805,0.49981909066795205
4350,0.14456570140910519,0.9523441740485441,0.6356216208473698,0.4841346799630505,0.6159413382461194
4351,0.9048257252837798,0.15356699699031195,0.5147944070424375,0.688795259106429,0.8190792056523759
4352,0.6968457575722763,0.6048487768110237,0.47310124916333673,0.9318660995590784,0.315099620504799
4353,0.8359452266644805,0.4992606706393994,0.5290522212711586,0.6032404261004203,0.8443679996865356
4354,0.009280090227594351,0.29591775666584297,0.2077558288422252,0.7843558753329914,0.6013294578442843
4355,0.8970666501348051,0.8025763328213232,0.22968197332745355,0.3510766284139373,0.6263879439515235
4356,0.2319613669614633,0.6323691737077461,0.9611256791150996,0.9101051937391422,0.24839527550648866
4357,0.502058877656962,0.9005426809502268,0.1666614913612634,0.49703459388261095,0.2039436520778336
4358,0.5799947220930594,0.5548710901038961,0.9924895627548053,0.9533950108712994,0.235353293419459
4359,0.0013356464619352915,0.5908942851709937,0.9093571220600569,0.39192898292074374,0.9928225528553826
4360,0.638865144719369,0.15484421829293493,0.0565689311280102,0.380459224025505,0.6403877013924192
4361,0.4035213886821629,0.7293374169387229,0.9178869929792779,0.769067438629718,0.8493260160195342
4362,0.6767103720737424,0.4312010195465382,0.2706474234216165,0.9845866142215745,0.3992689508171593
4363,0.268130552773891,0.10987273400748887,0.322411580787929,0.579170593375313,0.49606962164949586
4364,0.7828790792183891,0.4043854184248562,0.8198772447494665,0.15069313873865897,0.6825837125548107
4365,0.4087451923862575,0.08978126479361448,0.7289457770511674,0.4087096497465954,0.12313277636312037
4366,0.33736897640048225,0.7995017345081776,0.4265172985536999,0.0036031902930417914,0.0699160255464426
4367,0.6179870613358845,0.2788887945651195,0.6119488966730624,0.6014449667459782,0.9239390618072519
4368,0.46734876205217446,0.19299179049373427,0.3468733091555666,0.11611012045147173,0.5490889144665598
4369,0.2407281810239511,0.09107129888058996,0.6054805143789416,0.9280084019745547,0.15472703459329684
4370,0.7915330421452634,0.2392474310413013,0.5694528662970507,0.6566296104140548,0.15276838495757183
4371,0.07236292350073548,0.3762676950507159,0.8078877741698877,0.3145509294553067,0.3377628609064298
4372,0.7493697610785008,0.8793285683637947,0.49734349536155764,0.8239238262769917,0.08519607982222155
4373,0.30934664282671553,0.5637725827347632,0.6877455960792761,0.9297694318981805,0.49981909066795205
4374,0.14456570140910519,0.9523441740485441,0.6356216208473698,0.4841346799630505,0.6159413382461194
4375,0.9048257252837798,0.15356699699031195,0.5147944070424375,0.688795259106429,0.8190792056523759
4376,0.6968457575722763,0.6048487768110237,0.47310124916333673,0.9318660995590784,0.315099620504799
4377,0.8359452266644805,0.4992606706393994,0.5290522212711586,0.6032404261004203,0.8443679996865356
4378,0.009280090227594351,0.29591775666584297,0.2077558288422252,0.7843558753329914,0.6013294578442843
4379,0.8970666501348051,0.8025763328213232,0.22968197332745355,0.3510766284139373,0.6263879439515235
4380,0.2319613669614633,0.6323691737077461,0.9611256791150996,0.9101051937391422,0.24839527550648866
4381,0.502058877656962,0.9005426809502268,0.1666614913612634,0.49703459388261095,0.2039436520778336
4382,0.5799947220930594,0.5548710901038961,0.9924895627548053,0.9533950108712994,0.235353293419459
4383,0.0013356464619352915,0.5908942851709937,0.9093571220600569,0.39192898292074374,0.9928225528553826
4384,0.638865144719369,0.15484421829293493,0.0565689311280102,0.380459224025505,0.6403877013924192
4385,0.4035213886821629,0.7293374169387229,0.9178869929792779,0.769067438629718,0.8493260160195342
4386,0.6767103720737424,0.4312010195465382,0.2706474234216165,0.9845866142215745,0.3992689508171593
4387,0.268130552773891,0.10987273400748887,0.322411580787929,0.579170593375313,0.49606962164949586
4388,0.7828790792183891,0.4043854184248562,0.8198772447494665,0.15069313873865897,0.6825837125548107
4389,0.4087451923862575,0.08978126479361448,0.7289457770511674,0.4087096497465954,0.12313277636312037
4390,0.33736897640048225,0.7995017345081776,0.4265172985536999,0.0036031902930417914,0.0699160255464426
4391,0.6179870613358845,0.2788887945651195,0.6119488966730624,0.6014449667459782,0.9239390618072519
4392,0.46734876205217446,0.19299179049373427,0.3468733091555666,0.11611012045147173,0.5490889144665598
4393,0.2407281810239511,0.09107129888058996,0.6054805143789416,0.9280084019745547,0.15472703459329684
4394,0.7915330421452634,0.2392474310413013,0.5694528662970507,0.6566296104140548,0.15276838495757183
4395,0.07236292350073548,0.3762676950507159,0.8078877741698877,0.3145509294553067,0.3377628609064298
4396,0.7493697610785008,0.8793285683637947,0.49734349536155764,0.8239238262769917,0.08519607982222155
4397,0.30934664282671553,0.5637725827347632,0.6877455960792761,0.9297694318981805,0.49981909066795205
4398,0.14456570140910519,0.9523441740485441,0.6356216208473698,0.4841346799630505,0.6159413382461194
4399,0.9048257252837798,0.15356699699031195,0.5147944070424375,0.688795259106429,0.8190792056523759
4400,0.6968457575722763,0.6048487768110237,0.47310124916333673,0.9318660995590784,0.315099620504799
4401,0.8359452266644805,0.4992606706393994,0.5290522212711586,0.6032404261004203,0.8443679996865356
4402,0.009280090227594351,0.29591775666584297,0.2077558288422252,0.7843558753329914,0.6013294578442843
4403,0.8970666501348051,0.8025763328213232,0.22968197332745355,0.3510766284139373,0.6263879439515235
4404,0.2319613669614633,0.6323691737077461,0.9611256791150996,0.9101051937391422,0.24839527550648866
4405,0.502058877656962,0.9005426809502268,0.1666614913612634,0.49703459388261095,0.2039436520778336
4406,0.5799947220930594,0.5548710901038961,0.9924895627548053,0.9533950108712994,0.235353293419459
4407,0.0013356464619352915,0.5908942851709937,0.9093571220600569,0.39192898292074374,0.9928225528553826
4408,0.638865144719369,0.15484421829293493,0.0565689311280102,0.380459224025505,0.6403877013924192
4409,0.4035213886821629,0.7293374169387229,0.9178869929792779,0.769067438629718,0.8493260160195342
4410,0.6767103720737424,0.4312010195465382,0.2706474234216165,0.9845866142215745,0.3992689508171593
4411,0.268130552773891,0.10987273400748887,0.322411580787929,0.579170593375313,0.49606962164949586
4412,0.7828790792183891,0.4043854184248562,0.8198772447494665,0.15069313873865897,0.6825837125548107
4413,0.4087451923862575,0.08978126479361448,0.7289457770511674,0.4087096497465954,0.12313277636312037
4414,0.33736897640048225,0.7995017345081776,0.4265172985536999,0.0036031902930417914,0.0699160255464426
4415,0.6179870613358845,0.2788887945651195,0.6119488966730624,0.6014449667459782,0.9239390618072519
4416,0.46734876205217446,0.19299179049373427,0.3468733091555666,0.11611012045147173,0.5490889144665598
4417,0.2407281810239511,0.09107129888058996,0.6054805143789416,0.9280084019745547,0.15472703459329684
4418,0.7915330421452634,0.2392474310413013,0.5694528662970507,0.6566296104140548,0.15276838495757183
4419,0.07236292350073548,0.3762676950507159,0.8078877741698877,0.3145509294553067,0.3377628609064298
4420,0.7493697610785008,0.8793285683637947,0.49734349536155764,0.8239238262769917,0.08519607982222155
4421,0.30934664282671553,0.5637725827347632,0.6877455960792761,0.9297694318981805,0.49981909066795205
4422,0.14456570140910519,0.9523441740485441,0.6356216208473698,0.4841346799630505,0.6159413382461194
4423,0.9048257252837798,0.15356699699031195,0.5147944070424375,0.688795259106429,0.8190792056523759
4424,0.6968457575722763,0.6048487768110237,0.47310124916333673,0.9318660995590784,0.315099620504799
4425,0.8359452266644805,0.4992606706393994,0.5290522212711586,0.6032404261004203,0.8443679996865356
4426,0.009280090227594351,0.29591775666584297,0.2077558288422252,0.7843558753329914,0.6013294578442843
4427,0.8970666501348051,0.8025763328213232,0.22968197332745355,0.3510766284139373,0.6263879439515235
4428,0.2319613669614633,0.6323691737077461,0.9611256791150996,0.9101051937391422,0.24839527550648866
4429,0.502058877656962,0.9005426809502268,0.1666614913612634,0.49703459388261095,0.2039436520778336
4430,0.5799947220930594,0.5548710901038961,0.9924895627548053,0.9533950108712994,0.235353293419459
4431,0.0013356464619352915,0.5908942851709937,0.9093571220600569,0.39192898292074374,0.9928225528553826
4432,0.638865144719369,0.15484421829293493,0.0565689311280102,0.380459224025505,0.6403877013924192
4433,0.4035213886821629,0.7293374169387229,0.9178869929792779,0.769067438629718,0.8493260160195342
4434,0.6767103720737424,0.4312010195465382,0.2706474234216165,0.9845866142215745,0.3992689508171593
4435,0.268130552773891,0.10987273400748887,0.322411580787929,0.579170593375313,0.49606962164949586
4436,0.7828790792183891,0.4043854184248562,0.8198772447494665,0.15069313873865897,0.6825837125548107
4437,0.4087451923862575,0.08978126479361448,0.7289457770511674,0.4087096497465954,0.12313277636312037
4438,0.33736897640048225,0.7995017345081776,0.4265172985536999,0.0036031902930417914,0.0699160255464426
4439,0.6179870613358845,0.2788887945651195,0.6119488966730624,0.6014449667459782,0.9239390618072519
4440,0.08119942273576364,0.918380251618889,0.2072034291262379,0.9789908986949998,0.7605812366012885
4441,0.20518196841956338,0.9944395356371601,0.8699913951957262,0.6318012557379925,0.775406294578274
4442,0.12029545335915048,0.9465989131777108,0.2389168777076247,0.5631514523060189,0.006882606547047088
4443,0.45497189272680827,0.9106111198729966,0.7509739561089669,0.6168025108801637,0.7590697472437893
4444,0.5823811509405162,0.3106811314633784,0.08267807753317447,0.6071793703145606,0.321830906228047
4445,0.9581597760062257,0.12568411627654652,0.59268569164246,0.4322666932624395,0.9824443321868744
4446,0.12075256920914557,0.9867821057475119,0.8169116283012471,0.16311892774891468,0.20835884967754326
4447,0.8368584538122006,0.8924005377222722,0.5383071442854762,0.3044185486881754,0.8425198096008207
4448,0.6379752291671068,0.256967643528887,0.6037765262927276,0.36394801332733573,0.8254076890619257
4449,0.29556933085443293,0.6699096353516709,0.12136255255569506,0.6095559442954196,0.9610518130379864
4450,0.9119319126202493,0.33005478029989366,0.6346612992973985,0.6909568423864734,0.3649437195879386
4451,0.017236825987758886,0.6716292718813686,0.5621043200962933,0.6071261471942283,0.1877430194069094
4452,0.778477786553463,0.027723399338113186,0.7686848981377713,0.7796127166059962,0.21564805967638634
4453,0.900571764048458,0.24850046294283656,0.5171932785192996,0.1994521591994456,0.7967509247522842
4454,0.35651972646177643,0.0982437449318172,0.9204051935673014,0.9849735350237291,0.22302303597750583
4455,0.5462327386104502,0.9141825380536812,0.6128925300713509,0.834663661228924,0.16347184376874713
4456,0.8609247591285041,0.7388396990132401,0.8867833002022126,0.8827863113670819,0.2761388102932598
4457,0.26482886367529446,0.12138045724570945,0.6609487973614716,0.45722925885871946,0.039827896734819235
4458,0.8395410145750536,0.18097369830460908,0.5963146712976288,0.27033737151915804,0.9767426135116218
4459,0.3439382948382955,0.30491748707896027,0.6788733507855236,0.3081903739081667,0.5959427250516829
4460,0.4499597271804665,0.2962832573442383,0.7740957923168312,0.7117569387484599,0.34706153371414905
4461,0.6628289434543888,0.6597326183761185,0.5471274517955871,0.6161904637125268,0.9065751162762671
4462,0.16435610189589167,0.25794728860867533,0.01031825663144148,0.7628783715274752,0.05657437285482636
4463,0.6484611315495431,0.06247315515610996,0.33296775572957027,0.2845190131320461,0.057041758832878764
4464,0.08119942273576364,0.918380251618889,0.2072034291262379,0.9789908986949998,0.7605812366012885
4465,0.20518196841956338,0.9944395356371601,0.8699913951957262,0.6318012557379925,0.775406294578274
4466,0.12029545335915048,0.9465989131777108,0.2389168777076247,0.5631514523060189,0.006882606547047088
4467,0.45497189272680827,0.9106111198729966,0.7509739561089669,0.6168025108801637,0.7590697472437893
4468,0.5823811509405162,0.3106811314633784,0.08267807753317447,0.6071793703145606,0.321830906228047
4469,0.9581597760062257,0.12568411627654652,0.59268569164246,0.4322666932624395,0.9824443321868744
4470,0.12075256920914557,0.9867821057475119,0.8169116283012471,0.16311892774891468,0.20835884967754326
4471,0.8368584538122006,0.8924005377222722,0.5383071442854762,0.3044185486881754,0.8425198096008207
4472,0.6379752291671068,0.256967643528887,0.6037765262927276,0.36394801332733573,0.8254076890619257
4473,0.29556933085443293,0.6699096353516709,0.12136255255569506,0.6095559442954196,0.9610518130379864
4474,0.9119319126202493,0.33005478029989366,0.6346612992973985,0.6909568423864734,0.3649437195879386
4475,0.017236825987758886,0.6716292718813686,0.5621043200962933,0.6071261471942283,0.1877430194069094
4476,0.778477786553463,0.027723399338113186,0.7686848981377713,0.7796127166059962,0.21564805967638634
4477,0.900571764048458,0.24850046294283656,0.5171932785192996,0.1994521591994456,0.7967509247522842
4478,0.35651972646177643,0.0982437449318172,0.9204051935673014,0.9849735350237291,0.22302303597750583
4479,0.5462327386104502,0.9141825380536812,0.6128925300713509,0.834663661228924,0.16347184376874713
4480,0.8609247591285041,0.7388396990132401,0.8867833002022126,0.8827863113670819,0.2761388102932598
4481,0.26482886367529446,0.12138045724570945,0.6609487973614716,0.45722925885871946,0.039827896734819235
4482,0.8395410145750536,0.18097369830460908,0.5963146712976288,0.27033737151915804,0.9767426135116218
4483,0.3439382948382955,0.30491748707896027,0.6788733507855236,0.3081903739081667,0.5959427250516829
4484,0.4499597271804665,0.2962832573442383,0.7740957923168312,0.7117569387484599,0.34706153371414905
4485,0.6628289434543888,0.6597326183761185,0.5471274517955871,0.6161904637125268,0.9065751162762671
4486,0.16435610189589167,0.25794728860867533,0.01031825663144148,0.7628783715274752,0.05657437285482636
4487,0.6484611315495431,0.06247315515610996,0.33296775572957027,0.2845190131320461,0.057041758832878764
4488,0.46734876205217446,0.19299179049373427,0.3468733091555666,0.11611012045147173,0.5490889144665598
4489,0.2407281810239511,0.09107129888058996,0.6054805143789416,0.9280084019745547,0.15472703459329684
4490,0.7915330421452634,0.2392474310413013,0.5694528662970507,0.6566296104140548,0.15276838495757183
4491,0.07236292350073548,0.3762676950507159,0.8078877741698877,0.3145509294553067,0.3377628609064298
4492,0.7493697610785008,0.8793285683637947,0.49734349536155764,0.8239238262769917,0.08519607982222155
4493,0.30934664282671553,0.5637725827347632,0.6877455960792761,0.9297694318981805,0.49981909066795205
4494,0.14456570140910519,0.9523441740485441,0.6356216208473698,0.4841346799630505,0.6159413382461194
4495,0.9048257252837798,0.15356699699031195,0.5147944070424375,0.688795259106429,0.8190792056523759
4496,0.6968457575722763,0.6048487768110237,0.47310124916333673,0.9318660995590784,0.315099620504799
4497,0.8359452266644805,0.4992606706393994,0.5290522212711586,0.6032404261004203,0.8443679996865356
4498,0.009280090227594351,0.29591775666584297,0.2077558288422252,0.7843558753329914,0.6013294578442843
4499,0.8970666501348051,0.8025763328213232,0.22968197332745355,0.3510766284139373,0.6263879439515235
4500,0.2319613669614633,0.6323691737077461,0.9611256791150996,0.9101051937391422,0.24839527550648866
4501,0.502058877656962,0.9005426809502268,0.1666614913612634,0.49703459388261095,0.2039436520778336
4502,0.5799947220930594,0.5548710901038961,0.9924895627548053,0.9533950108712994,0.235353293419459
4503,0.0013356464619352915,0.5908942851709937,0.9093571220600569,0.39192898292074374,0.9928225528553826
4504,0.638865144719369,0.15484421829293493,0.0565689311280102,0.380459224025505,0.6403877013924192
4505,0.4035213886821629,0.7293374169387229,0.9178869929792779,0.769067438629718,0.8493260160195342
4506,0.6767103720737424,0.4312010195465382,0.2706474234216165,0.9845866142215745,0.3992689508171593
4507,0.268130552773891,0.10987273400748887,0.322411580787929,0.579170593375313,0.49606962164949586
4508,0.7828790792183891,0.4043854184248562,0.8198772447494665,0.15069313873865897,0.6825837125548107
4509,0.4087451923862575,0.08978126479361448,0.7289457770511674,0.4087096497465954,0.12313277636312037
4510,0.33736897640048225,0.7995017345081776,0.4265172985536999,0.0036031902930417914,0.0699160255464426
4511,0.6179870613358845,0.2788887945651195,0.6119488966730624,0.6014449667459782,0.9239390618072519
4512,0.46734876205217446,0.19299179049373427,0.3468733091555666,0.11611012045147173,0.5490889144665598
4513,0.2407281810239511,0.09107129888058996,0.6054805143789416,0.9280084019745547,0.15472703459329684
4514,0.7915330421452634,0.2392474310413013,0.5694528662970507,0.6566296104140548,0.15276838495757183
4515,0.07236292350073548,0.3762676950507159,0.8078877741698877,0.3145509294553067,0.3377628609064298
4516,0.7493697610785008,0.8793285683637947,0.49734349536155764,0.8239238262769917,0.08519607982222155
4517,0.30934664282671553,0.5637725827347632,0.6877455960792761,0.9297694318981805,0.49981909066795205
4518,0.14456570140910519,0.9523441740485441,0.6356216208473698,0.4841346799630505,0.6159413382461194
4519,0.9048257252837798,0.15356699699031195,0.5147944070424375,0.688795259106429,0.8190792056523759
4520,0.6968457575722763,0.6048487768110237,0.47310124916333673,0.9318660995590784,0.315099620504799
4521,0.8359452266644805,0.4992606706393994,0.5290522212711586,0.6032404261004203,0.8443679996865356
4522,0.009280090227594351,0.29591775666584297,0.2077558288422252,0.7843558753329914,0.6013294578442843
4523,0.8970666501348051,0.8025763328213232,0.22968197332745355,0.3510766284139373,0.6263879439515235
4524,0.2319613669614633,0.6323691737077461,0.9611256791150996,0.9101051937391422,0.24839527550648866
4525,0.502058877656962,0.9005426809502268,0.1666614913612634,0.49703459388261095,0.2039436520778336
4526,0.5799947220930594,0.5548710901038961,0.9924895627548053,0.9533950108712994,0.235353293419459
4527,0.0013356464619352915,0.5908942851709937,0.9093571220600569,0.39192898292074374,0.9928225528553826
4528,0.638865144719369,0.15484421829293493,0.0565689311280102,0.380459224025505,0.6403877013924192
4529,0.4035213886821629,0.7293374169387229,0.9178869929792779,0.769067438629718,0.8493260160195342
4530,0.6767103720737424,0.4312010195465382,0.2706474234216165,0.9845866142215745,0.3992689508171593
4531,0.268130552773891,0.10987273400748887,0.322411580787929,0.579170593375313,0.49606962164949586
4532,0.7828790792183891,0.4043854184248562,0.8198772447494665,0.15069313873865897,0.6825837125548107
4533,0.4087451923862575,0.08978126479361448,0.7289457770511674,0.4087096497465954,0.12313277636312037
4534,0.33736897640048225,0.7995017345081776,0.4265172985536999,0.0036031902930417914,0.0699160255464426
4535,0.6179870613358845,0.2788887945651195,0.6119488966730624,0.6014449667459782,0.9239390618072519
4536,0.46734876205217446,0.19299179049373427,0.3468733091555666,0.11611012045147173,0.5490889144665598
4537,0.2407281810239511,0.09107129888058996,0.6054805143789416,0.9280084019745547,0.15472703459329684
4538,0.7915330421452634,0.2392474310413013,0.5694528662970507,0.6566296104140548,0.15276838495757183
4539,0.07236292350073548,0.3762676950507159,0.8078877741698877,0.3145509294553067,0.3377628609064298
4540,0.7493697610785008,0.8793285683637947,0.49734349536155764,0.8239238262769917,0.08519607982222155
4541,0.30934664282671553,0.5637725827347632,0.6877455960792761,0.9297694318981805,0.49981909066795205
4542,0.14456570140910519,0.9523441740485441,0.6356216208473698,0.4841346799630505,0.6159413382461194
4543,0.9048257252837798,0.15356699699031195,0.5147944070424375,0.688795259106429,0.8190792056523759
4544,0.6968457575722763,0.6048487768110237,0.47310124916333673,0.9318660995590784,0.315099620504799
4545,0.8359452266644805,0.4992606706393994,0.5290522212711586,0.6032404261004203,0.8443679996865356
4546,0.009280090227594351,0.29591775666584297,0.2077558288422252,0.7843558753329914,0.6013294578442843
4547,0.8970666501348051,0.8025763328213232,0.22968197332745355,0.3510766284139373,0.6263879439515235
4548,0.2319613669614633,0.6323691737077461,0.9611256791150996,0.9101051937391422,0.24839527550648866
4549,0.502058877656962,0.9005426809502268,0.1666614913612634,0.49703459388261095,0.2039436520778336
4550,0.5799947220930594,0.5548710901038961,0.9924895627548053,0.9533950108712994,0.235353293419459
4551,0.0013356464619352915,0.5908942851709937,0.9093571220600569,0.39192898292074374,0.9928225528553826
4552,0.638865144719369,0.15484421829293493,0.0565689311280102,0.380459224025505,0.6403877013924192
4553,0.4035213886821629,0.7293374169387229,0.9178869929792779,0.769067438629718,0.8493260160195342
4554,0.6767103720737424,0.4312010195465382,0.2706474234216165,0.9845866142215745,0.3992689508171593
4555,0.268130552773891,0.10987273400748887,0.322411580787929,0.579170593375313,0.49606962164949586
4556,0.7828790792183891,0.4043854184248562,0.8198772447494665,0.15069313873865897,0.6825837125548107
4557,0.4087451923862575,0.08978126479361448,0.7289457770511674,0.4087096497465954,0.12313277636312037
4558,0.33736897640048225,0.7995017345081776,0.4265172985536999,0.0036031902930417914,0.0699160255464426
4559,0.6179870613358845,0.2788887945651195,0.6119488966730624,0.6014449667459782,0.9239390618072519
4560,0.46734876205217446,0.19299179049373427,0.3468733091555666,0.11611012045147173,0.5490889144665598
4561,0.2407281810239511,0.09107129888058996,0.6054805143789416,0.9280084019745547,0.15472703459329684
4562,0.7915330421452634,0.2392474310413013,0.5694528662970507,0.6566296104140548,0.15276838495757183
4563,0.07236292350073548,0.3762676950507159,0.8078877741698877,0.3145509294553067,0.3377628609064298
4564,0.7493697610785008,0.8793285683637947,0.49734349536155764,0.8239238262769917,0.08519607982222155
4565,0.30934664282671553,0.5637725827347632,0.6877455960792761,0.9297694318981805,0.49981909066795205
4566,0.14456570140910519,0.9523441740485441,0.6356216208473698,0.4841346799630505,0.6159413382461194
4567,0.9048257252837798,0.15356699699031195,0.5147944070424375,0.688795259106429,0.8190792056523759
4568,0.6968457575722763,0.6048487768110237,0.47310124916333673,0.9318660995590784,0.315099620504799
4569,0.8359452266644805,0.4992606706393994,0.5290522212711586,0.6032404261004203,0.8443679996865356
4570,0.009280090227594351,0.29591775666584297,0.2077558288422252,0.7843558753329914,0.6013294578442843
4571,0.8970666501348051,0.8025763328213232,0.22968197332745355,0.3510766284139373,0.6263879439515235
4572,0.2319613669614633,0.6323691737077461,0.9611256791150996,0.9101051937391422,0.24839527550648866
4573,0.502058877656962,0.9005426809502268,0.1666614913612634,0.49703459388261095,0.2039436520778336
4574,0.5799947220930594,0.5548710901038961,0.9924895627548053,0.9533950108712994,0.235353293419459
4575,0.0013356464619352915,0.5908942851709937,0.9093571220600569,0.39192898292074374,0.9928225528553826
4576,0.638865144719369,0.15484421829293493,0.0565689311280102,0.380459224025505,0.6403877013924192
4577,0.4035213886821629,0.7293374169387229,0.9178869929792779,0.769067438629718,0.8493260160195342
4578,0.6767103720737424,0.4312010195465382,0.2706474234216165,0.9845866142215745,0.3992689508171593
4579,0.268130552773891,0.10987273400748887,0.322411580787929,0.579170593375313,0.49606962164949586
4580,0.7828790792183891,0.4043854184248562,0.8198772447494665,0.15069313873865897,0.6825837125548107
4581,0.4087451923862575,0.08978126479361448,0.7289457770511674,0.4087096497465954,0.12313277636312037
4582,0.33736897640048225,0.7995017345081776,0.4265172985536999,0.0036031902930417914,0.0699160255464426
4583,0.6179870613358845,0.2788887945651195,0.6119488966730624,0.6014449667459782,0.9239390618072519
4584,0.46734876205217446,0.19299179049373427,0.3468733091555666,0.11611012045147173,0.5490889144665598
4585,0.2407281810239511,0.09107129888058996,0.6054805143789416,0.9280084019745547,0.15472703459329684
4586,0.7915330421452634,0.2392474310413013,0.5694528662970507,0.6566296104140548,0.15276838495757183
4587,0.07236292350073548,0.3762676950507159,0.8078877741698877,0.3145509294553067,0.3377628609064298
4588,0.7493697610785008,0.8793285683637947,0.49734349536155764,0.8239238262769917,0.08519607982222155
4589,0.30934664282671553,0.5637725827347632,0.6877455960792761,0.9297694318981805,0.49981909066795205
4590,0.14456570140910519,0.9523441740485441,0.6356216208473698,0.4841346799630505,0.6159413382461194
4591,0.9048257252837798,0.15356699699031195,0.5147944070424375,0.688795259106429,0.8190792056523759
4592,0.6968457575722763,0.6048487768110237,0.47310124916333673,0.9318660995590784,0.315099620504799
4593,0.8359452266644805,0.4992606706393994,0.5290522212711586,0.6032404261004203,0.8443679996865356
4594,0.009280090227594351,0.29591775666584297,0.2077558288422252,0.7843558753329914,0.6013294578442843
4595,0.8970666501348051,0.8025763328213232,0.22968197332745355,0.3510766284139373,0.6263879439515235
4596,0.2319613669614633,0.6323691737077461,0.9611256791150996,0.9101051937391422,0.24839527550648866
4597,0.502058877656962,0.9005426809502268,0.1666614913612634,0.49703459388261095,0.2039436520778336
4598,0.5799947220930594,0.5548710901038961,0.9924895627548053,0.9533950108712994,0.235353293419459
4599,0.0013356464619352915,0.5908942851709937,0.9093571220600569,0.39192898292074374,0.9928225528553826
4600,0.638865144719369,0.15484421829293493,0.0565689311280102,0.380459224025505,0.6403877013924192
4601,0.4035213886821629,0.7293374169387229,0.9178869929792779,0.769067438629718,0.8493260160195342
4602,0.6767103720737424,0.4312010195465382,0.2706474234216165,0.9845866142215745,0.3992689508171593
4603,0.268130552773891,0.10987273400748887,0.322411580787929,0.579170593375313,0.49606962164949586
4604,0.7828790792183891,0.4043854184248562,0.8198772447494665,0.15069313873865897,0.6825837125548107
4605,0.4087451923862575,0.08978126479361448,0.7289457770511674,0.4087096497465954,0.12313277636312037
4606,0.33736897640048225,0.7995017345081776,0.4265172985536999,0.0036031902930417914,0.0699160255464426
4607,0.6179870613358845,0.2788887945651195,0.6119488966730624,0.6014449667459782,0.9239390618072519
4608,0.08119942273576364,0.918380251618889,0.2072034291262379,0.9789908986949998,0.7605812366012885
4609,0.20518196841956338,0.9944395356371601,0.8699913951957262,0.6318012557379925,0.775406294578274
4610,0.12029545335915048,0.9465989131777108,0.2389168777076247,0.5631514523060189,0.006882606547047088
4611,0.45497189272680827,0.9106111198729966,0.7509739561089669,0.6168025108801637,0.7590697472437893
4612,0.5823811509405162,0.3106811314633784,0.08267807753317447,0.6071793703145606,0.321830906228047
4613,0.9581597760062257,0.12568411627654652,0.59268569164246,0.4322666932624395,0.9824443321868744
4614,0.12075256920914557,0.9867821057475119,0.8169116283012471,0.16311892774891468,0.20835884967754326
4615,0.8368584538122006,0.8924005377222722,0.5383071442854762,0.3044185486881754,0.8425198096008207
4616,0.6379752291671068,0.256967643528887,0.6037765262927276,0.36394801332733573,0.8254076890619257
4617,0.29556933085443293,0.6699096353516709,0.12136255255569506,0.6095559442954196,0.9610518130379864
4618,0.9119319126202493,0.33005478029989366,0.6346612992973985,0.6909568423864734,0.3649437195879386
4619,0.017236825987758886,0.6716292718813686,0.5621043200962933,0.6071261471942283,0.1877430194069094
4620,0.778477786553463,0.027723399338113186,0.7686848981377713,0.7796127166059962,0.21564805967638634
4621,0.900571764048458,0.24850046294283656,0.5171932785192996,0.1994521591994456,0.7967509247522842
4622,0.35651972646177643,0.0982437449318172,0.9204051935673014,0.9849735350237291,0.22302303597750583
4623,0.5462327386104502,0.9141825380536812,0.6128925300713509,0.834663661228924,0.16347184376874713
4624,0.8609247591285041,0.7388396990132401,0.8867833002022126,0.8827863113670819,0.2761388102932598
4625,0.26482886367529446,0.12138045724570945,0.6609487973614716,0.45722925885871946,0.039827896734819235
4626,0.8395410145750536,0.18097369830460908,0.5963146712976288,0.27033737151915804,0.9767426135116218
4627,0.3439382948382955,0.30491748707896027,0.6788733507855236,0.3081903739081667,0.5959427250516829
4628,0.4499597271804665,0.2962832573442383,0.7740957923168312,0.7117569387484599,0.34706153371414905
4629,0.6628289434543888,0.6597326183761185,0.5471274517955871,0.6161904637125268,0.9065751162762671
4630,0.16435610189589167,0.25794728860867533,0.01031825663144148,0.7628783715274752,0.05657437285482636
4631,0.6484611315495431,0.06247315515610996,0.33296775572957027,0.2845190131320461,0.057041758832878764
4632,0.08119942273576364,0.918380251618889,0.2072034291262379,0.9789908986949998,0.7605812366012885
4633,0.20518196841956338,0.9944395356371601,0.8699913951957262,0.6318012557379925,0.775406294578274
4634,0.12029545335915048,0.9465989131777108,0.2389168777076247,0.5631514523060189,0.006882606547047088
4635,0.45497189272680827,0.9106111198729966,0.7509739561089669,0.6168025108801637,0.7590697472437893
4636,0.5823811509405162,0.3106811314633784,0.08267807753317447,0.6071793703145606,0.321830906228047
4637,0.9581597760062257,0.12568411627654652,0.59268569164246,0.4322666932624395,0.9824443321868744
4638,0.12075256920914557,0.9867821057475119,0.8169116283012471,0.16311892774891468,0.20835884967754326
4639,0.8368584538122006,0.8924005377222722,0.5383071442854762,0.3044185486881754,0.8425198096008207
4640,0.6379752291671068,0.256967643528887,0.6037765262927276,0.36394801332733573,0.8254076890619257
4641,0.29556933085443293,0.6699096353516709,0.12136255255569506,0.6095559442954196,0.9610518130379864
4642,0.9119319126202493,0.33005478029989366,0.6346612992973985,0.6909568423864734,0.3649437195879386
4643,0.017236825987758886,0.6716292718813686,0.5621043200962933,0.6071261471942283,0.1877430194069094
4644,0.778477786553463,0.027723399338113186,0.7686848981377713,0.7796127166059962,0.21564805967638634
4645,0.900571764048458,0.24850046294283656,0.5171932785192996,0.1994521591994456,0.7967509247522842
4646,0.35651972646177643,0.0982437449318172,0.9204051935673014,0.9849735350237291,0.22302303597750583
4647,0.5462327386104502,0.9141825380536812,0.6128925300713509,0.834663661228924,0.16347184376874713
4648,0.8609247591285041,0.7388396990132401,0.8867833002022126,0.8827863113670819,0.2761388102932598
4649,0.26482886367529446,0.12138045724570945,0.6609487973614716,0.45722925885871946,0.039827896734819235
4650,0.8395410145750536,0.18097369830460908,0.5963146712976288,0.27033737151915804,0.9767426135116218
4651,0.3439382948382955,0.30491748707896027,0.6788733507855236,0.3081903739081667,0.5959427250516829
4652,0.4499597271804665,0.2962832573442383,0.7740957923168312,0.7117569387484599,0.34706153371414905
4653,0.6628289434543888,0.6597326183761185,0.5471274517955871,0.6161904637125268,0.9065751162762671
4654,0.16435610189589167,0.25794728860867533,0.01031825663144148,0.7628783715274752,0.05657437285482636
4655,0.6484611315495431,0.06247315515610996,0.33296775572957027,0.2845190131320461,0.057041758832878764
4656,0.08119942273576364,0.918380251618889,0.2072034291262379,0.9789908986949998,0.7605812366012885
4657,0.20518196841956338,0.9944395356371601,0.8699913951957262,0.6318012557379925,0.775406294578274
4658,0.12029545335915048,0.9465989131777108,0.2389168777076247,0.5631514523060189,0.006882606547047088
4659,0.45497189272680827,0.9106111198729966,0.7509739561089669,0.6168025108801637,0.7590697472437893
4660,0.5823811509405162,0.3106811314633784,0.08267807753317447,0.6071793703145606,0.321830906228047
4661,0.9581597760062257,0.12568411627654652,0.59268569164246,0.4322666932624395,0.9824443321868744
4662,0.12075256920914557,0.9867821057475119,0.8169116283012471,0.16311892774891468,0.20835884967754326
4663,0.8368584538122006,0.8924005377222722,0.5383071442854762,0.3044185486881754,0.8425198096008207
4664,0.6379752291671068,0.256967643528887,0.6037765262927276,0.36394801332733573,0.8254076890619257
4665,0.29556933085443293,0.6699096353516709,0.12136255255569506,0.6095559442954196,0.9610518130379864
4666,0.9119319126202493,0.33005478029989366,0.6346612992973985,0.6909568423864734,0.3649437195879386
4667,0.017236825987758886,0.6716292718813686,0.5621043200962933,0.6071261471942283,0.1877430194069094
4668,0.778477786553463,0.027723399338113186,0.7686848981377713,0.7796127166059962,0.21564805967638634
4669,0.900571764048458,0.24850046294283656,0.5171932785192996,0.1994521591994456,0.7967509247522842
4670,0.35651972646177643,0.0982437449318172,0.9204051935673014,0.9849735350237291,0.22302303597750583
4671,0.5462327386104502,0.9141825380536812,0.6128925300713509,0.834663661228924,0.16347184376874713
4672,0.8609247591285041,0.7388396990132401,0.8867833002022126,0.8827863113670819,0.2761388102932598
4673,0.26482886367529446,0.12138045724570945,0.6609487973614716,0.45722925885871946,0.039827896734819235
4674,0.8395410145750536,0.18097369830460908,0.5963146712976288,0.27033737151915804,0.9767426135116218
4675,0.3439382948382955,0.30491748707896027,0.6788733507855236,0.3081903739081667,0.5959427250516829
4676,0.4499597271804665,0.2962832573442383,0.7740957923168312,0.7117569387484599,0.34706153371414905
4677,0.6628289434543888,0.6597326183761185,0.5471274517955871,0.6161904637125268,0.9065751162762671
4678,0.16435610189589167,0.25794728860867533,0.01031825663144148,0.7628783715274752,0.05657437285482636
4679,0.6484611315495431,0.06247315515610996,0.33296775572957027,0.2845190131320461,0.057041758832878764
4680,0.46734876205217446,0.19299179049373427,0.3468733091555666,0.11611012045147173,0.5490889144665598
4681,0.2407281810239511,0.09107129888058996,0.6054805143789416,0.9280084019745547,0.15472703459329684
4682,0.7915330421452634,0.2392474310413013,0.5694528662970507,0.6566296104140548,0.15276838495757183
4683,0.07236292350073548,0.3762676950507159,0.8078877741698877,0.3145509294553067,0.3377628609064298
4684,0.7493697610785008,0.8793285683637947,0.49734349536155764,0.8239238262769917,0.08519607982222155
4685,0.30934664282671553,0.5637725827347632,0.6877455960792761,0.9297694318981805,0.49981909066795205
4686,0.14456570140910519,0.9523441740485441,0.6356216208473698,0.4841346799630505,0.6159413382461194
4687,0.9048257252837798,0.15356699699031195,0.5147944070424375,0.688795259106429,0.8190792056523759
4688,0.6968457575722763,0.6048487768110237,0.47310124916333673,0.9318660995590784,0.315099620504799
4689,0.8359452266644805,0.4992606706393994,0.5290522212711586,0.6032404261004203,0.8443679996865356
4690,0.009280090227594351,0.29591775666584297,0.2077558288422252,0.7843558753329914,0.6013294578442843
4691,0.8970666501348051,0.8025763328213232,0.22968197332745355,0.3510766284139373,0.6263879439515235
4692,0.2319613669614633,0.6323691737077461,0.9611256791150996,0.9101051937391422,0.24839527550648866
4693,0.502058877656962,0.9005426809502268,0.1666614913612634,0.49703459388261095,0.2039436520778336
4694,0.5799947220930594,0.5548710901038961,0.9924895627548053,0.9533950108712994,0.235353293419459
4695,0.0013356464619352915,0.5908942851709937,0.9093571220600569,0.39192898292074374,0.9928225528553826
4696,0.638865144719369,0.15484421829293493,0.0565689311280102,0.380459224025505,0.6403877013924192
4697,0.4035213886821629,0.7293374169387229,0.9178869929792779,0.769067438629718,0.8493260160195342
4698,0.6767103720737424,0.4312010195465382,0.2706474234216165,0.9845866142215745,0.3992689508171593
4699,0.268130552773891,0.10987273400748887,0.322411580787929,0.579170593375313,0.49606962164949586
4700,0.7828790792183891,0.4043854184248562,0.8198772447494665,0.15069313873865897,0.6825837125548107
4701,0.4087451923862575,0.08978126479361448,0.7289457770511674,0.4087096497465954,0.12313277636312037
4702,0.33736897640048225,0.7995017345081776,0.4265172985536999,0.0036031902930417914,0.0699160255464426
4703,0.6179870613358845,0.2788887945651195,0.6119488966730624,0.6014449667459782,0.9239390618072519
4704,0.46734876205217446,0.19299179049373427,0.3468733091555666,0.11611012045147173,0.5490889144665598
4705,0.2407281810239511,0.09107129888058996,0.6054805143789416,0.9280084019745547,0.15472703459329684
4706,0.7915330421452634,0.2392474310413013,0.5694528662970507,0.6566296104140548,0.15276838495757183
4707,0.07236292350073548,0.3762676950507159,0.8078877741698877,0.3145509294553067,0.3377628609064298
4708,0.7493697610785008,0.8793285683637947,0.49734349536155764,0.8239238262769917,0.08519607982222155
4709,0.30934664282671553,0.5637725827347632,0.6877455960792761,0.9297694318981805,0.49981909066795205
4710,0.14456570140910519,0.9523441740485441,0.6356216208473698,0.4841346799630505,0.6159413382461194
4711,0.9048257252837798,0.15356699699031195,0.5147944070424375,0.688795259106429,0.8190792056523759
4712,0.6968457575722763,0.6048487768110237,0.47310124916333673,0.9318660995590784,0.315099620504799
4713,0.8359452266644805,0.4992606706393994,0.5290522212711586,0.6032404261004203,0.8443679996865356
4714,0.009280090227594351,0.29591775666584297,0.2077558288422252,0.7843558753329914,0.6013294578442843
4715,0.8970666501348051,0.8025763328213232,0.22968197332745355,0.3510766284139373,0.6263879439515235
4716,0.2319613669614633,0.6323691737077461,0.9611256791150996,0.9101051937391422,0.24839527550648866
4717,0.502058877656962,0.9005426809502268,0.1666614913612634,0.49703459388261095,0.2039436520778336
4718,0.5799947220930594,0.5548710901038961,0.9924895627548053,0.9533950108712994,0.235353293419459
4719,0.0013356464619352915,0.5908942851709937,0.9093571220600569,0.39192898292074374,0.9928225528553826
4720,0.638865144719369,0.15484421829293493,0.0565689311280102,0.380459224025505,0.6403877013924192
4721,0.4035213886821629,0.7293374169387229,0.9178869929792779,0.769067438629718,0.8493260160195342
4722,0.6767103720737424,0.4312010195465382,0.2706474234216165,0.9845866142215745,0.3992689508171593
4723,0.268130552773891,0.10987273400748887,0.322411580787929,0.579170593375313,0.49606962164949586
4724,0.7828790792183891,0.4043854184248562,0.8198772447494665,0.15069313873865897,0.6825837125548107
4725,0.4087451923862575,0.08978126479361448,0.7289457770511674,0.4087096497465954,0.12313277636312037
4726,0.33736897640048225,0.7995017345081776,0.4265172985536999,0.0036031902930417914,0.0699160255464426
4727,0.6179870613358845,0.2788887945651195,0.6119488966730624,0.6014449667459782,0.9239390618072519
4728,0.46734876205217446,0.19299179049373427,0.3468733091555666,0.11611012045147173,0.5490889144665598
4729,0.2407281810239511,0.09107129888058996,0.6054805143789416,0.9280084019745547,0.15472703459329684
4730,0.7915330421452634,0.2392474310413013,0.5694528662970507,0.6566296104140548,0.15276838495757183
4731,0.07236292350073548,0.3762676950507159,0.8078877741698877,0.3145509294553067,0.3377628609064298
4732,0.7493697610785008,0.8793285683637947,0.49734349536155764,0.8239238262769917,0.08519607982222155
4733,0.30934664282671553,0.5637725827347632,0.6877455960792761,0.9297694318981805,0.49981909066795205
4734,0.14456570140910519,0.9523441740485441,0.6356216208473698,0.4841346799630505,0.6159413382461194
4735,0.9048257252837798,0.15356699699031195,0.5147944070424375,0.688795259106429,0.8190792056523759
4736,0.6968457575722763,0.6048487768110237,0.47310124916333673,0.9318660995590784,0.315099620504799
4737,0.8359452266644805,0.4992606706393994,0.5290522212711586,0.6032404261004203,0.8443679996865356
4738,0.009280090227594351,0.29591775666584297,0.2077558288422252,0.7843558753329914,0.6013294578442843
4739,0.8970666501348051,0.8025763328213232,0.22968197332745355,0.3510766284139373,0.6263879439515235
4740,0.2319613669614633,0.6323691737077461,0.9611256791150996,0.9101051937391422,0.24839527550648866
4741,0.502058877656962,0.9005426809502268,0.1666614913612634,0.49703459388261095,0.2039436520778336
4742,0.5799947220930594,0.5548710901038961,0.9924895627548053,0.9533950108712994,0.235353293419459
4743,0.0013356464619352915,0.5908942851709937,0.9093571220600569,0.39192898292074374,0.9928225528553826
4744,0.638865144719369,0.15484421829293493,0.0565689311280102,0.380459224025505,0.6403877013924192
4745,0.4035213886821629,0.7293374169387229,0.9178869929792779,0.769067438629718,0.8493260160195342
4746,0.6767103720737424,0.4312010195465382,0.2706474234216165,0.9845866142215745,0.3992689508171593
4747,0.268130552773891,0.10987273400748887,0.322411580787929,0.579170593375313,0.49606962164949586
4748,0.7828790792183891,0.4043854184248562,0.8198772447494665,0.15069313873865897,0.6825837125548107
4749,0.4087451923862575,0.08978126479361448,0.7289457770511674,0.4087096497465954,0.12313277636312037
4750,0.33736897640048225,0.7995017345081776,0.4265172985536999,0.0036031902930417914,0.0699160255464426
4751,0.6179870613358845,0.2788887945651195,0.6119488966730624,0.6014449667459782,0.9239390618072519
4752,0.46734876205217446,0.19299179049373427,0.3468733091555666,0.11611012045147173,0.5490889144665598
4753,0.2407281810239511,0.09107129888058996,0.6054805143789416,0.9280084019745547,0.15472703459329684
4754,0.7915330421452634,0.2392474310413013,0.5694528662970507,0.6566296104140548,0.15276838495757183
4755,0.07236292350073548,0.3762676950507159,0.8078877741698877,0.3145509294553067,0.3377628609064298
4756,0.7493697610785008,0.8793285683637947,0.49734349536155764,0.8239238262769917,0.08519607982222155
4757,0.30934664282671553,0.5637725827347632,0.6877455960792761,0.9297694318981805,0.49981909066795205
4758,0.14456570140910519,0.9523441740485441,0.6356216208473698,0.4841346799630505,0.6159413382461194
4759,0.9048257252837798,0.15356699699031195,0.5147944070424375,0.688795259106429,0.8190792056523759
4760,0.6968457575722763,0.6048487768110237,0.47310124916333673,0.9318660995590784,0.315099620504799
4761,0.8359452266644805,0.4992606706393994,0.5290522212711586,0.6032404261004203,0.8443679996865356
4762,0.009280090227594351,0.29591775666584297,0.2077558288422252,0.7843558753329914,0.6013294578442843
4763,0.8970666501348051,0.8025763328213232,0.22968197332745355,0.3510766284139373,0.6263879439515235
4764,0.2319613669614633,0.6323691737077461,0.9611256791150996,0.9101051937391422,0.24839527550648866
4765,0.502058877656962,0.9005426809502268,0.1666614913612634,0.49703459388261095,0.2039436520778336
4766,0.5799947220930594,0.5548710901038961,0.9924895627548053,0.9533950108712994,0.235353293419459
4767,0.0013356464619352915,0.5908942851709937,0.9093571220600569,0.39192898292074374,0.9928225528553826
4768,0.638865144719369,0.15484421829293493,0.0565689311280102,0.380459224025505,0.6403877013924192
4769,0.4035213886821629,0.7293374169387229,0.9178869929792779,0.769067438629718,0.8493260160195342
4770,0.6767103720737424,0.4312010195465382,0.2706474234216165,0.9845866142215745,0.3992689508171593
4771,0.268130552773891,0.10987273400748887,0.322411580787929,0.579170593375313,0.49606962164949586
4772,0.7828790792183891,0.4043854184248562,0.8198772447494665,0.15069313873865897,0.6825837125548107
4773,0.4087451923862575,0.08978126479361448,0.7289457770511674,0.4087096497465954,0.12313277636312037
4774,0.33736897640048225,0.7995017345081776,0.4265172985536999,0.0036031902930417914,0.0699160255464426
4775,0.6179870613358845,0.2788887945651195,0.6119488966730624,0.6014449667459782,0.9239390618072519
4776,0.08119942273576364,0.918380251618889,0.2072034291262379,0.9789908986949998,0.7605812366012885
4777,0.20518196841956338,0.9944395356371601,0.8699913951957262,0.6318012557379925,0.775406294578274
4778,0.12029545335915048,0.9465989131777108,0.2389168777076247,0.5631514523060189,0.006882606547047088
4779,0.45497189272680827,0.9106111198729966,0.7509739561089669,0.6168025108801637,0.7590697472437893
4780,0.5823811509405162,0.3106811314633784,0.08267807753317447,0.6071793703145606,0.321830906228047
4781,0.9581597760062257,0.12568411627654652,0.59268569164246,0.4322666932624395,0.9824443321868744
4782,0.12075256920914557,0.9867821057475119,0.8169116283012471,0.16311892774891468,0.20835884967754326
4783,0.8368584538122006,0.8924005377222722,0.5383071442854762,0.3044185486881754,0.8425198096008207
4784,0.6379752291671068,0.256967643528887,0.6037765262927276,0.36394801332733573,0.8254076890619257
4785,0.29556933085443293,0.6699096353516709,0.12136255255569506,0.6095559442954196,0.9610518130379864
4786,0.9119319126202493,0.33005478029989366,0.6346612992973985,0.6909568423864734,0.3649437195879386
4787,0.017236825987758886,0.6716292718813686,0.5621043200962933,0.6071261471942283,0.1877430194069094
4788,0.778477786553463,0.027723399338113186,0.7686848981377713,0.7796127166059962,0.21564805967638634
4789,0.900571764048458,0.24850046294283656,0.5171932785192996,0.1994521591994456,0.7967509247522842
4790,0.35651972646177643,0.0982437449318172,0.9204051935673014,0.9849735350237291,0.22302303597750583
4791,0.5462327386104502,0.9141825380536812,0.6128925300713509,0.834663661228924,0.16347184376874713
4792,0.8609247591285041,0.7388396990132401,0.8867833002022126,0.8827863113670819,0.2761388102932598
4793,0.26482886367529446,0.12138045724570945,0.6609487973614716,0.45722925885871946,0.039827896734819235
4794,0.8395410145750536,0.18097369830460908,0.5963146712976288,0.27033737151915804,0.9767426135116218
4795,0.3439382948382955,0.30491748707896027,0.6788733507855236,0.3081903739081667,0.5959427250516829
4796,0.4499597271804665,0.2962832573442383,0.7740957923168312,0.7117569387484599,0.34706153371414905
4797,0.6628289434543888,0.6597326183761185,0.5471274517955871,0.6161904637125268,0.9065751162762671
4798,0.16435610189589167,0.25794728860867533,0.01031825663144148,0.7628783715274752,0.05657437285482636
4799,0.6484611315495431,0.06247315515610996,0.33296775572957027,0.2845190131320461,0.057041758832878764
4800,0.46734876205217446,0.19299179049373427,0.3468733091555666,0.11611012045147173,0.5490889144665598
4801,0.2407281810239511,0.09107129888058996,0.6054805143789416,0.9280084019745547,0.15472703459329684
4802,0.7915330421452634,0.2392474310413013,0.5694528662970507,0.6566296104140548,0.15276838495757183
4803,0.07236292350073548,0.3762676950507159,0.8078877741698877,0.3145509294553067,0.3377628609064298
4804,0.7493697610785008,0.8793285683637947,0.49734349536155764,0.8239238262769917,0.08519607982222155
4805,0.30934664282671553,0.5637725827347632,0.6877455960792761,0.9297694318981805,0.49981909066795205
4806,0.14456570140910519,0.9523441740485441,0.6356216208473698,0.4841346799630505,0.6159413382461194
4807,0.9048257252837798,0.15356699699031195,0.5147944070424375,0.688795259106429,0.8190792056523759
4808,0.6968457575722763,0.6048487768110237,0.47310124916333673,0.9318660995590784,0.315099620504799
4809,0.8359452266644805,0.4992606706393994,0.5290522212711586,0.6032404261004203,0.8443679996865356
4810,0.009280090227594351,0.29591775666584297,0.2077558288422252,0.7843558753329914,0.6013294578442843
4811,0.8970666501348051,0.8025763328213232,0.22968197332745355,0.3510766284139373,0.6263879439515235
4812,0.2319613669614633,0.6323691737077461,0.9611256791150996,0.9101051937391422,0.24839527550648866
4813,0.502058877656962,0.9005426809502268,0.1666614913612634,0.49703459388261095,0.2039436520778336
4814,0.5799947220930594,0.5548710901038961,0.9924895627548053,0.9533950108712994,0.235353293419459
4815,0.0013356464619352915,0.5908942851709937,0.9093571220600569,0.39192898292074374,0.9928225528553826
4816,0.638865144719369,0.15484421829293493,0.0565689311280102,0.380459224025505,0.6403877013924192
4817,0.4035213886821629,0.7293374169387229,0.9178869929792779,0.769067438629718,0.8493260160195342
4818,0.6767103720737424,0.4312010195465382,0.2706474234216165,0.9845866142215745,0.3992689508171593
4819,0.268130552773891,0.10987273400748887,0.322411580787929,0.579170593375313,0.49606962164949586
4820,0.7828790792183891,0.4043854184248562,0.8198772447494665,0.15069313873865897,0.6825837125548107
4821,0.4087451923862575,0.08978126479361448,0.7289457770511674,0.4087096497465954,0.12313277636312037
4822,0.33736897640048225,0.7995017345081776,0.4265172985536999,0.0036031902930417914,0.0699160255464426
4823,0.6179870613358845,0.2788887945651195,0.6119488966730624,0.6014449667459782,0.9239390618072519
4824,0.08119942273576364,0.918380251618889,0.2072034291262379,0.9789908986949998,0.7605812366012885
4825,0.20518196841956338,0.9944395356371601,0.8699913951957262,0.6318012557379925,0.775406294578274
4826,0.12029545335915048,0.9465989131777108,0.2389168777076247,0.5631514523060189,0.006882606547047088
4827,0.45497189272680827,0.9106111198729966,0.7509739561089669,0.6168025108801637,0.7590697472437893
4828,0.5823811509405162,0.3106811314633784,0.08267807753317447,0.6071793703145606,0.321830906228047
4829,0.9581597760062257,0.12568411627654652,0.59268569164246,0.4322666932624395,0.9824443321868744
4830,0.12075256920914557,0.9867821057475119,0.8169116283012471,0.16311892774891468,0.20835884967754326
4831,0.8368584538122006,0.8924005377222722,0.5383071442854762,0.3044185486881754,0.8425198096008207
4832,0.6379752291671068,0.256967643528887,0.6037765262927276,0.36394801332733573,0.8254076890619257
4833,0.29556933085443293,0.6699096353516709,0.12136255255569506,0.6095559442954196,0.9610518130379864
4834,0.9119319126202493,0.33005478029989366,0.6346612992973985,0.6909568423864734,0.3649437195879386
4835,0.017236825987758886,0.6716292718813686,0.5621043200962933,0.6071261471942283,0.1877430194069094
4836,0.778477786553463,0.027723399338113186,0.7686848981377713,0.7796127166059962,0.21564805967638634
4837,0.900571764048458,0.24850046294283656,0.5171932785192996,0.1994521591994456,0.7967509247522842
4838,0.35651972646177643,0.0982437449318172,0.9204051935673014,0.9849735350237291,0.22302303597750583
4839,0.5462327386104502,0.9141825380536812,0.6128925300713509,0.834663661228924,0.16347184376874713
4840,0.8609247591285041,0.7388396990132401,0.8867833002022126,0.8827863113670819,0.2761388102932598
4841,0.26482886367529446,0.12138045724570945,0.6609487973614716,0.45722925885871946,0.039827896734819235
4842,0.8395410145750536,0.18097369830460908,0.5963146712976288,0.27033737151915804,0.9767426135116218
4843,0.3439382948382955,0.30491748707896027,0.6788733507855236,0.3081903739081667,0.5959427250516829
4844,0.4499597271804665,0.2962832573442383,0.7740957923168312,0.7117569387484599,0.34706153371414905
4845,0.6628289434543888,0.6597326183761185,0.5471274517955871,0.6161904637125268,0.9065751162762671
4846,0.16435610189589167,0.25794728860867533,0.01031825663144148,0.7628783715274752,0.05657437285482636
4847,0.6484611315495431,0.06247315515610996,0.33296775572957027,0.2845190131320461,0.057041758832878764
4848,0.46734876205217446,0.19299179049373427,0.3468733091555666,0.11611012045147173,0.5490889144665598
4849,0.2407281810239511,0.09107129888058996,0.6054805143789416,0.9280084019745547,0.15472703459329684
4850,0.7915330421452634,0.2392474310413013,0.5694528662970507,0.6566296104140548,0.15276838495757183
4851,0.07236292350073548,0.3762676950507159,0.8078877741698877,0.3145509294553067,0.3377628609064298
4852,0.7493697610785008,0.8793285683637947,0.49734349536155764,0.8239238262769917,0.08519607982222155
4853,0.30934664282671553,0.5637725827347632,0.6877455960792761,0.9297694318981805,0.49981909066795205
4854,0.14456570140910519,0.9523441740485441,0.6356216208473698,0.4841346799630505,0.6159413382461194
4855,0.9048257252837798,0.15356699699031195,0.5147944070424375,0.688795259106429,0.8190792056523759
4856,0.6968457575722763,0.6048487768110237,0.47310124916333673,0.9318660995590784,0.315099620504799
4857,0.8359452266644805,0.4992606706393994,0.5290522212711586,0.6032404261004203,0.8443679996865356
4858,0.009280090227594351,0.29591775666584297,0.2077558288422252,0.7843558753329914,0.6013294578442843
4859,0.8970666501348051,0.8025763328213232,0.22968197332745355,0.3510766284139373,0.6263879439515235
4860,0.2319613669614633,0.6323691737077461,0.9611256791150996,0.9101051937391422,0.24839527550648866
4861,0.502058877656962,0.9005426809502268,0.1666614913612634,0.49703459388261095,0.2039436520778336
4862,0.5799947220930594,0.5548710901038961,0.9924895627548053,0.9533950108712994,0.235353293419459
4863,0.0013356464619352915,0.5908942851709937,0.9093571220600569,0.39192898292074374,0.9928225528553826
4864,0.638865144719369,0.15484421829293493,0.0565689311280102,0.380459224025505,0.6403877013924192
4865,0.4035213886821629,0.7293374169387229,0.9178869929792779,0.769067438629718,0.8493260160195342
4866,0.6767103720737424,0.4312010195465382,0.2706474234216165,0.9845866142215745,0.3992689508171593
4867,0.268130552773891,0.10987273400748887,0.322411580787929,0.579170593375313,0.49606962164949586
4868,0.7828790792183891,0.4043854184248562,0.8198772447494665,0.15069313873865897,0.6825837125548107
4869,0.4087451923862575,0.08978126479361448,0.7289457770511674,0.4087096497465954,0.12313277636312037
4870,0.33736897640048225,0.7995017345081776,0.4265172985536999,0.0036031902930417914,0.0699160255464426
4871,0.6179870613358845,0.2788887945651195,0.6119488966730624,0.6014449667459782,0.9239390618072519
4872,0.46734876205217446,0.19299179049373427,0.3468733091555666,0.11611012045147173,0.5490889144665598
4873,0.2407281810239511,0.09107129888058996,0.6054805143789416,0.9280084019745547,0.15472703459329684
4874,0.7915330421452634,0.2392474310413013,0.5694528662970507,0.6566296104140548,0.15276838495757183
4875,0.07236292350073548,0.3762676950507159,0.8078877741698877,0.3145509294553067,0.3377628609064298
4876,0.7493697610785008,0.8793285683637947,0.49734349536155764,0.8239238262769917,0.08519607982222155
4877,0.30934664282671553,0.5637725827347632,0.6877455960792761,0.9297694318981805,0.49981909066795205
4878,0.14456570140910519,0.9523441740485441,0.6356216208473698,0.4841346799630505,0.6159413382461194
4879,0.9048257252837798,0.15356699699031195,0.5147944070424375,0.688795259106429,0.8190792056523759
4880,0.6968457575722763,0.6048487768110237,0.47310124916333673,0.9318660995590784,0.315099620504799
4881,0.8359452266644805,0.4992606706393994,0.5290522212711586,0.6032404261004203,0.8443679996865356
4882,0.009280090227594351,0.29591775666584297,0.2077558288422252,0.7843558753329914,0.6013294578442843
4883,0.8970666501348051,0.8025763328213232,0.22968197332745355,0.3510766284139373,0.6263879439515235
4884,0.2319613669614633,0.6323691737077461,0.9611256791150996,0.9101051937391422,0.24839527550648866
4885,0.502058877656962,0.9005426809502268,0.1666614913612634,0.49703459388261095,0.2039436520778336
4886,0.5799947220930594,0.5548710901038961,0.9924895627548053,0.9533950108712994,0.235353293419459
4887,0.0013356464619352915,0.5908942851709937,0.9093571220600569,0.39192898292074374,0.9928225528553826
4888,0.638865144719369,0.15484421829293493,0.0565689311280102,0.380459224025505,0.6403877013924192
4889,0.4035213886821629,0.7293374169387229,0.9178869929792779,0.769067438629718,0.8493260160195342
4890,0.6767103720737424,0.4312010195465382,0.2706474234216165,0.9845866142215745,0.3992689508171593
4891,0.268130552773891,0.10987273400748887,0.322411580787929,0.579170593375313,0.49606962164949586
4892,0.7828790792183891,0.4043854184248562,0.8198772447494665,0.15069313873865897,0.6825837125548107
4893,0.4087451923862575,0.08978126479361448,0.7289457770511674,0.4087096497465954,0.12313277636312037
4894,0.33736897640048225,0.7995017345081776,0.4265172985536999,0.0036031902930417914,0.0699160255464426
4895,0.6179870613358845,0.2788887945651195,0.6119488966730624,0.6014449667459782,0.9239390618072519
4896,0.08119942273576364,0.918380251618889,0.2072034291262379,0.9789908986949998,0.7605812366012885
4897,0.20518196841956338,0.9944395356371601,0.8699913951957262,0.6318012557379925,0.775406294578274
4898,0.12029545335915048,0.9465989131777108,0.2389168777076247,0.5631514523060189,0.006882606547047088
4899,0.45497189272680827,0.9106111198729966,0.7509739561089669,0.6168025108801637,0.7590697472437893
4900,0.5823811509405162,0.3106811314633784,0.08267807753317447,0.6071793703145606,0.321830906228047
4901,0.9581597760062257,0.12568411627654652,0.59268569164246,0.4322666932624395,0.9824443321868744
4902,0.12075256920914557,0.9867821057475119,0.8169116283012471,0.16311892774891468,0.20835884967754326
4903,0.8368584538122006,0.8924005377222722,0.5383071442854762,0.3044185486881754,0.8425198096008207
4904,0.6379752291671068,0.256967643528887,0.6037765262927276,0.36394801332733573,0.8254076890619257
4905,0.29556933085443293,0.6699096353516709,0.12136255255569506,0.6095559442954196,0.9610518130379864
4906,0.9119319126202493,0.33005478029989366,0.6346612992973985,0.6909568423864734,0.3649437195879386
4907,0.017236825987758886,0.6716292718813686,0.5621043200962933,0.6071261471942283,0.1877430194069094
4908,0.778477786553463,0.027723399338113186,0.7686848981377713,0.7796127166059962,0.21564805967638634
4909,0.900571764048458,0.24850046294283656,0.5171932785192996,0.1994521591994456,0.7967509247522842
4910,0.35651972646177643,0.0982437449318172,0.9204051935673014,0.9849735350237291,0.22302303597750583
4911,0.5462327386104502,0.9141825380536812,0.6128925300713509,0.834663661228924,0.16347184376874713
4912,0.8609247591285041,0.7388396990132401,0.8867833002022126,0.8827863113670819,0.2761388102932598
4913,0.26482886367529446,0.12138045724570945,0.6609487973614716,0.45722925885871946,0.039827896734819235
4914,0.8395410145750536,0.18097369830460908,0.5963146712976288,0.27033737151915804,0.9767426135116218
4915,0.3439382948382955,0.30491748707896027,0.6788733507855236,0.3081903739081667,0.5959427250516829
4916,0.4499597271804665,0.2962832573442383,0.7740957923168312,0.7117569387484599,0.34706153371414905
4917,0.6628289434543888,0.6597326183761185,0.5471274517955871,0.6161904637125268,0.9065751162762671
4918,0.16435610189589167,0.25794728860867533,0.01031825663144148,0.7628783715274752,0.05657437285482636
4919,0.6484611315495431,0.06247315515610996,0.33296775572957027,0.2845190131320461,0.057041758832878764
4920,0.46734876205217446,0.19299179049373427,0.3468733091555666,0.11611012045147173,0.5490889144665598
4921,0.2407281810239511,0.09107129888058996,0.6054805143789416,0.9280084019745547,0.15472703459329684
4922,0.7915330421452634,0.2392474310413013,0.5694528662970507,0.6566296104140548,0.15276838495757183
4923,0.07236292350073548,0.3762676950507159,0.8078877741698877,0.3145509294553067,0.3377628609064298
4924,0.7493697610785008,0.8793285683637947,0.49734349536155764,0.8239238262769917,0.08519607982222155
4925,0.30934664282671553,0.5637725827347632,0.6877455960792761,0.9297694318981805,0.49981909066795205
4926,0.14456570140910519,0.9523441740485441,0.6356216208473698,0.4841346799630505,0.6159413382461194
4927,0.9048257252837798,0.15356699699031195,0.5147944070424375,0.688795259106429,0.8190792056523759
4928,0.6968457575722763,0.6048487768110237,0.47310124916333673,0.9318660995590784,0.315099620504799
4929,0.8359452266644805,0.4992606706393994,0.5290522212711586,0.6032404261004203,0.8443679996865356
4930,0.009280090227594351,0.29591775666584297,0.2077558288422252,0.7843558753329914,0.6013294578442843
4931,0.8970666501348051,0.8025763328213232,0.22968197332745355,0.3510766284139373,0.6263879439515235
4932,0.2319613669614633,0.6323691737077461,0.9611256791150996,0.9101051937391422,0.24839527550648866
4933,0.502058877656962,0.9005426809502268,0.1666614913612634,0.49703459388261095,0.2039436520778336
4934,0.5799947220930594,0.5548710901038961,0.9924895627548053,0.9533950108712994,0.235353293419459
4935,0.0013356464619352915,0.5908942851709937,0.9093571220600569,0.39192898292074374,0.9928225528553826
4936,0.638865144719369,0.15484421829293493,0.0565689311280102,0.380459224025505,0.6403877013924192
4937,0.4035213886821629,0.7293374169387229,0.9178869929792779,0.769067438629718,0.8493260160195342
4938,0.6767103720737424,0.4312010195465382,0.2706474234216165,0.9845866142215745,0.3992689508171593
4939,0.268130552773891,0.10987273400748887,0.322411580787929,0.579170593375313,0.49606962164949586
4940,0.7828790792183891,0.4043854184248562,0.8198772447494665,0.15069313873865897,0.6825837125548107
4941,0.4087451923862575,0.08978126479361448,0.7289457770511674,0.4087096497465954,0.12313277636312037
4942,0.33736897640048225,0.7995017345081776,0.4265172985536999,0.0036031902930417914,0.0699160255464426
4943,0.6179870613358845,0.2788887945651195,0.6119488966730624,0.6014449667459782,0.9239390618072519
4944,0.46734876205217446,0.19299179049373427,0.3468733091555666,0.11611012045147173,0.5490889144665598
4945,0.2407281810239511,0.09107129888058996,0.6054805143789416,0.9280084019745547,0.15472703459329684
4946,0.7915330421452634,0.2392474310413013,0.5694528662970507,0.6566296104140548,0.15276838495757183
4947,0.07236292350073548,0.3762676950507159,0.8078877741698877,0.3145509294553067,0.3377628609064298
4948,0.7493697610785008,0.8793285683637947,0.49734349536155764,0.8239238262769917,0.08519607982222155
4949,0.30934664282671553,0.5637725827347632,0.6877455960792761,0.9297694318981805,0.49981909066795205
4950,0.14456570140910519,0.9523441740485441,0.6356216208473698,0.4841346799630505,0.6159413382461194
4951,0.9048257252837798,0.15356699699031195,0.5147944070424375,0.688795259106429,0.8190792056523759
4952,0.6968457575722763,0.6048487768110237,0.47310124916333673,0.9318660995590784,0.315099620504799
4953,0.8359452266644805,0.4992606706393994,0.5290522212711586,0.6032404261004203,0.8443679996865356
4954,0.009280090227594351,0.29591775666584297,0.2077558288422252,0.7843558753329914,0.6013294578442843
4955,0.8970666501348051,0.8025763328213232,0.22968197332745355,0.3510766284139373,0.6263879439515235
4956,0.2319613669614633,0.6323691737077461,0.9611256791150996,0.9101051937391422,0.24839527550648866
4957,0.502058877656962,0.9005426809502268,0.1666614913612634,0.49703459388261095,0.2039436520778336
4958,0.5799947220930594,0.5548710901038961,0.9924895627548053,0.9533950108712994,0.235353293419459
4959,0.0013356464619352915,0.5908942851709937,0.9093571220600569,0.39192898292074374,0.9928225528553826
4960,0.638865144719369,0.15484421829293493,0.0565689311280102,0.380459224025505,0.6403877013924192
4961,0.4035213886821629,0.7293374169387229,0.9178869929792779,0.769067438629718,0.8493260160195342
4962,0.6767103720737424,0.4312010195465382,0.2706474234216165,0.9845866142215745,0.3992689508171593
4963,0.268130552773891,0.10987273400748887,0.322411580787929,0.579170593375313,0.49606962164949586
4964,0.7828790792183891,0.4043854184248562,0.8198772447494665,0.15069313873865897,0.6825837125548107
4965,0.4087451923862575,0.08978126479361448,0.7289457770511674,0.4087096497465954,0.12313277636312037
4966,0.33736897640048225,0.7995017345081776,0.4265172985536999,0.0036031902930417914,0.0699160255464426
4967,0.6179870613358845,0.2788887945651195,0.6119488966730624,0.6014449667459782,0.9239390618072519
4968,0.46734876205217446,0.19299179049373427,0.3468733091555666,0.11611012045147173,0.5490889144665598
4969,0.2407281810239511,0.09107129888058996,0.6054805143789416,0.9280084019745547,0.15472703459329684
4970,0.7915330421452634,0.2392474310413013,0.5694528662970507,0.6566296104140548,0.15276838495757183
4971,0.07236292350073548,0.3762676950507159,0.8078877741698877,0.3145509294553067,0.3377628609064298
4972,0.7493697610785008,0.8793285683637947,0.49734349536155764,0.8239238262769917,0.08519607982222155
4973,0.30934664282671553,0.5637725827347632,0.6877455960792761,0.9297694318981805,0.49981909066795205
4974,0.14456570140910519,0.9523441740485441,0.6356216208473698,0.4841346799630505,0.6159413382461194
4975,0.9048257252837798,0.15356699699031195,0.5147944070424375,0.688795259106429,0.8190792056523759
4976,0.6968457575722763,0.6048487768110237,0.47310124916333673,0.9318660995590784,0.315099620504799
4977,0.8359452266644805,0.4992606706393994,0.5290522212711586,0.6032404261004203,0.8443679996865356
4978,0.009280090227594351,0.29591775666584297,0.2077558288422252,0.7843558753329914,0.6013294578442843
4979,0.8970666501348051,0.8025763328213232,0.22968197332745355,0.3510766284139373,0.6263879439515235
4980,0.2319613669614633,0.6323691737077461,0.9611256791150996,0.9101051937391422,0.24839527550648866
4981,0.502058877656962,0.9005426809502268,0.1666614913612634,0.49703459388261095,0.2039436520778336
4982,0.5799947220930594,0.5548710901038961,0.9924895627548053,0.9533950108712994,0.235353293419459
4983,0.0013356464619352915,0.5908942851709937,0.9093571220600569,0.39192898292074374,0.9928225528553826
4984,0.638865144719369,0.15484421829293493,0.0565689311280102,0.380459224025505,0.6403877013924192
4985,0.4035213886821629,0.7293374169387229,0.9178869929792779,0.769067438629718,0.8493260160195342
4986,0.6767103720737424,0.4312010195465382,0.2706474234216165,0.9845866142215745,0.3992689508171593
4987,0.268130552773891,0.10987273400748887,0.322411580787929,0.579170593375313,0.49606962164949586
4988,0.7828790792183891,0.4043854184248562,0.8198772447494665,0.15069313873865897,0.6825837125548107
4989,0.4087451923862575,0.08978126479361448,0.7289457770511674,0.4087096497465954,0.12313277636312037
4990,0.33736897640048225,0.7995017345081776,0.4265172985536999,0.0036031902930417914,0.0699160255464426
4991,0.6179870613358845,0.2788887945651195,0.6119488966730624,0.6014449667459782,0.9239390618072519
4992,0.46734876205217446,0.19299179049373427,0.3468733091555666,0.11611012045147173,0.5490889144665598
4993,0.2407281810239511,0.09107129888058996,0.6054805143789416,0.9280084019745547,0.15472703459329684
4994,0.7915330421452634,0.2392474310413013,0.5694528662970507,0.6566296104140548,0.15276838495757183
4995,0.07236292350073548,0.3762676950507159,0.8078877741698877,0.3145509294553067,0.3377628609064298
4996,0.7493697610785008,0.8793285683637947,0.49734349536155764,0.8239238262769917,0.08519607982222155
4997,0.30934664282671553,0.5637725827347632,0.6877455960792761,0.9297694318981805,0.49981909066795205
4998,0.14456570140910519,0.9523441740485441,0.6356216208473698,0.4841346799630505,0.6159413382461194
4999,0.9048257252837798,0.15356699699031195,0.5147944070424375,0.688795259106429,0.8190792056523759
5000,0.6968457575722763,0.6048487768110237,0.47310124916333673,0.9318660995590784,0.315099620504799
5001,0.8359452266644805,0.4992606706393994,0.5290522212711586,0.6032404261004203,0.8443679996865356
5002,0.009280090227594351,0.29591775666584297,0.2077558288422252,0.7843558753329914,0.6013294578442843
5003,0.8970666501348051,0.8025763328213232,0.22968197332745355,0.3510766284139373,0.6263879439515235
5004,0.2319613669614633,0.6323691737077461,0.9611256791150996,0.9101051937391422,0.24839527550648866
5005,0.502058877656962,0.9005426809502268,0.1666614913612634,0.49703459388261095,0.2039436520778336
5006,0.5799947220930594,0.5548710901038961,0.9924895627548053,0.9533950108712994,0.235353293419459
5007,0.0013356464619352915,0.5908942851709937,0.9093571220600569,0.39192898292074374,0.9928225528553826
5008,0.638865144719369,0.15484421829293493,0.0565689311280102,0.380459224025505,0.6403877013924192
5009,0.4035213886821629,0.7293374169387229,0.9178869929792779,0.769067438629718,0.8493260160195342
5010,0.6767103720737424,0.4312010195465382,0.2706474234216165,0.9845866142215745,0.3992689508171593
5011,0.268130552773891,0.10987273400748887,0.322411580787929,0.579170593375313,0.49606962164949586
5012,0.7828790792183891,0.4043854184248562,0.8198772447494665,0.15069313873865897,0.6825837125548107
5013,0.4087451923862575,0.08978126479361448,0.7289457770511674,0.4087096497465954,0.12313277636312037
5014,0.33736897640048225,0.7995017345081776,0.4265172985536999,0.0036031902930417914,0.0699160255464426
5015,0.6179870613358845,0.2788887945651195,0.6119488966730624,0.6014449667459782,0.9239390618072519
5016,0.46734876205217446,0.19299179049373427,0.3468733091555666,0.11611012045147173,0.5490889144665598
5017,0.2407281810239511,0.09107129888058996,0.6054805143789416,0.9280084019745547,0.15472703459329684
5018,0.7915330421452634,0.2392474310413013,0.5694528662970507,0.6566296104140548,0.15276838495757183
5019,0.07236292350073548,0.3762676950507159,0.8078877741698877,0.3145509294553067,0.3377628609064298
5020,0.7493697610785008,0.8793285683637947,0.49734349536155764,0.8239238262769917,0.08519607982222155
5021,0.30934664282671553,0.5637725827347632,0.6877455960792761,0.9297694318981805,0.49981909066795205
5022,0.14456570140910519,0.9523441740485441,0.6356216208473698,0.4841346799630505,0.6159413382461194
5023,0.9048257252837798,0.15356699699031195,0.5147944070424375,0.688795259106429,0.8190792056523759
5024,0.6968457575722763,0.6048487768110237,0.47310124916333673,0.9318660995590784,0.315099620504799
5025,0.8359452266644805,0.4992606706393994,0.5290522212711586,0.6032404261004203,0.8443679996865356
5026,0.009280090227594351,0.29591775666584297,0.2077558288422252,0.7843558753329914,0.6013294578442843
5027,0.8970666501348051,0.8025763328213232,0.22968197332745355,0.3510766284139373,0.6263879439515235
5028,0.2319613669614633,0.6323691737077461,0.9611256791150996,0.9101051937391422,0.24839527550648866
5029,0.502058877656962,0.9005426809502268,0.1666614913612634,0.49703459388261095,0.2039436520778336
5030,0.5799947220930594,0.5548710901038961,0.9924895627548053,0.9533950108712994,0.235353293419459
5031,0.0013356464619352915,0.5908942851709937,0.9093571220600569,0.39192898292074374,0.9928225528553826
5032,0.638865144719369,0.15484421829293493,0.0565689311280102,0.380459224025505,0.6403877013924192
5033,0.4035213886821629,0.7293374169387229,0.9178869929792779,0.769067438629718,0.8493260160195342
5034,0.6767103720737424,0.4312010195465382,0.2706474234216165,0.9845866142215745,0.3992689508171593
5035,0.268130552773891,0.10987273400748887,0.322411580787929,0.579170593375313,0.49606962164949586
5036,0.7828790792183891,0.4043854184248562,0.8198772447494665,0.15069313873865897,0.6825837125548107
5037,0.4087451923862575,0.08978126479361448,0.7289457770511674,0.4087096497465954,0.12313277636312037
5038,0.33736897640048225,0.7995017345081776,0.4265172985536999,0.0036031902930417914,0.0699160255464426
5039,0.6179870613358845,0.2788887945651195,0.6119488966730624,0.6014449667459782,0.9239390618072519
5040,0.46734876205217446,0.19299179049373427,0.3468733091555666,0.11611012045147173,0.5490889144665598
5041,0.2407281810239511,0.09107129888058996,0.6054805143789416,0.9280084019745547,0.15472703459329684
5042,0.7915330421452634,0.2392474310413013,0.5694528662970507,0.6566296104140548,0.15276838495757183
5043,0.07236292350073548,0.3762676950507159,0.8078877741698877,0.3145509294553067,0.3377628609064298
5044,0.7493697610785008,0.8793285683637947,0.49734349536155764,0.8239238262769917,0.08519607982222155
5045,0.30934664282671553,0.5637725827347632,0.6877455960792761,0.9297694318981805,0.49981909066795205
5046,0.14456570140910519,0.9523441740485441,0.6356216208473698,0.4841346799630505,0.6159413382461194
5047,0.9048257252837798,0.15356699699031195,0.5147944070424375,0.688795259106429,0.8190792056523759
5048,0.6968457575722763,0.6048487768110237,0.47310124916333673,0.9318660995590784,0.315099620504799
5049,0.8359452266644805,0.4992606706393994,0.5290522212711586,0.6032404261004203,0.8443679996865356
5050,0.009280090227594351,0.29591775666584297,0.2077558288422252,0.7843558753329914,0.6013294578442843
5051,0.8970666501348051,0.8025763328213232,0.22968197332745355,0.3510766284139373,0.6263879439515235
5052,0.2319613669614633,0.6323691737077461,0.9611256791150996,0.9101051937391422,0.24839527550648866
5053,0.502058877656962,0.9005426809502268,0.1666614913612634,0.49703459388261095,0.2039436520778336
5054,0.5799947220930594,0.5548710901038961,0.9924895627548053,0.9533950108712994,0.235353293419459
5055,0.0013356464619352915,0.5908942851709937,0.9093571220600569,0.39192898292074374,0.9928225528553826
5056,0.638865144719369,0.15484421829293493,0.0565689311280102,0.380459224025505,0.6403877013924192
5057,0.4035213886821629,0.7293374169387229,0.9178869929792779,0.769067438629718,0.8493260160195342
5058,0.6767103720737424,0.4312010195465382,0.2706474234216165,0.9845866142215745,0.3992689508171593
5059,0.268130552773891,0.10987273400748887,0.322411580787929,0.579170593375313,0.49606962164949586
5060,0.7828790792183891,0.4043854184248562,0.8198772447494665,0.15069313873865897,0.6825837125548107
5061,0.4087451923862575,0.08978126479361448,0.7289457770511674,0.4087096497465954,0.12313277636312037
5062,0.33736897640048225,0.7995017345081776,0.4265172985536999,0.0036031902930417914,0.0699160255464426
5063,0.6179870613358845,0.2788887945651195,0.6119488966730624,0.6014449667459782,0.9239390618072519
5064,0.46734876205217446,0.19299179049373427,0.3468733091555666,0.11611012045147173,0.5490889144665598
5065,0.2407281810239511,0.09107129888058996,0.6054805143789416,0.9280084019745547,0.15472703459329684
5066,0.7915330421452634,0.2392474310413013,0.5694528662970507,0.6566296104140548,0.15276838495757183
5067,0.07236292350073548,0.3762676950507159,0.8078877741698877,0.3145509294553067,0.3377628609064298
5068,0.7493697610785008,0.8793285683637947,0.49734349536155764,0.8239238262769917,0.08519607982222155
5069,0.30934664282671553,0.5637725827347632,0.6877455960792761,0.9297694318981805,0.49981909066795205
5070,0.14456570140910519,0.9523441740485441,0.6356216208473698,0.4841346799630505,0.6159413382461194
5071,0.9048257252837798,0.15356699699031195,0.5147944070424375,0.688795259106429,0.8190792056523759
5072,0.6968457575722763,0.6048487768110237,0.47310124916333673,0.9318660995590784,0.315099620504799
5073,0.8359452266644805,0.4992606706393994,0.5290522212711586,0.6032404261004203,0.8443679996865356
5074,0.009280090227594351,0.29591775666584297,0.2077558288422252,0.7843558753329914,0.6013294578442843
5075,0.8970666501348051,0.8025763328213232,0.22968197332745355,0.3510766284139373,0.6263879439515235
5076,0.2319613669614633,0.6323691737077461,0.9611256791150996,0.9101051937391422,0.24839527550648866
5077,0.502058877656962,0.9005426809502268,0.1666614913612634,0.49703459388261095,0.2039436520778336
5078,0.5799947220930594,0.5548710901038961,0.9924895627548053,0.9533950108712994,0.235353293419459
5079,0.0013356464619352915,0.5908942851709937,0.9093571220600569,0.39192898292074374,0.9928225528553826
5080,0.638865144719369,0.15484421829293493,0.0565689311280102,0.380459224025505,0.6403877013924192
5081,0.4035213886821629,0.7293374169387229,0.9178869929792779,0.769067438629718,0.8493260160195342
5082,0.6767103720737424,0.4312010195465382,0.2706474234216165,0.9845866142215745,0.3992689508171593
5083,0.268130552773891,0.10987273400748887,0.322411580787929,0.579170593375313,0.49606962164949586
5084,0.7828790792183891,0.4043854184248562,0.8198772447494665,0.15069313873865897,0.6825837125548107
5085,0.4087451923862575,0.08978126479361448,0.7289457770511674,0.4087096497465954,0.12313277636312037
5086,0.33736897640048225,0.7995017345081776,0.4265172985536999,0.0036031902930417914,0.0699160255464426
5087,0.6179870613358845,0.2788887945651195,0.6119488966730624,0.6014449667459782,0.9239390618072519
5088,0.08119942273576364,0.918380251618889,0.2072034291262379,0.9789908986949998,0.7605812366012885
5089,0.20518196841956338,0.9944395356371601,0.8699913951957262,0.6318012557379925,0.775406294578274
5090,0.12029545335915048,0.9465989131777108,0.2389168777076247,0.5631514523060189,0.006882606547047088
5091,0.45497189272680827,0.9106111198729966,0.7509739561089669,0.6168025108801637,0.7590697472437893
5092,0.5823811509405162,0.3106811314633784,0.08267807753317447,0.6071793703145606,0.321830906228047
5093,0.9581597760062257,0.12568411627654652,0.59268569164246,0.4322666932624395,0.9824443321868744
5094,0.12075256920914557,0.9867821057475119,0.8169116283012471,0.16311892774891468,0.20835884967754326
5095,0.8368584538122006,0.8924005377222722,0.5383071442854762,0.3044185486881754,0.8425198096008207
5096,0.6379752291671068,0.256967643528887,0.6037765262927276,0.36394801332733573,0.8254076890619257
5097,0.29556933085443293,0.6699096353516709,0.12136255255569506,0.6095559442954196,0.9610518130379864
5098,0.9119319126202493,0.33005478029989366,0.6346612992973985,0.6909568423864734,0.3649437195879386
5099,0.017236825987758886,0.6716292718813686,0.5621043200962933,0.6071261471942283,0.1877430194069094
5100,0.778477786553463,0.027723399338113186,0.7686848981377713,0.7796127166059962,0.21564805967638634
5101,0.900571764048458,0.24850046294283656,0.5171932785192996,0.1994521591994456,0.7967509247522842
5102,0.35651972646177643,0.0982437449318172,0.9204051935673014,0.9849735350237291,0.22302303597750583
5103,0.5462327386104502,0.9141825380536812,0.6128925300713509,0.834663661228924,0.16347184376874713
5104,0.8609247591285041,0.7388396990132401,0.8867833002022126,0.8827863113670819,0.2761388102932598
5105,0.26482886367529446,0.12138045724570945,0.6609487973614716,0.45722925885871946,0.039827896734819235
5106,0.8395410145750536,0.18097369830460908,0.5963146712976288,0.27033737151915804,0.9767426135116218
5107,0.3439382948382955,0.30491748707896027,0.6788733507855236,0.3081903739081667,0.5959427250516829
5108,0.4499597271804665,0.2962832573442383,0.7740957923168312,0.7117569387484599,0.34706153371414905
5109,0.6628289434543888,0.6597326183761185,0.5471274517955871,0.6161904637125268,0.9065751162762671
5110,0.16435610189589167,0.25794728860867533,0.01031825663144148,0.7628783715274752,0.05657437285482636
5111,0.6484611315495431,0.06247315515610996,0.33296775572957027,0.2845190131320461,0.057041758832878764
5112,0.08119942273576364,0.918380251618889,0.2072034291262379,0.9789908986949998,0.7605812366012885
5113,0.20518196841956338,0.9944395356371601,0.8699913951957262,0.6318012557379925,0.775406294578274
5114,0.12029545335915048,0.9465989131777108,0.2389168777076247,0.5631514523060189,0.006882606547047088
5115,0.45497189272680827,0.9106111198729966,0.7509739561089669,0.6168025108801637,0.7590697472437893
5116,0.5823811509405162,0.3106811314633784,0.08267807753317447,0.6071793703145606,0.321830906228047
5117,0.9581597760062257,0.12568411627654652,0.59268569164246,0.4322666932624395,0.9824443321868744
5118,0.12075256920914557,0.9867821057475119,0.8169116283012471,0.16311892774891468,0.20835884967754326
5119,0.8368584538122006,0.8924005377222722,0.5383071442854762,0.3044185486881754,0.8425198096008207
5120,0.6379752291671068,0.256967643528887,0.6037765262927276,0.36394801332733573,0.8254076890619257
5121,0.29556933085443293,0.6699096353516709,0.12136255255569506,0.6095559442954196,0.9610518130379864
5122,0.9119319126202493,0.33005478029989366,0.6346612992973985,0.6909568423864734,0.3649437195879386
5123,0.017236825987758886,0.6716292718813686,0.5621043200962933,0.6071261471942283,0.1877430194069094
5124,0.778477786553463,0.027723399338113186,0.7686848981377713,0.7796127166059962,0.21564805967638634
5125,0.900571764048458,0.24850046294283656,0.5171932785192996,0.1994521591994456,0.7967509247522842
5126,0.35651972646177643,0.0982437449318172,0.9204051935673014,0.9849735350237291,0.22302303597750583
5127,0.5462327386104502,0.9141825380536812,0.6128925300713509,0.834663661228924,0.16347184376874713
5128,0.8609247591285041,0.7388396990132401,0.8867833002022126,0.8827863113670819,0.2761388102932598
5129,0.26482886367529446,0.12138045724570945,0.6609487973614716,0.45722925885871946,0.039827896734819235
5130,0.8395410145750536,0.18097369830460908,0.5963146712976288,0.27033737151915804,0.9767426135116218
5131,0.3439382948382955,0.30491748707896027,0.6788733507855236,0.3081903739081667,0.5959427250516829
5132,0.4499597271804665,0.2962832573442383,0.7740957923168312,0.7117569387484599,0.34706153371414905
5133,0.6628289434543888,0.6597326183761185,0.5471274517955871,0.6161904637125268,0.9065751162762671
5134,0.16435610189589167,0.25794728860867533,0.01031825663144148,0.7628783715274752,0.05657437285482636
5135,0.6484611315495431,0.06247315515610996,0.33296775572957027,0.2845190131320461,0.057041758832878764
5136,0.08119942273576364,0.918380251618889,0.2072034291262379,0.9789908986949998,0.7605812366012885
5137,0.20518196841956338,0.9944395356371601,0.8699913951957262,0.6318012557379925,0.775406294578274
5138,0.12029545335915048,0.9465989131777108,0.2389168777076247,0.5631514523060189,0.006882606547047088
5139,0.45497189272680827,0.9106111198729966,0.7509739561089669,0.6168025108801637,0.7590697472437893
5140,0.5823811509405162,0.3106811314633784,0.08267807753317447,0.6071793703145606,0.321830906228047
5141,0.9581597760062257,0.12568411627654652,0.59268569164246,0.4322666932624395,0.9824443321868744
5142,0.12075256920914557,0.9867821057475119,0.8169116283012471,0.16311892774891468,0.20835884967754326
5143,0.8368584538122006,0.8924005377222722,0.5383071442854762,0.3044185486881754,0.8425198096008207
5144,0.6379752291671068,0.256967643528887,0.6037765262927276,0.36394801332733573,0.8254076890619257
5145,0.29556933085443293,0.6699096353516709,0.12136255255569506,0.6095559442954196,0.9610518130379864
5146,0.9119319126202493,0.33005478029989366,0.6346612992973985,0.6909568423864734,0.3649437195879386
5147,0.017236825987758886,0.6716292718813686,0.5621043200962933,0.6071261471942283,0.1877430194069094
5148,0.778477786553463,0.027723399338113186,0.7686848981377713,0.7796127166059962,0.21564805967638634
5149,0.900571764048458,0.24850046294283656,0.5171932785192996,0.1994521591994456,0.7967509247522842
5150,0.35651972646177643,0.0982437449318172,0.9204051935673014,0.9849735350237291,0.22302303597750583
5151,0.5462327386104502,0.9141825380536812,0.6128925300713509,0.834663661228924,0.16347184376874713
5152,0.8609247591285041,0.7388396990132401,0.8867833002022126,0.8827863113670819,0.2761388102932598
5153,0.26482886367529446,0.12138045724570945,0.6609487973614716,0.45722925885871946,0.039827896734819235
5154,0.8395410145750536,0.18097369830460908,0.5963146712976288,0.27033737151915804,0.9767426135116218
5155,0.3439382948382955,0.30491748707896027,0.6788733507855236,0.3081903739081667,0.5959427250516829
5156,0.4499597271804665,0.2962832573442383,0.7740957923168312,0.7117569387484599,0.34706153371414905
5157,0.6628289434543888,0.6597326183761185,0.5471274517955871,0.6161904637125268,0.9065751162762671
5158,0.16435610189589167,0.25794728860867533,0.01031825663144148,0.7628783715274752,0.05657437285482636
5159,0.6484611315495431,0.06247315515610996,0.33296775572957027,0.2845190131320461,0.057041758832878764
5160,0.08119942273576364,0.918380251618889,0.2072034291262379,0.9789908986949998,0.7605812366012885
5161,0.20518196841956338,0.9944395356371601,0.8699913951957262,0.6318012557379925,0.775406294578274
5162,0.12029545335915048,0.9465989131777108,0.2389168777076247,0.5631514523060189,0.006882606547047088
5163,0.45497189272680827,0.9106111198729966,0.7509739561089669,0.6168025108801637,0.7590697472437893
5164,0.5823811509405162,0.3106811314633784,0.08267807753317447,0.6071793703145606,0.321830906228047
5165,0.9581597760062257,0.12568411627654652,0.59268569164246,0.4322666932624395,0.9824443321868744
5166,0.12075256920914557,0.9867821057475119,0.8169116283012471,0.16311892774891468,0.20835884967754326
5167,0.8368584538122006,0.8924005377222722,0.5383071442854762,0.3044185486881754,0.8425198096008207
5168,0.6379752291671068,0.256967643528887,0.6037765262927276,0.36394801332733573,0.8254076890619257
5169,0.29556933085443293,0.6699096353516709,0.12136255255569506,0.6095559442954196,0.9610518130379864
5170,0.9119319126202493,0.33005478029989366,0.6346612992973985,0.6909568423864734,0.3649437195879386
5171,0.017236825987758886,0.6716292718813686,0.5621043200962933,0.6071261471942283,0.1877430194069094
5172,0.778477786553463,0.027723399338113186,0.7686848981377713,0.7796127166059962,0.21564805967638634
5173,0.900571764048458,0.24850046294283656,0.5171932785192996,0.1994521591994456,0.7967509247522842
5174,0.35651972646177643,0.0982437449318172,0.9204051935673014,0.9849735350237291,0.22302303597750583
5175,0.5462327386104502,0.9141825380536812,0.6128925300713509,0.834663661228924,0.16347184376874713
5176,0.8609247591285041,0.7388396990132401,0.8867833002022126,0.8827863113670819,0.2761388102932598
5177,0.26482886367529446,0.12138045724570945,0.6609487973614716,0.45722925885871946,0.039827896734819235
5178,0.8395410145750536,0.18097369830460908,0.5963146712976288,0.27033737151915804,0.9767426135116218
5179,0.3439382948382955,0.30491748707896027,0.6788733507855236,0.3081903739081667,0.5959427250516829
5180,0.4499597271804665,0.2962832573442383,0.7740957923168312,0.7117569387484599,0.34706153371414905
5181,0.6628289434543888,0.6597326183761185,0.5471274517955871,0.6161904637125268,0.9065751162762671
5182,0.16435610189589167,0.25794728860867533,0.01031825663144148,0.7628783715274752,0.05657437285482636
5183,0.6484611315495431,0.06247315515610996,0.33296775572957027,0.2845190131320461,0.057041758832878764
5184,0.46734876205217446,0.19299179049373427,0.3468733091555666,0.11611012045147173,0.5490889144665598
5185,0.2407281810239511,0.09107129888058996,0.6054805143789416,0.9280084019745547,0.15472703459329684
5186,0.7915330421452634,0.2392474310413013,0.5694528662970507,0.6566296104140548,0.15276838495757183
5187,0.07236292350073548,0.3762676950507159,0.8078877741698877,0.3145509294553067,0.3377628609064298
5188,0.7493697610785008,0.8793285683637947,0.49734349536155764,0.8239238262769917,0.08519607982222155
5189,0.30934664282671553,0.5637725827347632,0.6877455960792761,0.9297694318981805,0.49981909066795205
5190,0.14456570140910519,0.9523441740485441,0.6356216208473698,0.4841346799630505,0.6159413382461194
5191,0.9048257252837798,0.15356699699031195,0.5147944070424375,0.688795259106429,0.8190792056523759
5192,0.6968457575722763,0.6048487768110237,0.47310124916333673,0.9318660995590784,0.315099620504799
5193,0.8359452266644805,0.4992606706393994,0.5290522212711586,0.6032404261004203,0.8443679996865356
5194,0.009280090227594351,0.29591775666584297,0.2077558288422252,0.7843558753329914,0.6013294578442843
5195,0.8970666501348051,0.8025763328213232,0.22968197332745355,0.3510766284139373,0.6263879439515235
5196,0.2319613669614633,0.6323691737077461,0.9611256791150996,0.9101051937391422,0.24839527550648866
5197,0.502058877656962,0.9005426809502268,0.1666614913612634,0.49703459388261095,0.2039436520778336
5198,0.5799947220930594,0.5548710901038961,0.9924895627548053,0.9533950108712994,0.235353293419459
5199,0.0013356464619352915,0.5908942851709937,0.9093571220600569,0.39192898292074374,0.9928225528553826
5200,0.638865144719369,0.15484421829293493,0.0565689311280102,0.380459224025505,0.6403877013924192
5201,0.4035213886821629,0.7293374169387229,0.9178869929792779,0.769067438629718,0.8493260160195342
5202,0.6767103720737424,0.4312010195465382,0.2706474234216165,0.9845866142215745,0.3992689508171593
5203,0.268130552773891,0.10987273400748887,0.322411580787929,0.579170593375313,0.49606962164949586
5204,0.7828790792183891,0.4043854184248562,0.8198772447494665,0.15069313873865897,0.6825837125548107
5205,0.4087451923862575,0.08978126479361448,0.7289457770511674,0.4087096497465954,0.12313277636312037
5206,0.33736897640048225,0.7995017345081776,0.4265172985536999,0.0036031902930417914,0.0699160255464426
5207,0.6179870613358845,0.2788887945651195,0.6119488966730624,0.6014449667459782,0.9239390618072519
5208,0.46734876205217446,0.19299179049373427,0.3468733091555666,0.11611012045147173,0.5490889144665598
5209,0.2407281810239511,0.09107129888058996,0.6054805143789416,0.9280084019745547,0.15472703459329684
5210,0.7915330421452634,0.2392474310413013,0.5694528662970507,0.6566296104140548,0.15276838495757183
5211,0.07236292350073548,0.3762676950507159,0.8078877741698877,0.3145509294553067,0.3377628609064298
5212,0.7493697610785008,0.8793285683637947,0.49734349536155764,0.8239238262769917,0.08519607982222155
5213,0.30934664282671553,0.5637725827347632,0.6877455960792761,0.9297694318981805,0.49981909066795205
5214,0.14456570140910519,0.9523441740485441,0.6356216208473698,0.4841346799630505,0.6159413382461194
5215,0.9048257252837798,0.15356699699031195,0.5147944070424375,0.688795259106429,0.8190792056523759
5216,0.6968457575722763,0.6048487768110237,0.47310124916333673,0.9318660995590784,0.315099620504799
5217,0.8359452266644805,0.4992606706393994,0.5290522212711586,0.6032404261004203,0.8443679996865356
5218,0.009280090227594351,0.29591775666584297,0.2077558288422252,0.7843558753329914,0.6013294578442843
5219,0.8970666501348051,0.8025763328213232,0.22968197332745355,0.3510766284139373,0.6263879439515235
5220,0.2319613669614633,0.6323691737077461,0.9611256791150996,0.9101051937391422,0.24839527550648866
5221,0.502058877656962,0.9005426809502268,0.1666614913612634,0.49703459388261095,0.2039436520778336
5222,0.5799947220930594,0.5548710901038961,0.9924895627548053,0.9533950108712994,0.235353293419459
5223,0.0013356464619352915,0.5908942851709937,0.9093571220600569,0.39192898292074374,0.9928225528553826
5224,0.638865144719369,0.15484421829293493,0.0565689311280102,0.380459224025505,0.6403877013924192
5225,0.4035213886821629,0.7293374169387229,0.9178869929792779,0.769067438629718,0.8493260160195342
5226,0.6767103720737424,0.4312010195465382,0.2706474234216165,0.9845866142215745,0.3992689508171593
5227,0.268130552773891,0.10987273400748887,0.322411580787929,0.579170593375313,0.49606962164949586
5228,0.7828790792183891,0.4043854184248562,0.8198772447494665,0.15069313873865897,0.6825837125548107
5229,0.4087451923862575,0.08978126479361448,0.7289457770511674,0.4087096497465954,0.12313277636312037
5230,0.33736897640048225,0.7995017345081776,0.4265172985536999,0.0036031902930417914,0.0699160255464426
5231,0.6179870613358845,0.2788887945651195,0.6119488966730624,0.6014449667459782,0.9239390618072519
5232,0.46734876205217446,0.19299179049373427,0.3468733091555666,0.11611012045147173,0.5490889144665598
5233,0.2407281810239511,0.09107129888058996,0.6054805143789416,0.9280084019745547,0.15472703459329684
5234,0.7915330421452634,0.2392474310413013,0.5694528662970507,0.6566296104140548,0.15276838495757183
5235,0.07236292350073548,0.3762676950507159,0.8078877741698877,0.3145509294553067,0.3377628609064298
5236,0.7493697610785008,0.8793285683637947,0.49734349536155764,0.8239238262769917,0.08519607982222155
5237,0.30934664282671553,0.5637725827347632,0.6877455960792761,0.9297694318981805,0.49981909066795205
5238,0.14456570140910519,0.9523441740485441,0.6356216208473698,0.4841346799630505,0.6159413382461194
5239,0.9048257252837798,0.15356699699031195,0.5147944070424375,0.688795259106429,0.8190792056523759
5240,0.6968457575722763,0.6048487768110237,0.47310124916333673,0.9318660995590784,0.315099620504799
5241,0.8359452266644805,0.4992606706393994,0.5290522212711586,0.6032404261004203,0.8443679996865356
5242,0.009280090227594351,0.29591775666584297,0.2077558288422252,0.7843558753329914,0.6013294578442843
5243,0.8970666501348051,0.8025763328213232,0.22968197332745355,0.3510766284139373,0.6263879439515235
5244,0.2319613669614633,0.6323691737077461,0.9611256791150996,0.9101051937391422,0.24839527550648866
5245,0.502058877656962,0.9005426809502268,0.1666614913612634,0.49703459388261095,0.2039436520778336
5246,0.5799947220930594,0.5548710901038961,0.9924895627548053,0.9533950108712994,0.235353293419459
5247,0.0013356464619352915,0.5908942851709937,0.9093571220600569,0.39192898292074374,0.9928225528553826
5248,0.638865144719369,0.15484421829293493,0.0565689311280102,0.380459224025505,0.6403877013924192
5249,0.4035213886821629,0.7293374169387229,0.9178869929792779,0.769067438629718,0.8493260160195342
5250,0.6767103720737424,0.4312010195465382,0.2706474234216165,0.9845866142215745,0.3992689508171593
5251,0.268130552773891,0.10987273400748887,0.322411580787929,0.579170593375313,0.49606962164949586
5252,0.7828790792183891,0.4043854184248562,0.8198772447494665,0.15069313873865897,0.6825837125548107
5253,0.4087451923862575,0.08978126479361448,0.7289457770511674,0.4087096497465954,0.12313277636312037
5254,0.33736897640048225,0.7995017345081776,0.4265172985536999,0.0036031902930417914,0.0699160255464426
5255,0.6179870613358845,0.2788887945651195,0.6119488966730624,0.6014449667459782,0.9239390618072519
5256,0.46734876205217446,0.19299179049373427,0.3468733091555666,0.11611012045147173,0.5490889144665598
5257,0.2407281810239511,0.09107129888058996,0.6054805143789416,0.9280084019745547,0.15472703459329684
5258,0.7915330421452634,0.2392474310413013,0.5694528662970507,0.6566296104140548,0.15276838495757183
5259,0.07236292350073548,0.3762676950507159,0.8078877741698877,0.3145509294553067,0.3377628609064298
5260,0.7493697610785008,0.8793285683637947,0.49734349536155764,0.8239238262769917,0.08519607982222155
5261,0.30934664282671553,0.5637725827347632,0.6877455960792761,0.9297694318981805,0.49981909066795205
5262,0.14456570140910519,0.9523441740485441,0.6356216208473698,0.4841346799630505,0.6159413382461194
5263,0.9048257252837798,0.15356699699031195,0.5147944070424375,0.688795259106429,0.8190792056523759
5264,0.6968457575722763,0.6048487768110237,0.47310124916333673,0.9318660995590784,0.315099620504799
5265,0.8359452266644805,0.4992606706393994,0.5290522212711586,0.6032404261004203,0.8443679996865356
5266,0.009280090227594351,0.29591775666584297,0.2077558288422252,0.7843558753329914,0.6013294578442843
5267,0.8970666501348051,0.8025763328213232,0.22968197332745355,0.3510766284139373,0.6263879439515235
5268,0.2319613669614633,0.6323691737077461,0.9611256791150996,0.9101051937391422,0.24839527550648866
5269,0.502058877656962,0.9005426809502268,0.1666614913612634,0.49703459388261095,0.2039436520778336
5270,0.5799947220930594,0.5548710901038961,0.9924895627548053,0.9533950108712994,0.235353293419459
5271,0.0013356464619352915,0.5908942851709937,0.9093571220600569,0.39192898292074374,0.9928225528553826
5272,0.638865144719369,0.15484421829293493,0.0565689311280102,0.380459224025505,0.6403877013924192
5273,0.4035213886821629,0.7293374169387229,0.9178869929792779,0.769067438629718,0.8493260160195342
5274,0.6767103720737424,0.4312010195465382,0.2706474234216165,0.9845866142215745,0.3992689508171593
5275,0.268130552773891,0.10987273400748887,0.322411580787929,0.579170593375313,0.49606962164949586
5276,0.7828790792183891,0.4043854184248562,0.8198772447494665,0.15069313873865897,0.6825837125548107
5277,0.4087451923862575,0.08978126479361448,0.7289457770511674,0.4087096497465954,0.12313277636312037
5278,0.33736897640048225,0.7995017345081776,0.4265172985536999,0.0036031902930417914,0.0699160255464426
5279,0.6179870613358845,0.2788887945651195,0.6119488966730624,0.6014449667459782,0.9239390618072519
5280,0.46734876205217446,0.19299179049373427,0.3468733091555666,0.11611012045147173,0.5490889144665598
5281,0.2407281810239511,0.09107129888058996,0.6054805143789416,0.9280084019745547,0.15472703459329684
5282,0.7915330421452634,0.2392474310413013,0.5694528662970507,0.6566296104140548,0.15276838495757183
5283,0.07236292350073548,0.3762676950507159,0.8078877741698877,0.3145509294553067,0.3377628609064298
5284,0.7493697610785008,0.8793285683637947,0.49734349536155764,0.8239238262769917,0.08519607982222155
5285,0.30934664282671553,0.5637725827347632,0.6877455960792761,0.9297694318981805,0.49981909066795205
5286,0.14456570140910519,0.9523441740485441,0.6356216208473698,0.4841346799630505,0.6159413382461194
5287,0.9048257252837798,0.15356699699031195,0.5147944070424375,0.688795259106429,0.8190792056523759
5288,0.6968457575722763,0.6048487768110237,0.47310124916333673,0.9318660995590784,0.315099620504799
5289,0.8359452266644805,0.4992606706393994,0.5290522212711586,0.6032404261004203,0.8443679996865356
5290,0.009280090227594351,0.29591775666584297,0.2077558288422252,0.7843558753329914,0.6013294578442843
5291,0.8970666501348051,0.8025763328213232,0.22968197332745355,0.3510766284139373,0.6263879439515235
5292,0.2319613669614633,0.6323691737077461,0.9611256791150996,0.9101051937391422,0.24839527550648866
5293,0.502058877656962,0.9005426809502268,0.1666614913612634,0.49703459388261095,0.2039436520778336
5294,0.5799947220930594,0.5548710901038961,0.9924895627548053,0.9533950108712994,0.235353293419459
5295,0.0013356464619352915,0.5908942851709937,0.9093571220600569,0.39192898292074374,0.9928225528553826
5296,0.638865144719369,0.15484421829293493,0.0565689311280102,0.380459224025505,0.6403877013924192
5297,0.4035213886821629,0.7293374169387229,0.9178869929792779,0.769067438629718,0.8493260160195342
5298,0.6767103720737424,0.4312010195465382,0.2706474234216165,0.9845866142215745,0.3992689508171593
5299,0.268130552773891,0.10987273400748887,0.322411580787929,0.579170593375313,0.49606962164949586
5300,0.7828790792183891,0.4043854184248562,0.8198772447494665,0.15069313873865897,0.6825837125548107
5301,0.4087451923862575,0.08978126479361448,0.7289457770511674,0.4087096497465954,0.12313277636312037
5302,0.33736897640048225,0.7995017345081776,0.4265172985536999,0.0036031902930417914,0.0699160255464426
5303,0.6179870613358845,0.2788887945651195,0.6119488966730624,0.6014449667459782,0.9239390618072519
5304,0.46734876205217446,0.19299179049373427,0.3468733091555666,0.11611012045147173,0.5490889144665598
5305,0.2407281810239511,0.09107129888058996,0.6054805143789416,0.9280084019745547,0.15472703459329684
5306,0.7915330421452634,0.2392474310413013,0.5694528662970507,0.6566296104140548,0.15276838495757183
5307,0.07236292350073548,0.3762676950507159,0.8078877741698877,0.3145509294553067,0.3377628609064298
5308,0.7493697610785008,0.8793285683637947,0.49734349536155764,0.8239238262769917,0.08519607982222155
5309,0.30934664282671553,0.5637725827347632,0.6877455960792761,0.9297694318981805,0.49981909066795205
5310,0.14456570140910519,0.9523441740485441,0.6356216208473698,0.4841346799630505,0.6159413382461194
5311,0.9048257252837798,0.15356699699031195,0.5147944070424375,0.688795259106429,0.8190792056523759
5312,0.6968457575722763,0.6048487768110237,0.47310124916333673,0.9318660995590784,0.315099620504799
5313,0.8359452266644805,0.4992606706393994,0.5290522212711586,0.6032404261004203,0.8443679996865356
5314,0.009280090227594351,0.29591775666584297,0.2077558288422252,0.7843558753329914,0.6013294578442843
5315,0.8970666501348051,0.8025763328213232,0.22968197332745355,0.3510766284139373,0.6263879439515235
5316,0.2319613669614633,0.6323691737077461,0.9611256791150996,0.9101051937391422,0.24839527550648866
5317,0.502058877656962,0.9005426809502268,0.1666614913612634,0.49703459388261095,0.2039436520778336
5318,0.5799947220930594,0.5548710901038961,0.9924895627548053,0.9533950108712994,0.235353293419459
5319,0.0013356464619352915,0.5908942851709937,0.9093571220600569,0.39192898292074374,0.9928225528553826
5320,0.638865144719369,0.15484421829293493,0.0565689311280102,0.380459224025505,0.6403877013924192
5321,0.4035213886821629,0.7293374169387229,0.9178869929792779,0.769067438629718,0.8493260160195342
5322,0.6767103720737424,0.4312010195465382,0.2706474234216165,0.9845866142215745,0.3992689508171593
5323,0.268130552773891,0.10987273400748887,0.322411580787929,0.579170593375313,0.49606962164949586
5324,0.7828790792183891,0.4043854184248562,0.8198772447494665,0.15069313873865897,0.6825837125548107
5325,0.4087451923862575,0.08978126479361448,0.7289457770511674,0.4087096497465954,0.12313277636312037
5326,0.33736897640048225,0.7995017345081776,0.4265172985536999,0.0036031902930417914,0.0699160255464426
5327,0.6179870613358845,0.2788887945651195,0.6119488966730624,0.6014449667459782,0.9239390618072519
5328,0.46734876205217446,0.19299179049373427,0.3468733091555666,0.11611012045147173,0.5490889144665598
5329,0.2407281810239511,0.09107129888058996,0.6054805143789416,0.9280084019745547,0.15472703459329684
5330,0.7915330421452634,0.2392474310413013,0.5694528662970507,0.6566296104140548,0.15276838495757183
5331,0.07236292350073548,0.3762676950507159,0.8078877741698877,0.3145509294553067,0.3377628609064298
5332,0.7493697610785008,0.8793285683637947,0.49734349536155764,0.8239238262769917,0.08519607982222155
5333,0.30934664282671553,0.5637725827347632,0.6877455960792761,0.9297694318981805,0.49981909066795205
5334,0.14456570140910519,0.9523441740485441,0.6356216208473698,0.4841346799630505,0.6159413382461194
5335,0.9048257252837798,0.15356699699031195,0.5147944070424375,0.688795259106429,0.8190792056523759
5336,0.6968457575722763,0.6048487768110237,0.47310124916333673,0.9318660995590784,0.315099620504799
5337,0.8359452266644805,0.4992606706393994,0.5290522212711586,0.6032404261004203,0.8443679996865356
5338,0.009280090227594351,0.29591775666584297,0.2077558288422252,0.7843558753329914,0.6013294578442843
5339,0.8970666501348051,0.8025763328213232,0.22968197332745355,0.3510766284139373,0.6263879439515235
5340,0.2319613669614633,0.6323691737077461,0.9611256791150996,0.9101051937391422,0.24839527550648866
5341,0.502058877656962,0.9005426809502268,0.1666614913612634,0.49703459388261095,0.2039436520778336
5342,0.5799947220930594,0.5548710901038961,0.9924895627548053,0.9533950108712994,0.235353293419459
5343,0.0013356464619352915,0.5908942851709937,0.9093571220600569,0.39192898292074374,0.9928225528553826
5344,0.638865144719369,0.15484421829293493,0.0565689311280102,0.380459224025505,0.6403877013924192
5345,0.4035213886821629,0.7293374169387229,0.9178869929792779,0.769067438629718,0.8493260160195342
5346,0.6767103720737424,0.4312010195465382,0.2706474234216165,0.9845866142215745,0.3992689508171593
5347,0.268130552773891,0.10987273400748887,0.322411580787929,0.579170593375313,0.49606962164949586
5348,0.7828790792183891,0.4043854184248562,0.8198772447494665,0.15069313873865897,0.6825837125548107
5349,0.4087451923862575,0.08978126479361448,0.7289457770511674,0.4087096497465954,0.12313277636312037
5350,0.33736897640048225,0.7995017345081776,0.4265172985536999,0.0036031902930417914,0.0699160255464426
5351,0.6179870613358845,0.2788887945651195,0.6119488966730624,0.6014449667459782,0.9239390618072519
5352,0.46734876205217446,0.19299179049373427,0.3468733091555666,0.11611012045147173,0.5490889144665598
5353,0.2407281810239511,0.09107129888058996,0.6054805143789416,0.9280084019745547,0.15472703459329684
5354,0.7915330421452634,0.2392474310413013,0.5694528662970507,0.6566296104140548,0.15276838495757183
5355,0.07236292350073548,0.3762676950507159,0.8078877741698877,0.3145509294553067,0.3377628609064298
5356,0.7493697610785008,0.8793285683637947,0.49734349536155764,0.8239238262769917,0.08519607982222155
5357,0.30934664282671553,0.5637725827347632,0.6877455960792761,0.9297694318981805,0.49981909066795205
5358,0.14456570140910519,0.9523441740485441,0.6356216208473698,0.4841346799630505,0.6159413382461194
5359,0.9048257252837798,0.15356699699031195,0.5147944070424375,0.688795259106429,0.8190792056523759
5360,0.6968457575722763,0.6048487768110237,0.47310124916333673,0.9318660995590784,0.315099620504799
5361,0.8359452266644805,0.4992606706393994,0.5290522212711586,0.6032404261004203,0.8443679996865356
5362,0.009280090227594351,0.29591775666584297,0.2077558288422252,0.7843558753329914,0.6013294578442843
5363,0.8970666501348051,0.8025763328213232,0.22968197332745355,0.3510766284139373,0.6263879439515235
5364,0.2319613669614633,0.6323691737077461,0.9611256791150996,0.9101051937391422,0.24839527550648866
5365,0.502058877656962,0.9005426809502268,0.1666614913612634,0.49703459388261095,0.2039436520778336
5366,0.5799947220930594,0.5548710901038961,0.9924895627548053,0.9533950108712994,0.235353293419459
5367,0.0013356464619352915,0.5908942851709937,0.9093571220600569,0.39192898292074374,0.9928225528553826
5368,0.638865144719369,0.15484421829293493,0.0565689311280102,0.380459224025505,0.6403877013924192
5369,0.4035213886821629,0.7293374169387229,0.9178869929792779,0.769067438629718,0.8493260160195342
5370,0.6767103720737424,0.4312010195465382,0.2706474234216165,0.9845866142215745,0.3992689508171593
5371,0.268130552773891,0.10987273400748887,0.322411580787929,0.579170593375313,0.49606962164949586
5372,0.7828790792183891,0.4043854184248562,0.8198772447494665,0.15069313873865897,0.6825837125548107
5373,0.4087451923862575,0.08978126479361448,0.7289457770511674,0.4087096497465954,0.12313277636312037
5374,0.33736897640048225,0.7995017345081776,0.4265172985536999,0.0036031902930417914,0.0699160255464426
5375,0.6179870613358845,0.2788887945651195,0.6119488966730624,0.6014449667459782,0.9239390618072519
5376,0.46734876205217446,0.19299179049373427,0.3468733091555666,0.11611012045147173,0.5490889144665598
5377,0.2407281810239511,0.09107129888058996,0.6054805143789416,0.9280084019745547,0.15472703459329684
5378,0.7915330421452634,0.2392474310413013,0.5694528662970507,0.6566296104140548,0.15276838495757183
5379,0.07236292350073548,0.3762676950507159,0.8078877741698877,0.3145509294553067,0.3377628609064298
5380,0.7493697610785008,0.8793285683637947,0.49734349536155764,0.8239238262769917,0.08519607982222155
5381,0.30934664282671553,0.5637725827347632,0.6877455960792761,0.9297694318981805,0.49981909066795205
5382,0.14456570140910519,0.9523441740485441,0.6356216208473698,0.4841346799630505,0.6159413382461194
5383,0.9048257252837798,0.15356699699031195,0.5147944070424375,0.688795259106429,0.8190792056523759
5384,0.6968457575722763,0.6048487768110237,0.47310124916333673,0.9318660995590784,0.315099620504799
5385,0.8359452266644805,0.4992606706393994,0.5290522212711586,0.6032404261004203,0.8443679996865356
5386,0.009280090227594351,0.29591775666584297,0.2077558288422252,0.7843558753329914,0.6013294578442843
5387,0.8970666501348051,0.8025763328213232,0.22968197332745355,0.3510766284139373,0.6263879439515235
5388,0.2319613669614633,0.6323691737077461,0.9611256791150996,0.9101051937391422,0.24839527550648866
5389,0.502058877656962,0.9005426809502268,0.1666614913612634,0.49703459388261095,0.2039436520778336
5390,0.5799947220930594,0.5548710901038961,0.9924895627548053,0.9533950108712994,0.235353293419459
5391,0.0013356464619352915,0.5908942851709937,0.9093571220600569,0.39192898292074374,0.9928225528553826
5392,0.638865144719369,0.15484421829293493,0.0565689311280102,0.380459224025505,0.6403877013924192
5393,0.4035213886821629,0.7293374169387229,0.9178869929792779,0.769067438629718,0.8493260160195342
5394,0.6767103720737424,0.4312010195465382,0.2706474234216165,0.9845866142215745,0.3992689508171593
5395,0.268130552773891,0.10987273400748887,0.322411580787929,0.579170593375313,0.49606962164949586
5396,0.7828790792183891,0.4043854184248562,0.8198772447494665,0.15069313873865897,0.6825837125548107
5397,0.4087451923862575,0.08978126479361448,0.7289457770511674,0.4087096497465954,0.12313277636312037
5398,0.33736897640048225,0.7995017345081776,0.4265172985536999,0.0036031902930417914,0.0699160255464426
5399,0.6179870613358845,0.2788887945651195,0.6119488966730624,0.6014449667459782,0.9239390618072519
5400,0.46734876205217446,0.19299179049373427,0.3468733091555666,0.11611012045147173,0.5490889144665598
5401,0.2407281810239511,0.09107129888058996,0.6054805143789416,0.9280084019745547,0.15472703459329684
5402,0.7915330421452634,0.2392474310413013,0.5694528662970507,0.6566296104140548,0.15276838495757183
5403,0.07236292350073548,0.3762676950507159,0.8078877741698877,0.3145509294553067,0.3377628609064298
5404,0.7493697610785008,0.8793285683637947,0.49734349536155764,0.8239238262769917,0.08519607982222155
5405,0.30934664282671553,0.5637725827347632,0.6877455960792761,0.9297694318981805,0.49981909066795205
5406,0.14456570140910519,0.9523441740485441,0.6356216208473698,0.4841346799630505,0.6159413382461194
5407,0.9048257252837798,0.15356699699031195,0.5147944070424375,0.688795259106429,0.8190792056523759
5408,0.6968457575722763,0.6048487768110237,0.47310124916333673,0.9318660995590784,0.315099620504799
5409,0.8359452266644805,0.4992606706393994,0.5290522212711586,0.6032404261004203,0.8443679996865356
5410,0.009280090227594351,0.29591775666584297,0.2077558288422252,0.7843558753329914,0.6013294578442843
5411,0.8970666501348051,0.8025763328213232,0.22968197332745355,0.3510766284139373,0.6263879439515235
5412,0.2319613669614633,0.6323691737077461,0.9611256791150996,0.9101051937391422,0.24839527550648866
5413,0.502058877656962,0.9005426809502268,0.1666614913612634,0.49703459388261095,0.2039436520778336
5414,0.5799947220930594,0.5548710901038961,0.9924895627548053,0.9533950108712994,0.235353293419459
5415,0.0013356464619352915,0.5908942851709937,0.9093571220600569,0.39192898292074374,0.9928225528553826
5416,0.638865144719369,0.15484421829293493,0.0565689311280102,0.380459224025505,0.6403877013924192
5417,0.4035213886821629,0.7293374169387229,0.9178869929792779,0.769067438629718,0.8493260160195342
5418,0.6767103720737424,0.4312010195465382,0.2706474234216165,0.9845866142215745,0.3992689508171593
5419,0.268130552773891,0.10987273400748887,0.322411580787929,0.579170593375313,0.49606962164949586
5420,0.7828790792183891,0.4043854184248562,0.8198772447494665,0.15069313873865897,0.6825837125548107
5421,0.4087451923862575,0.08978126479361448,0.7289457770511674,0.4087096497465954,0.12313277636312037
5422,0.33736897640048225,0.7995017345081776,0.4265172985536999,0.0036031902930417914,0.0699160255464426
5423,0.6179870613358845,0.2788887945651195,0.6119488966730624,0.6014449667459782,0.9239390618072519
5424,0.08119942273576364,0.918380251618889,0.2072034291262379,0.9789908986949998,0.7605812366012885
5425,0.20518196841956338,0.9944395356371601,0.8699913951957262,0.6318012557379925,0.775406294578274
5426,0.12029545335915048,0.9465989131777108,0.2389168777076247,0.5631514523060189,0.006882606547047088
5427,0.45497189272680827,0.9106111198729966,0.7509739561089669,0.6168025108801637,0.7590697472437893
5428,0.5823811509405162,0.3106811314633784,0.08267807753317447,0.6071793703145606,0.321830906228047
5429,0.9581597760062257,0.12568411627654652,0.59268569164246,0.4322666932624395,0.9824443321868744
5430,0.12075256920914557,0.9867821057475119,0.8169116283012471,0.16311892774891468,0.20835884967754326
5431,0.8368584538122006,0.8924005377222722,0.5383071442854762,0.3044185486881754,0.8425198096008207
5432,0.6379752291671068,0.256967643528887,0.6037765262927276,0.36394801332733573,0.8254076890619257
5433,0.29556933085443293,0.6699096353516709,0.12136255255569506,0.6095559442954196,0.9610518130379864
5434,0.9119319126202493,0.33005478029989366,0.6346612992973985,0.6909568423864734,0.3649437195879386
5435,0.017236825987758886,0.6716292718813686,0.5621043200962933,0.6071261471942283,0.1877430194069094
5436,0.778477786553463,0.027723399338113186,0.7686848981377713,0.7796127166059962,0.21564805967638634
5437,0.900571764048458,0.24850046294283656,0.5171932785192996,0.1994521591994456,0.7967509247522842
5438,0.35651972646177643,0.0982437449318172,0.9204051935673014,0.9849735350237291,0.22302303597750583
5439,0.5462327386104502,0.9141825380536812,0.6128925300713509,0.834663661228924,0.16347184376874713
5440,0.8609247591285041,0.7388396990132401,0.8867833002022126,0.8827863113670819,0.2761388102932598
5441,0.26482886367529446,0.12138045724570945,0.6609487973614716,0.45722925885871946,0.039827896734819235
5442,0.8395410145750536,0.18097369830460908,0.5963146712976288,0.27033737151915804,0.9767426135116218
5443,0.3439382948382955,0.30491748707896027,0.6788733507855236,0.3081903739081667,0.5959427250516829
5444,0.4499597271804665,0.2962832573442383,0.7740957923168312,0.7117569387484599,0.34706153371414905
5445,0.6628289434543888,0.6597326183761185,0.5471274517955871,0.6161904637125268,0.9065751162762671
5446,0.16435610189589167,0.25794728860867533,0.01031825663144148,0.7628783715274752,0.05657437285482636
5447,0.6484611315495431,0.06247315515610996,0.33296775572957027,0.2845190131320461,0.057041758832878764
5448,0.08119942273576364,0.918380251618889,0.2072034291262379,0.9789908986949998,0.7605812366012885
5449,0.20518196841956338,0.9944395356371601,0.8699913951957262,0.6318012557379925,0.775406294578274
5450,0.12029545335915048,0.9465989131777108,0.2389168777076247,0.5631514523060189,0.006882606547047088
5451,0.45497189272680827,0.9106111198729966,0.7509739561089669,0.6168025108801637,0.7590697472437893
5452,0.5823811509405162,0.3106811314633784,0.08267807753317447,0.6071793703145606,0.321830906228047
5453,0.9581597760062257,0.12568411627654652,0.59268569164246,0.4322666932624395,0.9824443321868744
5454,0.12075256920914557,0.9867821057475119,0.8169116283012471,0.16311892774891468,0.20835884967754326
5455,0.8368584538122006,0.8924005377222722,0.5383071442854762,0.3044185486881754,0.8425198096008207
5456,0.6379752291671068,0.256967643528887,0.6037765262927276,0.36394801332733573,0.8254076890619257
5457,0.29556933085443293,0.6699096353516709,0.12136255255569506,0.6095559442954196,0.9610518130379864
5458,0.9119319126202493,0.33005478029989366,0.6346612992973985,0.6909568423864734,0.3649437195879386
5459,0.017236825987758886,0.6716292718813686,0.5621043200962933,0.6071261471942283,0.1877430194069094
5460,0.778477786553463,0.027723399338113186,0.7686848981377713,0.7796127166059962,0.21564805967638634
5461,0.900571764048458,0.24850046294283656,0.5171932785192996,0.1994521591994456,0.7967509247522842
5462,0.35651972646177643,0.0982437449318172,0.9204051935673014,0.9849735350237291,0.22302303597750583
5463,0.5462327386104502,0.9141825380536812,0.6128925300713509,0.834663661228924,0.16347184376874713
5464,0.8609247591285041,0.7388396990132401,0.8867833002022126,0.8827863113670819,0.2761388102932598
5465,0.26482886367529446,0.12138045724570945,0.6609487973614716,0.45722925885871946,0.039827896734819235
5466,0.8395410145750536,0.18097369830460908,0.5963146712976288,0.27033737151915804,0.9767426135116218
5467,0.3439382948382955,0.30491748707896027,0.6788733507855236,0.3081903739081667,0.5959427250516829
5468,0.4499597271804665,0.2962832573442383,0.7740957923168312,0.7117569387484599,0.34706153371414905
5469,0.6628289434543888,0.6597326183761185,0.5471274517955871,0.6161904637125268,0.9065751162762671
5470,0.16435610189589167,0.25794728860867533,0.01031825663144148,0.7628783715274752,0.05657437285482636
5471,0.6484611315495431,0.06247315515610996,0.33296775572957027,0.2845190131320461,0.057041758832878764
5472,0.46734876205217446,0.19299179049373427,0.3468733091555666,0.11611012045147173,0.5490889144665598
5473,0.2407281810239511,0.09107129888058996,0.6054805143789416,0.9280084019745547,0.15472703459329684
5474,0.7915330421452634,0.2392474310413013,0.5694528662970507,0.6566296104140548,0.15276838495757183
5475,0.07236292350073548,0.3762676950507159,0.8078877741698877,0.3145509294553067,0.3377628609064298
5476,0.7493697610785008,0.8793285683637947,0.49734349536155764,0.8239238262769917,0.08519607982222155
5477,0.30934664282671553,0.5637725827347632,0.6877455960792761,0.9297694318981805,0.49981909066795205
5478,0.14456570140910519,0.9523441740485441,0.6356216208473698,0.4841346799630505,0.6159413382461194
5479,0.9048257252837798,0.15356699699031195,0.5147944070424375,0.688795259106429,0.8190792056523759
5480,0.6968457575722763,0.6048487768110237,0.47310124916333673,0.9318660995590784,0.315099620504799
5481,0.8359452266644805,0.4992606706393994,0.5290522212711586,0.6032404261004203,0.8443679996865356
5482,0.009280090227594351,0.29591775666584297,0.2077558288422252,0.7843558753329914,0.6013294578442843
5483,0.8970666501348051,0.8025763328213232,0.22968197332745355,0.3510766284139373,0.6263879439515235
5484,0.2319613669614633,0.6323691737077461,0.9611256791150996,0.9101051937391422,0.24839527550648866
5485,0.502058877656962,0.9005426809502268,0.1666614913612634,0.49703459388261095,0.2039436520778336
5486,0.5799947220930594,0.5548710901038961,0.9924895627548053,0.9533950108712994,0.235353293419459
5487,0.0013356464619352915,0.5908942851709937,0.9093571220600569,0.39192898292074374,0.9928225528553826
5488,0.638865144719369,0.15484421829293493,0.0565689311280102,0.380459224025505,0.6403877013924192
5489,0.4035213886821629,0.7293374169387229,0.9178869929792779,0.769067438629718,0.8493260160195342
5490,0.6767103720737424,0.4312010195465382,0.2706474234216165,0.9845866142215745,0.3992689508171593
5491,0.268130552773891,0.10987273400748887,0.322411580787929,0.579170593375313,0.49606962164949586
5492,0.7828790792183891,0.4043854184248562,0.8198772447494665,0.15069313873865897,0.6825837125548107
5493,0.4087451923862575,0.08978126479361448,0.7289457770511674,0.4087096497465954,0.12313277636312037
5494,0.33736897640048225,0.7995017345081776,0.4265172985536999,0.0036031902930417914,0.0699160255464426
5495,0.6179870613358845,0.2788887945651195,0.6119488966730624,0.6014449667459782,0.9239390618072519
5496,0.46734876205217446,0.19299179049373427,0.3468733091555666,0.11611012045147173,0.5490889144665598
5497,0.2407281810239511,0.09107129888058996,0.6054805143789416,0.9280084019745547,0.15472703459329684
5498,0.7915330421452634,0.2392474310413013,0.5694528662970507,0.6566296104140548,0.15276838495757183
5499,0.07236292350073548,0.3762676950507159,0.8078877741698877,0.3145509294553067,0.3377628609064298
5500,0.7493697610785008,0.8793285683637947,0.49734349536155764,0.8239238262769917,0.08519607982222155
5501,0.30934664282671553,0.5637725827347632,0.6877455960792761,0.9297694318981805,0.49981909066795205
5502,0.14456570140910519,0.9523441740485441,0.6356216208473698,0.4841346799630505,0.6159413382461194
5503,0.9048257252837798,0.15356699699031195,0.5147944070424375,0.688795259106429,0.8190792056523759
5504,0.6968457575722763,0.6048487768110237,0.47310124916333673,0.9318660995590784,0.315099620504799
5505,0.8359452266644805,0.4992606706393994,0.5290522212711586,0.6032404261004203,0.8443679996865356
5506,0.009280090227594351,0.29591775666584297,0.2077558288422252,0.7843558753329914,0.6013294578442843
5507,0.8970666501348051,0.8025763328213232,0.22968197332745355,0.3510766284139373,0.6263879439515235
5508,0.2319613669614633,0.6323691737077461,0.9611256791150996,0.9101051937391422,0.24839527550648866
5509,0.502058877656962,0.9005426809502268,0.1666614913612634,0.49703459388261095,0.2039436520778336
5510,0.5799947220930594,0.5548710901038961,0.9924895627548053,0.9533950108712994,0.235353293419459
5511,0.0013356464619352915,0.5908942851709937,0.9093571220600569,0.39192898292074374,0.9928225528553826
5512,0.638865144719369,0.15484421829293493,0.0565689311280102,0.380459224025505,0.6403877013924192
5513,0.4035213886821629,0.7293374169387229,0.9178869929792779,0.769067438629718,0.8493260160195342
5514,0.6767103720737424,0.4312010195465382,0.2706474234216165,0.9845866142215745,0.3992689508171593
5515,0.268130552773891,0.10987273400748887,0.322411580787929,0.579170593375313,0.49606962164949586
5516,0.7828790792183891,0.4043854184248562,0.8198772447494665,0.15069313873865897,0.6825837125548107
5517,0.4087451923862575,0.08978126479361448,0.7289457770511674,0.4087096497465954,0.12313277636312037
5518,0.33736897640048225,0.7995017345081776,0.4265172985536999,0.0036031902930417914,0.0699160255464426
5519,0.6179870613358845,0.2788887945651195,0.6119488966730624,0.6014449667459782,0.9239390618072519
5520,0.46734876205217446,0.19299179049373427,0.3468733091555666,0.11611012045147173,0.5490889144665598
5521,0.2407281810239511,0.09107129888058996,0.6054805143789416,0.9280084019745547,0.15472703459329684
5522,0.7915330421452634,0.2392474310413013,0.5694528662970507,0.6566296104140548,0.15276838495757183
5523,0.07236292350073548,0.3762676950507159,0.8078877741698877,0.3145509294553067,0.3377628609064298
5524,0.7493697610785008,0.8793285683637947,0.49734349536155764,0.8239238262769917,0.08519607982222155
5525,0.30934664282671553,0.5637725827347632,0.6877455960792761,0.9297694318981805,0.49981909066795205
5526,0.14456570140910519,0.9523441740485441,0.6356216208473698,0.4841346799630505,0.6159413382461194
5527,0.9048257252837798,0.15356699699031195,0.5147944070424375,0.688795259106429,0.8190792056523759
5528,0.6968457575722763,0.6048487768110237,0.47310124916333673,0.9318660995590784,0.315099620504799
5529,0.8359452266644805,0.4992606706393994,0.5290522212711586,0.6032404261004203,0.8443679996865356
5530,0.009280090227594351,0.29591775666584297,0.2077558288422252,0.7843558753329914,0.6013294578442843
5531,0.8970666501348051,0.8025763328213232,0.22968197332745355,0.3510766284139373,0.6263879439515235
5532,0.2319613669614633,0.6323691737077461,0.9611256791150996,0.9101051937391422,0.24839527550648866
5533,0.502058877656962,0.9005426809502268,0.1666614913612634,0.49703459388261095,0.2039436520778336
5534,0.5799947220930594,0.5548710901038961,0.9924895627548053,0.9533950108712994,0.235353293419459
5535,0.0013356464619352915,0.5908942851709937,0.9093571220600569,0.39192898292074374,0.9928225528553826
5536,0.638865144719369,0.15484421829293493,0.0565689311280102,0.380459224025505,0.6403877013924192
5537,0.4035213886821629,0.7293374169387229,0.9178869929792779,0.769067438629718,0.8493260160195342
5538,0.6767103720737424,0.4312010195465382,0.2706474234216165,0.9845866142215745,0.3992689508171593
5539,0.268130552773891,0.10987273400748887,0.322411580787929,0.579170593375313,0.49606962164949586
5540,0.7828790792183891,0.4043854184248562,0.8198772447494665,0.15069313873865897,0.6825837125548107
5541,0.4087451923862575,0.08978126479361448,0.7289457770511674,0.4087096497465954,0.12313277636312037
5542,0.33736897640048225,0.7995017345081776,0.4265172985536999,0.0036031902930417914,0.0699160255464426
5543,0.6179870613358845,0.2788887945651195,0.6119488966730624,0.6014449667459782,0.9239390618072519
5544,0.46734876205217446,0.19299179049373427,0.3468733091555666,0.11611012045147173,0.5490889144665598
5545,0.2407281810239511,0.09107129888058996,0.6054805143789416,0.9280084019745547,0.15472703459329684
5546,0.7915330421452634,0.2392474310413013,0.5694528662970507,0.6566296104140548,0.15276838495757183
5547,0.07236292350073548,0.3762676950507159,0.8078877741698877,0.3145509294553067,0.3377628609064298
5548,0.7493697610785008,0.8793285683637947,0.49734349536155764,0.8239238262769917,0.08519607982222155
5549,0.30934664282671553,0.5637725827347632,0.6877455960792761,0.9297694318981805,0.49981909066795205
5550,0.14456570140910519,0.9523441740485441,0.6356216208473698,0.4841346799630505,0.6159413382461194
5551,0.9048257252837798,0.15356699699031195,0.5147944070424375,0.688795259106429,0.8190792056523759
5552,0.6968457575722763,0.6048487768110237,0.47310124916333673,0.9318660995590784,0.315099620504799
5553,0.8359452266644805,0.4992606706393994,0.5290522212711586,0.6032404261004203,0.8443679996865356
5554,0.009280090227594351,0.29591775666584297,0.2077558288422252,0.7843558753329914,0.6013294578442843
5555,0.8970666501348051,0.8025763328213232,0.22968197332745355,0.3510766284139373,0.6263879439515235
5556,0.2319613669614633,0.6323691737077461,0.9611256791150996,0.9101051937391422,0.24839527550648866
5557,0.502058877656962,0.9005426809502268,0.1666614913612634,0.49703459388261095,0.2039436520778336
5558,0.5799947220930594,0.5548710901038961,0.9924895627548053,0.9533950108712994,0.235353293419459
5559,0.0013356464619352915,0.5908942851709937,0.9093571220600569,0.39192898292074374,0.9928225528553826
5560,0.638865144719369,0.15484421829293493,0.0565689311280102,0.380459224025505,0.6403877013924192
5561,0.4035213886821629,0.7293374169387229,0.9178869929792779,0.769067438629718,0.8493260160195342
5562,0.6767103720737424,0.4312010195465382,0.2706474234216165,0.9845866142215745,0.3992689508171593
5563,0.268130552773891,0.10987273400748887,0.322411580787929,0.579170593375313,0.49606962164949586
5564,0.7828790792183891,0.4043854184248562,0.8198772447494665,0.15069313873865897,0.6825837125548107
5565,0.4087451923862575,0.08978126479361448,0.7289457770511674,0.4087096497465954,0.12313277636312037
5566,0.33736897640048225,0.7995017345081776,0.4265172985536999,0.0036031902930417914,0.0699160255464426
5567,0.6179870613358845,0.2788887945651195,0.6119488966730624,0.6014449667459782,0.9239390618072519
5568,0.46734876205217446,0.19299179049373427,0.3468733091555666,0.11611012045147173,0.5490889144665598
5569,0.2407281810239511,0.09107129888058996,0.6054805143789416,0.9280084019745547,0.15472703459329684
5570,0.7915330421452634,0.2392474310413013,0.5694528662970507,0.6566296104140548,0.15276838495757183
5571,0.07236292350073548,0.3762676950507159,0.8078877741698877,0.3145509294553067,0.3377628609064298
5572,0.7493697610785008,0.8793285683637947,0.49734349536155764,0.8239238262769917,0.08519607982222155
5573,0.30934664282671553,0.5637725827347632,0.6877455960792761,0.9297694318981805,0.49981909066795205
5574,0.14456570140910519,0.9523441740485441,0.6356216208473698,0.4841346799630505,0.6159413382461194
5575,0.9048257252837798,0.15356699699031195,0.5147944070424375,0.688795259106429,0.8190792056523759
5576,0.6968457575722763,0.6048487768110237,0.47310124916333673,0.9318660995590784,0.315099620504799
5577,0.8359452266644805,0.4992606706393994,0.5290522212711586,0.6032404261004203,0.8443679996865356
5578,0.009280090227594351,0.29591775666584297,0.2077558288422252,0.7843558753329914,0.6013294578442843
5579,0.8970666501348051,0.8025763328213232,0.22968197332745355,0.3510766284139373,0.6263879439515235
5580,0.2319613669614633,0.6323691737077461,0.9611256791150996,0.9101051937391422,0.24839527550648866
5581,0.502058877656962,0.9005426809502268,0.1666614913612634,0.49703459388261095,0.2039436520778336
5582,0.5799947220930594,0.5548710901038961,0.9924895627548053,0.9533950108712994,0.235353293419459
5583,0.0013356464619352915,0.5908942851709937,0.9093571220600569,0.39192898292074374,0.9928225528553826
5584,0.638865144719369,0.15484421829293493,0.0565689311280102,0.380459224025505,0.6403877013924192
5585,0.4035213886821629,0.7293374169387229,0.9178869929792779,0.769067438629718,0.8493260160195342
5586,0.6767103720737424,0.4312010195465382,0.2706474234216165,0.9845866142215745,0.3992689508171593
5587,0.268130552773891,0.10987273400748887,0.322411580787929,0.579170593375313,0.49606962164949586
5588,0.7828790792183891,0.4043854184248562,0.8198772447494665,0.15069313873865897,0.6825837125548107
5589,0.4087451923862575,0.08978126479361448,0.7289457770511674,0.4087096497465954,0.12313277636312037
5590,0.33736897640048225,0.7995017345081776,0.4265172985536999,0.0036031902930417914,0.0699160255464426
5591,0.6179870613358845,0.2788887945651195,0.6119488966730624,0.6014449667459782,0.9239390618072519
5592,0.46734876205217446,0.19299179049373427,0.3468733091555666,0.11611012045147173,0.5490889144665598
5593,0.2407281810239511,0.09107129888058996,0.6054805143789416,0.9280084019745547,0.15472703459329684
5594,0.7915330421452634,0.2392474310413013,0.5694528662970507,0.6566296104140548,0.15276838495757183
5595,0.07236292350073548,0.3762676950507159,0.8078877741698877,0.3145509294553067,0.3377628609064298
5596,0.7493697610785008,0.8793285683637947,0.49734349536155764,0.8239238262769917,0.08519607982222155
5597,0.30934664282671553,0.5637725827347632,0.6877455960792761,0.9297694318981805,0.49981909066795205
5598,0.14456570140910519,0.9523441740485441,0.6356216208473698,0.4841346799630505,0.6159413382461194
5599,0.9048257252837798,0.15356699699031195,0.5147944070424375,0.688795259106429,0.8190792056523759
5600,0.6968457575722763,0.6048487768110237,0.47310124916333673,0.9318660995590784,0.315099620504799
5601,0.8359452266644805,0.4992606706393994,0.5290522212711586,0.6032404261004203,0.8443679996865356
5602,0.009280090227594351,0.29591775666584297,0.2077558288422252,0.7843558753329914,0.6013294578442843
5603,0.8970666501348051,0.8025763328213232,0.22968197332745355,0.3510766284139373,0.6263879439515235
5604,0.2319613669614633,0.6323691737077461,0.9611256791150996,0.9101051937391422,0.24839527550648866
5605,0.502058877656962,0.9005426809502268,0.1666614913612634,0.49703459388261095,0.2039436520778336
5606,0.5799947220930594,0.5548710901038961,0.9924895627548053,0.9533950108712994,0.235353293419459
5607,0.0013356464619352915,0.5908942851709937,0.9093571220600569,0.39192898292074374,0.9928225528553826
5608,0.638865144719369,0.15484421829293493,0.0565689311280102,0.380459224025505,0.6403877013924192
5609,0.4035213886821629,0.7293374169387229,0.9178869929792779,0.769067438629718,0.8493260160195342
5610,0.6767103720737424,0.4312010195465382,0.2706474234216165,0.9845866142215745,0.3992689508171593
5611,0.268130552773891,0.10987273400748887,0.322411580787929,0.579170593375313,0.49606962164949586
5612,0.7828790792183891,0.4043854184248562,0.8198772447494665,0.15069313873865897,0.6825837125548107
5613,0.4087451923862575,0.08978126479361448,0.7289457770511674,0.4087096497465954,0.12313277636312037
5614,0.33736897640048225,0.7995017345081776,0.4265172985536999,0.0036031902930417914,0.0699160255464426
5615,0.6179870613358845,0.2788887945651195,0.6119488966730624,0.6014449667459782,0.9239390618072519
5616,0.46734876205217446,0.19299179049373427,0.3468733091555666,0.11611012045147173,0.5490889144665598
5617,0.2407281810239511,0.09107129888058996,0.6054805143789416,0.9280084019745547,0.15472703459329684
5618,0.7915330421452634,0.2392474310413013,0.5694528662970507,0.6566296104140548,0.15276838495757183
5619,0.07236292350073548,0.3762676950507159,0.8078877741698877,0.3145509294553067,0.3377628609064298
5620,0.7493697610785008,0.8793285683637947,0.49734349536155764,0.8239238262769917,0.08519607982222155
5621,0.30934664282671553,0.5637725827347632,0.6877455960792761,0.9297694318981805,0.49981909066795205
5622,0.14456570140910519,0.9523441740485441,0.6356216208473698,0.4841346799630505,0.6159413382461194
5623,0.9048257252837798,0.15356699699031195,0.5147944070424375,0.688795259106429,0.8190792056523759
5624,0.6968457575722763,0.6048487768110237,0.47310124916333673,0.9318660995590784,0.315099620504799
5625,0.8359452266644805,0.4992606706393994,0.5290522212711586,0.6032404261004203,0.8443679996865356
5626,0.009280090227594351,0.29591775666584297,0.2077558288422252,0.7843558753329914,0.6013294578442843
5627,0.8970666501348051,0.8025763328213232,0.22968197332745355,0.3510766284139373,0.6263879439515235
5628,0.2319613669614633,0.6323691737077461,0.9611256791150996,0.9101051937391422,0.24839527550648866
5629,0.502058877656962,0.9005426809502268,0.1666614913612634,0.49703459388261095,0.2039436520778336
5630,0.5799947220930594,0.5548710901038961,0.9924895627548053,0.9533950108712994,0.235353293419459
5631,0.0013356464619352915,0.5908942851709937,0.9093571220600569,0.39192898292074374,0.9928225528553826
5632,0.638865144719369,0.15484421829293493,0.0565689311280102,0.380459224025505,0.6403877013924192
5633,0.4035213886821629,0.7293374169387229,0.9178869929792779,0.769067438629718,0.8493260160195342
5634,0.6767103720737424,0.4312010195465382,0.2706474234216165,0.9845866142215745,0.3992689508171593
5635,0.268130552773891,0.10987273400748887,0.322411580787929,0.579170593375313,0.49606962164949586
5636,0.7828790792183891,0.4043854184248562,0.8198772447494665,0.15069313873865897,0.6825837125548107
5637,0.4087451923862575,0.08978126479361448,0.7289457770511674,0.4087096497465954,0.12313277636312037
5638,0.33736897640048225,0.7995017345081776,0.4265172985536999,0.0036031902930417914,0.0699160255464426
5639,0.6179870613358845,0.2788887945651195,0.6119488966730624,0.6014449667459782,0.9239390618072519
5640,0.08119942273576364,0.918380251618889,0.2072034291262379,0.9789908986949998,0.7605812366012885
5641,0.20518196841956338,0.9944395356371601,0.8699913951957262,0.6318012557379925,0.775406294578274
5642,0.12029545335915048,0.9465989131777108,0.2389168777076247,0.5631514523060189,0.006882606547047088
5643,0.45497189272680827,0.9106111198729966,0.7509739561089669,0.6168025108801637,0.7590697472437893
5644,0.5823811509405162,0.3106811314633784,0.08267807753317447,0.6071793703145606,0.321830906228047
5645,0.9581597760062257,0.12568411627654652,0.59268569164246,0.4322666932624395,0.9824443321868744
5646,0.12075256920914557,0.9867821057475119,0.8169116283012471,0.16311892774891468,0.20835884967754326
5647,0.8368584538122006,0.8924005377222722,0.5383071442854762,0.3044185486881754,0.8425198096008207
5648,0.6379752291671068,0.256967643528887,0.6037765262927276,0.36394801332733573,0.8254076890619257
5649,0.29556933085443293,0.6699096353516709,0.12136255255569506,0.6095559442954196,0.9610518130379864
5650,0.9119319126202493,0.33005478029989366,0.6346612992973985,0.6909568423864734,0.3649437195879386
5651,0.017236825987758886,0.6716292718813686,0.5621043200962933,0.6071261471942283,0.1877430194069094
5652,0.778477786553463,0.027723399338113186,0.7686848981377713,0.7796127166059962,0.21564805967638634
5653,0.900571764048458,0.24850046294283656,0.5171932785192996,0.1994521591994456,0.7967509247522842
5654,0.35651972646177643,0.0982437449318172,0.9204051935673014,0.9849735350237291,0.22302303597750583
5655,0.5462327386104502,0.9141825380536812,0.6128925300713509,0.834663661228924,0.16347184376874713
5656,0.8609247591285041,0.7388396990132401,0.8867833002022126,0.8827863113670819,0.2761388102932598
5657,0.26482886367529446,0.12138045724570945,0.6609487973614716,0.45722925885871946,0.039827896734819235
5658,0.8395410145750536,0.18097369830460908,0.5963146712976288,0.27033737151915804,0.9767426135116218
5659,0.3439382948382955,0.30491748707896027,0.6788733507855236,0.3081903739081667,0.5959427250516829
5660,0.4499597271804665,0.2962832573442383,0.7740957923168312,0.7117569387484599,0.34706153371414905
5661,0.6628289434543888,0.6597326183761185,0.5471274517955871,0.6161904637125268,0.9065751162762671
5662,0.16435610189589167,0.25794728860867533,0.01031825663144148,0.7628783715274752,0.05657437285482636
5663,0.6484611315495431,0.06247315515610996,0.33296775572957027,0.2845190131320461,0.057041758832878764
5664,0.46734876205217446,0.19299179049373427,0.3468733091555666,0.11611012045147173,0.5490889144665598
5665,0.2407281810239511,0.09107129888058996,0.6054805143789416,0.9280084019745547,0.15472703459329684
5666,0.7915330421452634,0.2392474310413013,0.5694528662970507,0.6566296104140548,0.15276838495757183
5667,0.07236292350073548,0.3762676950507159,0.8078877741698877,0.3145509294553067,0.3377628609064298
5668,0.7493697610785008,0.8793285683637947,0.49734349536155764,0.8239238262769917,0.08519607982222155
5669,0.30934664282671553,0.5637725827347632,0.6877455960792761,0.9297694318981805,0.49981909066795205
5670,0.14456570140910519,0.9523441740485441,0.6356216208473698,0.4841346799630505,0.6159413382461194
5671,0.9048257252837798,0.15356699699031195,0.5147944070424375,0.688795259106429,0.8190792056523759
5672,0.6968457575722763,0.6048487768110237,0.47310124916333673,0.9318660995590784,0.315099620504799
5673,0.8359452266644805,0.4992606706393994,0.5290522212711586,0.6032404261004203,0.8443679996865356
5674,0.009280090227594351,0.29591775666584297,0.2077558288422252,0.7843558753329914,0.6013294578442843
5675,0.8970666501348051,0.8025763328213232,0.22968197332745355,0.3510766284139373,0.6263879439515235
5676,0.2319613669614633,0.6323691737077461,0.9611256791150996,0.9101051937391422,0.24839527550648866
5677,0.502058877656962,0.9005426809502268,0.1666614913612634,0.49703459388261095,0.2039436520778336
5678,0.5799947220930594,0.5548710901038961,0.9924895627548053,0.9533950108712994,0.235353293419459
5679,0.0013356464619352915,0.5908942851709937,0.9093571220600569,0.39192898292074374,0.9928225528553826
5680,0.638865144719369,0.15484421829293493,0.0565689311280102,0.380459224025505,0.6403877013924192
5681,0.4035213886821629,0.7293374169387229,0.9178869929792779,0.769067438629718,0.8493260160195342
5682,0.6767103720737424,0.4312010195465382,0.2706474234216165,0.9845866142215745,0.3992689508171593
5683,0.268130552773891,0.10987273400748887,0.322411580787929,0.579170593375313,0.49606962164949586
5684,0.7828790792183891,0.4043854184248562,0.8198772447494665,0.15069313873865897,0.6825837125548107
5685,0.4087451923862575,0.08978126479361448,0.7289457770511674,0.4087096497465954,0.12313277636312037
5686,0.33736897640048225,0.7995017345081776,0.4265172985536999,0.0036031902930417914,0.0699160255464426
5687,0.6179870613358845,0.2788887945651195,0.6119488966730624,0.6014449667459782,0.9239390618072519
5688,0.08119942273576364,0.918380251618889,0.2072034291262379,0.9789908986949998,0.7605812366012885
5689,0.20518196841956338,0.9944395356371601,0.8699913951957262,0.6318012557379925,0.775406294578274
5690,0.12029545335915048,0.9465989131777108,0.2389168777076247,0.5631514523060189,0.006882606547047088
5691,0.45497189272680827,0.9106111198729966,0.7509739561089669,0.6168025108801637,0.7590697472437893
5692,0.5823811509405162,0.3106811314633784,0.08267807753317447,0.6071793703145606,0.321830906228047
5693,0.9581597760062257,0.12568411627654652,0.59268569164246,0.4322666932624395,0.9824443321868744
5694,0.12075256920914557,0.9867821057475119,0.8169116283012471,0.16311892774891468,0.20835884967754326
5695,0.8368584538122006,0.8924005377222722,0.5383071442854762,0.3044185486881754,0.8425198096008207
5696,0.6379752291671068,0.256967643528887,0.6037765262927276,0.36394801332733573,0.8254076890619257
5697,0.29556933085443293,0.6699096353516709,0.12136255255569506,0.6095559442954196,0.9610518130379864
5698,0.9119319126202493,0.33005478029989366,0.6346612992973985,0.6909568423864734,0.3649437195879386
5699,0.017236825987758886,0.6716292718813686,0.5621043200962933,0.6071261471942283,0.1877430194069094
5700,0.778477786553463,0.027723399338113186,0.7686848981377713,0.7796127166059962,0.21564805967638634
5701,0.900571764048458,0.24850046294283656,0.5171932785192996,0.1994521591994456,0.7967509247522842
5702,0.35651972646177643,0.0982437449318172,0.9204051935673014,0.9849735350237291,0.22302303597750583
5703,0.5462327386104502,0.9141825380536812,0.6128925300713509,0.834663661228924,0.16347184376874713
5704,0.8609247591285041,0.7388396990132401,0.8867833002022126,0.8827863113670819,0.2761388102932598
5705,0.26482886367529446,0.12138045724570945,0.6609487973614716,0.45722925885871946,0.039827896734819235
5706,0.8395410145750536,0.18097369830460908,0.5963146712976288,0.27033737151915804,0.9767426135116218
5707,0.3439382948382955,0.30491748707896027,0.6788733507855236,0.3081903739081667,0.5959427250516829
5708,0.4499597271804665,0.2962832573442383,0.7740957923168312,0.7117569387484599,0.34706153371414905
5709,0.6628289434543888,0.6597326183761185,0.5471274517955871,0.6161904637125268,0.9065751162762671
5710,0.16435610189589167,0.25794728860867533,0.01031825663144148,0.7628783715274752,0.05657437285482636
5711,0.6484611315495431,0.06247315515610996,0.33296775572957027,0.2845190131320461,0.057041758832878764
5712,0.08119942273576364,0.918380251618889,0.2072034291262379,0.9789908986949998,0.7605812366012885
5713,0.20518196841956338,0.9944395356371601,0.8699913951957262,0.6318012557379925,0.775406294578274
5714,0.12029545335915048,0.9465989131777108,0.2389168777076247,0.5631514523060189,0.006882606547047088
5715,0.45497189272680827,0.9106111198729966,0.7509739561089669,0.6168025108801637,0.7590697472437893
5716,0.5823811509405162,0.3106811314633784,0.08267807753317447,0.6071793703145606,0.321830906228047
5717,0.9581597760062257,0.12568411627654652,0.59268569164246,0.4322666932624395,0.9824443321868744
5718,0.12075256920914557,0.9867821057475119,0.8169116283012471,0.16311892774891468,0.20835884967754326
5719,0.8368584538122006,0.8924005377222722,0.5383071442854762,0.3044185486881754,0.8425198096008207
5720,0.6379752291671068,0.256967643528887,0.6037765262927276,0.36394801332733573,0.8254076890619257
5721,0.29556933085443293,0.6699096353516709,0.12136255255569506,0.6095559442954196,0.9610518130379864
5722,0.9119319126202493,0.33005478029989366,0.6346612992973985,0.6909568423864734,0.3649437195879386
5723,0.017236825987758886,0.6716292718813686,0.5621043200962933,0.6071261471942283,0.1877430194069094
5724,0.778477786553463,0.027723399338113186,0.7686848981377713,0.7796127166059962,0.21564805967638634
5725,0.900571764048458,0.24850046294283656,0.5171932785192996,0.1994521591994456,0.7967509247522842
5726,0.35651972646177643,0.0982437449318172,0.9204051935673014,0.9849735350237291,0.22302303597750583
5727,0.5462327386104502,0.9141825380536812,0.6128925300713509,0.834663661228924,0.16347184376874713
5728,0.8609247591285041,0.7388396990132401,0.8867833002022126,0.8827863113670819,0.2761388102932598
5729,0.26482886367529446,0.12138045724570945,0.6609487973614716,0.45722925885871946,0.039827896734819235
5730,0.8395410145750536,0.18097369830460908,0.5963146712976288,0.27033737151915804,0.9767426135116218
5731,0.3439382948382955,0.30491748707896027,0.6788733507855236,0.3081903739081667,0.5959427250516829
5732,0.4499597271804665,0.2962832573442383,0.7740957923168312,0.7117569387484599,0.34706153371414905
5733,0.6628289434543888,0.6597326183761185,0.5471274517955871,0.6161904637125268,0.9065751162762671
5734,0.16435610189589167,0.25794728860867533,0.01031825663144148,0.7628783715274752,0.05657437285482636
5735,0.6484611315495431,0.06247315515610996,0.33296775572957027,0.2845190131320461,0.057041758832878764
5736,0.08119942273576364,0.918380251618889,0.2072034291262379,0.9789908986949998,0.7605812366012885
5737,0.20518196841956338,0.9944395356371601,0.8699913951957262,0.6318012557379925,0.775406294578274
5738,0.12029545335915048,0.9465989131777108,0.2389168777076247,0.5631514523060189,0.006882606547047088
5739,0.45497189272680827,0.9106111198729966,0.7509739561089669,0.6168025108801637,0.7590697472437893
5740,0.5823811509405162,0.3106811314633784,0.08267807753317447,0.6071793703145606,0.321830906228047
5741,0.9581597760062257,0.12568411627654652,0.59268569164246,0.4322666932624395,0.9824443321868744
5742,0.12075256920914557,0.9867821057475119,0.8169116283012471,0.16311892774891468,0.20835884967754326
5743,0.8368584538122006,0.8924005377222722,0.5383071442854762,0.3044185486881754,0.8425198096008207
5744,0.6379752291671068,0.256967643528887,0.6037765262927276,0.36394801332733573,0.8254076890619257
5745,0.29556933085443293,0.6699096353516709,0.12136255255569506,0.6095559442954196,0.9610518130379864
5746,0.9119319126202493,0.33005478029989366,0.6346612992973985,0.6909568423864734,0.3649437195879386
5747,0.017236825987758886,0.6716292718813686,0.5621043200962933,0.6071261471942283,0.1877430194069094
5748,0.778477786553463,0.027723399338113186,0.7686848981377713,0.7796127166059962,0.21564805967638634
5749,0.900571764048458,0.24850046294283656,0.5171932785192996,0.1994521591994456,0.7967509247522842
5750,0.35651972646177643,0.0982437449318172,0.9204051935673014,0.9849735350237291,0.22302303597750583
5751,0.5462327386104502,0.9141825380536812,0.6128925300713509,0.834663661228924,0.16347184376874713
5752,0.8609247591285041,0.7388396990132401,0.8867833002022126,0.8827863113670819,0.2761388102932598
5753,0.26482886367529446,0.12138045724570945,0.6609487973614716,0.45722925885871946,0.039827896734819235
5754,0.8395410145750536,0.18097369830460908,0.5963146712976288,0.27033737151915804,0.9767426135116218
5755,0.3439382948382955,0.30491748707896027,0.6788733507855236,0.3081903739081667,0.5959427250516829
5756,0.4499597271804665,0.2962832573442383,0.7740957923168312,0.7117569387484599,0.34706153371414905
5757,0.6628289434543888,0.6597326183761185,0.5471274517955871,0.6161904637125268,0.9065751162762671
5758,0.16435610189589167,0.25794728860867533,0.01031825663144148,0.7628783715274752,0.05657437285482636
5759,0.6484611315495431,0.06247315515610996,0.33296775572957027,0.2845190131320461,0.057041758832878764
5760,0.46734876205217446,0.19299179049373427,0.3468733091555666,0.11611012045147173,0.5490889144665598
5761,0.2407281810239511,0.09107129888058996,0.6054805143789416,0.9280084019745547,0.15472703459329684
5762,0.7915330421452634,0.2392474310413013,0.5694528662970507,0.6566296104140548,0.15276838495757183
5763,0.07236292350073548,0.3762676950507159,0.8078877741698877,0.3145509294553067,0.3377628609064298
5764,0.7493697610785008,0.8793285683637947,0.49734349536155764,0.8239238262769917,0.08519607982222155
5765,0.30934664282671553,0.5637725827347632,0.6877455960792761,0.9297694318981805,0.49981909066795205
5766,0.14456570140910519,0.9523441740485441,0.6356216208473698,0.4841346799630505,0.6159413382461194
5767,0.9048257252837798,0.15356699699031195,0.5147944070424375,0.688795259106429,0.8190792056523759
5768,0.6968457575722763,0.6048487768110237,0.47310124916333673,0.9318660995590784,0.315099620504799
5769,0.8359452266644805,0.4992606706393994,0.5290522212711586,0.6032404261004203,0.8443679996865356
5770,0.009280090227594351,0.29591775666584297,0.2077558288422252,0.7843558753329914,0.6013294578442843
5771,0.8970666501348051,0.8025763328213232,0.22968197332745355,0.3510766284139373,0.6263879439515235
5772,0.2319613669614633,0.6323691737077461,0.9611256791150996,0.9101051937391422,0.24839527550648866
5773,0.502058877656962,0.9005426809502268,0.1666614913612634,0.49703459388261095,0.2039436520778336
5774,0.5799947220930594,0.5548710901038961,0.9924895627548053,0.9533950108712994,0.235353293419459
5775,0.0013356464619352915,0.5908942851709937,0.9093571220600569,0.39192898292074374,0.9928225528553826
5776,0.638865144719369,0.15484421829293493,0.0565689311280102,0.380459224025505,0.6403877013924192
5777,0.4035213886821629,0.7293374169387229,0.9178869929792779,0.769067438629718,0.8493260160195342
5778,0.6767103720737424,0.4312010195465382,0.2706474234216165,0.9845866142215745,0.3992689508171593
5779,0.268130552773891,0.10987273400748887,0.322411580787929,0.579170593375313,0.49606962164949586
5780,0.7828790792183891,0.4043854184248562,0.8198772447494665,0.15069313873865897,0.6825837125548107
5781,0.4087451923862575,0.08978126479361448,0.7289457770511674,0.4087096497465954,0.12313277636312037
5782,0.33736897640048225,0.7995017345081776,0.4265172985536999,0.0036031902930417914,0.0699160255464426
5783,0.6179870613358845,0.2788887945651195,0.6119488966730624,0.6014449667459782,0.9239390618072519
5784,0.08119942273576364,0.918380251618889,0.2072034291262379,0.9789908986949998,0.7605812366012885
5785,0.20518196841956338,0.9944395356371601,0.8699913951957262,0.6318012557379925,0.775406294578274
5786,0.12029545335915048,0.9465989131777108,0.2389168777076247,0.5631514523060189,0.006882606547047088
5787,0.45497189272680827,0.9106111198729966,0.7509739561089669,0.6168025108801637,0.7590697472437893
5788,0.5823811509405162,0.3106811314633784,0.08267807753317447,0.6071793703145606,0.321830906228047
5789,0.9581597760062257,0.12568411627654652,0.59268569164246,0.4322666932624395,0.9824443321868744
5790,0.12075256920914557,0.9867821057475119,0.8169116283012471,0.16311892774891468,0.20835884967754326
5791,0.8368584538122006,0.8924005377222722,0.5383071442854762,0.3044185486881754,0.8425198096008207
5792,0.6379752291671068,0.256967643528887,0.6037765262927276,0.36394801332733573,0.8254076890619257
5793,0.29556933085443293,0.6699096353516709,0.12136255255569506,0.6095559442954196,0.9610518130379864
5794,0.9119319126202493,0.33005478029989366,0.6346612992973985,0.6909568423864734,0.3649437195879386
5795,0.017236825987758886,0.6716292718813686,0.5621043200962933,0.6071261471942283,0.1877430194069094
5796,0.778477786553463,0.027723399338113186,0.7686848981377713,0.7796127166059962,0.21564805967638634
5797,0.900571764048458,0.24850046294283656,0.5171932785192996,0.1994521591994456,0.7967509247522842
5798,0.35651972646177643,0.0982437449318172,0.9204051935673014,0.9849735350237291,0.22302303597750583
5799,0.5462327386104502,0.9141825380536812,0.6128925300713509,0.834663661228924,0.16347184376874713
5800,0.8609247591285041,0.7388396990132401,0.8867833002022126,0.8827863113670819,0.2761388102932598
5801,0.26482886367529446,0.12138045724570945,0.6609487973614716,0.45722925885871946,0.039827896734819235
5802,0.8395410145750536,0.18097369830460908,0.5963146712976288,0.27033737151915804,0.9767426135116218
5803,0.3439382948382955,0.30491748707896027,0.6788733507855236,0.3081903739081667,0.5959427250516829
5804,0.4499597271804665,0.2962832573442383,0.7740957923168312,0.7117569387484599,0.34706153371414905
5805,0.6628289434543888,0.6597326183761185,0.5471274517955871,0.6161904637125268,0.9065751162762671
5806,0.16435610189589167,0.25794728860867533,0.01031825663144148,0.7628783715274752,0.05657437285482636
5807,0.6484611315495431,0.06247315515610996,0.33296775572957027,0.2845190131320461,0.057041758832878764
5808,0.08119942273576364,0.918380251618889,0.2072034291262379,0.9789908986949998,0.7605812366012885
5809,0.20518196841956338,0.9944395356371601,0.8699913951957262,0.6318012557379925,0.775406294578274
5810,0.12029545335915048,0.9465989131777108,0.2389168777076247,0.5631514523060189,0.006882606547047088
5811,0.45497189272680827,0.9106111198729966,0.7509739561089669,0.6168025108801637,0.7590697472437893
5812,0.5823811509405162,0.3106811314633784,0.08267807753317447,0.6071793703145606,0.321830906228047
5813,0.9581597760062257,0.12568411627654652,0.59268569164246,0.4322666932624395,0.9824443321868744
5814,0.12075256920914557,0.9867821057475119,0.8169116283012471,0.16311892774891468,0.20835884967754326
5815,0.8368584538122006,0.8924005377222722,0.5383071442854762,0.3044185486881754,0.8425198096008207
5816,0.6379752291671068,0.256967643528887,0.6037765262927276,0.36394801332733573,0.8254076890619257
5817,0.29556933085443293,0.6699096353516709,0.12136255255569506,0.6095559442954196,0.9610518130379864
5818,0.9119319126202493,0.33005478029989366,0.6346612992973985,0.6909568423864734,0.3649437195879386
5819,0.017236825987758886,0.6716292718813686,0.5621043200962933,0.6071261471942283,0.1877430194069094
5820,0.778477786553463,0.027723399338113186,0.7686848981377713,0.7796127166059962,0.21564805967638634
5821,0.900571764048458,0.24850046294283656,0.5171932785192996,0.1994521591994456,0.7967509247522842
5822,0.35651972646177643,0.0982437449318172,0.9204051935673014,0.9849735350237291,0.22302303597750583
5823,0.5462327386104502,0.9141825380536812,0.6128925300713509,0.834663661228924,0.16347184376874713
5824,0.8609247591285041,0.7388396990132401,0.8867833002022126,0.8827863113670819,0.2761388102932598
5825,0.26482886367529446,0.12138045724570945,0.6609487973614716,0.45722925885871946,0.039827896734819235
5826,0.8395410145750536,0.18097369830460908,0.5963146712976288,0.27033737151915804,0.9767426135116218
5827,0.3439382948382955,0.30491748707896027,0.6788733507855236,0.3081903739081667,0.5959427250516829
5828,0.4499597271804665,0.2962832573442383,0.7740957923168312,0.7117569387484599,0.34706153371414905
5829,0.6628289434543888,0.6597326183761185,0.5471274517955871,0.6161904637125268,0.9065751162762671
5830,0.16435610189589167,0.25794728860867533,0.01031825663144148,0.7628783715274752,0.05657437285482636
5831,0.6484611315495431,0.06247315515610996,0.33296775572957027,0.2845190131320461,0.057041758832878764
5832,0.46734876205217446,0.19299179049373427,0.3468733091555666,0.11611012045147173,0.5490889144665598
5833,0.2407281810239511,0.09107129888058996,0.6054805143789416,0.9280084019745547,0.15472703459329684
5834,0.7915330421452634,0.2392474310413013,0.5694528662970507,0.6566296104140548,0.15276838495757183
5835,0.07236292350073548,0.3762676950507159,0.8078877741698877,0.3145509294553067,0.3377628609064298
5836,0.7493697610785008,0.8793285683637947,0.49734349536155764,0.8239238262769917,0.08519607982222155
5837,0.30934664282671553,0.5637725827347632,0.6877455960792761,0.9297694318981805,0.49981909066795205
5838,0.14456570140910519,0.9523441740485441,0.6356216208473698,0.4841346799630505,0.6159413382461194
5839,0.9048257252837798,0.15356699699031195,0.5147944070424375,0.688795259106429,0.8190792056523759
5840,0.6968457575722763,0.6048487768110237,0.47310124916333673,0.9318660995590784,0.315099620504799
5841,0.8359452266644805,0.4992606706393994,0.5290522212711586,0.6032404261004203,0.8443679996865356
5842,0.009280090227594351,0.29591775666584297,0.2077558288422252,0.7843558753329914,0.6013294578442843
5843,0.8970666501348051,0.8025763328213232,0.22968197332745355,0.3510766284139373,0.6263879439515235
5844,0.2319613669614633,0.6323691737077461,0.9611256791150996,0.9101051937391422,0.24839527550648866
5845,0.502058877656962,0.9005426809502268,0.1666614913612634,0.49703459388261095,0.2039436520778336
5846,0.5799947220930594,0.5548710901038961,0.9924895627548053,0.9533950108712994,0.235353293419459
5847,0.0013356464619352915,0.5908942851709937,0.9093571220600569,0.39192898292074374,0.9928225528553826
5848,0.638865144719369,0.15484421829293493,0.0565689311280102,0.380459224025505,0.6403877013924192
5849,0.4035213886821629,0.7293374169387229,0.9178869929792779,0.769067438629718,0.8493260160195342
5850,0.6767103720737424,0.4312010195465382,0.2706474234216165,0.9845866142215745,0.3992689508171593
5851,0.268130552773891,0.10987273400748887,0.322411580787929,0.579170593375313,0.49606962164949586
5852,0.7828790792183891,0.4043854184248562,0.8198772447494665,0.15069313873865897,0.6825837125548107
5853,0.4087451923862575,0.08978126479361448,0.7289457770511674,0.4087096497465954,0.12313277636312037
5854,0.33736897640048225,0.7995017345081776,0.4265172985536999,0.0036031902930417914,0.0699160255464426
5855,0.6179870613358845,0.2788887945651195,0.6119488966730624,0.6014449667459782,0.9239390618072519
5856,0.46734876205217446,0.19299179049373427,0.3468733091555666,0.11611012045147173,0.5490889144665598
5857,0.2407281810239511,0.09107129888058996,0.6054805143789416,0.9280084019745547,0.15472703459329684
5858,0.7915330421452634,0.2392474310413013,0.5694528662970507,0.6566296104140548,0.15276838495757183
5859,0.07236292350073548,0.3762676950507159,0.8078877741698877,0.3145509294553067,0.3377628609064298
5860,0.7493697610785008,0.8793285683637947,0.49734349536155764,0.8239238262769917,0.08519607982222155
5861,0.30934664282671553,0.5637725827347632,0.6877455960792761,0.9297694318981805,0.49981909066795205
5862,0.14456570140910519,0.9523441740485441,0.6356216208473698,0.4841346799630505,0.6159413382461194
5863,0.9048257252837798,0.15356699699031195,0.5147944070424375,0.688795259106429,0.8190792056523759
5864,0.6968457575722763,0.6048487768110237,0.47310124916333673,0.9318660995590784,0.315099620504799
5865,0.8359452266644805,0.4992606706393994,0.5290522212711586,0.6032404261004203,0.8443679996865356
5866,0.009280090227594351,0.29591775666584297,0.2077558288422252,0.7843558753329914,0.6013294578442843
5867,0.8970666501348051,0.8025763328213232,0.22968197332745355,0.3510766284139373,0.6263879439515235
5868,0.2319613669614633,0.6323691737077461,0.9611256791150996,0.9101051937391422,0.24839527550648866
5869,0.502058877656962,0.9005426809502268,0.1666614913612634,0.49703459388261095,0.2039436520778336
5870,0.5799947220930594,0.5548710901038961,0.9924895627548053,0.9533950108712994,0.235353293419459
5871,0.0013356464619352915,0.5908942851709937,0.9093571220600569,0.39192898292074374,0.9928225528553826
5872,0.638865144719369,0.15484421829293493,0.0565689311280102,0.380459224025505,0.6403877013924192
5873,0.4035213886821629,0.7293374169387229,0.9178869929792779,0.769067438629718,0.8493260160195342
5874,0.6767103720737424,0.4312010195465382,0.2706474234216165,0.9845866142215745,0.3992689508171593
5875,0.268130552773891,0.10987273400748887,0.322411580787929,0.579170593375313,0.49606962164949586
5876,0.7828790792183891,0.4043854184248562,0.8198772447494665,0.15069313873865897,0.6825837125548107
5877,0.4087451923862575,0.08978126479361448,0.7289457770511674,0.4087096497465954,0.12313277636312037
5878,0.33736897640048225,0.7995017345081776,0.4265172985536999,0.0036031902930417914,0.0699160255464426
5879,0.6179870613358845,0.2788887945651195,0.6119488966730624,0.6014449667459782,0.9239390618072519
5880,0.46734876205217446,0.19299179049373427,0.3468733091555666,0.11611012045147173,0.5490889144665598
5881,0.2407281810239511,0.09107129888058996,0.6054805143789416,0.9280084019745547,0.15472703459329684
5882,0.7915330421452634,0.2392474310413013,0.5694528662970507,0.6566296104140548,0.15276838495757183
5883,0.07236292350073548,0.3762676950507159,0.8078877741698877,0.3145509294553067,0.3377628609064298
5884,0.7493697610785008,0.8793285683637947,0.49734349536155764,0.8239238262769917,0.08519607982222155
5885,0.30934664282671553,0.5637725827347632,0.6877455960792761,0.9297694318981805,0.49981909066795205
5886,0.14456570140910519,0.9523441740485441,0.6356216208473698,0.4841346799630505,0.6159413382461194
5887,0.9048257252837798,0.15356699699031195,0.5147944070424375,0.688795259106429,0.8190792056523759
5888,0.6968457575722763,0.6048487768110237,0.47310124916333673,0.9318660995590784,0.315099620504799
5889,0.8359452266644805,0.4992606706393994,0.5290522212711586,0.6032404261004203,0.8443679996865356
5890,0.009280090227594351,0.29591775666584297,0.2077558288422252,0.7843558753329914,0.6013294578442843
5891,0.8970666501348051,0.8025763328213232,0.22968197332745355,0.3510766284139373,0.6263879439515235
5892,0.2319613669614633,0.6323691737077461,0.9611256791150996,0.9101051937391422,0.24839527550648866
5893,0.502058877656962,0.9005426809502268,0.1666614913612634,0.49703459388261095,0.2039436520778336
5894,0.5799947220930594,0.5548710901038961,0.9924895627548053,0.9533950108712994,0.235353293419459
5895,0.0013356464619352915,0.5908942851709937,0.9093571220600569,0.39192898292074374,0.9928225528553826
5896,0.638865144719369,0.15484421829293493,0.0565689311280102,0.380459224025505,0.6403877013924192
5897,0.4035213886821629,0.7293374169387229,0.9178869929792779,0.769067438629718,0.8493260160195342
5898,0.6767103720737424,0.4312010195465382,0.2706474234216165,0.9845866142215745,0.3992689508171593
5899,0.268130552773891,0.10987273400748887,0.322411580787929,0.579170593375313,0.49606962164949586
5900,0.7828790792183891,0.4043854184248562,0.8198772447494665,0.15069313873865897,0.6825837125548107
5901,0.4087451923862575,0.08978126479361448,0.7289457770511674,0.4087096497465954,0.12313277636312037
5902,0.33736897640048225,0.7995017345081776,0.4265172985536999,0.0036031902930417914,0.0699160255464426
5903,0.6179870613358845,0.2788887945651195,0.6119488966730624,0.6014449667459782,0.9239390618072519
5904,0.46734876205217446,0.19299179049373427,0.3468733091555666,0.11611012045147173,0.5490889144665598
5905,0.2407281810239511,0.09107129888058996,0.6054805143789416,0.9280084019745547,0.15472703459329684
5906,0.7915330421452634,0.2392474310413013,0.5694528662970507,0.6566296104140548,0.15276838495757183
5907,0.07236292350073548,0.3762676950507159,0.8078877741698877,0.3145509294553067,0.3377628609064298
5908,0.7493697610785008,0.8793285683637947,0.49734349536155764,0.8239238262769917,0.08519607982222155
5909,0.30934664282671553,0.5637725827347632,0.6877455960792761,0.9297694318981805,0.49981909066795205
5910,0.14456570140910519,0.9523441740485441,0.6356216208473698,0.4841346799630505,0.6159413382461194
5911,0.9048257252837798,0.15356699699031195,0.5147944070424375,0.688795259106429,0.8190792056523759
5912,0.6968457575722763,0.6048487768110237,0.47310124916333673,0.9318660995590784,0.315099620504799
5913,0.8359452266644805,0.4992606706393994,0.5290522212711586,0.6032404261004203,0.8443679996865356
5914,0.009280090227594351,0.29591775666584297,0.2077558288422252,0.7843558753329914,0.6013294578442843
5915,0.8970666501348051,0.8025763328213232,0.22968197332745355,0.3510766284139373,0.6263879439515235
5916,0.2319613669614633,0.6323691737077461,0.9611256791150996,0.9101051937391422,0.24839527550648866
5917,0.502058877656962,0.9005426809502268,0.1666614913612634,0.49703459388261095,0.2039436520778336
5918,0.5799947220930594,0.5548710901038961,0.9924895627548053,0.9533950108712994,0.235353293419459
5919,0.0013356464619352915,0.5908942851709937,0.9093571220600569,0.39192898292074374,0.9928225528553826
5920,0.638865144719369,0.15484421829293493,0.0565689311280102,0.380459224025505,0.6403877013924192
5921,0.4035213886821629,0.7293374169387229,0.9178869929792779,0.769067438629718,0.8493260160195342
5922,0.6767103720737424,0.4312010195465382,0.2706474234216165,0.9845866142215745,0.3992689508171593
5923,0.268130552773891,0.10987273400748887,0.322411580787929,0.579170593375313,0.49606962164949586
5924,0.7828790792183891,0.4043854184248562,0.8198772447494665,0.15069313873865897,0.6825837125548107
5925,0.4087451923862575,0.08978126479361448,0.7289457770511674,0.4087096497465954,0.12313277636312037
5926,0.33736897640048225,0.7995017345081776,0.4265172985536999,0.0036031902930417914,0.0699160255464426
5927,0.6179870613358845,0.2788887945651195,0.6119488966730624,0.6014449667459782,0.9239390618072519
5928,0.08119942273576364,0.918380251618889,0.2072034291262379,0.9789908986949998,0.7605812366012885
5929,0.20518196841956338,0.9944395356371601,0.8699913951957262,0.6318012557379925,0.775406294578274
5930,0.12029545335915048,0.9465989131777108,0.2389168777076247,0.5631514523060189,0.006882606547047088
5931,0.45497189272680827,0.9106111198729966,0.7509739561089669,0.6168025108801637,0.7590697472437893
5932,0.5823811509405162,0.3106811314633784,0.08267807753317447,0.6071793703145606,0.321830906228047
5933,0.9581597760062257,0.12568411627654652,0.59268569164246,0.4322666932624395,0.9824443321868744
5934,0.12075256920914557,0.9867821057475119,0.8169116283012471,0.16311892774891468,0.20835884967754326
5935,0.8368584538122006,0.8924005377222722,0.5383071442854762,0.3044185486881754,0.8425198096008207
5936,0.6379752291671068,0.256967643528887,0.6037765262927276,0.36394801332733573,0.8254076890619257
5937,0.29556933085443293,0.6699096353516709,0.12136255255569506,0.6095559442954196,0.9610518130379864
5938,0.9119319126202493,0.33005478029989366,0.6346612992973985,0.6909568423864734,0.3649437195879386
5939,0.017236825987758886,0.6716292718813686,0.5621043200962933,0.6071261471942283,0.1877430194069094
5940,0.778477786553463,0.027723399338113186,0.7686848981377713,0.7796127166059962,0.21564805967638634
5941,0.900571764048458,0.24850046294283656,0.5171932785192996,0.1994521591994456,0.7967509247522842
5942,0.35651972646177643,0.0982437449318172,0.9204051935673014,0.9849735350237291,0.22302303597750583
5943,0.5462327386104502,0.9141825380536812,0.6128925300713509,0.834663661228924,0.16347184376874713
5944,0.8609247591285041,0.7388396990132401,0.8867833002022126,0.8827863113670819,0.2761388102932598
5945,0.26482886367529446,0.12138045724570945,0.6609487973614716,0.45722925885871946,0.039827896734819235
5946,0.8395410145750536,0.18097369830460908,0.5963146712976288,0.27033737151915804,0.9767426135116218
5947,0.3439382948382955,0.30491748707896027,0.6788733507855236,0.3081903739081667,0.5959427250516829
5948,0.4499597271804665,0.2962832573442383,0.7740957923168312,0.7117569387484599,0.34706153371414905
5949,0.6628289434543888,0.6597326183761185,0.5471274517955871,0.6161904637125268,0.9065751162762671
5950,0.16435610189589167,0.25794728860867533,0.01031825663144148,0.7628783715274752,0.05657437285482636
5951,0.6484611315495431,0.06247315515610996,0.33296775572957027,0.2845190131320461,0.057041758832878764
5952,0.08119942273576364,0.918380251618889,0.2072034291262379,0.9789908986949998,0.7605812366012885
5953,0.20518196841956338,0.9944395356371601,0.8699913951957262,0.6318012557379925,0.775406294578274
5954,0.12029545335915048,0.9465989131777108,0.2389168777076247,0.5631514523060189,0.006882606547047088
5955,0.45497189272680827,0.9106111198729966,0.7509739561089669,0.6168025108801637,0.7590697472437893
5956,0.5823811509405162,0.3106811314633784,0.08267807753317447,0.6071793703145606,0.321830906228047
5957,0.9581597760062257,0.12568411627654652,0.59268569164246,0.4322666932624395,0.9824443321868744
5958,0.12075256920914557,0.9867821057475119,0.8169116283012471,0.16311892774891468,0.20835884967754326
5959,0.8368584538122006,0.8924005377222722,0.5383071442854762,0.3044185486881754,0.8425198096008207
5960,0.6379752291671068,0.256967643528887,0.6037765262927276,0.36394801332733573,0.8254076890619257
5961,0.29556933085443293,0.6699096353516709,0.12136255255569506,0.6095559442954196,0.9610518130379864
5962,0.9119319126202493,0.33005478029989366,0.6346612992973985,0.6909568423864734,0.3649437195879386
5963,0.017236825987758886,0.6716292718813686,0.5621043200962933,0.6071261471942283,0.1877430194069094
5964,0.778477786553463,0.027723399338113186,0.7686848981377713,0.7796127166059962,0.21564805967638634
5965,0.900571764048458,0.24850046294283656,0.5171932785192996,0.1994521591994456,0.7967509247522842
5966,0.35651972646177643,0.0982437449318172,0.9204051935673014,0.9849735350237291,0.22302303597750583
5967,0.5462327386104502,0.9141825380536812,0.6128925300713509,0.834663661228924,0.16347184376874713
5968,0.8609247591285041,0.7388396990132401,0.8867833002022126,0.8827863113670819,0.2761388102932598
5969,0.26482886367529446,0.12138045724570945,0.6609487973614716,0.45722925885871946,0.039827896734819235
5970,0.8395410145750536,0.18097369830460908,0.5963146712976288,0.27033737151915804,0.9767426135116218
5971,0.3439382948382955,0.30491748707896027,0.6788733507855236,0.3081903739081667,0.5959427250516829
5972,0.4499597271804665,0.2962832573442383,0.7740957923168312,0.7117569387484599,0.34706153371414905
5973,0.6628289434543888,0.6597326183761185,0.5471274517955871,0.6161904637125268,0.9065751162762671
5974,0.16435610189589167,0.25794728860867533,0.01031825663144148,0.7628783715274752,0.05657437285482636
5975,0.6484611315495431,0.06247315515610996,0.33296775572957027,0.2845190131320461,0.057041758832878764
5976,0.46734876205217446,0.19299179049373427,0.3468733091555666,0.11611012045147173,0.5490889144665598
5977,0.2407281810239511,0.09107129888058996,0.6054805143789416,0.9280084019745547,0.15472703459329684
5978,0.7915330421452634,0.2392474310413013,0.5694528662970507,0.6566296104140548,0.15276838495757183
5979,0.07236292350073548,0.3762676950507159,0.8078877741698877,0.3145509294553067,0.3377628609064298
5980,0.7493697610785008,0.8793285683637947,0.49734349536155764,0.8239238262769917,0.08519607982222155
5981,0.30934664282671553,0.5637725827347632,0.6877455960792761,0.9297694318981805,0.49981909066795205
5982,0.14456570140910519,0.9523441740485441,0.6356216208473698,0.4841346799630505,0.6159413382461194
5983,0.9048257252837798,0.15356699699031195,0.5147944070424375,0.688795259106429,0.8190792056523759
5984,0.6968457575722763,0.6048487768110237,0.47310124916333673,0.9318660995590784,0.315099620504799
5985,0.8359452266644805,0.4992606706393994,0.5290522212711586,0.6032404261004203,0.8443679996865356
5986,0.009280090227594351,0.29591775666584297,0.2077558288422252,0.7843558753329914,0.6013294578442843
5987,0.8970666501348051,0.8025763328213232,0.22968197332745355,0.3510766284139373,0.6263879439515235
5988,0.2319613669614633,0.6323691737077461,0.9611256791150996,0.9101051937391422,0.24839527550648866
5989,0.502058877656962,0.9005426809502268,0.1666614913612634,0.49703459388261095,0.2039436520778336
5990,0.5799947220930594,0.5548710901038961,0.9924895627548053,0.9533950108712994,0.235353293419459
5991,0.0013356464619352915,0.5908942851709937,0.9093571220600569,0.39192898292074374,0.9928225528553826
5992,0.638865144719369,0.15484421829293493,0.0565689311280102,0.380459224025505,0.6403877013924192
5993,0.4035213886821629,0.7293374169387229,0.9178869929792779,0.769067438629718,0.8493260160195342
5994,0.6767103720737424,0.4312010195465382,0.2706474234216165,0.9845866142215745,0.3992689508171593
5995,0.268130552773891,0.10987273400748887,0.322411580787929,0.579170593375313,0.49606962164949586
5996,0.7828790792183891,0.4043854184248562,0.8198772447494665,0.15069313873865897,0.6825837125548107
5997,0.4087451923862575,0.08978126479361448,0.7289457770511674,0.4087096497465954,0.12313277636312037
5998,0.33736897640048225,0.7995017345081776,0.4265172985536999,0.0036031902930417914,0.0699160255464426
5999,0.6179870613358845,0.2788887945651195,0.6119488966730624,0.6014449667459782,0.9239390618072519
6000,0.46734876205217446,0.19299179049373427,0.3468733091555666,0.11611012045147173,0.5490889144665598
6001,0.2407281810239511,0.09107129888058996,0.6054805143789416,0.9280084019745547,0.15472703459329684
6002,0.7915330421452634,0.2392474310413013,0.5694528662970507,0.6566296104140548,0.15276838495757183
6003,0.07236292350073548,0.3762676950507159,0.8078877741698877,0.3145509294553067,0.3377628609064298
6004,0.7493697610785008,0.8793285683637947,0.49734349536155764,0.8239238262769917,0.08519607982222155
6005,0.30934664282671553,0.5637725827347632,0.6877455960792761,0.9297694318981805,0.49981909066795205
6006,0.14456570140910519,0.9523441740485441,0.6356216208473698,0.4841346799630505,0.6159413382461194
6007,0.9048257252837798,0.15356699699031195,0.5147944070424375,0.688795259106429,0.8190792056523759
6008,0.6968457575722763,0.6048487768110237,0.47310124916333673,0.9318660995590784,0.315099620504799
6009,0.8359452266644805,0.4992606706393994,0.5290522212711586,0.6032404261004203,0.8443679996865356
6010,0.009280090227594351,0.29591775666584297,0.2077558288422252,0.7843558753329914,0.6013294578442843
6011,0.8970666501348051,0.8025763328213232,0.22968197332745355,0.3510766284139373,0.6263879439515235
6012,0.2319613669614633,0.6323691737077461,0.9611256791150996,0.9101051937391422,0.24839527550648866
6013,0.502058877656962,0.9005426809502268,0.1666614913612634,0.49703459388261095,0.2039436520778336
6014,0.5799947220930594,0.5548710901038961,0.9924895627548053,0.9533950108712994,0.235353293419459
6015,0.0013356464619352915,0.5908942851709937,0.9093571220600569,0.39192898292074374,0.9928225528553826
6016,0.638865144719369,0.15484421829293493,0.0565689311280102,0.380459224025505,0.6403877013924192
6017,0.4035213886821629,0.7293374169387229,0.9178869929792779,0.769067438629718,0.8493260160195342
6018,0.6767103720737424,0.4312010195465382,0.2706474234216165,0.9845866142215745,0.3992689508171593
6019,0.268130552773891,0.10987273400748887,0.322411580787929,0.579170593375313,0.49606962164949586
6020,0.7828790792183891,0.4043854184248562,0.8198772447494665,0.15069313873865897,0.6825837125548107
6021,0.4087451923862575,0.08978126479361448,0.7289457770511674,0.4087096497465954,0.12313277636312037
6022,0.33736897640048225,0.7995017345081776,0.4265172985536999,0.0036031902930417914,0.0699160255464426
6023,0.6179870613358845,0.2788887945651195,0.6119488966730624,0.6014449667459782,0.9239390618072519
6024,0.46734876205217446,0.19299179049373427,0.3468733091555666,0.11611012045147173,0.5490889144665598
6025,0.2407281810239511,0.09107129888058996,0.6054805143789416,0.9280084019745547,0.15472703459329684
6026,0.7915330421452634,0.2392474310413013,0.5694528662970507,0.6566296104140548,0.15276838495757183
6027,0.07236292350073548,0.3762676950507159,0.8078877741698877,0.3145509294553067,0.3377628609064298
6028,0.7493697610785008,0.8793285683637947,0.49734349536155764,0.8239238262769917,0.08519607982222155
6029,0.30934664282671553,0.5637725827347632,0.6877455960792761,0.9297694318981805,0.49981909066795205
6030,0.14456570140910519,0.9523441740485441,0.6356216208473698,0.4841346799630505,0.6159413382461194
6031,0.9048257252837798,0.15356699699031195,0.5147944070424375,0.688795259106429,0.8190792056523759
6032,0.6968457575722763,0.6048487768110237,0.47310124916333673,0.9318660995590784,0.315099620504799
6033,0.8359452266644805,0.4992606706393994,0.5290522212711586,0.6032404261004203,0.8443679996865356
6034,0.009280090227594351,0.29591775666584297,0.2077558288422252,0.7843558753329914,0.6013294578442843
6035,0.8970666501348051,0.8025763328213232,0.22968197332745355,0.3510766284139373,0.6263879439515235
6036,0.2319613669614633,0.6323691737077461,0.9611256791150996,0.9101051937391422,0.24839527550648866
6037,0.502058877656962,0.9005426809502268,0.1666614913612634,0.49703459388261095,0.2039436520778336
6038,0.5799947220930594,0.5548710901038961,0.9924895627548053,0.9533950108712994,0.235353293419459
6039,0.0013356464619352915,0.5908942851709937,0.9093571220600569,0.39192898292074374,0.9928225528553826
6040,0.638865144719369,0.15484421829293493,0.0565689311280102,0.380459224025505,0.6403877013924192
6041,0.4035213886821629,0.7293374169387229,0.9178869929792779,0.769067438629718,0.8493260160195342
6042,0.6767103720737424,0.4312010195465382,0.2706474234216165,0.9845866142215745,0.3992689508171593
6043,0.268130552773891,0.10987273400748887,0.322411580787929,0.579170593375313,0.49606962164949586
6044,0.7828790792183891,0.4043854184248562,0.8198772447494665,0.15069313873865897,0.6825837125548107
6045,0.4087451923862575,0.08978126479361448,0.7289457770511674,0.4087096497465954,0.12313277636312037
6046,0.33736897640048225,0.7995017345081776,0.4265172985536999,0.0036031902930417914,0.0699160255464426
6047,0.6179870613358845,0.2788887945651195,0.6119488966730624,0.6014449667459782,0.9239390618072519
6048,0.46734876205217446,0.19299179049373427,0.3468733091555666,0.11611012045147173,0.5490889144665598
6049,0.2407281810239511,0.09107129888058996,0.6054805143789416,0.9280084019745547,0.15472703459329684
6050,0.7915330421452634,0.2392474310413013,0.5694528662970507,0.6566296104140548,0.15276838495757183
6051,0.07236292350073548,0.3762676950507159,0.8078877741698877,0.3145509294553067,0.3377628609064298
6052,0.7493697610785008,0.8793285683637947,0.49734349536155764,0.8239238262769917,0.08519607982222155
6053,0.30934664282671553,0.5637725827347632,0.6877455960792761,0.9297694318981805,0.49981909066795205
6054,0.14456570140910519,0.9523441740485441,0.6356216208473698,0.4841346799630505,0.6159413382461194
6055,0.9048257252837798,0.15356699699031195,0.5147944070424375,0.688795259106429,0.8190792056523759
6056,0.6968457575722763,0.6048487768110237,0.47310124916333673,0.9318660995590784,0.315099620504799
6057,0.8359452266644805,0.4992606706393994,0.5290522212711586,0.6032404261004203,0.8443679996865356
6058,0.009280090227594351,0.29591775666584297,0.2077558288422252,0.7843558753329914,0.6013294578442843
6059,0.8970666501348051,0.8025763328213232,0.22968197332745355,0.3510766284139373,0.6263879439515235
6060,0.2319613669614633,0.6323691737077461,0.9611256791150996,0.9101051937391422,0.24839527550648866
6061,0.502058877656962,0.9005426809502268,0.1666614913612634,0.49703459388261095,0.2039436520778336
6062,0.5799947220930594,0.5548710901038961,0.9924895627548053,0.9533950108712994,0.235353293419459
6063,0.0013356464619352915,0.5908942851709937,0.9093571220600569,0.39192898292074374,0.9928225528553826
6064,0.638865144719369,0.15484421829293493,0.0565689311280102,0.380459224025505,0.6403877013924192
6065,0.4035213886821629,0.7293374169387229,0.9178869929792779,0.769067438629718,0.8493260160195342
6066,0.6767103720737424,0.4312010195465382,0.2706474234216165,0.9845866142215745,0.3992689508171593
6067,0.268130552773891,0.10987273400748887,0.322411580787929,0.579170593375313,0.49606962164949586
6068,0.7828790792183891,0.4043854184248562,0.8198772447494665,0.15069313873865897,0.6825837125548107
6069,0.4087451923862575,0.08978126479361448,0.7289457770511674,0.4087096497465954,0.12313277636312037
6070,0.33736897640048225,0.7995017345081776,0.4265172985536999,0.0036031902930417914,0.0699160255464426
6071,0.6179870613358845,0.2788887945651195,0.6119488966730624,0.6014449667459782,0.9239390618072519
6072,0.46734876205217446,0.19299179049373427,0.3468733091555666,0.11611012045147173,0.5490889144665598
6073,0.2407281810239511,0.09107129888058996,0.6054805143789416,0.9280084019745547,0.15472703459329684
6074,0.7915330421452634,0.2392474310413013,0.5694528662970507,0.6566296104140548,0.15276838495757183
6075,0.07236292350073548,0.3762676950507159,0.8078877741698877,0.3145509294553067,0.3377628609064298
6076,0.7493697610785008,0.8793285683637947,0.49734349536155764,0.8239238262769917,0.08519607982222155
6077,0.30934664282671553,0.5637725827347632,0.6877455960792761,0.9297694318981805,0.49981909066795205
6078,0.14456570140910519,0.9523441740485441,0.6356216208473698,0.4841346799630505,0.6159413382461194
6079,0.9048257252837798,0.15356699699031195,0.5147944070424375,0.688795259106429,0.8190792056523759
6080,0.6968457575722763,0.6048487768110237,0.47310124916333673,0.9318660995590784,0.315099620504799
6081,0.8359452266644805,0.4992606706393994,0.5290522212711586,0.6032404261004203,0.8443679996865356
6082,0.009280090227594351,0.29591775666584297,0.2077558288422252,0.7843558753329914,0.6013294578442843
6083,0.8970666501348051,0.8025763328213232,0.22968197332745355,0.3510766284139373,0.6263879439515235
6084,0.2319613669614633,0.6323691737077461,0.9611256791150996,0.9101051937391422,0.24839527550648866
6085,0.502058877656962,0.9005426809502268,0.1666614913612634,0.49703459388261095,0.2039436520778336
6086,0.5799947220930594,0.5548710901038961,0.9924895627548053,0.9533950108712994,0.235353293419459
6087,0.0013356464619352915,0.5908942851709937,0.9093571220600569,0.39192898292074374,0.9928225528553826
6088,0.638865144719369,0.15484421829293493,0.0565689311280102,0.380459224025505,0.6403877013924192
6089,0.4035213886821629,0.7293374169387229,0.9178869929792779,0.769067438629718,0.8493260160195342
6090,0.6767103720737424,0.4312010195465382,0.2706474234216165,0.9845866142215745,0.3992689508171593
6091,0.268130552773891,0.10987273400748887,0.322411580787929,0.579170593375313,0.49606962164949586
6092,0.7828790792183891,0.4043854184248562,0.8198772447494665,0.15069313873865897,0.6825837125548107
6093,0.4087451923862575,0.08978126479361448,0.7289457770511674,0.4087096497465954,0.12313277636312037
6094,0.33736897640048225,0.7995017345081776,0.4265172985536999,0.0036031902930417914,0.0699160255464426
6095,0.6179870613358845,0.2788887945651195,0.6119488966730624,0.6014449667459782,0.9239390618072519
6096,0.08119942273576364,0.918380251618889,0.2072034291262379,0.9789908986949998,0.7605812366012885
6097,0.20518196841956338,0.9944395356371601,0.8699913951957262,0.6318012557379925,0.775406294578274
6098,0.12029545335915048,0.9465989131777108,0.2389168777076247,0.5631514523060189,0.006882606547047088
6099,0.45497189272680827,0.9106111198729966,0.7509739561089669,0.6168025108801637,0.7590697472437893
6100,0.5823811509405162,0.3106811314633784,0.08267807753317447,0.6071793703145606,0.321830906228047
6101,0.9581597760062257,0.12568411627654652,0.59268569164246,0.4322666932624395,0.9824443321868744
6102,0.12075256920914557,0.9867821057475119,0.8169116283012471,0.16311892774891468,0.20835884967754326
6103,0.8368584538122006,0.8924005377222722,0.5383071442854762,0.3044185486881754,0.8425198096008207
6104,0.6379752291671068,0.256967643528887,0.6037765262927276,0.36394801332733573,0.8254076890619257
6105,0.29556933085443293,0.6699096353516709,0.12136255255569506,0.6095559442954196,0.9610518130379864
6106,0.9119319126202493,0.33005478029989366,0.6346612992973985,0.6909568423864734,0.3649437195879386
6107,0.017236825987758886,0.6716292718813686,0.5621043200962933,0.6071261471942283,0.1877430194069094
6108,0.778477786553463,0.027723399338113186,0.7686848981377713,0.7796127166059962,0.21564805967638634
6109,0.900571764048458,0.24850046294283656,0.5171932785192996,0.1994521591994456,0.7967509247522842
6110,0.35651972646177643,0.0982437449318172,0.9204051935673014,0.9849735350237291,0.22302303597750583
6111,0.5462327386104502,0.9141825380536812,0.6128925300713509,0.834663661228924,0.16347184376874713
6112,0.8609247591285041,0.7388396990132401,0.8867833002022126,0.8827863113670819,0.2761388102932598
6113,0.26482886367529446,0.12138045724570945,0.6609487973614716,0.45722925885871946,0.039827896734819235
6114,0.8395410145750536,0.18097369830460908,0.5963146712976288,0.27033737151915804,0.9767426135116218
6115,0.3439382948382955,0.30491748707896027,0.6788733507855236,0.3081903739081667,0.5959427250516829
6116,0.4499597271804665,0.2962832573442383,0.7740957923168312,0.7117569387484599,0.34706153371414905
6117,0.6628289434543888,0.6597326183761185,0.5471274517955871,0.6161904637125268,0.9065751162762671
6118,0.16435610189589167,0.25794728860867533,0.01031825663144148,0.7628783715274752,0.05657437285482636
6119,0.6484611315495431,0.06247315515610996,0.33296775572957027,0.2845190131320461,0.057041758832878764
6120,0.08119942273576364,0.918380251618889,0.2072034291262379,0.9789908986949998,0.7605812366012885
6121,0.20518196841956338,0.9944395356371601,0.8699913951957262,0.6318012557379925,0.775406294578274
6122,0.12029545335915048,0.9465989131777108,0.2389168777076247,0.5631514523060189,0.006882606547047088
6123,0.45497189272680827,0.9106111198729966,0.7509739561089669,0.6168025108801637,0.7590697472437893
6124,0.5823811509405162,0.3106811314633784,0.08267807753317447,0.6071793703145606,0.321830906228047
6125,0.9581597760062257,0.12568411627654652,0.59268569164246,0.4322666932624395,0.9824443321868744
6126,0.12075256920914557,0.9867821057475119,0.8169116283012471,0.16311892774891468,0.20835884967754326
6127,0.8368584538122006,0.8924005377222722,0.5383071442854762,0.3044185486881754,0.8425198096008207
6128,0.6379752291671068,0.256967643528887,0.6037765262927276,0.36394801332733573,0.8254076890619257
6129,0.29556933085443293,0.6699096353516709,0.12136255255569506,0.6095559442954196,0.9610518130379864
6130,0.9119319126202493,0.33005478029989366,0.6346612992973985,0.6909568423864734,0.3649437195879386
6131,0.017236825987758886,0.6716292718813686,0.5621043200962933,0.6071261471942283,0.1877430194069094
6132,0.778477786553463,0.027723399338113186,0.7686848981377713,0.7796127166059962,0.21564805967638634
6133,0.900571764048458,0.24850046294283656,0.5171932785192996,0.1994521591994456,0.7967509247522842
6134,0.35651972646177643,0.0982437449318172,0.9204051935673014,0.9849735350237291,0.22302303597750583
6135,0.5462327386104502,0.9141825380536812,0.6128925300713509,0.834663661228924,0.16347184376874713
6136,0.8609247591285041,0.7388396990132401,0.8867833002022126,0.8827863113670819,0.2761388102932598
6137,0.26482886367529446,0.12138045724570945,0.6609487973614716,0.45722925885871946,0.039827896734819235
6138,0.8395410145750536,0.18097369830460908,0.5963146712976288,0.27033737151915804,0.9767426135116218
6139,0.3439382948382955,0.30491748707896027,0.6788733507855236,0.3081903739081667,0.5959427250516829
6140,0.4499597271804665,0.2962832573442383,0.7740957923168312,0.7117569387484599,0.34706153371414905
6141,0.6628289434543888,0.6597326183761185,0.5471274517955871,0.6161904637125268,0.9065751162762671
6142,0.16435610189589167,0.25794728860867533,0.01031825663144148,0.7628783715274752,0.05657437285482636
6143,0.6484611315495431,0.06247315515610996,0.33296775572957027,0.2845190131320461,0.057041758832878764
6144,0.08119942273576364,0.918380251618889,0.2072034291262379,0.9789908986949998,0.7605812366012885
6145,0.20518196841956338,0.9944395356371601,0.8699913951957262,0.6318012557379925,0.775406294578274
6146,0.12029545335915048,0.9465989131777108,0.2389168777076247,0.5631514523060189,0.006882606547047088
6147,0.45497189272680827,0.9106111198729966,0.7509739561089669,0.6168025108801637,0.7590697472437893
6148,0.5823811509405162,0.3106811314633784,0.08267807753317447,0.6071793703145606,0.321830906228047
6149,0.9581597760062257,0.12568411627654652,0.59268569164246,0.4322666932624395,0.9824443321868744
6150,0.12075256920914557,0.9867821057475119,0.8169116283012471,0.16311892774891468,0.20835884967754326
6151,0.8368584538122006,0.8924005377222722,0.5383071442854762,0.3044185486881754,0.8425198096008207
6152,0.6379752291671068,0.256967643528887,0.6037765262927276,0.36394801332733573,0.8254076890619257
6153,0.29556933085443293,0.6699096353516709,0.12136255255569506,0.6095559442954196,0.9610518130379864
6154,0.9119319126202493,0.33005478029989366,0.6346612992973985,0.6909568423864734,0.3649437195879386
6155,0.017236825987758886,0.6716292718813686,0.5621043200962933,0.6071261471942283,0.1877430194069094
6156,0.778477786553463,0.027723399338113186,0.7686848981377713,0.7796127166059962,0.21564805967638634
6157,0.900571764048458,0.24850046294283656,0.5171932785192996,0.1994521591994456,0.7967509247522842
6158,0.35651972646177643,0.0982437449318172,0.9204051935673014,0.9849735350237291,0.22302303597750583
6159,0.5462327386104502,0.9141825380536812,0.6128925300713509,0.834663661228924,0.16347184376874713
6160,0.8609247591285041,0.7388396990132401,0.8867833002022126,0.8827863113670819,0.2761388102932598
6161,0.26482886367529446,0.12138045724570945,0.6609487973614716,0.45722925885871946,0.039827896734819235
6162,0.8395410145750536,0.18097369830460908,0.5963146712976288,0.27033737151915804,0.9767426135116218
6163,0.3439382948382955,0.30491748707896027,0.6788733507855236,0.3081903739081667,0.5959427250516829
6164,0.4499597271804665,0.2962832573442383,0.7740957923168312,0.7117569387484599,0.34706153371414905
6165,0.6628289434543888,0.6597326183761185,0.5471274517955871,0.6161904637125268,0.9065751162762671
6166,0.16435610189589167,0.25794728860867533,0.01031825663144148,0.7628783715274752,0.05657437285482636
6167,0.6484611315495431,0.06247315515610996,0.33296775572957027,0.2845190131320461,0.057041758832878764
6168,0.08119942273576364,0.918380251618889,0.2072034291262379,0.9789908986949998,0.7605812366012885
6169,0.20518196841956338,0.9944395356371601,0.8699913951957262,0.6318012557379925,0.775406294578274
6170,0.12029545335915048,0.9465989131777108,0.2389168777076247,0.5631514523060189,0.006882606547047088
6171,0.45497189272680827,0.9106111198729966,0.7509739561089669,0.6168025108801637,0.7590697472437893
6172,0.5823811509405162,0.3106811314633784,0.08267807753317447,0.6071793703145606,0.321830906228047
6173,0.9581597760062257,0.12568411627654652,0.59268569164246,0.4322666932624395,0.9824443321868744
6174,0.12075256920914557,0.9867821057475119,0.8169116283012471,0.16311892774891468,0.20835884967754326
6175,0.8368584538122006,0.8924005377222722,0.5383071442854762,0.3044185486881754,0.8425198096008207
6176,0.6379752291671068,0.256967643528887,0.6037765262927276,0.36394801332733573,0.8254076890619257
6177,0.29556933085443293,0.6699096353516709,0.12136255255569506,0.6095559442954196,0.9610518130379864
6178,0.9119319126202493,0.33005478029989366,0.6346612992973985,0.6909568423864734,0.3649437195879386
6179,0.017236825987758886,0.6716292718813686,0.5621043200962933,0.6071261471942283,0.1877430194069094
6180,0.778477786553463,0.027723399338113186,0.7686848981377713,0.7796127166059962,0.21564805967638634
6181,0.900571764048458,0.24850046294283656,0.5171932785192996,0.1994521591994456,0.7967509247522842
6182,0.35651972646177643,0.0982437449318172,0.9204051935673014,0.9849735350237291,0.22302303597750583
6183,0.5462327386104502,0.9141825380536812,0.6128925300713509,0.834663661228924,0.16347184376874713
6184,0.8609247591285041,0.7388396990132401,0.8867833002022126,0.8827863113670819,0.2761388102932598
6185,0.26482886367529446,0.12138045724570945,0.6609487973614716,0.45722925885871946,0.039827896734819235
6186,0.8395410145750536,0.18097369830460908,0.5963146712976288,0.27033737151915804,0.9767426135116218
6187,0.3439382948382955,0.30491748707896027,0.6788733507855236,0.3081903739081667,0.5959427250516829
6188,0.4499597271804665,0.2962832573442383,0.7740957923168312,0.7117569387484599,0.34706153371414905
6189,0.6628289434543888,0.6597326183761185,0.5471274517955871,0.6161904637125268,0.9065751162762671
6190,0.16435610189589167,0.25794728860867533,0.01031825663144148,0.7628783715274752,0.05657437285482636
6191,0.6484611315495431,0.06247315515610996,0.33296775572957027,0.2845190131320461,0.057041758832878764
6192,0.08119942273576364,0.918380251618889,0.2072034291262379,0.9789908986949998,0.7605812366012885
6193,0.20518196841956338,0.9944395356371601,0.8699913951957262,0.6318012557379925,0.775406294578274
6194,0.12029545335915048,0.9465989131777108,0.2389168777076247,0.5631514523060189,0.006882606547047088
6195,0.45497189272680827,0.9106111198729966,0.7509739561089669,0.6168025108801637,0.7590697472437893
6196,0.5823811509405162,0.3106811314633784,0.08267807753317447,0.6071793703145606,0.321830906228047
6197,0.9581597760062257,0.12568411627654652,0.59268569164246,0.4322666932624395,0.9824443321868744
6198,0.12075256920914557,0.9867821057475119,0.8169116283012471,0.16311892774891468,0.20835884967754326
6199,0.8368584538122006,0.8924005377222722,0.5383071442854762,0.3044185486881754,0.8425198096008207
6200,0.6379752291671068,0.256967643528887,0.6037765262927276,0.36394801332733573,0.8254076890619257
6201,0.29556933085443293,0.6699096353516709,0.12136255255569506,0.6095559442954196,0.9610518130379864
6202,0.9119319126202493,0.33005478029989366,0.6346612992973985,0.6909568423864734,0.3649437195879386
6203,0.017236825987758886,0.6716292718813686,0.5621043200962933,0.6071261471942283,0.1877430194069094
6204,0.778477786553463,0.027723399338113186,0.7686848981377713,0.7796127166059962,0.21564805967638634
6205,0.900571764048458,0.24850046294283656,0.5171932785192996,0.1994521591994456,0.7967509247522842
6206,0.35651972646177643,0.0982437449318172,0.9204051935673014,0.9849735350237291,0.22302303597750583
6207,0.5462327386104502,0.9141825380536812,0.6128925300713509,0.834663661228924,0.16347184376874713
6208,0.8609247591285041,0.7388396990132401,0.8867833002022126,0.8827863113670819,0.2761388102932598
6209,0.26482886367529446,0.12138045724570945,0.6609487973614716,0.45722925885871946,0.039827896734819235
6210,0.8395410145750536,0.18097369830460908,0.5963146712976288,0.27033737151915804,0.9767426135116218
6211,0.3439382948382955,0.30491748707896027,0.6788733507855236,0.3081903739081667,0.5959427250516829
6212,0.4499597271804665,0.2962832573442383,0.7740957923168312,0.7117569387484599,0.34706153371414905
6213,0.6628289434543888,0.6597326183761185,0.5471274517955871,0.6161904637125268,0.9065751162762671
6214,0.16435610189589167,0.25794728860867533,0.01031825663144148,0.7628783715274752,0.05657437285482636
6215,0.6484611315495431,0.06247315515610996,0.33296775572957027,0.2845190131320461,0.057041758832878764
6216,0.46734876205217446,0.19299179049373427,0.3468733091555666,0.11611012045147173,0.5490889144665598
6217,0.2407281810239511,0.09107129888058996,0.6054805143789416,0.9280084019745547,0.15472703459329684
6218,0.7915330421452634,0.2392474310413013,0.5694528662970507,0.6566296104140548,0.15276838495757183
6219,0.07236292350073548,0.3762676950507159,0.8078877741698877,0.3145509294553067,0.3377628609064298
6220,0.7493697610785008,0.8793285683637947,0.49734349536155764,0.8239238262769917,0.08519607982222155
6221,0.30934664282671553,0.5637725827347632,0.6877455960792761,0.9297694318981805,0.49981909066795205
6222,0.14456570140910519,0.9523441740485441,0.6356216208473698,0.4841346799630505,0.6159413382461194
6223,0.9048257252837798,0.15356699699031195,0.5147944070424375,0.688795259106429,0.8190792056523759
6224,0.6968457575722763,0.6048487768110237,0.47310124916333673,0.9318660995590784,0.315099620504799
6225,0.8359452266644805,0.4992606706393994,0.5290522212711586,0.6032404261004203,0.8443679996865356
6226,0.009280090227594351,0.29591775666584297,0.2077558288422252,0.7843558753329914,0.6013294578442843
6227,0.8970666501348051,0.8025763328213232,0.22968197332745355,0.3510766284139373,0.6263879439515235
6228,0.2319613669614633,0.6323691737077461,0.9611256791150996,0.9101051937391422,0.24839527550648866
6229,0.502058877656962,0.9005426809502268,0.1666614913612634,0.49703459388261095,0.2039436520778336
6230,0.5799947220930594,0.5548710901038961,0.9924895627548053,0.9533950108712994,0.235353293419459
6231,0.0013356464619352915,0.5908942851709937,0.9093571220600569,0.39192898292074374,0.9928225528553826
6232,0.638865144719369,0.15484421829293493,0.0565689311280102,0.380459224025505,0.6403877013924192
6233,0.4035213886821629,0.7293374169387229,0.9178869929792779,0.769067438629718,0.8493260160195342
6234,0.6767103720737424,0.4312010195465382,0.2706474234216165,0.9845866142215745,0.3992689508171593
6235,0.268130552773891,0.10987273400748887,0.322411580787929,0.579170593375313,0.49606962164949586
6236,0.7828790792183891,0.4043854184248562,0.8198772447494665,0.15069313873865897,0.6825837125548107
6237,0.4087451923862575,0.08978126479361448,0.7289457770511674,0.4087096497465954,0.12313277636312037
6238,0.33736897640048225,0.7995017345081776,0.4265172985536999,0.0036031902930417914,0.0699160255464426
6239,0.6179870613358845,0.2788887945651195,0.6119488966730624,0.6014449667459782,0.9239390618072519
6240,0.08119942273576364,0.918380251618889,0.2072034291262379,0.9789908986949998,0.7605812366012885
6241,0.20518196841956338,0.9944395356371601,0.8699913951957262,0.6318012557379925,0.775406294578274
6242,0.12029545335915048,0.9465989131777108,0.2389168777076247,0.5631514523060189,0.006882606547047088
6243,0.45497189272680827,0.9106111198729966,0.7509739561089669,0.6168025108801637,0.7590697472437893
6244,0.5823811509405162,0.3106811314633784,0.08267807753317447,0.6071793703145606,0.321830906228047
6245,0.9581597760062257,0.12568411627654652,0.59268569164246,0.4322666932624395,0.9824443321868744
6246,0.12075256920914557,0.9867821057475119,0.8169116283012471,0.16311892774891468,0.20835884967754326
6247,0.8368584538122006,0.8924005377222722,0.5383071442854762,0.3044185486881754,0.8425198096008207
6248,0.6379752291671068,0.256967643528887,0.6037765262927276,0.36394801332733573,0.8254076890619257
6249,0.29556933085443293,0.6699096353516709,0.12136255255569506,0.6095559442954196,0.9610518130379864
6250,0.9119319126202493,0.33005478029989366,0.6346612992973985,0.6909568423864734,0.3649437195879386
6251,0.017236825987758886,0.6716292718813686,0.5621043200962933,0.6071261471942283,0.1877430194069094
6252,0.778477786553463,0.027723399338113186,0.7686848981377713,0.7796127166059962,0.21564805967638634
6253,0.900571764048458,0.24850046294283656,0.5171932785192996,0.1994521591994456,0.7967509247522842
6254,0.35651972646177643,0.0982437449318172,0.9204051935673014,0.9849735350237291,0.22302303597750583
6255,0.5462327386104502,0.9141825380536812,0.6128925300713509,0.834663661228924,0.16347184376874713
6256,0.8609247591285041,0.7388396990132401,0.8867833002022126,0.8827863113670819,0.2761388102932598
6257,0.26482886367529446,0.12138045724570945,0.6609487973614716,0.45722925885871946,0.039827896734819235
6258,0.8395410145750536,0.18097369830460908,0.5963146712976288,0.27033737151915804,0.9767426135116218
6259,0.3439382948382955,0.30491748707896027,0.6788733507855236,0.3081903739081667,0.5959427250516829
6260,0.4499597271804665,0.2962832573442383,0.7740957923168312,0.7117569387484599,0.34706153371414905
6261,0.6628289434543888,0.6597326183761185,0.5471274517955871,0.6161904637125268,0.9065751162762671
6262,0.16435610189589167,0.25794728860867533,0.01031825663144148,0.7628783715274752,0.05657437285482636
6263,0.6484611315495431,0.06247315515610996,0.33296775572957027,0.2845190131320461,0.057041758832878764
6264,0.46734876205217446,0.19299179049373427,0.3468733091555666,0.11611012045147173,0.5490889144665598
6265,0.2407281810239511,0.09107129888058996,0.6054805143789416,0.9280084019745547,0.15472703459329684
6266,0.7915330421452634,0.2392474310413013,0.5694528662970507,0.6566296104140548,0.15276838495757183
6267,0.07236292350073548,0.3762676950507159,0.8078877741698877,0.3145509294553067,0.3377628609064298
6268,0.7493697610785008,0.8793285683637947,0.49734349536155764,0.8239238262769917,0.08519607982222155
6269,0.30934664282671553,0.5637725827347632,0.6877455960792761,0.9297694318981805,0.49981909066795205
6270,0.14456570140910519,0.9523441740485441,0.6356216208473698,0.4841346799630505,0.6159413382461194
6271,0.9048257252837798,0.15356699699031195,0.5147944070424375,0.688795259106429,0.8190792056523759
6272,0.6968457575722763,0.6048487768110237,0.47310124916333673,0.9318660995590784,0.315099620504799
6273,0.8359452266644805,0.4992606706393994,0.5290522212711586,0.6032404261004203,0.8443679996865356
6274,0.009280090227594351,0.29591775666584297,0.2077558288422252,0.7843558753329914,0.6013294578442843
6275,0.8970666501348051,0.8025763328213232,0.22968197332745355,0.3510766284139373,0.6263879439515235
6276,0.2319613669614633,0.6323691737077461,0.9611256791150996,0.9101051937391422,0.24839527550648866
6277,0.502058877656962,0.9005426809502268,0.1666614913612634,0.49703459388261095,0.2039436520778336
6278,0.5799947220930594,0.5548710901038961,0.9924895627548053,0.9533950108712994,0.235353293419459
6279,0.0013356464619352915,0.5908942851709937,0.9093571220600569,0.39192898292074374,0.9928225528553826
6280,0.638865144719369,0.15484421829293493,0.0565689311280102,0.380459224025505,0.6403877013924192
6281,0.4035213886821629,0.7293374169387229,0.9178869929792779,0.769067438629718,0.8493260160195342
6282,0.6767103720737424,0.4312010195465382,0.2706474234216165,0.9845866142215745,0.3992689508171593
6283,0.268130552773891,0.10987273400748887,0.322411580787929,0.579170593375313,0.49606962164949586
6284,0.7828790792183891,0.4043854184248562,0.8198772447494665,0.15069313873865897,0.6825837125548107
6285,0.4087451923862575,0.08978126479361448,0.7289457770511674,0.4087096497465954,0.12313277636312037
6286,0.33736897640048225,0.7995017345081776,0.4265172985536999,0.0036031902930417914,0.0699160255464426
6287,0.6179870613358845,0.2788887945651195,0.6119488966730624,0.6014449667459782,0.9239390618072519
6288,0.08119942273576364,0.918380251618889,0.2072034291262379,0.9789908986949998,0.7605812366012885
6289,0.20518196841956338,0.9944395356371601,0.8699913951957262,0.6318012557379925,0.775406294578274
6290,0.12029545335915048,0.9465989131777108,0.2389168777076247,0.5631514523060189,0.006882606547047088
6291,0.45497189272680827,0.9106111198729966,0.7509739561089669,0.6168025108801637,0.7590697472437893
6292,0.5823811509405162,0.3106811314633784,0.08267807753317447,0.6071793703145606,0.321830906228047
6293,0.9581597760062257,0.12568411627654652,0.59268569164246,0.4322666932624395,0.9824443321868744
6294,0.12075256920914557,0.9867821057475119,0.8169116283012471,0.16311892774891468,0.20835884967754326
6295,0.8368584538122006,0.8924005377222722,0.5383071442854762,0.3044185486881754,0.8425198096008207
6296,0.6379752291671068,0.256967643528887,0.6037765262927276,0.36394801332733573,0.8254076890619257
6297,0.29556933085443293,0.6699096353516709,0.12136255255569506,0.6095559442954196,0.9610518130379864
6298,0.9119319126202493,0.33005478029989366,0.6346612992973985,0.6909568423864734,0.3649437195879386
6299,0.017236825987758886,0.6716292718813686,0.5621043200962933,0.6071261471942283,0.1877430194069094
6300,0.778477786553463,0.027723399338113186,0.7686848981377713,0.7796127166059962,0.21564805967638634
6301,0.900571764048458,0.24850046294283656,0.5171932785192996,0.1994521591994456,0.7967509247522842
6302,0.35651972646177643,0.0982437449318172,0.9204051935673014,0.9849735350237291,0.22302303597750583
6303,0.5462327386104502,0.9141825380536812,0.6128925300713509,0.834663661228924,0.16347184376874713
6304,0.8609247591285041,0.7388396990132401,0.8867833002022126,0.8827863113670819,0.2761388102932598
6305,0.26482886367529446,0.12138045724570945,0.6609487973614716,0.45722925885871946,0.039827896734819235
6306,0.8395410145750536,0.18097369830460908,0.5963146712976288,0.27033737151915804,0.9767426135116218
6307,0.3439382948382955,0.30491748707896027,0.6788733507855236,0.3081903739081667,0.5959427250516829
6308,0.4499597271804665,0.2962832573442383,0.7740957923168312,0.7117569387484599,0.34706153371414905
6309,0.6628289434543888,0.6597326183761185,0.5471274517955871,0.6161904637125268,0.9065751162762671
6310,0.16435610189589167,0.25794728860867533,0.01031825663144148,0.7628783715274752,0.05657437285482636
6311,0.6484611315495431,0.06247315515610996,0.33296775572957027,0.2845190131320461,0.057041758832878764
6312,0.08119942273576364,0.918380251618889,0.2072034291262379,0.9789908986949998,0.7605812366012885
6313,0.20518196841956338,0.9944395356371601,0.8699913951957262,0.6318012557379925,0.775406294578274
6314,0.12029545335915048,0.9465989131777108,0.2389168777076247,0.5631514523060189,0.006882606547047088
6315,0.45497189272680827,0.9106111198729966,0.7509739561089669,0.6168025108801637,0.7590697472437893
6316,0.5823811509405162,0.3106811314633784,0.08267807753317447,0.6071793703145606,0.321830906228047
6317,0.9581597760062257,0.12568411627654652,0.59268569164246,0.4322666932624395,0.9824443321868744
6318,0.12075256920914557,0.9867821057475119,0.8169116283012471,0.16311892774891468,0.20835884967754326
6319,0.8368584538122006,0.8924005377222722,0.5383071442854762,0.3044185486881754,0.8425198096008207
6320,0.6379752291671068,0.256967643528887,0.6037765262927276,0.36394801332733573,0.8254076890619257
6321,0.29556933085443293,0.6699096353516709,0.12136255255569506,0.6095559442954196,0.9610518130379864
6322,0.9119319126202493,0.33005478029989366,0.6346612992973985,0.6909568423864734,0.3649437195879386
6323,0.017236825987758886,0.6716292718813686,0.5621043200962933,0.6071261471942283,0.1877430194069094
6324,0.778477786553463,0.027723399338113186,0.7686848981377713,0.7796127166059962,0.21564805967638634
6325,0.900571764048458,0.24850046294283656,0.5171932785192996,0.1994521591994456,0.7967509247522842
6326,0.35651972646177643,0.0982437449318172,0.9204051935673014,0.9849735350237291,0.22302303597750583
6327,0.5462327386104502,0.9141825380536812,0.6128925300713509,0.834663661228924,0.16347184376874713
6328,0.8609247591285041,0.7388396990132401,0.8867833002022126,0.8827863113670819,0.2761388102932598
6329,0.26482886367529446,0.12138045724570945,0.6609487973614716,0.45722925885871946,0.039827896734819235
6330,0.8395410145750536,0.18097369830460908,0.5963146712976288,0.27033737151915804,0.9767426135116218
6331,0.3439382948382955,0.30491748707896027,0.6788733507855236,0.3081903739081667,0.5959427250516829
6332,0.4499597271804665,0.2962832573442383,0.7740957923168312,0.7117569387484599,0.34706153371414905
6333,0.6628289434543888,0.6597326183761185,0.5471274517955871,0.6161904637125268,0.9065751162762671
6334,0.16435610189589167,0.25794728860867533,0.01031825663144148,0.7628783715274752,0.05657437285482636
6335,0.6484611315495431,0.06247315515610996,0.33296775572957027,0.2845190131320461,0.057041758832878764
6336,0.08119942273576364,0.918380251618889,0.2072034291262379,0.9789908986949998,0.7605812366012885
6337,0.20518196841956338,0.9944395356371601,0.8699913951957262,0.6318012557379925,0.775406294578274
6338,0.12029545335915048,0.9465989131777108,0.2389168777076247,0.5631514523060189,0.006882606547047088
6339,0.45497189272680827,0.9106111198729966,0.7509739561089669,0.6168025108801637,0.7590697472437893
6340,0.5823811509405162,0.3106811314633784,0.08267807753317447,0.6071793703145606,0.321830906228047
6341,0.9581597760062257,0.12568411627654652,0.59268569164246,0.4322666932624395,0.9824443321868744
6342,0.12075256920914557,0.9867821057475119,0.8169116283012471,0.16311892774891468,0.20835884967754326
6343,0.8368584538122006,0.8924005377222722,0.5383071442854762,0.3044185486881754,0.8425198096008207
6344,0.6379752291671068,0.256967643528887,0.6037765262927276,0.36394801332733573,0.8254076890619257
6345,0.29556933085443293,0.6699096353516709,0.12136255255569506,0.6095559442954196,0.9610518130379864
6346,0.9119319126202493,0.33005478029989366,0.6346612992973985,0.6909568423864734,0.3649437195879386
6347,0.017236825987758886,0.6716292718813686,0.5621043200962933,0.6071261471942283,0.1877430194069094
6348,0.778477786553463,0.027723399338113186,0.7686848981377713,0.7796127166059962,0.21564805967638634
6349,0.900571764048458,0.24850046294283656,0.5171932785192996,0.1994521591994456,0.7967509247522842
6350,0.35651972646177643,0.0982437449318172,0.9204051935673014,0.9849735350237291,0.22302303597750583
6351,0.5462327386104502,0.9141825380536812,0.6128925300713509,0.834663661228924,0.16347184376874713
6352,0.8609247591285041,0.7388396990132401,0.8867833002022126,0.8827863113670819,0.2761388102932598
6353,0.26482886367529446,0.12138045724570945,0.6609487973614716,0.45722925885871946,0.039827896734819235
6354,0.8395410145750536,0.18097369830460908,0.5963146712976288,0.27033737151915804,0.9767426135116218
6355,0.3439382948382955,0.30491748707896027,0.6788733507855236,0.3081903739081667,0.5959427250516829
6356,0.4499597271804665,0.2962832573442383,0.7740957923168312,0.7117569387484599,0.34706153371414905
6357,0.6628289434543888,0.6597326183761185,0.5471274517955871,0.6161904637125268,0.9065751162762671
6358,0.16435610189589167,0.25794728860867533,0.01031825663144148,0.7628783715274752,0.05657437285482636
6359,0.6484611315495431,0.06247315515610996,0.33296775572957027,0.2845190131320461,0.057041758832878764
6360,0.08119942273576364,0.918380251618889,0.2072034291262379,0.9789908986949998,0.7605812366012885
6361,0.20518196841956338,0.9944395356371601,0.8699913951957262,0.6318012557379925,0.775406294578274
6362,0.12029545335915048,0.9465989131777108,0.2389168777076247,0.5631514523060189,0.006882606547047088
6363,0.45497189272680827,0.9106111198729966,0.7509739561089669,0.6168025108801637,0.7590697472437893
6364,0.5823811509405162,0.3106811314633784,0.08267807753317447,0.6071793703145606,0.321830906228047
6365,0.9581597760062257,0.12568411627654652,0.59268569164246,0.4322666932624395,0.9824443321868744
6366,0.12075256920914557,0.9867821057475119,0.8169116283012471,0.16311892774891468,0.20835884967754326
6367,0.8368584538122006,0.8924005377222722,0.5383071442854762,0.3044185486881754,0.8425198096008207
6368,0.6379752291671068,0.256967643528887,0.6037765262927276,0.36394801332733573,0.8254076890619257
6369,0.29556933085443293,0.6699096353516709,0.12136255255569506,0.6095559442954196,0.9610518130379864
6370,0.9119319126202493,0.33005478029989366,0.6346612992973985,0.6909568423864734,0.3649437195879386
6371,0.017236825987758886,0.6716292718813686,0.5621043200962933,0.6071261471942283,0.1877430194069094
6372,0.778477786553463,0.027723399338113186,0.7686848981377713,0.7796127166059962,0.21564805967638634
6373,0.900571764048458,0.24850046294283656,0.5171932785192996,0.1994521591994456,0.7967509247522842
6374,0.35651972646177643,0.0982437449318172,0.9204051935673014,0.9849735350237291,0.22302303597750583
6375,0.5462327386104502,0.9141825380536812,0.6128925300713509,0.834663661228924,0.16347184376874713
6376,0.8609247591285041,0.7388396990132401,0.8867833002022126,0.8827863113670819,0.2761388102932598
6377,0.26482886367529446,0.12138045724570945,0.6609487973614716,0.45722925885871946,0.039827896734819235
6378,0.8395410145750536,0.18097369830460908,0.5963146712976288,0.27033737151915804,0.9767426135116218
6379,0.3439382948382955,0.30491748707896027,0.6788733507855236,0.3081903739081667,0.5959427250516829
6380,0.4499597271804665,0.2962832573442383,0.7740957923168312,0.7117569387484599,0.34706153371414905
6381,0.6628289434543888,0.6597326183761185,0.5471274517955871,0.6161904637125268,0.9065751162762671
6382,0.16435610189589167,0.25794728860867533,0.01031825663144148,0.7628783715274752,0.05657437285482636
6383,0.6484611315495431,0.06247315515610996,0.33296775572957027,0.2845190131320461,0.057041758832878764
6384,0.46734876205217446,0.19299179049373427,0.3468733091555666,0.11611012045147173,0.5490889144665598
6385,0.2407281810239511,0.09107129888058996,0.6054805143789416,0.9280084019745547,0.15472703459329684
6386,0.7915330421452634,0.2392474310413013,0.5694528662970507,0.6566296104140548,0.15276838495757183
6387,0.07236292350073548,0.3762676950507159,0.8078877741698877,0.3145509294553067,0.3377628609064298
6388,0.7493697610785008,0.8793285683637947,0.49734349536155764,0.8239238262769917,0.08519607982222155
6389,0.30934664282671553,0.5637725827347632,0.6877455960792761,0.9297694318981805,0.49981909066795205
6390,0.14456570140910519,0.9523441740485441,0.6356216208473698,0.4841346799630505,0.6159413382461194
6391,0.9048257252837798,0.15356699699031195,0.5147944070424375,0.688795259106429,0.8190792056523759
6392,0.6968457575722763,0.6048487768110237,0.47310124916333673,0.9318660995590784,0.315099620504799
6393,0.8359452266644805,0.4992606706393994,0.5290522212711586,0.6032404261004203,0.8443679996865356
6394,0.009280090227594351,0.29591775666584297,0.2077558288422252,0.7843558753329914,0.6013294578442843
6395,0.8970666501348051,0.8025763328213232,0.22968197332745355,0.3510766284139373,0.6263879439515235
6396,0.2319613669614633,0.6323691737077461,0.9611256791150996,0.9101051937391422,0.24839527550648866
6397,0.502058877656962,0.9005426809502268,0.1666614913612634,0.49703459388261095,0.2039436520778336
6398,0.5799947220930594,0.5548710901038961,0.9924895627548053,0.9533950108712994,0.235353293419459
6399,0.0013356464619352915,0.5908942851709937,0.9093571220600569,0.39192898292074374,0.9928225528553826
6400,0.638865144719369,0.15484421829293493,0.0565689311280102,0.380459224025505,0.6403877013924192
6401,0.4035213886821629,0.7293374169387229,0.9178869929792779,0.769067438629718,0.8493260160195342
6402,0.6767103720737424,0.4312010195465382,0.2706474234216165,0.9845866142215745,0.3992689508171593
6403,0.268130552773891,0.10987273400748887,0.322411580787929,0.579170593375313,0.49606962164949586
6404,0.7828790792183891,0.4043854184248562,0.8198772447494665,0.15069313873865897,0.6825837125548107
6405,0.4087451923862575,0.08978126479361448,0.7289457770511674,0.4087096497465954,0.12313277636312037
6406,0.33736897640048225,0.7995017345081776,0.4265172985536999,0.0036031902930417914,0.0699160255464426
6407,0.6179870613358845,0.2788887945651195,0.6119488966730624,0.6014449667459782,0.9239390618072519
6408,0.46734876205217446,0.19299179049373427,0.3468733091555666,0.11611012045147173,0.5490889144665598
6409,0.2407281810239511,0.09107129888058996,0.6054805143789416,0.9280084019745547,0.15472703459329684
6410,0.7915330421452634,0.2392474310413013,0.5694528662970507,0.6566296104140548,0.15276838495757183
6411,0.07236292350073548,0.3762676950507159,0.8078877741698877,0.3145509294553067,0.3377628609064298
6412,0.7493697610785008,0.8793285683637947,0.49734349536155764,0.8239238262769917,0.08519607982222155
6413,0.30934664282671553,0.5637725827347632,0.6877455960792761,0.9297694318981805,0.49981909066795205
6414,0.14456570140910519,0.9523441740485441,0.6356216208473698,0.4841346799630505,0.6159413382461194
6415,0.9048257252837798,0.15356699699031195,0.5147944070424375,0.688795259106429,0.8190792056523759
6416,0.6968457575722763,0.6048487768110237,0.47310124916333673,0.9318660995590784,0.315099620504799
6417,0.8359452266644805,0.4992606706393994,0.5290522212711586,0.6032404261004203,0.8443679996865356
6418,0.009280090227594351,0.29591775666584297,0.2077558288422252,0.7843558753329914,0.6013294578442843
6419,0.8970666501348051,0.8025763328213232,0.22968197332745355,0.3510766284139373,0.6263879439515235
6420,0.2319613669614633,0.6323691737077461,0.9611256791150996,0.9101051937391422,0.24839527550648866
6421,0.502058877656962,0.9005426809502268,0.1666614913612634,0.49703459388261095,0.2039436520778336
6422,0.5799947220930594,0.5548710901038961,0.9924895627548053,0.9533950108712994,0.235353293419459
6423,0.0013356464619352915,0.5908942851709937,0.9093571220600569,0.39192898292074374,0.9928225528553826
6424,0.638865144719369,0.15484421829293493,0.0565689311280102,0.380459224025505,0.6403877013924192
6425,0.4035213886821629,0.7293374169387229,0.9178869929792779,0.769067438629718,0.8493260160195342
6426,0.6767103720737424,0.4312010195465382,0.2706474234216165,0.9845866142215745,0.3992689508171593
6427,0.268130552773891,0.10987273400748887,0.322411580787929,0.579170593375313,0.49606962164949586
6428,0.7828790792183891,0.4043854184248562,0.8198772447494665,0.15069313873865897,0.6825837125548107
6429,0.4087451923862575,0.08978126479361448,0.7289457770511674,0.4087096497465954,0.12313277636312037
6430,0.33736897640048225,0.7995017345081776,0.4265172985536999,0.0036031902930417914,0.0699160255464426
6431,0.6179870613358845,0.2788887945651195,0.6119488966730624,0.6014449667459782,0.9239390618072519
6432,0.46734876205217446,0.19299179049373427,0.3468733091555666,0.11611012045147173,0.5490889144665598
6433,0.2407281810239511,0.09107129888058996,0.6054805143789416,0.9280084019745547,0.15472703459329684
6434,0.7915330421452634,0.2392474310413013,0.5694528662970507,0.6566296104140548,0.15276838495757183
6435,0.07236292350073548,0.3762676950507159,0.8078877741698877,0.3145509294553067,0.3377628609064298
6436,0.7493697610785008,0.8793285683637947,0.49734349536155764,0.8239238262769917,0.08519607982222155
6437,0.30934664282671553,0.5637725827347632,0.6877455960792761,0.9297694318981805,0.49981909066795205
6438,0.14456570140910519,0.9523441740485441,0.6356216208473698,0.4841346799630505,0.6159413382461194
6439,0.9048257252837798,0.15356699699031195,0.5147944070424375,0.688795259106429,0.8190792056523759
6440,0.6968457575722763,0.6048487768110237,0.47310124916333673,0.9318660995590784,0.315099620504799
6441,0.8359452266644805,0.4992606706393994,0.5290522212711586,0.6032404261004203,0.8443679996865356
6442,0.009280090227594351,0.29591775666584297,0.2077558288422252,0.7843558753329914,0.6013294578442843
6443,0.8970666501348051,0.8025763328213232,0.22968197332745355,0.3510766284139373,0.6263879439515235
6444,0.2319613669614633,0.6323691737077461,0.9611256791150996,0.9101051937391422,0.24839527550648866
6445,0.502058877656962,0.9005426809502268,0.1666614913612634,0.49703459388261095,0.2039436520778336
6446,0.5799947220930594,0.5548710901038961,0.9924895627548053,0.9533950108712994,0.235353293419459
6447,0.0013356464619352915,0.5908942851709937,0.9093571220600569,0.39192898292074374,0.9928225528553826
6448,0.638865144719369,0.15484421829293493,0.0565689311280102,0.380459224025505,0.6403877013924192
6449,0.4035213886821629,0.7293374169387229,0.9178869929792779,0.769067438629718,0.8493260160195342
6450,0.6767103720737424,0.4312010195465382,0.2706474234216165,0.9845866142215745,0.3992689508171593
6451,0.268130552773891,0.10987273400748887,0.322411580787929,0.579170593375313,0.49606962164949586
6452,0.7828790792183891,0.4043854184248562,0.8198772447494665,0.15069313873865897,0.6825837125548107
6453,0.4087451923862575,0.08978126479361448,0.7289457770511674,0.4087096497465954,0.12313277636312037
6454,0.33736897640048225,0.7995017345081776,0.4265172985536999,0.0036031902930417914,0.0699160255464426
6455,0.6179870613358845,0.2788887945651195,0.6119488966730624,0.6014449667459782,0.9239390618072519
6456,0.08119942273576364,0.918380251618889,0.2072034291262379,0.9789908986949998,0.7605812366012885
6457,0.20518196841956338,0.9944395356371601,0.8699913951957262,0.6318012557379925,0.775406294578274
6458,0.12029545335915048,0.9465989131777108,0.2389168777076247,0.5631514523060189,0.006882606547047088
6459,0.45497189272680827,0.9106111198729966,0.7509739561089669,0.6168025108801637,0.7590697472437893
6460,0.5823811509405162,0.3106811314633784,0.08267807753317447,0.6071793703145606,0.321830906228047
6461,0.9581597760062257,0.12568411627654652,0.59268569164246,0.4322666932624395,0.9824443321868744
6462,0.12075256920914557,0.9867821057475119,0.8169116283012471,0.16311892774891468,0.20835884967754326
6463,0.8368584538122006,0.8924005377222722,0.5383071442854762,0.3044185486881754,0.8425198096008207
6464,0.6379752291671068,0.256967643528887,0.6037765262927276,0.36394801332733573,0.8254076890619257
6465,0.29556933085443293,0.6699096353516709,0.12136255255569506,0.6095559442954196,0.9610518130379864
6466,0.9119319126202493,0.33005478029989366,0.6346612992973985,0.6909568423864734,0.3649437195879386
6467,0.017236825987758886,0.6716292718813686,0.5621043200962933,0.6071261471942283,0.1877430194069094
6468,0.778477786553463,0.027723399338113186,0.7686848981377713,0.7796127166059962,0.21564805967638634
6469,0.900571764048458,0.24850046294283656,0.5171932785192996,0.1994521591994456,0.7967509247522842
6470,0.35651972646177643,0.0982437449318172,0.9204051935673014,0.9849735350237291,0.22302303597750583
6471,0.5462327386104502,0.9141825380536812,0.6128925300713509,0.834663661228924,0.16347184376874713
6472,0.8609247591285041,0.7388396990132401,0.8867833002022126,0.8827863113670819,0.2761388102932598
6473,0.26482886367529446,0.12138045724570945,0.6609487973614716,0.45722925885871946,0.039827896734819235
6474,0.8395410145750536,0.18097369830460908,0.5963146712976288,0.27033737151915804,0.9767426135116218
6475,0.3439382948382955,0.30491748707896027,0.6788733507855236,0.3081903739081667,0.5959427250516829
6476,0.4499597271804665,0.2962832573442383,0.7740957923168312,0.7117569387484599,0.34706153371414905
6477,0.6628289434543888,0.6597326183761185,0.5471274517955871,0.6161904637125268,0.9065751162762671
6478,0.16435610189589167,0.25794728860867533,0.01031825663144148,0.7628783715274752,0.05657437285482636
6479,0.6484611315495431,0.06247315515610996,0.33296775572957027,0.2845190131320461,0.057041758832878764
6480,0.08119942273576364,0.918380251618889,0.2072034291262379,0.9789908986949998,0.7605812366012885
6481,0.20518196841956338,0.9944395356371601,0.8699913951957262,0.6318012557379925,0.775406294578274
6482,0.12029545335915048,0.9465989131777108,0.2389168777076247,0.5631514523060189,0.006882606547047088
6483,0.45497189272680827,0.9106111198729966,0.7509739561089669,0.6168025108801637,0.7590697472437893
6484,0.5823811509405162,0.3106811314633784,0.08267807753317447,0.6071793703145606,0.321830906228047
6485,0.9581597760062257,0.12568411627654652,0.59268569164246,0.4322666932624395,0.9824443321868744
6486,0.12075256920914557,0.9867821057475119,0.8169116283012471,0.16311892774891468,0.20835884967754326
6487,0.8368584538122006,0.8924005377222722,0.5383071442854762,0.3044185486881754,0.8425198096008207
6488,0.6379752291671068,0.256967643528887,0.6037765262927276,0.36394801332733573,0.8254076890619257
6489,0.29556933085443293,0.6699096353516709,0.12136255255569506,0.6095559442954196,0.9610518130379864
6490,0.9119319126202493,0.33005478029989366,0.6346612992973985,0.6909568423864734,0.3649437195879386
6491,0.017236825987758886,0.6716292718813686,0.5621043200962933,0.6071261471942283,0.1877430194069094
6492,0.778477786553463,0.027723399338113186,0.7686848981377713,0.7796127166059962,0.21564805967638634
6493,0.900571764048458,0.24850046294283656,0.5171932785192996,0.1994521591994456,0.7967509247522842
6494,0.35651972646177643,0.0982437449318172,0.9204051935673014,0.9849735350237291,0.22302303597750583
6495,0.5462327386104502,0.9141825380536812,0.6128925300713509,0.834663661228924,0.16347184376874713
6496,0.8609247591285041,0.7388396990132401,0.8867833002022126,0.8827863113670819,0.2761388102932598
6497,0.26482886367529446,0.12138045724570945,0.6609487973614716,0.45722925885871946,0.039827896734819235
6498,0.8395410145750536,0.18097369830460908,0.5963146712976288,0.27033737151915804,0.9767426135116218
6499,0.3439382948382955,0.30491748707896027,0.6788733507855236,0.3081903739081667,0.5959427250516829
6500,0.4499597271804665,0.2962832573442383,0.7740957923168312,0.7117569387484599,0.34706153371414905
6501,0.6628289434543888,0.6597326183761185,0.5471274517955871,0.6161904637125268,0.9065751162762671
6502,0.16435610189589167,0.25794728860867533,0.01031825663144148,0.7628783715274752,0.05657437285482636
6503,0.6484611315495431,0.06247315515610996,0.33296775572957027,0.2845190131320461,0.057041758832878764
6504,0.46734876205217446,0.19299179049373427,0.3468733091555666,0.11611012045147173,0.5490889144665598
6505,0.2407281810239511,0.09107129888058996,0.6054805143789416,0.9280084019745547,0.15472703459329684
6506,0.7915330421452634,0.2392474310413013,0.5694528662970507,0.6566296104140548,0.15276838495757183
6507,0.07236292350073548,0.3762676950507159,0.8078877741698877,0.3145509294553067,0.3377628609064298
6508,0.7493697610785008,0.8793285683637947,0.49734349536155764,0.8239238262769917,0.08519607982222155
6509,0.30934664282671553,0.5637725827347632,0.6877455960792761,0.9297694318981805,0.49981909066795205
6510,0.14456570140910519,0.9523441740485441,0.6356216208473698,0.4841346799630505,0.6159413382461194
6511,0.9048257252837798,0.15356699699031195,0.5147944070424375,0.688795259106429,0.8190792056523759
6512,0.6968457575722763,0.6048487768110237,0.47310124916333673,0.9318660995590784,0.315099620504799
6513,0.8359452266644805,0.4992606706393994,0.5290522212711586,0.6032404261004203,0.8443679996865356
6514,0.009280090227594351,0.29591775666584297,0.2077558288422252,0.7843558753329914,0.6013294578442843
6515,0.8970666501348051,0.8025763328213232,0.22968197332745355,0.3510766284139373,0.6263879439515235
6516,0.2319613669614633,0.6323691737077461,0.9611256791150996,0.9101051937391422,0.24839527550648866
6517,0.502058877656962,0.9005426809502268,0.1666614913612634,0.49703459388261095,0.2039436520778336
6518,0.5799947220930594,0.5548710901038961,0.9924895627548053,0.9533950108712994,0.235353293419459
6519,0.0013356464619352915,0.5908942851709937,0.9093571220600569,0.39192898292074374,0.9928225528553826
6520,0.638865144719369,0.15484421829293493,0.0565689311280102,0.380459224025505,0.6403877013924192
6521,0.4035213886821629,0.7293374169387229,0.9178869929792779,0.769067438629718,0.8493260160195342
6522,0.6767103720737424,0.4312010195465382,0.2706474234216165,0.9845866142215745,0.3992689508171593
6523,0.268130552773891,0.10987273400748887,0.322411580787929,0.579170593375313,0.49606962164949586
6524,0.7828790792183891,0.4043854184248562,0.8198772447494665,0.15069313873865897,0.6825837125548107
6525,0.4087451923862575,0.08978126479361448,0.7289457770511674,0.4087096497465954,0.12313277636312037
6526,0.33736897640048225,0.7995017345081776,0.4265172985536999,0.0036031902930417914,0.0699160255464426
6527,0.6179870613358845,0.2788887945651195,0.6119488966730624,0.6014449667459782,0.9239390618072519
6528,0.46734876205217446,0.19299179049373427,0.3468733091555666,0.11611012045147173,0.5490889144665598
6529,0.2407281810239511,0.09107129888058996,0.6054805143789416,0.9280084019745547,0.15472703459329684
6530,0.7915330421452634,0.2392474310413013,0.5694528662970507,0.6566296104140548,0.15276838495757183
6531,0.07236292350073548,0.3762676950507159,0.8078877741698877,0.3145509294553067,0.3377628609064298
6532,0.7493697610785008,0.8793285683637947,0.49734349536155764,0.8239238262769917,0.08519607982222155
6533,0.30934664282671553,0.5637725827347632,0.6877455960792761,0.9297694318981805,0.49981909066795205
6534,0.14456570140910519,0.9523441740485441,0.6356216208473698,0.4841346799630505,0.6159413382461194
6535,0.9048257252837798,0.15356699699031195,0.5147944070424375,0.688795259106429,0.8190792056523759
6536,0.6968457575722763,0.6048487768110237,0.47310124916333673,0.9318660995590784,0.315099620504799
6537,0.8359452266644805,0.4992606706393994,0.5290522212711586,0.6032404261004203,0.8443679996865356
6538,0.009280090227594351,0.29591775666584297,0.2077558288422252,0.7843558753329914,0.6013294578442843
6539,0.8970666501348051,0.8025763328213232,0.22968197332745355,0.3510766284139373,0.6263879439515235
6540,0.2319613669614633,0.6323691737077461,0.9611256791150996,0.9101051937391422,0.24839527550648866
6541,0.502058877656962,0.9005426809502268,0.1666614913612634,0.49703459388261095,0.2039436520778336
6542,0.5799947220930594,0.5548710901038961,0.9924895627548053,0.9533950108712994,0.235353293419459
6543,0.0013356464619352915,0.5908942851709937,0.9093571220600569,0.39192898292074374,0.9928225528553826
6544,0.638865144719369,0.15484421829293493,0.0565689311280102,0.380459224025505,0.6403877013924192
6545,0.4035213886821629,0.7293374169387229,0.9178869929792779,0.769067438629718,0.8493260160195342
6546,0.6767103720737424,0.4312010195465382,0.2706474234216165,0.9845866142215745,0.3992689508171593
6547,0.268130552773891,0.10987273400748887,0.322411580787929,0.579170593375313,0.49606962164949586
6548,0.7828790792183891,0.4043854184248562,0.8198772447494665,0.15069313873865897,0.6825837125548107
6549,0.4087451923862575,0.08978126479361448,0.7289457770511674,0.4087096497465954,0.12313277636312037
6550,0.33736897640048225,0.7995017345081776,0.4265172985536999,0.0036031902930417914,0.0699160255464426
6551,0.6179870613358845,0.2788887945651195,0.6119488966730624,0.6014449667459782,0.9239390618072519
6552,0.08119942273576364,0.918380251618889,0.2072034291262379,0.9789908986949998,0.7605812366012885
6553,0.20518196841956338,0.9944395356371601,0.8699913951957262,0.6318012557379925,0.775406294578274
6554,0.12029545335915048,0.9465989131777108,0.2389168777076247,0.5631514523060189,0.006882606547047088
6555,0.45497189272680827,0.9106111198729966,0.7509739561089669,0.6168025108801637,0.7590697472437893
6556,0.5823811509405162,0.3106811314633784,0.08267807753317447,0.6071793703145606,0.321830906228047
6557,0.9581597760062257,0.12568411627654652,0.59268569164246,0.4322666932624395,0.9824443321868744
6558,0.12075256920914557,0.9867821057475119,0.8169116283012471,0.16311892774891468,0.20835884967754326
6559,0.8368584538122006,0.8924005377222722,0.5383071442854762,0.3044185486881754,0.8425198096008207
6560,0.6379752291671068,0.256967643528887,0.6037765262927276,0.36394801332733573,0.8254076890619257
6561,0.29556933085443293,0.6699096353516709,0.12136255255569506,0.6095559442954196,0.9610518130379864
6562,0.9119319126202493,0.33005478029989366,0.6346612992973985,0.6909568423864734,0.3649437195879386
6563,0.017236825987758886,0.6716292718813686,0.5621043200962933,0.6071261471942283,0.1877430194069094
6564,0.778477786553463,0.027723399338113186,0.7686848981377713,0.7796127166059962,0.21564805967638634
6565,0.900571764048458,0.24850046294283656,0.5171932785192996,0.1994521591994456,0.7967509247522842
6566,0.35651972646177643,0.0982437449318172,0.9204051935673014,0.9849735350237291,0.22302303597750583
6567,0.5462327386104502,0.9141825380536812,0.6128925300713509,0.834663661228924,0.16347184376874713
6568,0.8609247591285041,0.7388396990132401,0.8867833002022126,0.8827863113670819,0.2761388102932598
6569,0.26482886367529446,0.12138045724570945,0.6609487973614716,0.45722925885871946,0.039827896734819235
6570,0.8395410145750536,0.18097369830460908,0.5963146712976288,0.27033737151915804,0.9767426135116218
6571,0.3439382948382955,0.30491748707896027,0.6788733507855236,0.3081903739081667,0.5959427250516829
6572,0.4499597271804665,0.2962832573442383,0.7740957923168312,0.7117569387484599,0.34706153371414905
6573,0.6628289434543888,0.6597326183761185,0.5471274517955871,0.6161904637125268,0.9065751162762671
6574,0.16435610189589167,0.25794728860867533,0.01031825663144148,0.7628783715274752,0.05657437285482636
6575,0.6484611315495431,0.06247315515610996,0.33296775572957027,0.2845190131320461,0.057041758832878764
6576,0.08119942273576364,0.918380251618889,0.2072034291262379,0.9789908986949998,0.7605812366012885
6577,0.20518196841956338,0.9944395356371601,0.8699913951957262,0.6318012557379925,0.775406294578274
6578,0.12029545335915048,0.9465989131777108,0.2389168777076247,0.5631514523060189,0.006882606547047088
6579,0.45497189272680827,0.9106111198729966,0.7509739561089669,0.6168025108801637,0.7590697472437893
6580,0.5823811509405162,0.3106811314633784,0.08267807753317447,0.6071793703145606,0.321830906228047
6581,0.9581597760062257,0.12568411627654652,0.59268569164246,0.4322666932624395,0.9824443321868744
6582,0.12075256920914557,0.9867821057475119,0.8169116283012471,0.16311892774891468,0.20835884967754326
6583,0.8368584538122006,0.8924005377222722,0.5383071442854762,0.3044185486881754,0.8425198096008207
6584,0.6379752291671068,0.256967643528887,0.6037765262927276,0.36394801332733573,0.8254076890619257
6585,0.29556933085443293,0.6699096353516709,0.12136255255569506,0.6095559442954196,0.9610518130379864
6586,0.9119319126202493,0.33005478029989366,0.6346612992973985,0.6909568423864734,0.3649437195879386
6587,0.017236825987758886,0.6716292718813686,0.5621043200962933,0.6071261471942283,0.1877430194069094
6588,0.778477786553463,0.027723399338113186,0.7686848981377713,0.7796127166059962,0.21564805967638634
6589,0.900571764048458,0.24850046294283656,0.5171932785192996,0.1994521591994456,0.7967509247522842
6590,0.35651972646177643,0.0982437449318172,0.9204051935673014,0.9849735350237291,0.22302303597750583
6591,0.5462327386104502,0.9141825380536812,0.6128925300713509,0.834663661228924,0.16347184376874713
6592,0.8609247591285041,0.7388396990132401,0.8867833002022126,0.8827863113670819,0.2761388102932598
6593,0.26482886367529446,0.12138045724570945,0.6609487973614716,0.45722925885871946,0.039827896734819235
6594,0.8395410145750536,0.18097369830460908,0.5963146712976288,0.27033737151915804,0.9767426135116218
6595,0.3439382948382955,0.30491748707896027,0.6788733507855236,0.3081903739081667,0.5959427250516829
6596,0.4499597271804665,0.2962832573442383,0.7740957923168312,0.7117569387484599,0.34706153371414905
6597,0.6628289434543888,0.6597326183761185,0.5471274517955871,0.6161904637125268,0.9065751162762671
6598,0.16435610189589167,0.25794728860867533,0.01031825663144148,0.7628783715274752,0.05657437285482636
6599,0.6484611315495431,0.06247315515610996,0.33296775572957027,0.2845190131320461,0.057041758832878764
6600,0.08119942273576364,0.918380251618889,0.2072034291262379,0.9789908986949998,0.7605812366012885
6601,0.20518196841956338,0.9944395356371601,0.8699913951957262,0.6318012557379925,0.775406294578274
6602,0.12029545335915048,0.9465989131777108,0.2389168777076247,0.5631514523060189,0.006882606547047088
6603,0.45497189272680827,0.9106111198729966,0.7509739561089669,0.6168025108801637,0.7590697472437893
6604,0.5823811509405162,0.3106811314633784,0.08267807753317447,0.6071793703145606,0.321830906228047
6605,0.9581597760062257,0.12568411627654652,0.59268569164246,0.4322666932624395,0.9824443321868744
6606,0.12075256920914557,0.9867821057475119,0.8169116283012471,0.16311892774891468,0.20835884967754326
6607,0.8368584538122006,0.8924005377222722,0.5383071442854762,0.3044185486881754,0.8425198096008207
6608,0.6379752291671068,0.256967643528887,0.6037765262927276,0.36394801332733573,0.8254076890619257
6609,0.29556933085443293,0.6699096353516709,0.12136255255569506,0.6095559442954196,0.9610518130379864
6610,0.9119319126202493,0.33005478029989366,0.6346612992973985,0.6909568423864734,0.3649437195879386
6611,0.017236825987758886,0.6716292718813686,0.5621043200962933,0.6071261471942283,0.1877430194069094
6612,0.778477786553463,0.027723399338113186,0.7686848981377713,0.7796127166059962,0.21564805967638634
6613,0.900571764048458,0.24850046294283656,0.5171932785192996,0.1994521591994456,0.7967509247522842
6614,0.35651972646177643,0.0982437449318172,0.9204051935673014,0.9849735350237291,0.22302303597750583
6615,0.5462327386104502,0.9141825380536812,0.6128925300713509,0.834663661228924,0.16347184376874713
6616,0.8609247591285041,0.7388396990132401,0.8867833002022126,0.8827863113670819,0.2761388102932598
6617,0.26482886367529446,0.12138045724570945,0.6609487973614716,0.45722925885871946,0.039827896734819235
6618,0.8395410145750536,0.18097369830460908,0.5963146712976288,0.27033737151915804,0.9767426135116218
6619,0.3439382948382955,0.30491748707896027,0.6788733507855236,0.3081903739081667,0.5959427250516829
6620,0.4499597271804665,0.2962832573442383,0.7740957923168312,0.7117569387484599,0.34706153371414905
6621,0.6628289434543888,0.6597326183761185,0.5471274517955871,0.6161904637125268,0.9065751162762671
6622,0.16435610189589167,0.25794728860867533,0.01031825663144148,0.7628783715274752,0.05657437285482636
6623,0.6484611315495431,0.06247315515610996,0.33296775572957027,0.2845190131320461,0.057041758832878764
6624,0.08119942273576364,0.918380251618889,0.2072034291262379,0.9789908986949998,0.7605812366012885
6625,0.20518196841956338,0.9944395356371601,0.8699913951957262,0.6318012557379925,0.775406294578274
6626,0.12029545335915048,0.9465989131777108,0.2389168777076247,0.5631514523060189,0.006882606547047088
6627,0.45497189272680827,0.9106111198729966,0.7509739561089669,0.6168025108801637,0.7590697472437893
6628,0.5823811509405162,0.3106811314633784,0.08267807753317447,0.6071793703145606,0.321830906228047
6629,0.9581597760062257,0.12568411627654652,0.59268569164246,0.4322666932624395,0.9824443321868744
6630,0.12075256920914557,0.9867821057475119,0.8169116283012471,0.16311892774891468,0.20835884967754326
6631,0.8368584538122006,0.8924005377222722,0.5383071442854762,0.3044185486881754,0.8425198096008207
6632,0.6379752291671068,0.256967643528887,0.6037765262927276,0.36394801332733573,0.8254076890619257
6633,0.29556933085443293,0.6699096353516709,0.12136255255569506,0.6095559442954196,0.9610518130379864
6634,0.9119319126202493,0.33005478029989366,0.6346612992973985,0.6909568423864734,0.3649437195879386
6635,0.017236825987758886,0.6716292718813686,0.5621043200962933,0.6071261471942283,0.1877430194069094
6636,0.778477786553463,0.027723399338113186,0.7686848981377713,0.7796127166059962,0.21564805967638634
6637,0.900571764048458,0.24850046294283656,0.5171932785192996,0.1994521591994456,0.7967509247522842
6638,0.35651972646177643,0.0982437449318172,0.9204051935673014,0.9849735350237291,0.22302303597750583
6639,0.5462327386104502,0.9141825380536812,0.6128925300713509,0.834663661228924,0.16347184376874713
6640,0.8609247591285041,0.7388396990132401,0.8867833002022126,0.8827863113670819,0.2761388102932598
6641,0.26482886367529446,0.12138045724570945,0.6609487973614716,0.45722925885871946,0.039827896734819235
6642,0.8395410145750536,0.18097369830460908,0.5963146712976288,0.27033737151915804,0.9767426135116218
6643,0.3439382948382955,0.30491748707896027,0.6788733507855236,0.3081903739081667,0.5959427250516829
6644,0.4499597271804665,0.2962832573442383,0.7740957923168312,0.7117569387484599,0.34706153371414905
6645,0.6628289434543888,0.6597326183761185,0.5471274517955871,0.6161904637125268,0.9065751162762671
6646,0.16435610189589167,0.25794728860867533,0.01031825663144148,0.7628783715274752,0.05657437285482636
6647,0.6484611315495431,0.06247315515610996,0.33296775572957027,0.2845190131320461,0.057041758832878764
6648,0.08119942273576364,0.918380251618889,0.2072034291262379,0.9789908986949998,0.7605812366012885
6649,0.20518196841956338,0.9944395356371601,0.8699913951957262,0.6318012557379925,0.775406294578274
6650,0.12029545335915048,0.9465989131777108,0.2389168777076247,0.5631514523060189,0.006882606547047088
6651,0.45497189272680827,0.9106111198729966,0.7509739561089669,0.6168025108801637,0.7590697472437893
6652,0.5823811509405162,0.3106811314633784,0.08267807753317447,0.6071793703145606,0.321830906228047
6653,0.9581597760062257,0.12568411627654652,0.59268569164246,0.4322666932624395,0.9824443321868744
6654,0.12075256920914557,0.9867821057475119,0.8169116283012471,0.16311892774891468,0.20835884967754326
6655,0.8368584538122006,0.8924005377222722,0.5383071442854762,0.3044185486881754,0.8425198096008207
6656,0.6379752291671068,0.256967643528887,0.6037765262927276,0.36394801332733573,0.8254076890619257
6657,0.29556933085443293,0.6699096353516709,0.12136255255569506,0.6095559442954196,0.9610518130379864
6658,0.9119319126202493,0.33005478029989366,0.6346612992973985,0.6909568423864734,0.3649437195879386
6659,0.017236825987758886,0.6716292718813686,0.5621043200962933,0.6071261471942283,0.1877430194069094
6660,0.778477786553463,0.027723399338113186,0.7686848981377713,0.7796127166059962,0.21564805967638634
6661,0.900571764048458,0.24850046294283656,0.5171932785192996,0.1994521591994456,0.7967509247522842
6662,0.35651972646177643,0.0982437449318172,0.9204051935673014,0.9849735350237291,0.22302303597750583
6663,0.5462327386104502,0.9141825380536812,0.6128925300713509,0.834663661228924,0.16347184376874713
6664,0.8609247591285041,0.7388396990132401,0.8867833002022126,0.8827863113670819,0.2761388102932598
6665,0.26482886367529446,0.12138045724570945,0.6609487973614716,0.45722925885871946,0.039827896734819235
6666,0.8395410145750536,0.18097369830460908,0.5963146712976288,0.27033737151915804,0.9767426135116218
6667,0.3439382948382955,0.30491748707896027,0.6788733507855236,0.3081903739081667,0.5959427250516829
6668,0.4499597271804665,0.2962832573442383,0.7740957923168312,0.7117569387484599,0.34706153371414905
6669,0.6628289434543888,0.6597326183761185,0.5471274517955871,0.6161904637125268,0.9065751162762671
6670,0.16435610189589167,0.25794728860867533,0.01031825663144148,0.7628783715274752,0.05657437285482636
6671,0.6484611315495431,0.06247315515610996,0.33296775572957027,0.2845190131320461,0.057041758832878764
6672,0.08119942273576364,0.918380251618889,0.2072034291262379,0.9789908986949998,0.7605812366012885
6673,0.20518196841956338,0.9944395356371601,0.8699913951957262,0.6318012557379925,0.775406294578274
6674,0.12029545335915048,0.9465989131777108,0.2389168777076247,0.5631514523060189,0.006882606547047088
6675,0.45497189272680827,0.9106111198729966,0.7509739561089669,0.6168025108801637,0.7590697472437893
6676,0.5823811509405162,0.3106811314633784,0.08267807753317447,0.6071793703145606,0.321830906228047
6677,0.9581597760062257,0.12568411627654652,0.59268569164246,0.4322666932624395,0.9824443321868744
6678,0.12075256920914557,0.9867821057475119,0.8169116283012471,0.16311892774891468,0.20835884967754326
6679,0.8368584538122006,0.8924005377222722,0.5383071442854762,0.3044185486881754,0.8425198096008207
6680,0.6379752291671068,0.256967643528887,0.6037765262927276,0.36394801332733573,0.8254076890619257
6681,0.29556933085443293,0.6699096353516709,0.12136255255569506,0.6095559442954196,0.9610518130379864
6682,0.9119319126202493,0.33005478029989366,0.6346612992973985,0.6909568423864734,0.3649437195879386
6683,0.017236825987758886,0.6716292718813686,0.5621043200962933,0.6071261471942283,0.1877430194069094
6684,0.778477786553463,0.027723399338113186,0.7686848981377713,0.7796127166059962,0.21564805967638634
6685,0.900571764048458,0.24850046294283656,0.5171932785192996,0.1994521591994456,0.7967509247522842
6686,0.35651972646177643,0.0982437449318172,0.9204051935673014,0.9849735350237291,0.22302303597750583
6687,0.5462327386104502,0.9141825380536812,0.6128925300713509,0.834663661228924,0.16347184376874713
6688,0.8609247591285041,0.7388396990132401,0.8867833002022126,0.8827863113670819,0.2761388102932598
6689,0.26482886367529446,0.12138045724570945,0.6609487973614716,0.45722925885871946,0.039827896734819235
6690,0.8395410145750536,0.18097369830460908,0.5963146712976288,0.27033737151915804,0.9767426135116218
6691,0.3439382948382955,0.30491748707896027,0.6788733507855236,0.3081903739081667,0.5959427250516829
6692,0.4499597271804665,0.2962832573442383,0.7740957923168312,0.7117569387484599,0.34706153371414905
6693,0.6628289434543888,0.6597326183761185,0.5471274517955871,0.6161904637125268,0.9065751162762671
6694,0.16435610189589167,0.25794728860867533,0.01031825663144148,0.7628783715274752,0.05657437285482636
6695,0.6484611315495431,0.06247315515610996,0.33296775572957027,0.2845190131320461,0.057041758832878764
6696,0.46734876205217446,0.19299179049373427,0.3468733091555666,0.11611012045147173,0.5490889144665598
6697,0.2407281810239511,0.09107129888058996,0.6054805143789416,0.9280084019745547,0.15472703459329684
6698,0.7915330421452634,0.2392474310413013,0.5694528662970507,0.6566296104140548,0.15276838495757183
6699,0.07236292350073548,0.3762676950507159,0.8078877741698877,0.3145509294553067,0.3377628609064298
6700,0.7493697610785008,0.8793285683637947,0.49734349536155764,0.8239238262769917,0.08519607982222155
6701,0.30934664282671553,0.5637725827347632,0.6877455960792761,0.9297694318981805,0.49981909066795205
6702,0.14456570140910519,0.9523441740485441,0.6356216208473698,0.4841346799630505,0.6159413382461194
6703,0.9048257252837798,0.15356699699031195,0.5147944070424375,0.688795259106429,0.8190792056523759
6704,0.6968457575722763,0.6048487768110237,0.47310124916333673,0.9318660995590784,0.315099620504799
6705,0.8359452266644805,0.4992606706393994,0.5290522212711586,0.6032404261004203,0.8443679996865356
6706,0.009280090227594351,0.29591775666584297,0.2077558288422252,0.7843558753329914,0.6013294578442843
6707,0.8970666501348051,0.8025763328213232,0.22968197332745355,0.3510766284139373,0.6263879439515235
6708,0.2319613669614633,0.6323691737077461,0.9611256791150996,0.9101051937391422,0.24839527550648866
6709,0.502058877656962,0.9005426809502268,0.1666614913612634,0.49703459388261095,0.2039436520778336
6710,0.5799947220930594,0.5548710901038961,0.9924895627548053,0.9533950108712994,0.235353293419459
6711,0.0013356464619352915,0.5908942851709937,0.9093571220600569,0.39192898292074374,0.9928225528553826
6712,0.638865144719369,0.15484421829293493,0.0565689311280102,0.380459224025505,0.6403877013924192
6713,0.4035213886821629,0.7293374169387229,0.9178869929792779,0.769067438629718,0.8493260160195342
6714,0.6767103720737424,0.4312010195465382,0.2706474234216165,0.9845866142215745,0.3992689508171593
6715,0.268130552773891,0.10987273400748887,0.322411580787929,0.579170593375313,0.49606962164949586
6716,0.7828790792183891,0.4043854184248562,0.8198772447494665,0.15069313873865897,0.6825837125548107
6717,0.4087451923862575,0.08978126479361448,0.7289457770511674,0.4087096497465954,0.12313277636312037
6718,0.33736897640048225,0.7995017345081776,0.4265172985536999,0.0036031902930417914,0.0699160255464426
6719,0.6179870613358845,0.2788887945651195,0.6119488966730624,0.6014449667459782,0.9239390618072519
6720,0.08119942273576364,0.918380251618889,0.2072034291262379,0.9789908986949998,0.7605812366012885
6721,0.20518196841956338,0.9944395356371601,0.8699913951957262,0.6318012557379925,0.775406294578274
6722,0.12029545335915048,0.9465989131777108,0.2389168777076247,0.5631514523060189,0.006882606547047088
6723,0.45497189272680827,0.9106111198729966,0.7509739561089669,0.6168025108801637,0.7590697472437893
6724,0.5823811509405162,0.3106811314633784,0.08267807753317447,0.6071793703145606,0.321830906228047
6725,0.9581597760062257,0.12568411627654652,0.59268569164246,0.4322666932624395,0.9824443321868744
6726,0.12075256920914557,0.9867821057475119,0.8169116283012471,0.16311892774891468,0.20835884967754326
6727,0.8368584538122006,0.8924005377222722,0.5383071442854762,0.3044185486881754,0.8425198096008207
6728,0.6379752291671068,0.256967643528887,0.6037765262927276,0.36394801332733573,0.8254076890619257
6729,0.29556933085443293,0.6699096353516709,0.12136255255569506,0.6095559442954196,0.9610518130379864
6730,0.9119319126202493,0.33005478029989366,0.6346612992973985,0.6909568423864734,0.3649437195879386
6731,0.017236825987758886,0.6716292718813686,0.5621043200962933,0.6071261471942283,0.1877430194069094
6732,0.778477786553463,0.027723399338113186,0.7686848981377713,0.7796127166059962,0.21564805967638634
6733,0.900571764048458,0.24850046294283656,0.5171932785192996,0.1994521591994456,0.7967509247522842
6734,0.35651972646177643,0.0982437449318172,0.9204051935673014,0.9849735350237291,0.22302303597750583
6735,0.5462327386104502,0.9141825380536812,0.6128925300713509,0.834663661228924,0.16347184376874713
6736,0.8609247591285041,0.7388396990132401,0.8867833002022126,0.8827863113670819,0.2761388102932598
6737,0.26482886367529446,0.12138045724570945,0.6609487973614716,0.45722925885871946,0.039827896734819235
6738,0.8395410145750536,0.18097369830460908,0.5963146712976288,0.27033737151915804,0.9767426135116218
6739,0.3439382948382955,0.30491748707896027,0.6788733507855236,0.3081903739081667,0.5959427250516829
6740,0.4499597271804665,0.2962832573442383,0.7740957923168312,0.7117569387484599,0.34706153371414905
6741,0.6628289434543888,0.6597326183761185,0.5471274517955871,0.6161904637125268,0.9065751162762671
6742,0.16435610189589167,0.25794728860867533,0.01031825663144148,0.7628783715274752,0.05657437285482636
6743,0.6484611315495431,0.06247315515610996,0.33296775572957027,0.2845190131320461,0.057041758832878764
6744,0.46734876205217446,0.19299179049373427,0.3468733091555666,0.11611012045147173,0.5490889144665598
6745,0.2407281810239511,0.09107129888058996,0.6054805143789416,0.9280084019745547,0.15472703459329684
6746,0.7915330421452634,0.2392474310413013,0.5694528662970507,0.6566296104140548,0.15276838495757183
6747,0.07236292350073548,0.3762676950507159,0.8078877741698877,0.3145509294553067,0.3377628609064298
6748,0.7493697610785008,0.8793285683637947,0.49734349536155764,0.8239238262769917,0.08519607982222155
6749,0.30934664282671553,0.5637725827347632,0.6877455960792761,0.9297694318981805,0.49981909066795205
6750,0.14456570140910519,0.9523441740485441,0.6356216208473698,0.4841346799630505,0.6159413382461194
6751,0.9048257252837798,0.15356699699031195,0.5147944070424375,0.688795259106429,0.8190792056523759
6752,0.6968457575722763,0.6048487768110237,0.47310124916333673,0.9318660995590784,0.315099620504799
6753,0.8359452266644805,0.4992606706393994,0.5290522212711586,0.6032404261004203,0.8443679996865356
6754,0.009280090227594351,0.29591775666584297,0.2077558288422252,0.7843558753329914,0.6013294578442843
6755,0.8970666501348051,0.8025763328213232,0.22968197332745355,0.3510766284139373,0.6263879439515235
6756,0.2319613669614633,0.6323691737077461,0.9611256791150996,0.9101051937391422,0.24839527550648866
6757,0.502058877656962,0.9005426809502268,0.1666614913612634,0.49703459388261095,0.2039436520778336
6758,0.5799947220930594,0.5548710901038961,0.9924895627548053,0.9533950108712994,0.235353293419459
6759,0.0013356464619352915,0.5908942851709937,0.9093571220600569,0.39192898292074374,0.9928225528553826
6760,0.638865144719369,0.15484421829293493,0.0565689311280102,0.380459224025505,0.6403877013924192
6761,0.4035213886821629,0.7293374169387229,0.9178869929792779,0.769067438629718,0.8493260160195342
6762,0.6767103720737424,0.4312010195465382,0.2706474234216165,0.9845866142215745,0.3992689508171593
6763,0.268130552773891,0.10987273400748887,0.322411580787929,0.579170593375313,0.49606962164949586
6764,0.7828790792183891,0.4043854184248562,0.8198772447494665,0.15069313873865897,0.6825837125548107
6765,0.4087451923862575,0.08978126479361448,0.7289457770511674,0.4087096497465954,0.12313277636312037
6766,0.33736897640048225,0.7995017345081776,0.4265172985536999,0.0036031902930417914,0.0699160255464426
6767,0.6179870613358845,0.2788887945651195,0.6119488966730624,0.6014449667459782,0.9239390618072519
6768,0.08119942273576364,0.918380251618889,0.2072034291262379,0.9789908986949998,0.7605812366012885
6769,0.20518196841956338,0.9944395356371601,0.8699913951957262,0.6318012557379925,0.775406294578274
6770,0.12029545335915048,0.9465989131777108,0.2389168777076247,0.5631514523060189,0.006882606547047088
6771,0.45497189272680827,0.9106111198729966,0.7509739561089669,0.6168025108801637,0.7590697472437893
6772,0.5823811509405162,0.3106811314633784,0.08267807753317447,0.6071793703145606,0.321830906228047
6773,0.9581597760062257,0.12568411627654652,0.59268569164246,0.4322666932624395,0.9824443321868744
6774,0.12075256920914557,0.9867821057475119,0.8169116283012471,0.16311892774891468,0.20835884967754326
6775,0.8368584538122006,0.8924005377222722,0.5383071442854762,0.3044185486881754,0.8425198096008207
6776,0.6379752291671068,0.256967643528887,0.6037765262927276,0.36394801332733573,0.8254076890619257
6777,0.29556933085443293,0.6699096353516709,0.12136255255569506,0.6095559442954196,0.9610518130379864
6778,0.9119319126202493,0.33005478029989366,0.6346612992973985,0.6909568423864734,0.3649437195879386
6779,0.017236825987758886,0.6716292718813686,0.5621043200962933,0.6071261471942283,0.1877430194069094
6780,0.778477786553463,0.027723399338113186,0.7686848981377713,0.7796127166059962,0.21564805967638634
6781,0.900571764048458,0.24850046294283656,0.5171932785192996,0.1994521591994456,0.7967509247522842
6782,0.35651972646177643,0.0982437449318172,0.9204051935673014,0.9849735350237291,0.22302303597750583
6783,0.5462327386104502,0.9141825380536812,0.6128925300713509,0.834663661228924,0.16347184376874713
6784,0.8609247591285041,0.7388396990132401,0.8867833002022126,0.8827863113670819,0.2761388102932598
6785,0.26482886367529446,0.12138045724570945,0.6609487973614716,0.45722925885871946,0.039827896734819235
6786,0.8395410145750536,0.18097369830460908,0.5963146712976288,0.27033737151915804,0.9767426135116218
6787,0.3439382948382955,0.30491748707896027,0.6788733507855236,0.3081903739081667,0.5959427250516829
6788,0.4499597271804665,0.2962832573442383,0.7740957923168312,0.7117569387484599,0.34706153371414905
6789,0.6628289434543888,0.6597326183761185,0.5471274517955871,0.6161904637125268,0.9065751162762671
6790,0.16435610189589167,0.25794728860867533,0.01031825663144148,0.7628783715274752,0.05657437285482636
6791,0.6484611315495431,0.06247315515610996,0.33296775572957027,0.2845190131320461,0.057041758832878764
6792,0.08119942273576364,0.918380251618889,0.2072034291262379,0.9789908986949998,0.7605812366012885
6793,0.20518196841956338,0.9944395356371601,0.8699913951957262,0.6318012557379925,0.775406294578274
6794,0.12029545335915048,0.9465989131777108,0.2389168777076247,0.5631514523060189,0.006882606547047088
6795,0.45497189272680827,0.9106111198729966,0.7509739561089669,0.6168025108801637,0.7590697472437893
6796,0.5823811509405162,0.3106811314633784,0.08267807753317447,0.6071793703145606,0.321830906228047
6797,0.9581597760062257,0.12568411627654652,0.59268569164246,0.4322666932624395,0.9824443321868744
6798,0.12075256920914557,0.9867821057475119,0.8169116283012471,0.16311892774891468,0.20835884967754326
6799,0.8368584538122006,0.8924005377222722,0.5383071442854762,0.3044185486881754,0.8425198096008207
6800,0.6379752291671068,0.256967643528887,0.6037765262927276,0.36394801332733573,0.8254076890619257
6801,0.29556933085443293,0.6699096353516709,0.12136255255569506,0.6095559442954196,0.9610518130379864
6802,0.9119319126202493,0.33005478029989366,0.6346612992973985,0.6909568423864734,0.3649437195879386
6803,0.017236825987758886,0.6716292718813686,0.5621043200962933,0.6071261471942283,0.1877430194069094
6804,0.778477786553463,0.027723399338113186,0.7686848981377713,0.7796127166059962,0.21564805967638634
6805,0.900571764048458,0.24850046294283656,0.5171932785192996,0.1994521591994456,0.7967509247522842
6806,0.35651972646177643,0.0982437449318172,0.9204051935673014,0.9849735350237291,0.22302303597750583
6807,0.5462327386104502,0.9141825380536812,0.6128925300713509,0.834663661228924,0.16347184376874713
6808,0.8609247591285041,0.7388396990132401,0.8867833002022126,0.8827863113670819,0.2761388102932598
6809,0.26482886367529446,0.12138045724570945,0.6609487973614716,0.45722925885871946,0.039827896734819235
6810,0.8395410145750536,0.18097369830460908,0.5963146712976288,0.27033737151915804,0.9767426135116218
6811,0.3439382948382955,0.30491748707896027,0.6788733507855236,0.3081903739081667,0.5959427250516829
6812,0.4499597271804665,0.2962832573442383,0.7740957923168312,0.7117569387484599,0.34706153371414905
6813,0.6628289434543888,0.6597326183761185,0.5471274517955871,0.6161904637125268,0.9065751162762671
6814,0.16435610189589167,0.25794728860867533,0.01031825663144148,0.7628783715274752,0.05657437285482636
6815,0.6484611315495431,0.06247315515610996,0.33296775572957027,0.2845190131320461,0.057041758832878764
6816,0.08119942273576364,0.918380251618889,0.2072034291262379,0.9789908986949998,0.7605812366012885
6817,0.20518196841956338,0.9944395356371601,0.8699913951957262,0.6318012557379925,0.775406294578274
6818,0.12029545335915048,0.9465989131777108,0.2389168777076247,0.5631514523060189,0.006882606547047088
6819,0.45497189272680827,0.9106111198729966,0.7509739561089669,0.6168025108801637,0.7590697472437893
6820,0.5823811509405162,0.3106811314633784,0.08267807753317447,0.6071793703145606,0.321830906228047
6821,0.9581597760062257,0.12568411627654652,0.59268569164246,0.4322666932624395,0.9824443321868744
6822,0.12075256920914557,0.9867821057475119,0.8169116283012471,0.16311892774891468,0.20835884967754326
6823,0.8368584538122006,0.8924005377222722,0.5383071442854762,0.3044185486881754,0.8425198096008207
6824,0.6379752291671068,0.256967643528887,0.6037765262927276,0.36394801332733573,0.8254076890619257
6825,0.29556933085443293,0.6699096353516709,0.12136255255569506,0.6095559442954196,0.9610518130379864
6826,0.9119319126202493,0.33005478029989366,0.6346612992973985,0.6909568423864734,0.3649437195879386
6827,0.017236825987758886,0.6716292718813686,0.5621043200962933,0.6071261471942283,0.1877430194069094
6828,0.778477786553463,0.027723399338113186,0.7686848981377713,0.7796127166059962,0.21564805967638634
6829,0.900571764048458,0.24850046294283656,0.5171932785192996,0.1994521591994456,0.7967509247522842
6830,0.35651972646177643,0.0982437449318172,0.9204051935673014,0.9849735350237291,0.22302303597750583
6831,0.5462327386104502,0.9141825380536812,0.6128925300713509,0.834663661228924,0.16347184376874713
6832,0.8609247591285041,0.7388396990132401,0.8867833002022126,0.8827863113670819,0.2761388102932598
6833,0.26482886367529446,0.12138045724570945,0.6609487973614716,0.45722925885871946,0.039827896734819235
6834,0.8395410145750536,0.18097369830460908,0.5963146712976288,0.27033737151915804,0.9767426135116218
6835,0.3439382948382955,0.30491748707896027,0.6788733507855236,0.3081903739081667,0.5959427250516829
6836,0.4499597271804665,0.2962832573442383,0.7740957923168312,0.7117569387484599,0.34706153371414905
6837,0.6628289434543888,0.6597326183761185,0.5471274517955871,0.6161904637125268,0.9065751162762671
6838,0.16435610189589167,0.25794728860867533,0.01031825663144148,0.7628783715274752,0.05657437285482636
6839,0.6484611315495431,0.06247315515610996,0.33296775572957027,0.2845190131320461,0.057041758832878764
6840,0.08119942273576364,0.918380251618889,0.2072034291262379,0.9789908986949998,0.7605812366012885
6841,0.20518196841956338,0.9944395356371601,0.8699913951957262,0.6318012557379925,0.775406294578274
6842,0.12029545335915048,0.9465989131777108,0.2389168777076247,0.5631514523060189,0.006882606547047088
6843,0.45497189272680827,0.9106111198729966,0.7509739561089669,0.6168025108801637,0.7590697472437893
6844,0.5823811509405162,0.3106811314633784,0.08267807753317447,0.6071793703145606,0.321830906228047
6845,0.9581597760062257,0.12568411627654652,0.59268569164246,0.4322666932624395,0.9824443321868744
6846,0.12075256920914557,0.9867821057475119,0.8169116283012471,0.16311892774891468,0.20835884967754326
6847,0.8368584538122006,0.8924005377222722,0.5383071442854762,0.3044185486881754,0.8425198096008207
6848,0.6379752291671068,0.256967643528887,0.6037765262927276,0.36394801332733573,0.8254076890619257
6849,0.29556933085443293,0.6699096353516709,0.12136255255569506,0.6095559442954196,0.9610518130379864
6850,0.9119319126202493,0.33005478029989366,0.6346612992973985,0.6909568423864734,0.3649437195879386
6851,0.017236825987758886,0.6716292718813686,0.5621043200962933,0.6071261471942283,0.1877430194069094
6852,0.778477786553463,0.027723399338113186,0.7686848981377713,0.7796127166059962,0.21564805967638634
6853,0.900571764048458,0.24850046294283656,0.5171932785192996,0.1994521591994456,0.7967509247522842
6854,0.35651972646177643,0.0982437449318172,0.9204051935673014,0.9849735350237291,0.22302303597750583
6855,0.5462327386104502,0.9141825380536812,0.6128925300713509,0.834663661228924,0.16347184376874713
6856,0.8609247591285041,0.7388396990132401,0.8867833002022126,0.8827863113670819,0.2761388102932598
6857,0.26482886367529446,0.12138045724570945,0.6609487973614716,0.45722925885871946,0.039827896734819235
6858,0.8395410145750536,0.18097369830460908,0.5963146712976288,0.27033737151915804,0.9767426135116218
6859,0.3439382948382955,0.30491748707896027,0.6788733507855236,0.3081903739081667,0.5959427250516829
6860,0.4499597271804665,0.2962832573442383,0.7740957923168312,0.7117569387484599,0.34706153371414905
6861,0.6628289434543888,0.6597326183761185,0.5471274517955871,0.6161904637125268,0.9065751162762671
6862,0.16435610189589167,0.25794728860867533,0.01031825663144148,0.7628783715274752,0.05657437285482636
6863,0.6484611315495431,0.06247315515610996,0.33296775572957027,0.2845190131320461,0.057041758832878764
6864,0.08119942273576364,0.918380251618889,0.2072034291262379,0.9789908986949998,0.7605812366012885
6865,0.20518196841956338,0.9944395356371601,0.8699913951957262,0.6318012557379925,0.775406294578274
6866,0.12029545335915048,0.9465989131777108,0.2389168777076247,0.5631514523060189,0.006882606547047088
6867,0.45497189272680827,0.9106111198729966,0.7509739561089669,0.6168025108801637,0.7590697472437893
6868,0.5823811509405162,0.3106811314633784,0.08267807753317447,0.6071793703145606,0.321830906228047
6869,0.9581597760062257,0.12568411627654652,0.59268569164246,0.4322666932624395,0.9824443321868744
6870,0.12075256920914557,0.9867821057475119,0.8169116283012471,0.16311892774891468,0.20835884967754326
6871,0.8368584538122006,0.8924005377222722,0.5383071442854762,0.3044185486881754,0.8425198096008207
6872,0.6379752291671068,0.256967643528887,0.6037765262927276,0.36394801332733573,0.8254076890619257
6873,0.29556933085443293,0.6699096353516709,0.12136255255569506,0.6095559442954196,0.9610518130379864
6874,0.9119319126202493,0.33005478029989366,0.6346612992973985,0.6909568423864734,0.3649437195879386
6875,0.017236825987758886,0.6716292718813686,0.5621043200962933,0.6071261471942283,0.1877430194069094
6876,0.778477786553463,0.027723399338113186,0.7686848981377713,0.7796127166059962,0.21564805967638634
6877,0.900571764048458,0.24850046294283656,0.5171932785192996,0.1994521591994456,0.7967509247522842
6878,0.35651972646177643,0.0982437449318172,0.9204051935673014,0.9849735350237291,0.22302303597750583
6879,0.5462327386104502,0.9141825380536812,0.6128925300713509,0.834663661228924,0.16347184376874713
6880,0.8609247591285041,0.7388396990132401,0.8867833002022126,0.8827863113670819,0.2761388102932598
6881,0.26482886367529446,0.12138045724570945,0.6609487973614716,0.45722925885871946,0.039827896734819235
6882,0.8395410145750536,0.18097369830460908,0.5963146712976288,0.27033737151915804,0.9767426135116218
6883,0.3439382948382955,0.30491748707896027,0.6788733507855236,0.3081903739081667,0.5959427250516829
6884,0.4499597271804665,0.2962832573442383,0.7740957923168312,0.7117569387484599,0.34706153371414905
6885,0.6628289434543888,0.6597326183761185,0.5471274517955871,0.6161904637125268,0.9065751162762671
6886,0.16435610189589167,0.25794728860867533,0.01031825663144148,0.7628783715274752,0.05657437285482636
6887,0.6484611315495431,0.06247315515610996,0.33296775572957027,0.2845190131320461,0.057041758832878764
6888,0.08119942273576364,0.918380251618889,0.2072034291262379,0.9789908986949998,0.7605812366012885
6889,0.20518196841956338,0.9944395356371601,0.8699913951957262,0.6318012557379925,0.775406294578274
6890,0.12029545335915048,0.9465989131777108,0.2389168777076247,0.5631514523060189,0.006882606547047088
6891,0.45497189272680827,0.9106111198729966,0.7509739561089669,0.6168025108801637,0.7590697472437893
6892,0.5823811509405162,0.3106811314633784,0.08267807753317447,0.6071793703145606,0.321830906228047
6893,0.9581597760062257,0.12568411627654652,0.59268569164246,0.4322666932624395,0.9824443321868744
6894,0.12075256920914557,0.9867821057475119,0.8169116283012471,0.16311892774891468,0.20835884967754326
6895,0.8368584538122006,0.8924005377222722,0.5383071442854762,0.3044185486881754,0.8425198096008207
6896,0.6379752291671068,0.256967643528887,0.6037765262927276,0.36394801332733573,0.8254076890619257
6897,0.29556933085443293,0.6699096353516709,0.12136255255569506,0.6095559442954196,0.9610518130379864
6898,0.9119319126202493,0.33005478029989366,0.6346612992973985,0.6909568423864734,0.3649437195879386
6899,0.017236825987758886,0.6716292718813686,0.5621043200962933,0.6071261471942283,0.1877430194069094
6900,0.778477786553463,0.027723399338113186,0.7686848981377713,0.7796127166059962,0.21564805967638634
6901,0.900571764048458,0.24850046294283656,0.5171932785192996,0.1994521591994456,0.7967509247522842
6902,0.35651972646177643,0.0982437449318172,0.9204051935673014,0.9849735350237291,0.22302303597750583
6903,0.5462327386104502,0.9141825380536812,0.6128925300713509,0.834663661228924,0.16347184376874713
6904,0.8609247591285041,0.7388396990132401,0.8867833002022126,0.8827863113670819,0.2761388102932598
6905,0.26482886367529446,0.12138045724570945,0.6609487973614716,0.45722925885871946,0.039827896734819235
6906,0.8395410145750536,0.18097369830460908,0.5963146712976288,0.27033737151915804,0.9767426135116218
6907,0.3439382948382955,0.30491748707896027,0.6788733507855236,0.3081903739081667,0.5959427250516829
6908,0.4499597271804665,0.2962832573442383,0.7740957923168312,0.7117569387484599,0.34706153371414905
6909,0.6628289434543888,0.6597326183761185,0.5471274517955871,0.6161904637125268,0.9065751162762671
6910,0.16435610189589167,0.25794728860867533,0.01031825663144148,0.7628783715274752,0.05657437285482636
6911,0.6484611315495431,0.06247315515610996,0.33296775572957027,0.2845190131320461,0.057041758832878764
6912,0.08119942273576364,0.918380251618889,0.2072034291262379,0.9789908986949998,0.7605812366012885
6913,0.20518196841956338,0.9944395356371601,0.8699913951957262,0.6318012557379925,0.775406294578274
6914,0.12029545335915048,0.9465989131777108,0.2389168777076247,0.5631514523060189,0.006882606547047088
6915,0.45497189272680827,0.9106111198729966,0.7509739561089669,0.6168025108801637,0.7590697472437893
6916,0.5823811509405162,0.3106811314633784,0.08267807753317447,0.6071793703145606,0.321830906228047
6917,0.9581597760062257,0.12568411627654652,0.59268569164246,0.4322666932624395,0.9824443321868744
6918,0.12075256920914557,0.9867821057475119,0.8169116283012471,0.16311892774891468,0.20835884967754326
6919,0.8368584538122006,0.8924005377222722,0.5383071442854762,0.3044185486881754,0.8425198096008207
6920,0.6379752291671068,0.256967643528887,0.6037765262927276,0.36394801332733573,0.8254076890619257
6921,0.29556933085443293,0.6699096353516709,0.12136255255569506,0.6095559442954196,0.9610518130379864
6922,0.9119319126202493,0.33005478029989366,0.6346612992973985,0.6909568423864734,0.3649437195879386
6923,0.017236825987758886,0.6716292718813686,0.5621043200962933,0.6071261471942283,0.1877430194069094
6924,0.778477786553463,0.027723399338113186,0.7686848981377713,0.7796127166059962,0.21564805967638634
6925,0.900571764048458,0.24850046294283656,0.5171932785192996,0.1994521591994456,0.7967509247522842
6926,0.35651972646177643,0.0982437449318172,0.9204051935673014,0.9849735350237291,0.22302303597750583
6927,0.5462327386104502,0.9141825380536812,0.6128925300713509,0.834663661228924,0.16347184376874713
6928,0.8609247591285041,0.7388396990132401,0.8867833002022126,0.8827863113670819,0.2761388102932598
6929,0.26482886367529446,0.12138045724570945,0.6609487973614716,0.45722925885871946,0.039827896734819235
6930,0.8395410145750536,0.18097369830460908,0.5963146712976288,0.27033737151915804,0.9767426135116218
6931,0.3439382948382955,0.30491748707896027,0.6788733507855236,0.3081903739081667,0.5959427250516829
6932,0.4499597271804665,0.2962832573442383,0.7740957923168312,0.7117569387484599,0.34706153371414905
6933,0.6628289434543888,0.6597326183761185,0.5471274517955871,0.6161904637125268,0.9065751162762671
6934,0.16435610189589167,0.25794728860867533,0.01031825663144148,0.7628783715274752,0.05657437285482636
6935,0.6484611315495431,0.06247315515610996,0.33296775572957027,0.2845190131320461,0.057041758832878764
6936,0.08119942273576364,0.918380251618889,0.2072034291262379,0.9789908986949998,0.7605812366012885
6937,0.20518196841956338,0.9944395356371601,0.8699913951957262,0.6318012557379925,0.775406294578274
6938,0.12029545335915048,0.9465989131777108,0.2389168777076247,0.5631514523060189,0.006882606547047088
6939,0.45497189272680827,0.9106111198729966,0.7509739561089669,0.6168025108801637,0.7590697472437893
6940,0.5823811509405162,0.3106811314633784,0.08267807753317447,0.6071793703145606,0.321830906228047
6941,0.9581597760062257,0.12568411627654652,0.59268569164246,0.4322666932624395,0.9824443321868744
6942,0.12075256920914557,0.9867821057475119,0.8169116283012471,0.16311892774891468,0.20835884967754326
6943,0.8368584538122006,0.8924005377222722,0.5383071442854762,0.3044185486881754,0.8425198096008207
6944,0.6379752291671068,0.256967643528887,0.6037765262927276,0.36394801332733573,0.8254076890619257
6945,0.29556933085443293,0.6699096353516709,0.12136255255569506,0.6095559442954196,0.9610518130379864
6946,0.9119319126202493,0.33005478029989366,0.6346612992973985,0.6909568423864734,0.3649437195879386
6947,0.017236825987758886,0.6716292718813686,0.5621043200962933,0.6071261471942283,0.1877430194069094
6948,0.778477786553463,0.027723399338113186,0.7686848981377713,0.7796127166059962,0.21564805967638634
6949,0.900571764048458,0.24850046294283656,0.5171932785192996,0.1994521591994456,0.7967509247522842
6950,0.35651972646177643,0.0982437449318172,0.9204051935673014,0.9849735350237291,0.22302303597750583
6951,0.5462327386104502,0.9141825380536812,0.6128925300713509,0.834663661228924,0.16347184376874713
6952,0.8609247591285041,0.7388396990132401,0.8867833002022126,0.8827863113670819,0.2761388102932598
6953,0.26482886367529446,0.12138045724570945,0.6609487973614716,0.45722925885871946,0.039827896734819235
6954,0.8395410145750536,0.18097369830460908,0.5963146712976288,0.27033737151915804,0.9767426135116218
6955,0.3439382948382955,0.30491748707896027,0.6788733507855236,0.3081903739081667,0.5959427250516829
6956,0.4499597271804665,0.2962832573442383,0.7740957923168312,0.7117569387484599,0.34706153371414905
6957,0.6628289434543888,0.6597326183761185,0.5471274517955871,0.6161904637125268,0.9065751162762671
6958,0.16435610189589167,0.25794728860867533,0.01031825663144148,0.7628783715274752,0.05657437285482636
6959,0.6484611315495431,0.06247315515610996,0.33296775572957027,0.2845190131320461,0.057041758832878764
6960,0.8179482267176993,0.61779099877711,0.846419607986813,0.03359649504741624,0.31623072886014914
6961,0.7172615855316324,0.20422940998688033,0.05232606323536515,0.17742294962299443,0.4935962938215519
6962,0.7841105513811717,0.20410269902208622,0.004118280154513099,0.9968067431111908,0.5045518213528666
6963,0.1533512764050139,0.7189344286793559,0.5345885673934152,0.41282244363315723,0.36998716009562516
6964,0.07268382404194262,0.6430503801876012,0.6492785233839875,0.8153190846274412,0.642723690229464
6965,0.022349972681287023,0.7759935968460852,0.5836448079352556,0.9107102873159807,0.40448007515814155
6966,0.10979959407283268,0.39177299328017723,0.04473080205874935,0.7079382025389832,0.9392684876761954
6967,0.8543661771997753,0.34755540823132813,0.7852407686315187,0.24616885924606668,0.4731529147301493
6968,0.9301425703928485,0.27732234941019707,0.6116274507267796,0.6325908679396391,0.6393964187449741
6969,0.41554647105561016,0.775213613151429,0.6050449973893407,0.30968485178014127,0.8569553626847883
6970,0.6588719406963962,0.569223166623495,0.5031102804536249,0.8510934998428457,0.2857495771417248
6971,0.11733930478531984,0.7969593404392513,0.6328113370578649,0.6143702367356787,0.5019593989452539
6972,0.6889814557080849,0.013813481600176258,0.26639817105763675,0.9699517805472598,0.1278702804633497
6973,0.015882676864952927,0.7531615121034049,0.8019085387000416,0.1372163796893504,0.09034130872583257
6974,0.09316411960977067,0.1364404632348173,0.4913692401241455,0.7477834071195809,0.19983853704729204
6975,0.08599642863276258,0.594648638868867,0.6675910409373558,0.7031452785543485,0.7546036278328493
6976,0.6193134922777364,0.5966470998128636,0.2387490456445579,0.8687239528734836,0.45835347609889787
6977,0.5096215271967545,0.7293480277751241,0.22318027145439023,0.558105382347419,0.24625440875659577
6978,0.6365587182058059,0.24312815575381197,0.9905558298400747,0.2439789919151203,0.023890634897041796
6979,0.7540084494453254,0.4165291582248867,0.7432242042932564,0.5540761575697684,0.4063933294567419
6980,0.3445924253835485,0.25609101902165043,0.28037452372493454,0.21677969594944535,0.7258890960259764
6981,0.07813350924044526,0.7798349141559374,0.7250658984713896,0.817619331549717,0.27534524435348395
6982,0.4379574686381257,0.20269617414927965,0.8705212200886447,0.6970208208169053,0.6367921990985774
6983,0.8837982292287918,0.8281794039026675,0.8112365320696184,0.2942402423706112,0.5372437459763667
6984,0.8179482267176993,0.61779099877711,0.846419607986813,0.03359649504741624,0.31623072886014914
6985,0.7172615855316324,0.20422940998688033,0.05232606323536515,0.17742294962299443,0.4935962938215519
6986,0.7841105513811717,0.20410269902208622,0.004118280154513099,0.9968067431111908,0.5045518213528666
6987,0.1533512764050139,0.7189344286793559,0.5345885673934152,0.41282244363315723,0.36998716009562516
6988,0.07268382404194262,0.6430503801876012,0.6492785233839875,0.8153190846274412,0.642723690229464
6989,0.022349972681287023,0.7759935968460852,0.5836448079352556,0.9107102873159807,0.40448007515814155
6990,0.10979959407283268,0.39177299328017723,0.04473080205874935,0.7079382025389832,0.9392684876761954
6991,0.8543661771997753,0.34755540823132813,0.7852407686315187,0.24616885924606668,0.4731529147301493
6992,0.9301425703928485,0.27732234941019707,0.6116274507267796,0.6325908679396391,0.6393964187449741
6993,0.41554647105561016,0.775213613151429,0.6050449973893407,0.30968485178014127,0.8569553626847883
6994,0.6588719406963962,0.569223166623495,0.5031102804536249,0.8510934998428457,0.2857495771417248
6995,0.11733930478531984,0.7969593404392513,0.6328113370578649,0.6143702367356787,0.5019593989452539
6996,0.6889814557080849,0.013813481600176258,0.26639817105763675,0.9699517805472598,0.1278702804633497
6997,0.015882676864952927,0.7531615121034049,0.8019085387000416,0.1372163796893504,0.09034130872583257
6998,0.09316411960977067,0.1364404632348173,0.4913692401241455,0.7477834071195809,0.19983853704729204
6999,0.08599642863276258,0.594648638868867,0.6675910409373558,0.7031452785543485,0.7546036278328493
7000,0.6193134922777364,0.5966470998128636,0.2387490456445579,0.8687239528734836,0.45835347609889787
7001,0.5096215271967545,0.7293480277751241,0.22318027145439023,0.558105382347419,0.24625440875659577
7002,0.6365587182058059,0.24312815575381197,0.9905558298400747,0.2439789919151203,0.023890634897041796
7003,0.7540084494453254,0.4165291582248867,0.7432242042932564,0.5540761575697684,0.4063933294567419
7004,0.3445924253835485,0.25609101902165043,0.28037452372493454,0.21677969594944535,0.7258890960259764
7005,0.07813350924044526,0.7798349141559374,0.7250658984713896,0.817619331549717,0.27534524435348395
7006,0.4379574686381257,0.20269617414927965,0.8705212200886447,0.6970208208169053,0.6367921990985774
7007,0.8837982292287918,0.8281794039026675,0.8112365320696184,0.2942402423706112,0.5372437459763667
7008,0.8179482267176993,0.61779099877711,0.846419607986813,0.03359649504741624,0.31623072886014914
7009,0.7172615855316324,0.20422940998688033,0.05232606323536515,0.17742294962299443,0.4935962938215519
7010,0.7841105513811717,0.20410269902208622,0.004118280154513099,0.9968067431111908,0.5045518213528666
7011,0.1533512764050139,0.7189344286793559,0.5345885673934152,0.41282244363315723,0.36998716009562516
7012,0.07268382404194262,0.6430503801876012,0.6492785233839875,0.8153190846274412,0.642723690229464
7013,0.022349972681287023,0.7759935968460852,0.5836448079352556,0.9107102873159807,0.40448007515814155
7014,0.10979959407283268,0.39177299328017723,0.04473080205874935,0.7079382025389832,0.9392684876761954
7015,0.8543661771997753,0.34755540823132813,0.7852407686315187,0.24616885924606668,0.4731529147301493
7016,0.9301425703928485,0.27732234941019707,0.6116274507267796,0.6325908679396391,0.6393964187449741
7017,0.41554647105561016,0.775213613151429,0.6050449973893407,0.30968485178014127,0.8569553626847883
7018,0.6588719406963962,0.569223166623495,0.5031102804536249,0.8510934998428457,0.2857495771417248
7019,0.11733930478531984,0.7969593404392513,0.6328113370578649,0.6143702367356787,0.5019593989452539
7020,0.6889814557080849,0.013813481600176258,0.26639817105763675,0.9699517805472598,0.1278702804633497
7021,0.015882676864952927,0.7531615121034049,0.8019085387000416,0.1372163796893504,0.09034130872583257
7022,0.09316411960977067,0.1364404632348173,0.4913692401241455,0.7477834071195809,0.19983853704729204
7023,0.08599642863276258,0.594648638868867,0.6675910409373558,0.7031452785543485,0.7546036278328493
7024,0.6193134922777364,0.5966470998128636,0.2387490456445579,0.8687239528734836,0.45835347609889787
7025,0.5096215271967545,0.7293480277751241,0.22318027145439023,0.558105382347419,0.24625440875659577
7026,0.6365587182058059,0.24312815575381197,0.9905558298400747,0.2439789919151203,0.023890634897041796
7027,0.7540084494453254,0.4165291582248867,0.7432242042932564,0.5540761575697684,0.4063933294567419
7028,0.3445924253835485,0.25609101902165043,0.28037452372493454,0.21677969594944535,0.7258890960259764
7029,0.07813350924044526,0.7798349141559374,0.7250658984713896,0.817619331549717,0.27534524435348395
7030,0.4379574686381257,0.20269617414927965,0.8705212200886447,0.6970208208169053,0.6367921990985774
7031,0.8837982292287918,0.8281794039026675,0.8112365320696184,0.2942402423706112,0.5372437459763667
7032,0.08119942273576364,0.918380251618889,0.2072034291262379,0.9789908986949998,0.7605812366012885
7033,0.20518196841956338,0.9944395356371601,0.8699913951957262,0.6318012557379925,0.775406294578274
7034,0.12029545335915048,0.9465989131777108,0.2389168777076247,0.5631514523060189,0.006882606547047088
7035,0.45497189272680827,0.9106111198729966,0.7509739561089669,0.6168025108801637,0.7590697472437893
7036,0.5823811509405162,0.3106811314633784,0.08267807753317447,0.6071793703145606,0.321830906228047
7037,0.9581597760062257,0.12568411627654652,0.59268569164246,0.4322666932624395,0.9824443321868744
7038,0.12075256920914557,0.9867821057475119,0.8169116283012471,0.16311892774891468,0.20835884967754326
7039,0.8368584538122006,0.8924005377222722,0.5383071442854762,0.3044185486881754,0.8425198096008207
7040,0.6379752291671068,0.256967643528887,0.6037765262927276,0.36394801332733573,0.8254076890619257
7041,0.29556933085443293,0.6699096353516709,0.12136255255569506,0.6095559442954196,0.9610518130379864
7042,0.9119319126202493,0.33005478029989366,0.6346612992973985,0.6909568423864734,0.3649437195879386
7043,0.017236825987758886,0.6716292718813686,0.5621043200962933,0.6071261471942283,0.1877430194069094
7044,0.778477786553463,0.027723399338113186,0.7686848981377713,0.7796127166059962,0.21564805967638634
7045,0.900571764048458,0.24850046294283656,0.5171932785192996,0.1994521591994456,0.7967509247522842
7046,0.35651972646177643,0.0982437449318172,0.9204051935673014,0.9849735350237291,0.22302303597750583
7047,0.5462327386104502,0.9141825380536812,0.6128925300713509,0.834663661228924,0.16347184376874713
7048,0.8609247591285041,0.7388396990132401,0.8867833002022126,0.8827863113670819,0.2761388102932598
7049,0.26482886367529446,0.12138045724570945,0.6609487973614716,0.45722925885871946,0.039827896734819235
7050,0.8395410145750536,0.18097369830460908,0.5963146712976288,0.27033737151915804,0.9767426135116218
7051,0.3439382948382955,0.30491748707896027,0.6788733507855236,0.3081903739081667,0.5959427250516829
7052,0.4499597271804665,0.2962832573442383,0.7740957923168312,0.7117569387484599,0.34706153371414905
7053,0.6628289434543888,0.6597326183761185,0.5471274517955871,0.6161904637125268,0.9065751162762671
7054,0.16435610189589167,0.25794728860867533,0.01031825663144148,0.7628783715274752,0.05657437285482636
7055,0.6484611315495431,0.06247315515610996,0.33296775572957027,0.2845190131320461,0.057041758832878764
7056,0.08119942273576364,0.918380251618889,0.2072034291262379,0.9789908986949998,0.7605812366012885
7057,0.20518196841956338,0.9944395356371601,0.8699913951957262,0.6318012557379925,0.775406294578274
7058,0.12029545335915048,0.9465989131777108,0.2389168777076247,0.5631514523060189,0.006882606547047088
7059,0.45497189272680827,0.9106111198729966,0.7509739561089669,0.6168025108801637,0.7590697472437893
7060,0.5823811509405162,0.3106811314633784,0.08267807753317447,0.6071793703145606,0.321830906228047
7061,0.9581597760062257,0.12568411627654652,0.59268569164246,0.4322666932624395,0.9824443321868744
7062,0.12075256920914557,0.9867821057475119,0.8169116283012471,0.16311892774891468,0.20835884967754326
7063,0.8368584538122006,0.8924005377222722,0.5383071442854762,0.3044185486881754,0.8425198096008207
7064,0.6379752291671068,0.256967643528887,0.6037765262927276,0.36394801332733573,0.8254076890619257
7065,0.29556933085443293,0.6699096353516709,0.12136255255569506,0.6095559442954196,0.9610518130379864
7066,0.9119319126202493,0.33005478029989366,0.6346612992973985,0.6909568423864734,0.3649437195879386
7067,0.017236825987758886,0.6716292718813686,0.5621043200962933,0.6071261471942283,0.1877430194069094
7068,0.778477786553463,0.027723399338113186,0.7686848981377713,0.7796127166059962,0.21564805967638634
7069,0.900571764048458,0.24850046294283656,0.5171932785192996,0.1994521591994456,0.7967509247522842
7070,0.35651972646177643,0.0982437449318172,0.9204051935673014,0.9849735350237291,0.22302303597750583
7071,0.5462327386104502,0.9141825380536812,0.6128925300713509,0.834663661228924,0.16347184376874713
7072,0.8609247591285041,0.7388396990132401,0.8867833002022126,0.8827863113670819,0.2761388102932598
7073,0.26482886367529446,0.12138045724570945,0.6609487973614716,0.45722925885871946,0.039827896734819235
7074,0.8395410145750536,0.18097369830460908,0.5963146712976288,0.27033737151915804,0.9767426135116218
7075,0.3439382948382955,0.30491748707896027,0.6788733507855236,0.3081903739081667,0.5959427250516829
7076,0.4499597271804665,0.2962832573442383,0.7740957923168312,0.7117569387484599,0.34706153371414905
7077,0.6628289434543888,0.6597326183761185,0.5471274517955871,0.6161904637125268,0.9065751162762671
7078,0.16435610189589167,0.25794728860867533,0.01031825663144148,0.7628783715274752,0.05657437285482636
7079,0.6484611315495431,0.06247315515610996,0.33296775572957027,0.2845190131320461,0.057041758832878764
7080,0.08119942273576364,0.918380251618889,0.2072034291262379,0.9789908986949998,0.7605812366012885
7081,0.20518196841956338,0.9944395356371601,0.8699913951957262,0.6318012557379925,0.775406294578274
7082,0.12029545335915048,0.9465989131777108,0.2389168777076247,0.5631514523060189,0.006882606547047088
7083,0.45497189272680827,0.9106111198729966,0.7509739561089669,0.6168025108801637,0.7590697472437893
7084,0.5823811509405162,0.3106811314633784,0.08267807753317447,0.6071793703145606,0.321830906228047
7085,0.9581597760062257,0.12568411627654652,0.59268569164246,0.4322666932624395,0.9824443321868744
7086,0.12075256920914557,0.9867821057475119,0.8169116283012471,0.16311892774891468,0.20835884967754326
7087,0.8368584538122006,0.8924005377222722,0.5383071442854762,0.3044185486881754,0.8425198096008207
7088,0.6379752291671068,0.256967643528887,0.6037765262927276,0.36394801332733573,0.8254076890619257
7089,0.29556933085443293,0.6699096353516709,0.12136255255569506,0.6095559442954196,0.9610518130379864
7090,0.9119319126202493,0.33005478029989366,0.6346612992973985,0.6909568423864734,0.3649437195879386
7091,0.017236825987758886,0.6716292718813686,0.5621043200962933,0.6071261471942283,0.1877430194069094
7092,0.778477786553463,0.027723399338113186,0.7686848981377713,0.7796127166059962,0.21564805967638634
7093,0.900571764048458,0.24850046294283656,0.5171932785192996,0.1994521591994456,0.7967509247522842
7094,0.35651972646177643,0.0982437449318172,0.9204051935673014,0.9849735350237291,0.22302303597750583
7095,0.5462327386104502,0.9141825380536812,0.6128925300713509,0.834663661228924,0.16347184376874713
7096,0.8609247591285041,0.7388396990132401,0.8867833002022126,0.8827863113670819,0.2761388102932598
7097,0.26482886367529446,0.12138045724570945,0.6609487973614716,0.45722925885871946,0.039827896734819235
7098,0.8395410145750536,0.18097369830460908,0.5963146712976288,0.27033737151915804,0.9767426135116218
7099,0.3439382948382955,0.30491748707896027,0.6788733507855236,0.3081903739081667,0.5959427250516829
7100,0.4499597271804665,0.2962832573442383,0.7740957923168312,0.7117569387484599,0.34706153371414905
7101,0.6628289434543888,0.6597326183761185,0.5471274517955871,0.6161904637125268,0.9065751162762671
7102,0.16435610189589167,0.25794728860867533,0.01031825663144148,0.7628783715274752,0.05657437285482636
7103,0.6484611315495431,0.06247315515610996,0.33296775572957027,0.2845190131320461,0.057041758832878764
7104,0.8179482267176993,0.61779099877711,0.846419607986813,0.03359649504741624,0.31623072886014914
7105,0.7172615855316324,0.20422940998688033,0.05232606323536515,0.17742294962299443,0.4935962938215519
7106,0.7841105513811717,0.20410269902208622,0.004118280154513099,0.9968067431111908,0.5045518213528666
7107,0.1533512764050139,0.7189344286793559,0.5345885673934152,0.41282244363315723,0.36998716009562516
7108,0.07268382404194262,0.6430503801876012,0.6492785233839875,0.8153190846274412,0.642723690229464
7109,0.022349972681287023,0.7759935968460852,0.5836448079352556,0.9107102873159807,0.40448007515814155
7110,0.10979959407283268,0.39177299328017723,0.04473080205874935,0.7079382025389832,0.9392684876761954
7111,0.8543661771997753,0.34755540823132813,0.7852407686315187,0.24616885924606668,0.4731529147301493
7112,0.9301425703928485,0.27732234941019707,0.6116274507267796,0.6325908679396391,0.6393964187449741
7113,0.41554647105561016,0.775213613151429,0.6050449973893407,0.30968485178014127,0.8569553626847883
7114,0.6588719406963962,0.569223166623495,0.5031102804536249,0.8510934998428457,0.2857495771417248
7115,0.11733930478531984,0.7969593404392513,0.6328113370578649,0.6143702367356787,0.5019593989452539
7116,0.6889814557080849,0.013813481600176258,0.26639817105763675,0.9699517805472598,0.1278702804633497
7117,0.015882676864952927,0.7531615121034049,0.8019085387000416,0.1372163796893504,0.09034130872583257
7118,0.09316411960977067,0.1364404632348173,0.4913692401241455,0.7477834071195809,0.19983853704729204
7119,0.08599642863276258,0.594648638868867,0.6675910409373558,0.7031452785543485,0.7546036278328493
7120,0.6193134922777364,0.5966470998128636,0.2387490456445579,0.8687239528734836,0.45835347609889787
7121,0.5096215271967545,0.7293480277751241,0.22318027145439023,0.558105382347419,0.24625440875659577
7122,0.6365587182058059,0.24312815575381197,0.9905558298400747,0.2439789919151203,0.023890634897041796
7123,0.7540084494453254,0.4165291582248867,0.7432242042932564,0.5540761575697684,0.4063933294567419
7124,0.3445924253835485,0.25609101902165043,0.28037452372493454,0.21677969594944535,0.7258890960259764
7125,0.07813350924044526,0.7798349141559374,0.7250658984713896,0.817619331549717,0.27534524435348395
7126,0.4379574686381257,0.20269617414927965,0.8705212200886447,0.6970208208169053,0.6367921990985774
7127,0.8837982292287918,0.8281794039026675,0.8112365320696184,0.2942402423706112,0.5372437459763667
7128,0.8179482267176993,0.61779099877711,0.846419607986813,0.03359649504741624,0.31623072886014914
7129,0.7172615855316324,0.20422940998688033,0.05232606323536515,0.17742294962299443,0.4935962938215519
7130,0.7841105513811717,0.20410269902208622,0.004118280154513099,0.9968067431111908,0.5045518213528666
7131,0.1533512764050139,0.7189344286793559,0.5345885673934152,0.41282244363315723,0.36998716009562516
7132,0.07268382404194262,0.6430503801876012,0.6492785233839875,0.8153190846274412,0.642723690229464
7133,0.022349972681287023,0.7759935968460852,0.5836448079352556,0.9107102873159807,0.40448007515814155
7134,0.10979959407283268,0.39177299328017723,0.04473080205874935,0.7079382025389832,0.9392684876761954
7135,0.8543661771997753,0.34755540823132813,0.7852407686315187,0.24616885924606668,0.4731529147301493
7136,0.9301425703928485,0.27732234941019707,0.6116274507267796,0.6325908679396391,0.6393964187449741
7137,0.41554647105561016,0.775213613151429,0.6050449973893407,0.30968485178014127,0.8569553626847883
7138,0.6588719406963962,0.569223166623495,0.5031102804536249,0.8510934998428457,0.2857495771417248
7139,0.11733930478531984,0.7969593404392513,0.6328113370578649,0.6143702367356787,0.5019593989452539
7140,0.6889814557080849,0.013813481600176258,0.26639817105763675,0.9699517805472598,0.1278702804633497
7141,0.015882676864952927,0.7531615121034049,0.8019085387000416,0.1372163796893504,0.09034130872583257
7142,0.09316411960977067,0.1364404632348173,0.4913692401241455,0.7477834071195809,0.19983853704729204
7143,0.08599642863276258,0.594648638868867,0.6675910409373558,0.7031452785543485,0.7546036278328493
7144,0.6193134922777364,0.5966470998128636,0.2387490456445579,0.8687239528734836,0.45835347609889787
7145,0.5096215271967545,0.7293480277751241,0.22318027145439023,0.558105382347419,0.24625440875659577
7146,0.6365587182058059,0.24312815575381197,0.9905558298400747,0.2439789919151203,0.023890634897041796
7147,0.7540084494453254,0.4165291582248867,0.7432242042932564,0.5540761575697684,0.4063933294567419
7148,0.3445924253835485,0.25609101902165043,0.28037452372493454,0.21677969594944535,0.7258890960259764
7149,0.07813350924044526,0.7798349141559374,0.7250658984713896,0.817619331549717,0.27534524435348395
7150,0.4379574686381257,0.20269617414927965,0.8705212200886447,0.6970208208169053,0.6367921990985774
7151,0.8837982292287918,0.8281794039026675,0.8112365320696184,0.2942402423706112,0.5372437459763667
7152,0.8179482267176993,0.61779099877711,0.846419607986813,0.03359649504741624,0.31623072886014914
7153,0.7172615855316324,0.20422940998688033,0.05232606323536515,0.17742294962299443,0.4935962938215519
7154,0.7841105513811717,0.20410269902208622,0.004118280154513099,0.9968067431111908,0.5045518213528666
7155,0.1533512764050139,0.7189344286793559,0.5345885673934152,0.41282244363315723,0.36998716009562516
7156,0.07268382404194262,0.6430503801876012,0.6492785233839875,0.8153190846274412,0.642723690229464
7157,0.022349972681287023,0.7759935968460852,0.5836448079352556,0.9107102873159807,0.40448007515814155
7158,0.10979959407283268,0.39177299328017723,0.04473080205874935,0.7079382025389832,0.9392684876761954
7159,0.8543661771997753,0.34755540823132813,0.7852407686315187,0.24616885924606668,0.4731529147301493
7160,0.9301425703928485,0.27732234941019707,0.6116274507267796,0.6325908679396391,0.6393964187449741
7161,0.41554647105561016,0.775213613151429,0.6050449973893407,0.30968485178014127,0.8569553626847883
7162,0.6588719406963962,0.569223166623495,0.5031102804536249,0.8510934998428457,0.2857495771417248
7163,0.11733930478531984,0.7969593404392513,0.6328113370578649,0.6143702367356787,0.5019593989452539
7164,0.6889814557080849,0.013813481600176258,0.26639817105763675,0.9699517805472598,0.1278702804633497
7165,0.015882676864952927,0.7531615121034049,0.8019085387000416,0.1372163796893504,0.09034130872583257
7166,0.09316411960977067,0.1364404632348173,0.4913692401241455,0.7477834071195809,0.19983853704729204
7167,0.08599642863276258,0.594648638868867,0.6675910409373558,0.7031452785543485,0.7546036278328493
7168,0.6193134922777364,0.5966470998128636,0.2387490456445579,0.8687239528734836,0.45835347609889787
7169,0.5096215271967545,0.7293480277751241,0.22318027145439023,0.558105382347419,0.24625440875659577
7170,0.6365587182058059,0.24312815575381197,0.9905558298400747,0.2439789919151203,0.023890634897041796
7171,0.7540084494453254,0.4165291582248867,0.7432242042932564,0.5540761575697684,0.4063933294567419
7172,0.3445924253835485,0.25609101902165043,0.28037452372493454,0.21677969594944535,0.7258890960259764
7173,0.07813350924044526,0.7798349141559374,0.7250658984713896,0.817619331549717,0.27534524435348395
7174,0.4379574686381257,0.20269617414927965,0.8705212200886447,0.6970208208169053,0.6367921990985774
7175,0.8837982292287918,0.8281794039026675,0.8112365320696184,0.2942402423706112,0.5372437459763667
7176,0.6767306054635275,0.15986485135780493,0.18501287179845727,0.3093906102150168,0.371952253969556
7177,0.4903869754356922,0.24474326753678033,0.9726155962582597,0.17956527857646765,0.28872021484442756
7178,0.12201494849603833,0.48035881594552876,0.9142175270316222,0.6793062475212923,0.3761851837678336
7179,0.21530218970446158,0.07041140003873869,0.353386116019789,0.5163016742792964,0.1807139533328701
7180,0.00840010868481711,0.7968584332640749,0.43297116406334335,0.22020744876557763,0.44159864214880773
7181,0.4454839815186671,0.6571396182380635,0.4413628316380661,0.3308013370109065,0.9976280449454733
7182,0.508552312301234,0.522852147340867,0.46983548269163244,0.282016896290307,0.20701968439256968
7183,0.16566411206246023,0.8093153164909418,0.08876190570842002,0.566288695603571,0.6582234054525907
7184,0.9612754309989656,0.1937844774661719,0.048155692561028474,0.4211499802450359,0.3787614364537405
7185,0.855927096307693,0.6988219033991568,0.9300261082829807,0.8558822214016029,0.18828474486780855
7186,0.15906337919881552,0.5529432523151405,0.567663592207623,0.48139920571355554,0.8654605645837191
7187,0.2242315509951811,0.663015297135378,0.9305455758683108,0.8670273725385003,0.1940824102601525
7188,0.24972137088780866,0.45884887406834307,0.00865758977347153,0.022999775225752805,0.21165510069767302
7189,0.0380567201637142,0.2656509259127754,0.7143374863193724,0.7249523611509217,0.8645306125048968
7190,0.5870193142340169,0.9741541767719788,0.6092216440485031,0.738093941904489,0.881324315898082
7191,0.920030671496344,0.7068283256900362,0.7996720708916569,0.7197358520341376,0.3353311197354071
7192,0.5820112476509077,0.5684329135156956,0.08571644269237122,0.6406031069178643,0.6456967019847204
7193,0.06955151484956179,0.5237215989926424,0.15528439491313106,0.017739251391607813,0.010379069346564407
7194,0.17355007692425328,0.6889409405563556,0.6308145345127826,0.1632667507098624,0.8243485472759517
7195,0.9391759012378561,0.8991222308011819,0.8401722843677227,0.07062588450232832,0.5952529473234933
7196,0.34446579032192204,0.3282923071540522,0.3526815364694609,0.7112753472626643,0.24712616932363396
7197,0.933998216558351,0.16660525700400897,0.3468970399323148,0.44490137402167673,0.3970551761215956
7198,0.9807006863017618,0.17244527566144696,0.6772345025867612,0.12787537432346885,0.4371153688654438
7199,0.7966069359130027,0.808939262520225,0.6592956415547649,0.05680037468624555,0.8947035671709844
7200,0.6767306054635275,0.15986485135780493,0.18501287179845727,0.3093906102150168,0.371952253969556
7201,0.4903869754356922,0.24474326753678033,0.9726155962582597,0.17956527857646765,0.28872021484442756
7202,0.12201494849603833,0.48035881594552876,0.9142175270316222,0.6793062475212923,0.3761851837678336
7203,0.21530218970446158,0.07041140003873869,0.353386116019789,0.5163016742792964,0.1807139533328701
7204,0.00840010868481711,0.7968584332640749,0.43297116406334335,0.22020744876557763,0.44159864214880773
7205,0.4454839815186671,0.6571396182380635,0.4413628316380661,0.3308013370109065,0.9976280449454733
7206,0.508552312301234,0.522852147340867,0.46983548269163244,0.282016896290307,0.20701968439256968
7207,0.16566411206246023,0.8093153164909418,0.08876190570842002,0.566288695603571,0.6582234054525907
7208,0.9612754309989656,0.1937844774661719,0.048155692561028474,0.4211499802450359,0.3787614364537405
7209,0.855927096307693,0.6988219033991568,0.9300261082829807,0.8558822214016029,0.18828474486780855
7210,0.15906337919881552,0.5529432523151405,0.567663592207623,0.48139920571355554,0.8654605645837191
7211,0.2242315509951811,0.663015297135378,0.9305455758683108,0.8670273725385003,0.1940824102601525
7212,0.24972137088780866,0.45884887406834307,0.00865758977347153,0.022999775225752805,0.21165510069767302
7213,0.0380567201637142,0.2656509259127754,0.7143374863193724,0.7249523611509217,0.8645306125048968
7214,0.5870193142340169,0.9741541767719788,0.6092216440485031,0.738093941904489,0.881324315898082
7215,0.920030671496344,0.7068283256900362,0.7996720708916569,0.7197358520341376,0.3353311197354071
7216,0.5820112476509077,0.5684329135156956,0.08571644269237122,0.6406031069178643,0.6456967019847204
7217,0.06955151484956179,0.5237215989926424,0.15528439491313106,0.017739251391607813,0.010379069346564407
7218,0.17355007692425328,0.6889409405563556,0.6308145345127826,0.1632667507098624,0.8243485472759517
7219,0.9391759012378561,0.8991222308011819,0.8401722843677227,0.07062588450232832,0.5952529473234933
7220,0.34446579032192204,0.3282923071540522,0.3526815364694609,0.7112753472626643,0.24712616932363396
7221,0.933998216558351,0.16660525700400897,0.3468970399323148,0.44490137402167673,0.3970551761215956
7222,0.9807006863017618,0.17244527566144696,0.6772345025867612,0.12787537432346885,0.4371153688654438
7223,0.7966069359130027,0.808939262520225,0.6592956415547649,0.05680037468624555,0.8947035671709844
7224,0.08119942273576364,0.918380251618889,0.2072034291262379,0.9789908986949998,0.7605812366012885
7225,0.20518196841956338,0.9944395356371601,0.8699913951957262,0.6318012557379925,0.775406294578274
7226,0.12029545335915048,0.9465989131777108,0.2389168777076247,0.5631514523060189,0.006882606547047088
7227,0.45497189272680827,0.9106111198729966,0.7509739561089669,0.6168025108801637,0.7590697472437893
7228,0.5823811509405162,0.3106811314633784,0.08267807753317447,0.6071793703145606,0.321830906228047
7229,0.9581597760062257,0.12568411627654652,0.59268569164246,0.4322666932624395,0.9824443321868744
7230,0.12075256920914557,0.9867821057475119,0.8169116283012471,0.16311892774891468,0.20835884967754326
7231,0.8368584538122006,0.8924005377222722,0.5383071442854762,0.3044185486881754,0.8425198096008207
7232,0.6379752291671068,0.256967643528887,0.6037765262927276,0.36394801332733573,0.8254076890619257
7233,0.29556933085443293,0.6699096353516709,0.12136255255569506,0.6095559442954196,0.9610518130379864
7234,0.9119319126202493,0.33005478029989366,0.6346612992973985,0.6909568423864734,0.3649437195879386
7235,0.017236825987758886,0.6716292718813686,0.5621043200962933,0.6071261471942283,0.1877430194069094
7236,0.778477786553463,0.027723399338113186,0.7686848981377713,0.7796127166059962,0.21564805967638634
7237,0.900571764048458,0.24850046294283656,0.5171932785192996,0.1994521591994456,0.7967509247522842
7238,0.35651972646177643,0.0982437449318172,0.9204051935673014,0.9849735350237291,0.22302303597750583
7239,0.5462327386104502,0.9141825380536812,0.6128925300713509,0.834663661228924,0.16347184376874713
7240,0.8609247591285041,0.7388396990132401,0.8867833002022126,0.8827863113670819,0.2761388102932598
7241,0.26482886367529446,0.12138045724570945,0.6609487973614716,0.45722925885871946,0.039827896734819235
7242,0.8395410145750536,0.18097369830460908,0.5963146712976288,0.27033737151915804,0.9767426135116218
7243,0.3439382948382955,0.30491748707896027,0.6788733507855236,0.3081903739081667,0.5959427250516829
7244,0.4499597271804665,0.2962832573442383,0.7740957923168312,0.7117569387484599,0.34706153371414905
7245,0.6628289434543888,0.6597326183761185,0.5471274517955871,0.6161904637125268,0.9065751162762671
7246,0.16435610189589167,0.25794728860867533,0.01031825663144148,0.7628783715274752,0.05657437285482636
7247,0.6484611315495431,0.06247315515610996,0.33296775572957027,0.2845190131320461,0.057041758832878764
7248,0.8179482267176993,0.61779099877711,0.846419607986813,0.03359649504741624,0.31623072886014914
7249,0.7172615855316324,0.20422940998688033,0.05232606323536515,0.17742294962299443,0.4935962938215519
7250,0.7841105513811717,0.20410269902208622,0.004118280154513099,0.9968067431111908,0.5045518213528666
7251,0.1533512764050139,0.7189344286793559,0.5345885673934152,0.41282244363315723,0.36998716009562516
7252,0.07268382404194262,0.6430503801876012,0.6492785233839875,0.8153190846274412,0.642723690229464
7253,0.022349972681287023,0.7759935968460852,0.5836448079352556,0.9107102873159807,0.40448007515814155
7254,0.10979959407283268,0.39177299328017723,0.04473080205874935,0.7079382025389832,0.9392684876761954
7255,0.8543661771997753,0.34755540823132813,0.7852407686315187,0.24616885924606668,0.4731529147301493
7256,0.9301425703928485,0.27732234941019707,0.6116274507267796,0.6325908679396391,0.6393964187449741
7257,0.41554647105561016,0.775213613151429,0.6050449973893407,0.30968485178014127,0.8569553626847883
7258,0.6588719406963962,0.569223166623495,0.5031102804536249,0.8510934998428457,0.2857495771417248
7259,0.11733930478531984,0.7969593404392513,0.6328113370578649,0.6143702367356787,0.5019593989452539
7260,0.6889814557080849,0.013813481600176258,0.26639817105763675,0.9699517805472598,0.1278702804633497
7261,0.015882676864952927,0.7531615121034049,0.8019085387000416,0.1372163796893504,0.09034130872583257
7262,0.09316411960977067,0.1364404632348173,0.4913692401241455,0.7477834071195809,0.19983853704729204
7263,0.08599642863276258,0.594648638868867,0.6675910409373558,0.7031452785543485,0.7546036278328493
7264,0.6193134922777364,0.5966470998128636,0.2387490456445579,0.8687239528734836,0.45835347609889787
7265,0.5096215271967545,0.7293480277751241,0.22318027145439023,0.558105382347419,0.24625440875659577
7266,0.6365587182058059,0.24312815575381197,0.9905558298400747,0.2439789919151203,0.023890634897041796
7267,0.7540084494453254,0.4165291582248867,0.7432242042932564,0.5540761575697684,0.4063933294567419
7268,0.3445924253835485,0.25609101902165043,0.28037452372493454,0.21677969594944535,0.7258890960259764
7269,0.07813350924044526,0.7798349141559374,0.7250658984713896,0.817619331549717,0.27534524435348395
7270,0.4379574686381257,0.20269617414927965,0.8705212200886447,0.6970208208169053,0.6367921990985774
7271,0.8837982292287918,0.8281794039026675,0.8112365320696184,0.2942402423706112,0.5372437459763667
7272,0.6767306054635275,0.15986485135780493,0.18501287179845727,0.3093906102150168,0.371952253969556
7273,0.4903869754356922,0.24474326753678033,0.9726155962582597,0.17956527857646765,0.28872021484442756
7274,0.12201494849603833,0.48035881594552876,0.9142175270316222,0.6793062475212923,0.3761851837678336
7275,0.21530218970446158,0.07041140003873869,0.353386116019789,0.5163016742792964,0.1807139533328701
7276,0.00840010868481711,0.7968584332640749,0.43297116406334335,0.22020744876557763,0.44159864214880773
7277,0.4454839815186671,0.6571396182380635,0.4413628316380661,0.3308013370109065,0.9976280449454733
7278,0.508552312301234,0.522852147340867,0.46983548269163244,0.282016896290307,0.20701968439256968
7279,0.16566411206246023,0.8093153164909418,0.08876190570842002,0.566288695603571,0.6582234054525907
7280,0.9612754309989656,0.1937844774661719,0.048155692561028474,0.4211499802450359,0.3787614364537405
7281,0.855927096307693,0.6988219033991568,0.9300261082829807,0.8558822214016029,0.18828474486780855
7282,0.15906337919881552,0.5529432523151405,0.567663592207623,0.48139920571355554,0.8654605645837191
7283,0.2242315509951811,0.663015297135378,0.9305455758683108,0.8670273725385003,0.1940824102601525
7284,0.24972137088780866,0.45884887406834307,0.00865758977347153,0.022999775225752805,0.21165510069767302
7285,0.0380567201637142,0.2656509259127754,0.7143374863193724,0.7249523611509217,0.8645306125048968
7286,0.5870193142340169,0.9741541767719788,0.6092216440485031,0.738093941904489,0.881324315898082
7287,0.920030671496344,0.7068283256900362,0.7996720708916569,0.7197358520341376,0.3353311197354071
7288,0.5820112476509077,0.5684329135156956,0.08571644269237122,0.6406031069178643,0.6456967019847204
7289,0.06955151484956179,0.5237215989926424,0.15528439491313106,0.017739251391607813,0.010379069346564407
7290,0.17355007692425328,0.6889409405563556,0.6308145345127826,0.1632667507098624,0.8243485472759517
7291,0.9391759012378561,0.8991222308011819,0.8401722843677227,0.07062588450232832,0.5952529473234933
7292,0.34446579032192204,0.3282923071540522,0.3526815364694609,0.7112753472626643,0.24712616932363396
7293,0.933998216558351,0.16660525700400897,0.3468970399323148,0.44490137402167673,0.3970551761215956
7294,0.9807006863017618,0.17244527566144696,0.6772345025867612,0.12787537432346885,0.4371153688654438
7295,0.7966069359130027,0.808939262520225,0.6592956415547649,0.05680037468624555,0.8947035671709844
7296,0.705520432961609,0.6452765343967035,0.6615511548105761,0.3473189532193719,0.4912151130092066
7297,0.30652586416348526,0.18482410282542128,0.538128780558699,0.1532053266928629,0.6082331032835606
7298,0.5161286646461907,0.4631517151775243,0.16389308976018446,0.5403786323268631,0.3719828547899382
7299,0.2552779157306113,0.3265580911573466,0.013965380166376273,0.08234360758217274,0.7272590491093475
7300,0.5979602968903952,0.7839983923645909,0.06618950396897094,0.8385075972490418,0.9205480134862886
7301,0.22807696120837595,0.43267443749035994,0.08768277680498726,0.7750220568931642,0.4736262589491429
7302,0.7012473542679747,0.9971801682545409,0.7396623648815351,0.2224447889383897,0.8347112946128057
7303,0.2557390614300348,0.9861526040370995,0.3279732308587726,0.19605579960003472,0.9315815304584348
7304,0.6767574948715648,0.7010384851394463,0.4980224739124379,0.6609224387656178,0.7730784729776218
7305,0.7646444464896024,0.3331816696144021,0.09768521400877506,0.18335183744905237,0.3144831569215717
7306,0.3084485890299733,0.6321713992079405,0.7486172421642412,0.1644484745114172,0.7339864619375644
7307,0.8288545822654458,0.45985939199523485,0.12083485384691028,0.24441676889731345,0.6663579451855223
7308,0.09830309924618152,0.5039219032760728,0.05121857224163495,0.43754036882326686,0.663094899013265
7309,0.043236909629550735,0.5147770205019193,0.7072334058760312,0.3658283582841748,0.16188024712947968
7310,0.11038021845537249,0.31440248526754155,0.2576776495245271,0.9517471488640691,0.8374619241056137
7311,0.5957398052687684,0.6598705511782851,0.5584164874402139,0.8957268989803567,0.9917353762249433
7312,0.6407581955224211,0.194785768329794,0.2968876244969815,0.7187068253678927,0.6056407380723736
7313,0.23761145605332246,0.3895752425081518,0.6961668150143084,0.4571368211908632,0.07065500433053862
7314,0.9430581512541234,0.207608784306477,0.7113496621184238,0.22999242602076053,0.9026680697023405
7315,0.839597262020095,0.3110601819743759,0.763539319502838,0.3860201549852814,0.17318496857210264
7316,0.13187371566804595,0.2685047257913108,0.8312302132099867,0.9313193729293665,0.5712026074821978
7317,0.08158236728345791,0.4461716408002986,0.5625473664955217,0.7597740682305693,0.48699204497112913
7318,0.20856244866516105,0.10045457535352464,0.17592761655446498,0.18711223285973355,0.19679543278949418
7319,0.9298435493416487,0.33885873765535546,0.21148057828846445,0.6557163427180519,0.4196308403847415
7320,0.8179482267176993,0.61779099877711,0.846419607986813,0.03359649504741624,0.31623072886014914
7321,0.7172615855316324,0.20422940998688033,0.05232606323536515,0.17742294962299443,0.4935962938215519
7322,0.7841105513811717,0.20410269902208622,0.004118280154513099,0.9968067431111908,0.5045518213528666
7323,0.1533512764050139,0.7189344286793559,0.5345885673934152,0.41282244363315723,0.36998716009562516
7324,0.07268382404194262,0.6430503801876012,0.6492785233839875,0.8153190846274412,0.642723690229464
7325,0.022349972681287023,0.7759935968460852,0.5836448079352556,0.9107102873159807,0.40448007515814155
7326,0.10979959407283268,0.39177299328017723,0.04473080205874935,0.7079382025389832,0.9392684876761954
7327,0.8543661771997753,0.34755540823132813,0.7852407686315187,0.24616885924606668,0.4731529147301493
7328,0.9301425703928485,0.27732234941019707,0.6116274507267796,0.6325908679396391,0.6393964187449741
7329,0.41554647105561016,0.775213613151429,0.6050449973893407,0.30968485178014127,0.8569553626847883
7330,0.6588719406963962,0.569223166623495,0.5031102804536249,0.8510934998428457,0.2857495771417248
7331,0.11733930478531984,0.7969593404392513,0.6328113370578649,0.6143702367356787,0.5019593989452539
7332,0.6889814557080849,0.013813481600176258,0.26639817105763675,0.9699517805472598,0.1278702804633497
7333,0.015882676864952927,0.7531615121034049,0.8019085387000416,0.1372163796893504,0.09034130872583257
7334,0.09316411960977067,0.1364404632348173,0.4913692401241455,0.7477834071195809,0.19983853704729204
7335,0.08599642863276258,0.594648638868867,0.6675910409373558,0.7031452785543485,0.7546036278328493
7336,0.6193134922777364,0.5966470998128636,0.2387490456445579,0.8687239528734836,0.45835347609889787
7337,0.5096215271967545,0.7293480277751241,0.22318027145439023,0.558105382347419,0.24625440875659577
7338,0.6365587182058059,0.24312815575381197,0.9905558298400747,0.2439789919151203,0.023890634897041796
7339,0.7540084494453254,0.4165291582248867,0.7432242042932564,0.5540761575697684,0.4063933294567419
7340,0.3445924253835485,0.25609101902165043,0.28037452372493454,0.21677969594944535,0.7258890960259764
7341,0.07813350924044526,0.7798349141559374,0.7250658984713896,0.817619331549717,0.27534524435348395
7342,0.4379574686381257,0.20269617414927965,0.8705212200886447,0.6970208208169053,0.6367921990985774
7343,0.8837982292287918,0.8281794039026675,0.8112365320696184,0.2942402423706112,0.5372437459763667
7344,0.6767306054635275,0.15986485135780493,0.18501287179845727,0.3093906102150168,0.371952253969556
7345,0.4903869754356922,0.24474326753678033,0.9726155962582597,0.17956527857646765,0.28872021484442756
7346,0.12201494849603833,0.48035881594552876,0.9142175270316222,0.6793062475212923,0.3761851837678336
7347,0.21530218970446158,0.07041140003873869,0.353386116019789,0.5163016742792964,0.1807139533328701
7348,0.00840010868481711,0.7968584332640749,0.43297116406334335,0.22020744876557763,0.44159864214880773
7349,0.4454839815186671,0.6571396182380635,0.4413628316380661,0.3308013370109065,0.9976280449454733
7350,0.508552312301234,0.522852147340867,0.46983548269163244,0.282016896290307,0.20701968439256968
7351,0.16566411206246023,0.8093153164909418,0.08876190570842002,0.566288695603571,0.6582234054525907
7352,0.9612754309989656,0.1937844774661719,0.048155692561028474,0.4211499802450359,0.3787614364537405
7353,0.855927096307693,0.6988219033991568,0.9300261082829807,0.8558822214016029,0.18828474486780855
7354,0.15906337919881552,0.5529432523151405,0.567663592207623,0.48139920571355554,0.8654605645837191
7355,0.2242315509951811,0.663015297135378,0.9305455758683108,0.8670273725385003,0.1940824102601525
7356,0.24972137088780866,0.45884887406834307,0.00865758977347153,0.022999775225752805,0.21165510069767302
7357,0.0380567201637142,0.2656509259127754,0.7143374863193724,0.7249523611509217,0.8645306125048968
7358,0.5870193142340169,0.9741541767719788,0.6092216440485031,0.738093941904489,0.881324315898082
7359,0.920030671496344,0.7068283256900362,0.7996720708916569,0.7197358520341376,0.3353311197354071
7360,0.5820112476509077,0.5684329135156956,0.08571644269237122,0.6406031069178643,0.6456967019847204
7361,0.06955151484956179,0.5237215989926424,0.15528439491313106,0.017739251391607813,0.010379069346564407
7362,0.17355007692425328,0.6889409405563556,0.6308145345127826,0.1632667507098624,0.8243485472759517
7363,0.9391759012378561,0.8991222308011819,0.8401722843677227,0.07062588450232832,0.5952529473234933
7364,0.34446579032192204,0.3282923071540522,0.3526815364694609,0.7112753472626643,0.24712616932363396
7365,0.933998216558351,0.16660525700400897,0.3468970399323148,0.44490137402167673,0.3970551761215956
7366,0.9807006863017618,0.17244527566144696,0.6772345025867612,0.12787537432346885,0.4371153688654438
7367,0.7966069359130027,0.808939262520225,0.6592956415547649,0.05680037468624555,0.8947035671709844
7368,0.8179482267176993,0.61779099877711,0.846419607986813,0.03359649504741624,0.31623072886014914
7369,0.7172615855316324,0.20422940998688033,0.05232606323536515,0.17742294962299443,0.4935962938215519
7370,0.7841105513811717,0.20410269902208622,0.004118280154513099,0.9968067431111908,0.5045518213528666
7371,0.1533512764050139,0.7189344286793559,0.5345885673934152,0.41282244363315723,0.36998716009562516
7372,0.07268382404194262,0.6430503801876012,0.6492785233839875,0.8153190846274412,0.642723690229464
7373,0.022349972681287023,0.7759935968460852,0.5836448079352556,0.9107102873159807,0.40448007515814155
7374,0.10979959407283268,0.39177299328017723,0.04473080205874935,0.7079382025389832,0.9392684876761954
7375,0.8543661771997753,0.34755540823132813,0.7852407686315187,0.24616885924606668,0.4731529147301493
7376,0.9301425703928485,0.27732234941019707,0.6116274507267796,0.6325908679396391,0.6393964187449741
7377,0.41554647105561016,0.775213613151429,0.6050449973893407,0.30968485178014127,0.8569553626847883
7378,0.6588719406963962,0.569223166623495,0.5031102804536249,0.8510934998428457,0.2857495771417248
7379,0.11733930478531984,0.7969593404392513,0.6328113370578649,0.6143702367356787,0.5019593989452539
7380,0.6889814557080849,0.013813481600176258,0.26639817105763675,0.9699517805472598,0.1278702804633497
7381,0.015882676864952927,0.7531615121034049,0.8019085387000416,0.1372163796893504,0.09034130872583257
7382,0.09316411960977067,0.1364404632348173,0.4913692401241455,0.7477834071195809,0.19983853704729204
7383,0.08599642863276258,0.594648638868867,0.6675910409373558,0.7031452785543485,0.7546036278328493
7384,0.6193134922777364,0.5966470998128636,0.2387490456445579,0.8687239528734836,0.45835347609889787
7385,0.5096215271967545,0.7293480277751241,0.22318027145439023,0.558105382347419,0.24625440875659577
7386,0.6365587182058059,0.24312815575381197,0.9905558298400747,0.2439789919151203,0.023890634897041796
7387,0.7540084494453254,0.4165291582248867,0.7432242042932564,0.5540761575697684,0.4063933294567419
7388,0.3445924253835485,0.25609101902165043,0.28037452372493454,0.21677969594944535,0.7258890960259764
7389,0.07813350924044526,0.7798349141559374,0.7250658984713896,0.817619331549717,0.27534524435348395
7390,0.4379574686381257,0.20269617414927965,0.8705212200886447,0.6970208208169053,0.6367921990985774
7391,0.8837982292287918,0.8281794039026675,0.8112365320696184,0.2942402423706112,0.5372437459763667
7392,0.6767306054635275,0.15986485135780493,0.18501287179845727,0.3093906102150168,0.371952253969556
7393,0.4903869754356922,0.24474326753678033,0.9726155962582597,0.17956527857646765,0.28872021484442756
7394,0.12201494849603833,0.48035881594552876,0.9142175270316222,0.6793062475212923,0.3761851837678336
7395,0.21530218970446158,0.07041140003873869,0.353386116019789,0.5163016742792964,0.1807139533328701
7396,0.00840010868481711,0.7968584332640749,0.43297116406334335,0.22020744876557763,0.44159864214880773
7397,0.4454839815186671,0.6571396182380635,0.4413628316380661,0.3308013370109065,0.9976280449454733
7398,0.508552312301234,0.522852147340867,0.46983548269163244,0.282016896290307,0.20701968439256968
7399,0.16566411206246023,0.8093153164909418,0.08876190570842002,0.566288695603571,0.6582234054525907
7400,0.9612754309989656,0.1937844774661719,0.048155692561028474,0.4211499802450359,0.3787614364537405
7401,0.855927096307693,0.6988219033991568,0.9300261082829807,0.8558822214016029,0.18828474486780855
7402,0.15906337919881552,0.5529432523151405,0.567663592207623,0.48139920571355554,0.8654605645837191
7403,0.2242315509951811,0.663015297135378,0.9305455758683108,0.8670273725385003,0.1940824102601525
7404,0.24972137088780866,0.45884887406834307,0.00865758977347153,0.022999775225752805,0.21165510069767302
7405,0.0380567201637142,0.2656509259127754,0.7143374863193724,0.7249523611509217,0.8645306125048968
7406,0.5870193142340169,0.9741541767719788,0.6092216440485031,0.738093941904489,0.881324315898082
7407,0.920030671496344,0.7068283256900362,0.7996720708916569,0.7197358520341376,0.3353311197354071
7408,0.5820112476509077,0.5684329135156956,0.08571644269237122,0.6406031069178643,0.6456967019847204
7409,0.06955151484956179,0.5237215989926424,0.15528439491313106,0.017739251391607813,0.010379069346564407
7410,0.17355007692425328,0.6889409405563556,0.6308145345127826,0.1632667507098624,0.8243485472759517
7411,0.9391759012378561,0.8991222308011819,0.8401722843677227,0.07062588450232832,0.5952529473234933
7412,0.34446579032192204,0.3282923071540522,0.3526815364694609,0.7112753472626643,0.24712616932363396
7413,0.933998216558351,0.16660525700400897,0.3468970399323148,0.44490137402167673,0.3970551761215956
7414,0.9807006863017618,0.17244527566144696,0.6772345025867612,0.12787537432346885,0.4371153688654438
7415,0.7966069359130027,0.808939262520225,0.6592956415547649,0.05680037468624555,0.8947035671709844
7416,0.6767306054635275,0.15986485135780493,0.18501287179845727,0.3093906102150168,0.371952253969556
7417,0.4903869754356922,0.24474326753678033,0.9726155962582597,0.17956527857646765,0.28872021484442756
7418,0.12201494849603833,0.48035881594552876,0.9142175270316222,0.6793062475212923,0.3761851837678336
7419,0.21530218970446158,0.07041140003873869,0.353386116019789,0.5163016742792964,0.1807139533328701
7420,0.00840010868481711,0.7968584332640749,0.43297116406334335,0.22020744876557763,0.44159864214880773
7421,0.4454839815186671,0.6571396182380635,0.4413628316380661,0.3308013370109065,0.9976280449454733
7422,0.508552312301234,0.522852147340867,0.46983548269163244,0.282016896290307,0.20701968439256968
7423,0.16566411206246023,0.8093153164909418,0.08876190570842002,0.566288695603571,0.6582234054525907
7424,0.9612754309989656,0.1937844774661719,0.048155692561028474,0.4211499802450359,0.3787614364537405
7425,0.855927096307693,0.6988219033991568,0.9300261082829807,0.8558822214016029,0.18828474486780855
7426,0.15906337919881552,0.5529432523151405,0.567663592207623,0.48139920571355554,0.8654605645837191
7427,0.2242315509951811,0.663015297135378,0.9305455758683108,0.8670273725385003,0.1940824102601525
7428,0.24972137088780866,0.45884887406834307,0.00865758977347153,0.022999775225752805,0.21165510069767302
7429,0.0380567201637142,0.2656509259127754,0.7143374863193724,0.7249523611509217,0.8645306125048968
7430,0.5870193142340169,0.9741541767719788,0.6092216440485031,0.738093941904489,0.881324315898082
7431,0.920030671496344,0.7068283256900362,0.7996720708916569,0.7197358520341376,0.3353311197354071
7432,0.5820112476509077,0.5684329135156956,0.08571644269237122,0.6406031069178643,0.6456967019847204
7433,0.06955151484956179,0.5237215989926424,0.15528439491313106,0.017739251391607813,0.010379069346564407
7434,0.17355007692425328,0.6889409405563556,0.6308145345127826,0.1632667507098624,0.8243485472759517
7435,0.9391759012378561,0.8991222308011819,0.8401722843677227,0.07062588450232832,0.5952529473234933
7436,0.34446579032192204,0.3282923071540522,0.3526815364694609,0.7112753472626643,0.24712616932363396
7437,0.933998216558351,0.16660525700400897,0.3468970399323148,0.44490137402167673,0.3970551761215956
7438,0.9807006863017618,0.17244527566144696,0.6772345025867612,0.12787537432346885,0.4371153688654438
7439,0.7966069359130027,0.808939262520225,0.6592956415547649,0.05680037468624555,0.8947035671709844
7440,0.6767306054635275,0.15986485135780493,0.18501287179845727,0.3093906102150168,0.371952253969556
7441,0.4903869754356922,0.24474326753678033,0.9726155962582597,0.17956527857646765,0.28872021484442756
7442,0.12201494849603833,0.48035881594552876,0.9142175270316222,0.6793062475212923,0.3761851837678336
7443,0.21530218970446158,0.07041140003873869,0.353386116019789,0.5163016742792964,0.1807139533328701
7444,0.00840010868481711,0.7968584332640749,0.43297116406334335,0.22020744876557763,0.44159864214880773
7445,0.4454839815186671,0.6571396182380635,0.4413628316380661,0.3308013370109065,0.9976280449454733
7446,0.508552312301234,0.522852147340867,0.46983548269163244,0.282016896290307,0.20701968439256968
7447,0.16566411206246023,0.8093153164909418,0.08876190570842002,0.566288695603571,0.6582234054525907
7448,0.9612754309989656,0.1937844774661719,0.048155692561028474,0.4211499802450359,0.3787614364537405
7449,0.855927096307693,0.6988219033991568,0.9300261082829807,0.8558822214016029,0.18828474486780855
7450,0.15906337919881552,0.5529432523151405,0.567663592207623,0.48139920571355554,0.8654605645837191
7451,0.2242315509951811,0.663015297135378,0.9305455758683108,0.8670273725385003,0.1940824102601525
7452,0.24972137088780866,0.45884887406834307,0.00865758977347153,0.022999775225752805,0.21165510069767302
7453,0.0380567201637142,0.2656509259127754,0.7143374863193724,0.7249523611509217,0.8645306125048968
7454,0.5870193142340169,0.9741541767719788,0.6092216440485031,0.738093941904489,0.881324315898082
7455,0.920030671496344,0.7068283256900362,0.7996720708916569,0.7197358520341376,0.3353311197354071
7456,0.5820112476509077,0.5684329135156956,0.08571644269237122,0.6406031069178643,0.6456967019847204
7457,0.06955151484956179,0.5237215989926424,0.15528439491313106,0.017739251391607813,0.010379069346564407
7458,0.17355007692425328,0.6889409405563556,0.6308145345127826,0.1632667507098624,0.8243485472759517
7459,0.9391759012378561,0.8991222308011819,0.8401722843677227,0.07062588450232832,0.5952529473234933
7460,0.34446579032192204,0.3282923071540522,0.3526815364694609,0.7112753472626643,0.24712616932363396
7461,0.933998216558351,0.16660525700400897,0.3468970399323148,0.44490137402167673,0.3970551761215956
7462,0.9807006863017618,0.17244527566144696,0.6772345025867612,0.12787537432346885,0.4371153688654438
7463,0.7966069359130027,0.808939262520225,0.6592956415547649,0.05680037468624555,0.8947035671709844
7464,0.8179482267176993,0.61779099877711,0.846419607986813,0.03359649504741624,0.31623072886014914
7465,0.7172615855316324,0.20422940998688033,0.05232606323536515,0.17742294962299443,0.4935962938215519
7466,0.7841105513811717,0.20410269902208622,0.004118280154513099,0.9968067431111908,0.5045518213528666
7467,0.1533512764050139,0.7189344286793559,0.5345885673934152,0.41282244363315723,0.36998716009562516
7468,0.07268382404194262,0.6430503801876012,0.6492785233839875,0.8153190846274412,0.642723690229464
7469,0.022349972681287023,0.7759935968460852,0.5836448079352556,0.9107102873159807,0.40448007515814155
7470,0.10979959407283268,0.39177299328017723,0.04473080205874935,0.7079382025389832,0.9392684876761954
7471,0.8543661771997753,0.34755540823132813,0.7852407686315187,0.24616885924606668,0.4731529147301493
7472,0.9301425703928485,0.27732234941019707,0.6116274507267796,0.6325908679396391,0.6393964187449741
7473,0.41554647105561016,0.775213613151429,0.6050449973893407,0.30968485178014127,0.8569553626847883
7474,0.6588719406963962,0.569223166623495,0.5031102804536249,0.8510934998428457,0.2857495771417248
7475,0.11733930478531984,0.7969593404392513,0.6328113370578649,0.6143702367356787,0.5019593989452539
7476,0.6889814557080849,0.013813481600176258,0.26639817105763675,0.9699517805472598,0.1278702804633497
7477,0.015882676864952927,0.7531615121034049,0.8019085387000416,0.1372163796893504,0.09034130872583257
7478,0.09316411960977067,0.1364404632348173,0.4913692401241455,0.7477834071195809,0.19983853704729204
7479,0.08599642863276258,0.594648638868867,0.6675910409373558,0.7031452785543485,0.7546036278328493
7480,0.6193134922777364,0.5966470998128636,0.2387490456445579,0.8687239528734836,0.45835347609889787
7481,0.5096215271967545,0.7293480277751241,0.22318027145439023,0.558105382347419,0.24625440875659577
7482,0.6365587182058059,0.24312815575381197,0.9905558298400747,0.2439789919151203,0.023890634897041796
7483,0.7540084494453254,0.4165291582248867,0.7432242042932564,0.5540761575697684,0.4063933294567419
7484,0.3445924253835485,0.25609101902165043,0.28037452372493454,0.21677969594944535,0.7258890960259764
7485,0.07813350924044526,0.7798349141559374,0.7250658984713896,0.817619331549717,0.27534524435348395
7486,0.4379574686381257,0.20269617414927965,0.8705212200886447,0.6970208208169053,0.6367921990985774
7487,0.8837982292287918,0.8281794039026675,0.8112365320696184,0.2942402423706112,0.5372437459763667
7488,0.8179482267176993,0.61779099877711,0.846419607986813,0.03359649504741624,0.31623072886014914
7489,0.7172615855316324,0.20422940998688033,0.05232606323536515,0.17742294962299443,0.4935962938215519
7490,0.7841105513811717,0.20410269902208622,0.004118280154513099,0.9968067431111908,0.5045518213528666
7491,0.1533512764050139,0.7189344286793559,0.5345885673934152,0.41282244363315723,0.36998716009562516
7492,0.07268382404194262,0.6430503801876012,0.6492785233839875,0.8153190846274412,0.642723690229464
7493,0.022349972681287023,0.7759935968460852,0.5836448079352556,0.9107102873159807,0.40448007515814155
7494,0.10979959407283268,0.39177299328017723,0.04473080205874935,0.7079382025389832,0.9392684876761954
7495,0.8543661771997753,0.34755540823132813,0.7852407686315187,0.24616885924606668,0.4731529147301493
7496,0.9301425703928485,0.27732234941019707,0.6116274507267796,0.6325908679396391,0.6393964187449741
7497,0.41554647105561016,0.775213613151429,0.6050449973893407,0.30968485178014127,0.8569553626847883
7498,0.6588719406963962,0.569223166623495,0.5031102804536249,0.8510934998428457,0.2857495771417248
7499,0.11733930478531984,0.7969593404392513,0.6328113370578649,0.6143702367356787,0.5019593989452539
7500,0.6889814557080849,0.013813481600176258,0.26639817105763675,0.9699517805472598,0.1278702804633497
7501,0.015882676864952927,0.7531615121034049,0.8019085387000416,0.1372163796893504,0.09034130872583257
7502,0.09316411960977067,0.1364404632348173,0.4913692401241455,0.7477834071195809,0.19983853704729204
7503,0.08599642863276258,0.594648638868867,0.6675910409373558,0.7031452785543485,0.7546036278328493
7504,0.6193134922777364,0.5966470998128636,0.2387490456445579,0.8687239528734836,0.45835347609889787
7505,0.5096215271967545,0.7293480277751241,0.22318027145439023,0.558105382347419,0.24625440875659577
7506,0.6365587182058059,0.24312815575381197,0.9905558298400747,0.2439789919151203,0.023890634897041796
7507,0.7540084494453254,0.4165291582248867,0.7432242042932564,0.5540761575697684,0.4063933294567419
7508,0.3445924253835485,0.25609101902165043,0.28037452372493454,0.21677969594944535,0.7258890960259764
7509,0.07813350924044526,0.7798349141559374,0.7250658984713896,0.817619331549717,0.27534524435348395
7510,0.4379574686381257,0.20269617414927965,0.8705212200886447,0.6970208208169053,0.6367921990985774
7511,0.8837982292287918,0.8281794039026675,0.8112365320696184,0.2942402423706112,0.5372437459763667
7512,0.6767306054635275,0.15986485135780493,0.18501287179845727,0.3093906102150168,0.371952253969556
7513,0.4903869754356922,0.24474326753678033,0.9726155962582597,0.17956527857646765,0.28872021484442756
7514,0.12201494849603833,0.48035881594552876,0.9142175270316222,0.6793062475212923,0.3761851837678336
7515,0.21530218970446158,0.07041140003873869,0.353386116019789,0.5163016742792964,0.1807139533328701
7516,0.00840010868481711,0.7968584332640749,0.43297116406334335,0.22020744876557763,0.44159864214880773
7517,0.4454839815186671,0.6571396182380635,0.4413628316380661,0.3308013370109065,0.9976280449454733
7518,0.508552312301234,0.522852147340867,0.46983548269163244,0.282016896290307,0.20701968439256968
7519,0.16566411206246023,0.8093153164909418,0.08876190570842002,0.566288695603571,0.6582234054525907
7520,0.9612754309989656,0.1937844774661719,0.048155692561028474,0.4211499802450359,0.3787614364537405
7521,0.855927096307693,0.6988219033991568,0.9300261082829807,0.8558822214016029,0.18828474486780855
7522,0.15906337919881552,0.5529432523151405,0.567663592207623,0.48139920571355554,0.8654605645837191
7523,0.2242315509951811,0.663015297135378,0.9305455758683108,0.8670273725385003,0.1940824102601525
7524,0.24972137088780866,0.45884887406834307,0.00865758977347153,0.022999775225752805,0.21165510069767302
7525,0.0380567201637142,0.2656509259127754,0.7143374863193724,0.7249523611509217,0.8645306125048968
7526,0.5870193142340169,0.9741541767719788,0.6092216440485031,0.738093941904489,0.881324315898082
7527,0.920030671496344,0.7068283256900362,0.7996720708916569,0.7197358520341376,0.3353311197354071
7528,0.5820112476509077,0.5684329135156956,0.08571644269237122,0.6406031069178643,0.6456967019847204
7529,0.06955151484956179,0.5237215989926424,0.15528439491313106,0.017739251391607813,0.010379069346564407
7530,0.17355007692425328,0.6889409405563556,0.6308145345127826,0.1632667507098624,0.8243485472759517
7531,0.9391759012378561,0.8991222308011819,0.8401722843677227,0.07062588450232832,0.5952529473234933
7532,0.34446579032192204,0.3282923071540522,0.3526815364694609,0.7112753472626643,0.24712616932363396
7533,0.933998216558351,0.16660525700400897,0.3468970399323148,0.44490137402167673,0.3970551761215956
7534,0.9807006863017618,0.17244527566144696,0.6772345025867612,0.12787537432346885,0.4371153688654438
7535,0.7966069359130027,0.808939262520225,0.6592956415547649,0.05680037468624555,0.8947035671709844
7536,0.6767306054635275,0.15986485135780493,0.18501287179845727,0.3093906102150168,0.371952253969556
7537,0.4903869754356922,0.24474326753678033,0.9726155962582597,0.17956527857646765,0.28872021484442756
7538,0.12201494849603833,0.48035881594552876,0.9142175270316222,0.6793062475212923,0.3761851837678336
7539,0.21530218970446158,0.07041140003873869,0.353386116019789,0.5163016742792964,0.1807139533328701
7540,0.00840010868481711,0.7968584332640749,0.43297116406334335,0.22020744876557763,0.44159864214880773
7541,0.4454839815186671,0.6571396182380635,0.4413628316380661,0.3308013370109065,0.9976280449454733
7542,0.508552312301234,0.522852147340867,0.46983548269163244,0.282016896290307,0.20701968439256968
7543,0.16566411206246023,0.8093153164909418,0.08876190570842002,0.566288695603571,0.6582234054525907
7544,0.9612754309989656,0.1937844774661719,0.048155692561028474,0.4211499802450359,0.3787614364537405
7545,0.855927096307693,0.6988219033991568,0.9300261082829807,0.8558822214016029,0.18828474486780855
7546,0.15906337919881552,0.5529432523151405,0.567663592207623,0.48139920571355554,0.8654605645837191
7547,0.2242315509951811,0.663015297135378,0.9305455758683108,0.8670273725385003,0.1940824102601525
7548,0.24972137088780866,0.45884887406834307,0.00865758977347153,0.022999775225752805,0.21165510069767302
7549,0.0380567201637142,0.2656509259127754,0.7143374863193724,0.7249523611509217,0.8645306125048968
7550,0.5870193142340169,0.9741541767719788,0.6092216440485031,0.738093941904489,0.881324315898082
7551,0.920030671496344,0.7068283256900362,0.7996720708916569,0.7197358520341376,0.3353311197354071
7552,0.5820112476509077,0.5684329135156956,0.08571644269237122,0.6406031069178643,0.6456967019847204
7553,0.06955151484956179,0.5237215989926424,0.15528439491313106,0.017739251391607813,0.010379069346564407
7554,0.17355007692425328,0.6889409405563556,0.6308145345127826,0.1632667507098624,0.8243485472759517
7555,0.9391759012378561,0.8991222308011819,0.8401722843677227,0.07062588450232832,0.5952529473234933
7556,0.34446579032192204,0.3282923071540522,0.3526815364694609,0.7112753472626643,0.24712616932363396
7557,0.933998216558351,0.16660525700400897,0.3468970399323148,0.44490137402167673,0.3970551761215956
7558,0.9807006863017618,0.17244527566144696,0.6772345025867612,0.12787537432346885,0.4371153688654438
7559,0.7966069359130027,0.808939262520225,0.6592956415547649,0.05680037468624555,0.8947035671709844
7560,0.6767306054635275,0.15986485135780493,0.18501287179845727,0.3093906102150168,0.371952253969556
7561,0.4903869754356922,0.24474326753678033,0.9726155962582597,0.17956527857646765,0.28872021484442756
7562,0.12201494849603833,0.48035881594552876,0.9142175270316222,0.6793062475212923,0.3761851837678336
7563,0.21530218970446158,0.07041140003873869,0.353386116019789,0.5163016742792964,0.1807139533328701
7564,0.00840010868481711,0.7968584332640749,0.43297116406334335,0.22020744876557763,0.44159864214880773
7565,0.4454839815186671,0.6571396182380635,0.4413628316380661,0.3308013370109065,0.9976280449454733
7566,0.508552312301234,0.522852147340867,0.46983548269163244,0.282016896290307,0.20701968439256968
7567,0.16566411206246023,0.8093153164909418,0.08876190570842002,0.566288695603571,0.6582234054525907
7568,0.9612754309989656,0.1937844774661719,0.048155692561028474,0.4211499802450359,0.3787614364537405
7569,0.855927096307693,0.6988219033991568,0.9300261082829807,0.8558822214016029,0.18828474486780855
7570,0.15906337919881552,0.5529432523151405,0.567663592207623,0.48139920571355554,0.8654605645837191
7571,0.2242315509951811,0.663015297135378,0.9305455758683108,0.8670273725385003,0.1940824102601525
7572,0.24972137088780866,0.45884887406834307,0.00865758977347153,0.022999775225752805,0.21165510069767302
7573,0.0380567201637142,0.2656509259127754,0.7143374863193724,0.7249523611509217,0.8645306125048968
7574,0.5870193142340169,0.9741541767719788,0.6092216440485031,0.738093941904489,0.881324315898082
7575,0.920030671496344,0.7068283256900362,0.7996720708916569,0.7197358520341376,0.3353311197354071
7576,0.5820112476509077,0.5684329135156956,0.08571644269237122,0.6406031069178643,0.6456967019847204
7577,0.06955151484956179,0.5237215989926424,0.15528439491313106,0.017739251391607813,0.010379069346564407
7578,0.17355007692425328,0.6889409405563556,0.6308145345127826,0.1632667507098624,0.8243485472759517
7579,0.9391759012378561,0.8991222308011819,0.8401722843677227,0.07062588450232832,0.5952529473234933
7580,0.34446579032192204,0.3282923071540522,0.3526815364694609,0.7112753472626643,0.24712616932363396
7581,0.933998216558351,0.16660525700400897,0.3468970399323148,0.44490137402167673,0.3970551761215956
7582,0.9807006863017618,0.17244527566144696,0.6772345025867612,0.12787537432346885,0.4371153688654438
7583,0.7966069359130027,0.808939262520225,0.6592956415547649,0.05680037468624555,0.8947035671709844
7584,0.6767306054635275,0.15986485135780493,0.18501287179845727,0.3093906102150168,0.371952253969556
7585,0.4903869754356922,0.24474326753678033,0.9726155962582597,0.17956527857646765,0.28872021484442756
7586,0.12201494849603833,0.48035881594552876,0.9142175270316222,0.6793062475212923,0.3761851837678336
7587,0.21530218970446158,0.07041140003873869,0.353386116019789,0.5163016742792964,0.1807139533328701
7588,0.00840010868481711,0.7968584332640749,0.43297116406334335,0.22020744876557763,0.44159864214880773
7589,0.4454839815186671,0.6571396182380635,0.4413628316380661,0.3308013370109065,0.9976280449454733
7590,0.508552312301234,0.522852147340867,0.46983548269163244,0.282016896290307,0.20701968439256968
7591,0.16566411206246023,0.8093153164909418,0.08876190570842002,0.566288695603571,0.6582234054525907
7592,0.9612754309989656,0.1937844774661719,0.048155692561028474,0.4211499802450359,0.3787614364537405
7593,0.855927096307693,0.6988219033991568,0.9300261082829807,0.8558822214016029,0.18828474486780855
7594,0.15906337919881552,0.5529432523151405,0.567663592207623,0.48139920571355554,0.8654605645837191
7595,0.2242315509951811,0.663015297135378,0.9305455758683108,0.8670273725385003,0.1940824102601525
7596,0.24972137088780866,0.45884887406834307,0.00865758977347153,0.022999775225752805,0.21165510069767302
7597,0.0380567201637142,0.2656509259127754,0.7143374863193724,0.7249523611509217,0.8645306125048968
7598,0.5870193142340169,0.9741541767719788,0.6092216440485031,0.738093941904489,0.881324315898082
7599,0.920030671496344,0.7068283256900362,0.7996720708916569,0.7197358520341376,0.3353311197354071
7600,0.5820112476509077,0.5684329135156956,0.08571644269237122,0.6406031069178643,0.6456967019847204
7601,0.06955151484956179,0.5237215989926424,0.15528439491313106,0.017739251391607813,0.010379069346564407
7602,0.17355007692425328,0.6889409405563556,0.6308145345127826,0.1632667507098624,0.8243485472759517
7603,0.9391759012378561,0.8991222308011819,0.8401722843677227,0.07062588450232832,0.5952529473234933
7604,0.34446579032192204,0.3282923071540522,0.3526815364694609,0.7112753472626643,0.24712616932363396
7605,0.933998216558351,0.16660525700400897,0.3468970399323148,0.44490137402167673,0.3970551761215956
7606,0.9807006863017618,0.17244527566144696,0.6772345025867612,0.12787537432346885,0.4371153688654438
7607,0.7966069359130027,0.808939262520225,0.6592956415547649,0.05680037468624555,0.8947035671709844
7608,0.6767306054635275,0.15986485135780493,0.18501287179845727,0.3093906102150168,0.371952253969556
7609,0.4903869754356922,0.24474326753678033,0.9726155962582597,0.17956527857646765,0.28872021484442756
7610,0.12201494849603833,0.48035881594552876,0.9142175270316222,0.6793062475212923,0.3761851837678336
7611,0.21530218970446158,0.07041140003873869,0.353386116019789,0.5163016742792964,0.1807139533328701
7612,0.00840010868481711,0.7968584332640749,0.43297116406334335,0.22020744876557763,0.44159864214880773
7613,0.4454839815186671,0.6571396182380635,0.4413628316380661,0.3308013370109065,0.9976280449454733
7614,0.508552312301234,0.522852147340867,0.46983548269163244,0.282016896290307,0.20701968439256968
7615,0.16566411206246023,0.8093153164909418,0.08876190570842002,0.566288695603571,0.6582234054525907
7616,0.9612754309989656,0.1937844774661719,0.048155692561028474,0.4211499802450359,0.3787614364537405
7617,0.855927096307693,0.6988219033991568,0.9300261082829807,0.8558822214016029,0.18828474486780855
7618,0.15906337919881552,0.5529432523151405,0.567663592207623,0.48139920571355554,0.8654605645837191
7619,0.2242315509951811,0.663015297135378,0.9305455758683108,0.8670273725385003,0.1940824102601525
7620,0.24972137088780866,0.45884887406834307,0.00865758977347153,0.022999775225752805,0.21165510069767302
7621,0.0380567201637142,0.2656509259127754,0.7143374863193724,0.7249523611509217,0.8645306125048968
7622,0.5870193142340169,0.9741541767719788,0.6092216440485031,0.738093941904489,0.881324315898082
7623,0.920030671496344,0.7068283256900362,0.7996720708916569,0.7197358520341376,0.3353311197354071
7624,0.5820112476509077,0.5684329135156956,0.08571644269237122,0.6406031069178643,0.6456967019847204
7625,0.06955151484956179,0.5237215989926424,0.15528439491313106,0.017739251391607813,0.010379069346564407
7626,0.17355007692425328,0.6889409405563556,0.6308145345127826,0.1632667507098624,0.8243485472759517
7627,0.9391759012378561,0.8991222308011819,0.8401722843677227,0.07062588450232832,0.5952529473234933
7628,0.34446579032192204,0.3282923071540522,0.3526815364694609,0.7112753472626643,0.24712616932363396
7629,0.933998216558351,0.16660525700400897,0.3468970399323148,0.44490137402167673,0.3970551761215956
7630,0.9807006863017618,0.17244527566144696,0.6772345025867612,0.12787537432346885,0.4371153688654438
7631,0.7966069359130027,0.808939262520225,0.6592956415547649,0.05680037468624555,0.8947035671709844
7632,0.8179482267176993,0.61779099877711,0.846419607986813,0.03359649504741624,0.31623072886014914
7633,0.7172615855316324,0.20422940998688033,0.05232606323536515,0.17742294962299443,0.4935962938215519
7634,0.7841105513811717,0.20410269902208622,0.004118280154513099,0.9968067431111908,0.5045518213528666
7635,0.1533512764050139,0.7189344286793559,0.5345885673934152,0.41282244363315723,0.36998716009562516
7636,0.07268382404194262,0.6430503801876012,0.6492785233839875,0.8153190846274412,0.642723690229464
7637,0.022349972681287023,0.7759935968460852,0.5836448079352556,0.9107102873159807,0.40448007515814155
7638,0.10979959407283268,0.39177299328017723,0.04473080205874935,0.7079382025389832,0.9392684876761954
7639,0.8543661771997753,0.34755540823132813,0.7852407686315187,0.24616885924606668,0.4731529147301493
7640,0.9301425703928485,0.27732234941019707,0.6116274507267796,0.6325908679396391,0.6393964187449741
7641,0.41554647105561016,0.775213613151429,0.6050449973893407,0.30968485178014127,0.8569553626847883
7642,0.6588719406963962,0.569223166623495,0.5031102804536249,0.8510934998428457,0.2857495771417248
7643,0.11733930478531984,0.7969593404392513,0.6328113370578649,0.6143702367356787,0.5019593989452539
7644,0.6889814557080849,0.013813481600176258,0.26639817105763675,0.9699517805472598,0.1278702804633497
7645,0.015882676864952927,0.7531615121034049,0.8019085387000416,0.1372163796893504,0.09034130872583257
7646,0.09316411960977067,0.1364404632348173,0.4913692401241455,0.7477834071195809,0.19983853704729204
7647,0.08599642863276258,0.594648638868867,0.6675910409373558,0.7031452785543485,0.7546036278328493
7648,0.6193134922777364,0.5966470998128636,0.2387490456445579,0.8687239528734836,0.45835347609889787
7649,0.5096215271967545,0.7293480277751241,0.22318027145439023,0.558105382347419,0.24625440875659577
7650,0.6365587182058059,0.24312815575381197,0.9905558298400747,0.2439789919151203,0.023890634897041796
7651,0.7540084494453254,0.4165291582248867,0.7432242042932564,0.5540761575697684,0.4063933294567419
7652,0.3445924253835485,0.25609101902165043,0.28037452372493454,0.21677969594944535,0.7258890960259764
7653,0.07813350924044526,0.7798349141559374,0.7250658984713896,0.817619331549717,0.27534524435348395
7654,0.4379574686381257,0.20269617414927965,0.8705212200886447,0.6970208208169053,0.6367921990985774
7655,0.8837982292287918,0.8281794039026675,0.8112365320696184,0.2942402423706112,0.5372437459763667
7656,0.8179482267176993,0.61779099877711,0.846419607986813,0.03359649504741624,0.31623072886014914
7657,0.7172615855316324,0.20422940998688033,0.05232606323536515,0.17742294962299443,0.4935962938215519
7658,0.7841105513811717,0.20410269902208622,0.004118280154513099,0.9968067431111908,0.5045518213528666
7659,0.1533512764050139,0.7189344286793559,0.5345885673934152,0.41282244363315723,0.36998716009562516
7660,0.07268382404194262,0.6430503801876012,0.6492785233839875,0.8153190846274412,0.642723690229464
7661,0.022349972681287023,0.7759935968460852,0.5836448079352556,0.9107102873159807,0.40448007515814155
7662,0.10979959407283268,0.39177299328017723,0.04473080205874935,0.7079382025389832,0.9392684876761954
7663,0.8543661771997753,0.34755540823132813,0.7852407686315187,0.24616885924606668,0.4731529147301493
7664,0.9301425703928485,0.27732234941019707,0.6116274507267796,0.6325908679396391,0.6393964187449741
7665,0.41554647105561016,0.775213613151429,0.6050449973893407,0.30968485178014127,0.8569553626847883
7666,0.6588719406963962,0.569223166623495,0.5031102804536249,0.8510934998428457,0.2857495771417248
7667,0.11733930478531984,0.7969593404392513,0.6328113370578649,0.6143702367356787,0.5019593989452539
7668,0.6889814557080849,0.013813481600176258,0.26639817105763675,0.9699517805472598,0.1278702804633497
7669,0.015882676864952927,0.7531615121034049,0.8019085387000416,0.1372163796893504,0.09034130872583257
7670,0.09316411960977067,0.1364404632348173,0.4913692401241455,0.7477834071195809,0.19983853704729204
7671,0.08599642863276258,0.594648638868867,0.6675910409373558,0.7031452785543485,0.7546036278328493
7672,0.6193134922777364,0.5966470998128636,0.2387490456445579,0.8687239528734836,0.45835347609889787
7673,0.5096215271967545,0.7293480277751241,0.22318027145439023,0.558105382347419,0.24625440875659577
7674,0.6365587182058059,0.24312815575381197,0.9905558298400747,0.2439789919151203,0.023890634897041796
7675,0.7540084494453254,0.4165291582248867,0.7432242042932564,0.5540761575697684,0.4063933294567419
7676,0.3445924253835485,0.25609101902165043,0.28037452372493454,0.21677969594944535,0.7258890960259764
7677,0.07813350924044526,0.7798349141559374,0.7250658984713896,0.817619331549717,0.27534524435348395
7678,0.4379574686381257,0.20269617414927965,0.8705212200886447,0.6970208208169053,0.6367921990985774
7679,0.8837982292287918,0.8281794039026675,0.8112365320696184,0.2942402423706112,0.5372437459763667
7680,0.6767306054635275,0.15986485135780493,0.18501287179845727,0.3093906102150168,0.371952253969556
7681,0.4903869754356922,0.24474326753678033,0.9726155962582597,0.17956527857646765,0.28872021484442756
7682,0.12201494849603833,0.48035881594552876,0.9142175270316222,0.6793062475212923,0.3761851837678336
7683,0.21530218970446158,0.07041140003873869,0.353386116019789,0.5163016742792964,0.1807139533328701
7684,0.00840010868481711,0.7968584332640749,0.43297116406334335,0.22020744876557763,0.44159864214880773
7685,0.4454839815186671,0.6571396182380635,0.4413628316380661,0.3308013370109065,0.9976280449454733
7686,0.508552312301234,0.522852147340867,0.46983548269163244,0.282016896290307,0.20701968439256968
7687,0.16566411206246023,0.8093153164909418,0.08876190570842002,0.566288695603571,0.6582234054525907
7688,0.9612754309989656,0.1937844774661719,0.048155692561028474,0.4211499802450359,0.3787614364537405
7689,0.855927096307693,0.6988219033991568,0.9300261082829807,0.8558822214016029,0.18828474486780855
7690,0.15906337919881552,0.5529432523151405,0.567663592207623,0.48139920571355554,0.8654605645837191
7691,0.2242315509951811,0.663015297135378,0.9305455758683108,0.8670273725385003,0.1940824102601525
7692,0.24972137088780866,0.45884887406834307,0.00865758977347153,0.022999775225752805,0.21165510069767302
7693,0.0380567201637142,0.2656509259127754,0.7143374863193724,0.7249523611509217,0.8645306125048968
7694,0.5870193142340169,0.9741541767719788,0.6092216440485031,0.738093941904489,0.881324315898082
7695,0.920030671496344,0.7068283256900362,0.7996720708916569,0.7197358520341376,0.3353311197354071
7696,0.5820112476509077,0.5684329135156956,0.08571644269237122,0.6406031069178643,0.6456967019847204
7697,0.06955151484956179,0.5237215989926424,0.15528439491313106,0.017739251391607813,0.010379069346564407
7698,0.17355007692425328,0.6889409405563556,0.6308145345127826,0.1632667507098624,0.8243485472759517
7699,0.9391759012378561,0.8991222308011819,0.8401722843677227,0.07062588450232832,0.5952529473234933
7700,0.34446579032192204,0.3282923071540522,0.3526815364694609,0.7112753472626643,0.24712616932363396
7701,0.933998216558351,0.16660525700400897,0.3468970399323148,0.44490137402167673,0.3970551761215956
7702,0.9807006863017618,0.17244527566144696,0.6772345025867612,0.12787537432346885,0.4371153688654438
7703,0.7966069359130027,0.808939262520225,0.6592956415547649,0.05680037468624555,0.8947035671709844
7704,0.6767306054635275,0.15986485135780493,0.18501287179845727,0.3093906102150168,0.371952253969556
7705,0.4903869754356922,0.24474326753678033,0.9726155962582597,0.17956527857646765,0.28872021484442756
7706,0.12201494849603833,0.48035881594552876,0.9142175270316222,0.6793062475212923,0.3761851837678336
7707,0.21530218970446158,0.07041140003873869,0.353386116019789,0.5163016742792964,0.1807139533328701
7708,0.00840010868481711,0.7968584332640749,0.43297116406334335,0.22020744876557763,0.44159864214880773
7709,0.4454839815186671,0.6571396182380635,0.4413628316380661,0.3308013370109065,0.9976280449454733
7710,0.508552312301234,0.522852147340867,0.46983548269163244,0.282016896290307,0.20701968439256968
7711,0.16566411206246023,0.8093153164909418,0.08876190570842002,0.566288695603571,0.6582234054525907
7712,0.9612754309989656,0.1937844774661719,0.048155692561028474,0.4211499802450359,0.3787614364537405
7713,0.855927096307693,0.6988219033991568,0.9300261082829807,0.8558822214016029,0.18828474486780855
7714,0.15906337919881552,0.5529432523151405,0.567663592207623,0.48139920571355554,0.8654605645837191
7715,0.2242315509951811,0.663015297135378,0.9305455758683108,0.8670273725385003,0.1940824102601525
7716,0.24972137088780866,0.45884887406834307,0.00865758977347153,0.022999775225752805,0.21165510069767302
7717,0.0380567201637142,0.2656509259127754,0.7143374863193724,0.7249523611509217,0.8645306125048968
7718,0.5870193142340169,0.9741541767719788,0.6092216440485031,0.738093941904489,0.881324315898082
7719,0.920030671496344,0.7068283256900362,0.7996720708916569,0.7197358520341376,0.3353311197354071
7720,0.5820112476509077,0.5684329135156956,0.08571644269237122,0.6406031069178643,0.6456967019847204
7721,0.06955151484956179,0.5237215989926424,0.15528439491313106,0.017739251391607813,0.010379069346564407
7722,0.17355007692425328,0.6889409405563556,0.6308145345127826,0.1632667507098624,0.8243485472759517
7723,0.9391759012378561,0.8991222308011819,0.8401722843677227,0.07062588450232832,0.5952529473234933
7724,0.34446579032192204,0.3282923071540522,0.3526815364694609,0.7112753472626643,0.24712616932363396
7725,0.933998216558351,0.16660525700400897,0.3468970399323148,0.44490137402167673,0.3970551761215956
7726,0.9807006863017618,0.17244527566144696,0.6772345025867612,0.12787537432346885,0.4371153688654438
7727,0.7966069359130027,0.808939262520225,0.6592956415547649,0.05680037468624555,0.8947035671709844
7728,0.6767306054635275,0.15986485135780493,0.18501287179845727,0.3093906102150168,0.371952253969556
7729,0.4903869754356922,0.24474326753678033,0.9726155962582597,0.17956527857646765,0.28872021484442756
7730,0.12201494849603833,0.48035881594552876,0.9142175270316222,0.6793062475212923,0.3761851837678336
7731,0.21530218970446158,0.07041140003873869,0.353386116019789,0.5163016742792964,0.1807139533328701
7732,0.00840010868481711,0.7968584332640749,0.43297116406334335,0.22020744876557763,0.44159864214880773
7733,0.4454839815186671,0.6571396182380635,0.4413628316380661,0.3308013370109065,0.9976280449454733
7734,0.508552312301234,0.522852147340867,0.46983548269163244,0.282016896290307,0.20701968439256968
7735,0.16566411206246023,0.8093153164909418,0.08876190570842002,0.566288695603571,0.6582234054525907
7736,0.9612754309989656,0.1937844774661719,0.048155692561028474,0.4211499802450359,0.3787614364537405
7737,0.855927096307693,0.6988219033991568,0.9300261082829807,0.8558822214016029,0.18828474486780855
7738,0.15906337919881552,0.5529432523151405,0.567663592207623,0.48139920571355554,0.8654605645837191
7739,0.2242315509951811,0.663015297135378,0.9305455758683108,0.8670273725385003,0.1940824102601525
7740,0.24972137088780866,0.45884887406834307,0.00865758977347153,0.022999775225752805,0.21165510069767302
7741,0.0380567201637142,0.2656509259127754,0.7143374863193724,0.7249523611509217,0.8645306125048968
7742,0.5870193142340169,0.9741541767719788,0.6092216440485031,0.738093941904489,0.881324315898082
7743,0.920030671496344,0.7068283256900362,0.7996720708916569,0.7197358520341376,0.3353311197354071
7744,0.5820112476509077,0.5684329135156956,0.08571644269237122,0.6406031069178643,0.6456967019847204
7745,0.06955151484956179,0.5237215989926424,0.15528439491313106,0.017739251391607813,0.010379069346564407
7746,0.17355007692425328,0.6889409405563556,0.6308145345127826,0.1632667507098624,0.8243485472759517
7747,0.9391759012378561,0.8991222308011819,0.8401722843677227,0.07062588450232832,0.5952529473234933
7748,0.34446579032192204,0.3282923071540522,0.3526815364694609,0.7112753472626643,0.24712616932363396
7749,0.933998216558351,0.16660525700400897,0.3468970399323148,0.44490137402167673,0.3970551761215956
7750,0.9807006863017618,0.17244527566144696,0.6772345025867612,0.12787537432346885,0.4371153688654438
7751,0.7966069359130027,0.808939262520225,0.6592956415547649,0.05680037468624555,0.8947035671709844
7752,0.6767306054635275,0.15986485135780493,0.18501287179845727,0.3093906102150168,0.371952253969556
7753,0.4903869754356922,0.24474326753678033,0.9726155962582597,0.17956527857646765,0.28872021484442756
7754,0.12201494849603833,0.48035881594552876,0.9142175270316222,0.6793062475212923,0.3761851837678336
7755,0.21530218970446158,0.07041140003873869,0.353386116019789,0.5163016742792964,0.1807139533328701
7756,0.00840010868481711,0.7968584332640749,0.43297116406334335,0.22020744876557763,0.44159864214880773
7757,0.4454839815186671,0.6571396182380635,0.4413628316380661,0.3308013370109065,0.9976280449454733
7758,0.508552312301234,0.522852147340867,0.46983548269163244,0.282016896290307,0.20701968439256968
7759,0.16566411206246023,0.8093153164909418,0.08876190570842002,0.566288695603571,0.6582234054525907
7760,0.9612754309989656,0.1937844774661719,0.048155692561028474,0.4211499802450359,0.3787614364537405
7761,0.855927096307693,0.6988219033991568,0.9300261082829807,0.8558822214016029,0.18828474486780855
7762,0.15906337919881552,0.5529432523151405,0.567663592207623,0.48139920571355554,0.8654605645837191
7763,0.2242315509951811,0.663015297135378,0.9305455758683108,0.8670273725385003,0.1940824102601525
7764,0.24972137088780866,0.45884887406834307,0.00865758977347153,0.022999775225752805,0.21165510069767302
7765,0.0380567201637142,0.2656509259127754,0.7143374863193724,0.7249523611509217,0.8645306125048968
7766,0.5870193142340169,0.9741541767719788,0.6092216440485031,0.738093941904489,0.881324315898082
7767,0.920030671496344,0.7068283256900362,0.7996720708916569,0.7197358520341376,0.3353311197354071
7768,0.5820112476509077,0.5684329135156956,0.08571644269237122,0.6406031069178643,0.6456967019847204
7769,0.06955151484956179,0.5237215989926424,0.15528439491313106,0.017739251391607813,0.010379069346564407
7770,0.17355007692425328,0.6889409405563556,0.6308145345127826,0.1632667507098624,0.8243485472759517
7771,0.9391759012378561,0.8991222308011819,0.8401722843677227,0.07062588450232832,0.5952529473234933
7772,0.34446579032192204,0.3282923071540522,0.3526815364694609,0.7112753472626643,0.24712616932363396
7773,0.933998216558351,0.16660525700400897,0.3468970399323148,0.44490137402167673,0.3970551761215956
7774,0.9807006863017618,0.17244527566144696,0.6772345025867612,0.12787537432346885,0.4371153688654438
7775,0.7966069359130027,0.808939262520225,0.6592956415547649,0.05680037468624555,0.8947035671709844
7776,0.6767306054635275,0.15986485135780493,0.18501287179845727,0.3093906102150168,0.371952253969556
7777,0.4903869754356922,0.24474326753678033,0.9726155962582597,0.17956527857646765,0.28872021484442756
7778,0.12201494849603833,0.48035881594552876,0.9142175270316222,0.6793062475212923,0.3761851837678336
7779,0.21530218970446158,0.07041140003873869,0.353386116019789,0.5163016742792964,0.1807139533328701
7780,0.00840010868481711,0.7968584332640749,0.43297116406334335,0.22020744876557763,0.44159864214880773
7781,0.4454839815186671,0.6571396182380635,0.4413628316380661,0.3308013370109065,0.9976280449454733
7782,0.508552312301234,0.522852147340867,0.46983548269163244,0.282016896290307,0.20701968439256968
7783,0.16566411206246023,0.8093153164909418,0.08876190570842002,0.566288695603571,0.6582234054525907
7784,0.9612754309989656,0.1937844774661719,0.048155692561028474,0.4211499802450359,0.3787614364537405
7785,0.855927096307693,0.6988219033991568,0.9300261082829807,0.8558822214016029,0.18828474486780855
7786,0.15906337919881552,0.5529432523151405,0.567663592207623,0.48139920571355554,0.8654605645837191
7787,0.2242315509951811,0.663015297135378,0.9305455758683108,0.8670273725385003,0.1940824102601525
7788,0.24972137088780866,0.45884887406834307,0.00865758977347153,0.022999775225752805,0.21165510069767302
7789,0.0380567201637142,0.2656509259127754,0.7143374863193724,0.7249523611509217,0.8645306125048968
7790,0.5870193142340169,0.9741541767719788,0.6092216440485031,0.738093941904489,0.881324315898082
7791,0.920030671496344,0.7068283256900362,0.7996720708916569,0.7197358520341376,0.3353311197354071
7792,0.5820112476509077,0.5684329135156956,0.08571644269237122,0.6406031069178643,0.6456967019847204
7793,0.06955151484956179,0.5237215989926424,0.15528439491313106,0.017739251391607813,0.010379069346564407
7794,0.17355007692425328,0.6889409405563556,0.6308145345127826,0.1632667507098624,0.8243485472759517
7795,0.9391759012378561,0.8991222308011819,0.8401722843677227,0.07062588450232832,0.5952529473234933
7796,0.34446579032192204,0.3282923071540522,0.3526815364694609,0.7112753472626643,0.24712616932363396
7797,0.933998216558351,0.16660525700400897,0.3468970399323148,0.44490137402167673,0.3970551761215956
7798,0.9807006863017618,0.17244527566144696,0.6772345025867612,0.12787537432346885,0.4371153688654438
7799,0.7966069359130027,0.808939262520225,0.6592956415547649,0.05680037468624555,0.8947035671709844
7800,0.8179482267176993,0.61779099877711,0.846419607986813,0.03359649504741624,0.31623072886014914
7801,0.7172615855316324,0.20422940998688033,0.05232606323536515,0.17742294962299443,0.4935962938215519
7802,0.7841105513811717,0.20410269902208622,0.004118280154513099,0.9968067431111908,0.5045518213528666
7803,0.1533512764050139,0.7189344286793559,0.5345885673934152,0.41282244363315723,0.36998716009562516
7804,0.07268382404194262,0.6430503801876012,0.6492785233839875,0.8153190846274412,0.642723690229464
7805,0.022349972681287023,0.7759935968460852,0.5836448079352556,0.9107102873159807,0.40448007515814155
7806,0.10979959407283268,0.39177299328017723,0.04473080205874935,0.7079382025389832,0.9392684876761954
7807,0.8543661771997753,0.34755540823132813,0.7852407686315187,0.24616885924606668,0.4731529147301493
7808,0.9301425703928485,0.27732234941019707,0.6116274507267796,0.6325908679396391,0.6393964187449741
7809,0.41554647105561016,0.775213613151429,0.6050449973893407,0.30968485178014127,0.8569553626847883
7810,0.6588719406963962,0.569223166623495,0.5031102804536249,0.8510934998428457,0.2857495771417248
7811,0.11733930478531984,0.7969593404392513,0.6328113370578649,0.6143702367356787,0.5019593989452539
7812,0.6889814557080849,0.013813481600176258,0.26639817105763675,0.9699517805472598,0.1278702804633497
7813,0.015882676864952927,0.7531615121034049,0.8019085387000416,0.1372163796893504,0.09034130872583257
7814,0.09316411960977067,0.1364404632348173,0.4913692401241455,0.7477834071195809,0.19983853704729204
7815,0.08599642863276258,0.594648638868867,0.6675910409373558,0.7031452785543485,0.7546036278328493
7816,0.6193134922777364,0.5966470998128636,0.2387490456445579,0.8687239528734836,0.45835347609889787
7817,0.5096215271967545,0.7293480277751241,0.22318027145439023,0.558105382347419,0.24625440875659577
7818,0.6365587182058059,0.24312815575381197,0.9905558298400747,0.2439789919151203,0.023890634897041796
7819,0.7540084494453254,0.4165291582248867,0.7432242042932564,0.5540761575697684,0.4063933294567419
7820,0.3445924253835485,0.25609101902165043,0.28037452372493454,0.21677969594944535,0.7258890960259764
7821,0.07813350924044526,0.7798349141559374,0.7250658984713896,0.817619331549717,0.27534524435348395
7822,0.4379574686381257,0.20269617414927965,0.8705212200886447,0.6970208208169053,0.6367921990985774
7823,0.8837982292287918,0.8281794039026675,0.8112365320696184,0.2942402423706112,0.5372437459763667
7824,0.8179482267176993,0.61779099877711,0.846419607986813,0.03359649504741624,0.31623072886014914
7825,0.7172615855316324,0.20422940998688033,0.05232606323536515,0.17742294962299443,0.4935962938215519
7826,0.7841105513811717,0.20410269902208622,0.004118280154513099,0.9968067431111908,0.5045518213528666
7827,0.1533512764050139,0.7189344286793559,0.5345885673934152,0.41282244363315723,0.36998716009562516
7828,0.07268382404194262,0.6430503801876012,0.6492785233839875,0.8153190846274412,0.642723690229464
7829,0.022349972681287023,0.7759935968460852,0.5836448079352556,0.9107102873159807,0.40448007515814155
7830,0.10979959407283268,0.39177299328017723,0.04473080205874935,0.7079382025389832,0.9392684876761954
7831,0.8543661771997753,0.34755540823132813,0.7852407686315187,0.24616885924606668,0.4731529147301493
7832,0.9301425703928485,0.27732234941019707,0.6116274507267796,0.6325908679396391,0.6393964187449741
7833,0.41554647105561016,0.775213613151429,0.6050449973893407,0.30968485178014127,0.8569553626847883
7834,0.6588719406963962,0.569223166623495,0.5031102804536249,0.8510934998428457,0.2857495771417248
7835,0.11733930478531984,0.7969593404392513,0.6328113370578649,0.6143702367356787,0.5019593989452539
7836,0.6889814557080849,0.013813481600176258,0.26639817105763675,0.9699517805472598,0.1278702804633497
7837,0.015882676864952927,0.7531615121034049,0.8019085387000416,0.1372163796893504,0.09034130872583257
7838,0.09316411960977067,0.1364404632348173,0.4913692401241455,0.7477834071195809,0.19983853704729204
7839,0.08599642863276258,0.594648638868867,0.6675910409373558,0.7031452785543485,0.7546036278328493
7840,0.6193134922777364,0.5966470998128636,0.2387490456445579,0.8687239528734836,0.45835347609889787
7841,0.5096215271967545,0.7293480277751241,0.22318027145439023,0.558105382347419,0.24625440875659577
7842,0.6365587182058059,0.24312815575381197,0.9905558298400747,0.2439789919151203,0.023890634897041796
7843,0.7540084494453254,0.4165291582248867,0.7432242042932564,0.5540761575697684,0.4063933294567419
7844,0.3445924253835485,0.25609101902165043,0.28037452372493454,0.21677969594944535,0.7258890960259764
7845,0.07813350924044526,0.7798349141559374,0.7250658984713896,0.817619331549717,0.27534524435348395
7846,0.4379574686381257,0.20269617414927965,0.8705212200886447,0.6970208208169053,0.6367921990985774
7847,0.8837982292287918,0.8281794039026675,0.8112365320696184,0.2942402423706112,0.5372437459763667
7848,0.6767306054635275,0.15986485135780493,0.18501287179845727,0.3093906102150168,0.371952253969556
7849,0.4903869754356922,0.24474326753678033,0.9726155962582597,0.17956527857646765,0.28872021484442756
7850,0.12201494849603833,0.48035881594552876,0.9142175270316222,0.6793062475212923,0.3761851837678336
7851,0.21530218970446158,0.07041140003873869,0.353386116019789,0.5163016742792964,0.1807139533328701
7852,0.00840010868481711,0.7968584332640749,0.43297116406334335,0.22020744876557763,0.44159864214880773
7853,0.4454839815186671,0.6571396182380635,0.4413628316380661,0.3308013370109065,0.9976280449454733
7854,0.508552312301234,0.522852147340867,0.46983548269163244,0.282016896290307,0.20701968439256968
7855,0.16566411206246023,0.8093153164909418,0.08876190570842002,0.566288695603571,0.6582234054525907
7856,0.9612754309989656,0.1937844774661719,0.048155692561028474,0.4211499802450359,0.3787614364537405
7857,0.855927096307693,0.6988219033991568,0.9300261082829807,0.8558822214016029,0.18828474486780855
7858,0.15906337919881552,0.5529432523151405,0.567663592207623,0.48139920571355554,0.8654605645837191
7859,0.2242315509951811,0.663015297135378,0.9305455758683108,0.8670273725385003,0.1940824102601525
7860,0.24972137088780866,0.45884887406834307,0.00865758977347153,0.022999775225752805,0.21165510069767302
7861,0.0380567201637142,0.2656509259127754,0.7143374863193724,0.7249523611509217,0.8645306125048968
7862,0.5870193142340169,0.9741541767719788,0.6092216440485031,0.738093941904489,0.881324315898082
7863,0.920030671496344,0.7068283256900362,0.7996720708916569,0.7197358520341376,0.3353311197354071
7864,0.5820112476509077,0.5684329135156956,0.08571644269237122,0.6406031069178643,0.6456967019847204
7865,0.06955151484956179,0.5237215989926424,0.15528439491313106,0.017739251391607813,0.010379069346564407
7866,0.17355007692425328,0.6889409405563556,0.6308145345127826,0.1632667507098624,0.8243485472759517
7867,0.9391759012378561,0.8991222308011819,0.8401722843677227,0.07062588450232832,0.5952529473234933
7868,0.34446579032192204,0.3282923071540522,0.3526815364694609,0.7112753472626643,0.24712616932363396
7869,0.933998216558351,0.16660525700400897,0.3468970399323148,0.44490137402167673,0.3970551761215956
7870,0.9807006863017618,0.17244527566144696,0.6772345025867612,0.12787537432346885,0.4371153688654438
7871,0.7966069359130027,0.808939262520225,0.6592956415547649,0.05680037468624555,0.8947035671709844
7872,0.6767306054635275,0.15986485135780493,0.18501287179845727,0.3093906102150168,0.371952253969556
7873,0.4903869754356922,0.24474326753678033,0.9726155962582597,0.17956527857646765,0.28872021484442756
7874,0.12201494849603833,0.48035881594552876,0.9142175270316222,0.6793062475212923,0.3761851837678336
7875,0.21530218970446158,0.07041140003873869,0.353386116019789,0.5163016742792964,0.1807139533328701
7876,0.00840010868481711,0.7968584332640749,0.43297116406334335,0.22020744876557763,0.44159864214880773
7877,0.4454839815186671,0.6571396182380635,0.4413628316380661,0.3308013370109065,0.9976280449454733
7878,0.508552312301234,0.522852147340867,0.46983548269163244,0.282016896290307,0.20701968439256968
7879,0.16566411206246023,0.8093153164909418,0.08876190570842002,0.566288695603571,0.6582234054525907
7880,0.9612754309989656,0.1937844774661719,0.048155692561028474,0.4211499802450359,0.3787614364537405
7881,0.855927096307693,0.6988219033991568,0.9300261082829807,0.8558822214016029,0.18828474486780855
7882,0.15906337919881552,0.5529432523151405,0.567663592207623,0.48139920571355554,0.8654605645837191
7883,0.2242315509951811,0.663015297135378,0.9305455758683108,0.8670273725385003,0.1940824102601525
7884,0.24972137088780866,0.45884887406834307,0.00865758977347153,0.022999775225752805,0.21165510069767302
7885,0.0380567201637142,0.2656509259127754,0.7143374863193724,0.7249523611509217,0.8645306125048968
7886,0.5870193142340169,0.9741541767719788,0.6092216440485031,0.738093941904489,0.881324315898082
7887,0.920030671496344,0.7068283256900362,0.7996720708916569,0.7197358520341376,0.3353311197354071
7888,0.5820112476509077,0.5684329135156956,0.08571644269237122,0.6406031069178643,0.6456967019847204
7889,0.06955151484956179,0.5237215989926424,0.15528439491313106,0.017739251391607813,0.010379069346564407
7890,0.17355007692425328,0.6889409405563556,0.6308145345127826,0.1632667507098624,0.8243485472759517
7891,0.9391759012378561,0.8991222308011819,0.8401722843677227,0.07062588450232832,0.5952529473234933
7892,0.34446579032192204,0.3282923071540522,0.3526815364694609,0.7112753472626643,0.24712616932363396
7893,0.933998216558351,0.16660525700400897,0.3468970399323148,0.44490137402167673,0.3970551761215956
7894,0.9807006863017618,0.17244527566144696,0.6772345025867612,0.12787537432346885,0.4371153688654438
7895,0.7966069359130027,0.808939262520225,0.6592956415547649,0.05680037468624555,0.8947035671709844
7896,0.6767306054635275,0.15986485135780493,0.18501287179845727,0.3093906102150168,0.371952253969556
7897,0.4903869754356922,0.24474326753678033,0.9726155962582597,0.17956527857646765,0.28872021484442756
7898,0.12201494849603833,0.48035881594552876,0.9142175270316222,0.6793062475212923,0.3761851837678336
7899,0.21530218970446158,0.07041140003873869,0.353386116019789,0.5163016742792964,0.1807139533328701
7900,0.00840010868481711,0.7968584332640749,0.43297116406334335,0.22020744876557763,0.44159864214880773
7901,0.4454839815186671,0.6571396182380635,0.4413628316380661,0.3308013370109065,0.9976280449454733
7902,0.508552312301234,0.522852147340867,0.46983548269163244,0.282016896290307,0.20701968439256968
7903,0.16566411206246023,0.8093153164909418,0.08876190570842002,0.566288695603571,0.6582234054525907
7904,0.9612754309989656,0.1937844774661719,0.048155692561028474,0.4211499802450359,0.3787614364537405
7905,0.855927096307693,0.6988219033991568,0.9300261082829807,0.8558822214016029,0.18828474486780855
7906,0.15906337919881552,0.5529432523151405,0.567663592207623,0.48139920571355554,0.8654605645837191
7907,0.2242315509951811,0.663015297135378,0.9305455758683108,0.8670273725385003,0.1940824102601525
7908,0.24972137088780866,0.45884887406834307,0.00865758977347153,0.022999775225752805,0.21165510069767302
7909,0.0380567201637142,0.2656509259127754,0.7143374863193724,0.7249523611509217,0.8645306125048968
7910,0.5870193142340169,0.9741541767719788,0.6092216440485031,0.738093941904489,0.881324315898082
7911,0.920030671496344,0.7068283256900362,0.7996720708916569,0.7197358520341376,0.3353311197354071
7912,0.5820112476509077,0.5684329135156956,0.08571644269237122,0.6406031069178643,0.6456967019847204
7913,0.06955151484956179,0.5237215989926424,0.15528439491313106,0.017739251391607813,0.010379069346564407
7914,0.17355007692425328,0.6889409405563556,0.6308145345127826,0.1632667507098624,0.8243485472759517
7915,0.9391759012378561,0.8991222308011819,0.8401722843677227,0.07062588450232832,0.5952529473234933
7916,0.34446579032192204,0.3282923071540522,0.3526815364694609,0.7112753472626643,0.24712616932363396
7917,0.933998216558351,0.16660525700400897,0.3468970399323148,0.44490137402167673,0.3970551761215956
7918,0.9807006863017618,0.17244527566144696,0.6772345025867612,0.12787537432346885,0.4371153688654438
7919,0.7966069359130027,0.808939262520225,0.6592956415547649,0.05680037468624555,0.8947035671709844
7920,0.8179482267176993,0.61779099877711,0.846419607986813,0.03359649504741624,0.31623072886014914
7921,0.7172615855316324,0.20422940998688033,0.05232606323536515,0.17742294962299443,0.4935962938215519
7922,0.7841105513811717,0.20410269902208622,0.004118280154513099,0.9968067431111908,0.5045518213528666
7923,0.1533512764050139,0.7189344286793559,0.5345885673934152,0.41282244363315723,0.36998716009562516
7924,0.07268382404194262,0.6430503801876012,0.6492785233839875,0.8153190846274412,0.642723690229464
7925,0.022349972681287023,0.7759935968460852,0.5836448079352556,0.9107102873159807,0.40448007515814155
7926,0.10979959407283268,0.39177299328017723,0.04473080205874935,0.7079382025389832,0.9392684876761954
7927,0.8543661771997753,0.34755540823132813,0.7852407686315187,0.24616885924606668,0.4731529147301493
7928,0.9301425703928485,0.27732234941019707,0.6116274507267796,0.6325908679396391,0.6393964187449741
7929,0.41554647105561016,0.775213613151429,0.6050449973893407,0.30968485178014127,0.8569553626847883
7930,0.6588719406963962,0.569223166623495,0.5031102804536249,0.8510934998428457,0.2857495771417248
7931,0.11733930478531984,0.7969593404392513,0.6328113370578649,0.6143702367356787,0.5019593989452539
7932,0.6889814557080849,0.013813481600176258,0.26639817105763675,0.9699517805472598,0.1278702804633497
7933,0.015882676864952927,0.7531615121034049,0.8019085387000416,0.1372163796893504,0.09034130872583257
7934,0.09316411960977067,0.1364404632348173,0.4913692401241455,0.7477834071195809,0.19983853704729204
7935,0.08599642863276258,0.594648638868867,0.6675910409373558,0.7031452785543485,0.7546036278328493
7936,0.6193134922777364,0.5966470998128636,0.2387490456445579,0.8687239528734836,0.45835347609889787
7937,0.5096215271967545,0.7293480277751241,0.22318027145439023,0.558105382347419,0.24625440875659577
7938,0.6365587182058059,0.24312815575381197,0.9905558298400747,0.2439789919151203,0.023890634897041796
7939,0.7540084494453254,0.4165291582248867,0.7432242042932564,0.5540761575697684,0.4063933294567419
7940,0.3445924253835485,0.25609101902165043,0.28037452372493454,0.21677969594944535,0.7258890960259764
7941,0.07813350924044526,0.7798349141559374,0.7250658984713896,0.817619331549717,0.27534524435348395
7942,0.4379574686381257,0.20269617414927965,0.8705212200886447,0.6970208208169053,0.6367921990985774
7943,0.8837982292287918,0.8281794039026675,0.8112365320696184,0.2942402423706112,0.5372437459763667
7944,0.8179482267176993,0.61779099877711,0.846419607986813,0.03359649504741624,0.31623072886014914
7945,0.7172615855316324,0.20422940998688033,0.05232606323536515,0.17742294962299443,0.4935962938215519
7946,0.7841105513811717,0.20410269902208622,0.004118280154513099,0.9968067431111908,0.5045518213528666
7947,0.1533512764050139,0.7189344286793559,0.5345885673934152,0.41282244363315723,0.36998716009562516
7948,0.07268382404194262,0.6430503801876012,0.6492785233839875,0.8153190846274412,0.642723690229464
7949,0.022349972681287023,0.7759935968460852,0.5836448079352556,0.9107102873159807,0.40448007515814155
7950,0.10979959407283268,0.39177299328017723,0.04473080205874935,0.7079382025389832,0.9392684876761954
7951,0.8543661771997753,0.34755540823132813,0.7852407686315187,0.24616885924606668,0.4731529147301493
7952,0.9301425703928485,0.27732234941019707,0.6116274507267796,0.6325908679396391,0.6393964187449741
7953,0.41554647105561016,0.775213613151429,0.6050449973893407,0.30968485178014127,0.8569553626847883
7954,0.6588719406963962,0.569223166623495,0.5031102804536249,0.8510934998428457,0.2857495771417248
7955,0.11733930478531984,0.7969593404392513,0.6328113370578649,0.6143702367356787,0.5019593989452539
7956,0.6889814557080849,0.013813481600176258,0.26639817105763675,0.9699517805472598,0.1278702804633497
7957,0.015882676864952927,0.7531615121034049,0.8019085387000416,0.1372163796893504,0.09034130872583257
7958,0.09316411960977067,0.1364404632348173,0.4913692401241455,0.7477834071195809,0.19983853704729204
7959,0.08599642863276258,0.594648638868867,0.6675910409373558,0.7031452785543485,0.7546036278328493
7960,0.6193134922777364,0.5966470998128636,0.2387490456445579,0.8687239528734836,0.45835347609889787
7961,0.5096215271967545,0.7293480277751241,0.22318027145439023,0.558105382347419,0.24625440875659577
7962,0.6365587182058059,0.24312815575381197,0.9905558298400747,0.2439789919151203,0.023890634897041796
7963,0.7540084494453254,0.4165291582248867,0.7432242042932564,0.5540761575697684,0.4063933294567419
7964,0.3445924253835485,0.25609101902165043,0.28037452372493454,0.21677969594944535,0.7258890960259764
7965,0.07813350924044526,0.7798349141559374,0.7250658984713896,0.817619331549717,0.27534524435348395
7966,0.4379574686381257,0.20269617414927965,0.8705212200886447,0.6970208208169053,0.6367921990985774
7967,0.8837982292287918,0.8281794039026675,0.8112365320696184,0.2942402423706112,0.5372437459763667
7968,0.8179482267176993,0.61779099877711,0.846419607986813,0.03359649504741624,0.31623072886014914
7969,0.7172615855316324,0.20422940998688033,0.05232606323536515,0.17742294962299443,0.4935962938215519
7970,0.7841105513811717,0.20410269902208622,0.004118280154513099,0.9968067431111908,0.5045518213528666
7971,0.1533512764050139,0.7189344286793559,0.5345885673934152,0.41282244363315723,0.36998716009562516
7972,0.07268382404194262,0.6430503801876012,0.6492785233839875,0.8153190846274412,0.642723690229464
7973,0.022349972681287023,0.7759935968460852,0.5836448079352556,0.9107102873159807,0.40448007515814155
7974,0.10979959407283268,0.39177299328017723,0.04473080205874935,0.7079382025389832,0.9392684876761954
7975,0.8543661771997753,0.34755540823132813,0.7852407686315187,0.24616885924606668,0.4731529147301493
7976,0.9301425703928485,0.27732234941019707,0.6116274507267796,0.6325908679396391,0.6393964187449741
7977,0.41554647105561016,0.775213613151429,0.6050449973893407,0.30968485178014127,0.8569553626847883
7978,0.6588719406963962,0.569223166623495,0.5031102804536249,0.8510934998428457,0.2857495771417248
7979,0.11733930478531984,0.7969593404392513,0.6328113370578649,0.6143702367356787,0.5019593989452539
7980,0.6889814557080849,0.013813481600176258,0.26639817105763675,0.9699517805472598,0.1278702804633497
7981,0.015882676864952927,0.7531615121034049,0.8019085387000416,0.1372163796893504,0.09034130872583257
7982,0.09316411960977067,0.1364404632348173,0.4913692401241455,0.7477834071195809,0.19983853704729204
7983,0.08599642863276258,0.594648638868867,0.6675910409373558,0.7031452785543485,0.7546036278328493
7984,0.6193134922777364,0.5966470998128636,0.2387490456445579,0.8687239528734836,0.45835347609889787
7985,0.5096215271967545,0.7293480277751241,0.22318027145439023,0.558105382347419,0.24625440875659577
7986,0.6365587182058059,0.24312815575381197,0.9905558298400747,0.2439789919151203,0.023890634897041796
7987,0.7540084494453254,0.4165291582248867,0.7432242042932564,0.5540761575697684,0.4063933294567419
7988,0.3445924253835485,0.25609101902165043,0.28037452372493454,0.21677969594944535,0.7258890960259764
7989,0.07813350924044526,0.7798349141559374,0.7250658984713896,0.817619331549717,0.27534524435348395
7990,0.4379574686381257,0.20269617414927965,0.8705212200886447,0.6970208208169053,0.6367921990985774
7991,0.8837982292287918,0.8281794039026675,0.8112365320696184,0.2942402423706112,0.5372437459763667
7992,0.705520432961609,0.6452765343967035,0.6615511548105761,0.3473189532193719,0.4912151130092066
7993,0.30652586416348526,0.18482410282542128,0.538128780558699,0.1532053266928629,0.6082331032835606
7994,0.5161286646461907,0.4631517151775243,0.16389308976018446,0.5403786323268631,0.3719828547899382
7995,0.2552779157306113,0.3265580911573466,0.013965380166376273,0.08234360758217274,0.7272590491093475
7996,0.5979602968903952,0.7839983923645909,0.06618950396897094,0.8385075972490418,0.9205480134862886
7997,0.22807696120837595,0.43267443749035994,0.08768277680498726,0.7750220568931642,0.4736262589491429
7998,0.7012473542679747,0.9971801682545409,0.7396623648815351,0.2224447889383897,0.8347112946128057
7999,0.2557390614300348,0.9861526040370995,0.3279732308587726,0.19605579960003472,0.9315815304584348
8000,0.6767574948715648,0.7010384851394463,0.4980224739124379,0.6609224387656178,0.7730784729776218
8001,0.7646444464896024,0.3331816696144021,0.09768521400877506,0.18335183744905237,0.3144831569215717
8002,0.3084485890299733,0.6321713992079405,0.7486172421642412,0.1644484745114172,0.7339864619375644
8003,0.8288545822654458,0.45985939199523485,0.12083485384691028,0.24441676889731345,0.6663579451855223
8004,0.09830309924618152,0.5039219032760728,0.05121857224163495,0.43754036882326686,0.663094899013265
8005,0.043236909629550735,0.5147770205019193,0.7072334058760312,0.3658283582841748,0.16188024712947968
8006,0.11038021845537249,0.31440248526754155,0.2576776495245271,0.9517471488640691,0.8374619241056137
8007,0.5957398052687684,0.6598705511782851,0.5584164874402139,0.8957268989803567,0.9917353762249433
8008,0.6407581955224211,0.194785768329794,0.2968876244969815,0.7187068253678927,0.6056407380723736
8009,0.23761145605332246,0.3895752425081518,0.6961668150143084,0.4571368211908632,0.07065500433053862
8010,0.9430581512541234,0.207608784306477,0.7113496621184238,0.22999242602076053,0.9026680697023405
8011,0.839597262020095,0.3110601819743759,0.763539319502838,0.3860201549852814,0.17318496857210264
8012,0.13187371566804595,0.2685047257913108,0.8312302132099867,0.9313193729293665,0.5712026074821978
8013,0.08158236728345791,0.4461716408002986,0.5625473664955217,0.7597740682305693,0.48699204497112913
8014,0.20856244866516105,0.10045457535352464,0.17592761655446498,0.18711223285973355,0.19679543278949418
8015,0.9298435493416487,0.33885873765535546,0.21148057828846445,0.6557163427180519,0.4196308403847415
8016,0.8179482267176993,0.61779099877711,0.846419607986813,0.03359649504741624,0.31623072886014914
8017,0.7172615855316324,0.20422940998688033,0.05232606323536515,0.17742294962299443,0.4935962938215519
8018,0.7841105513811717,0.20410269902208622,0.004118280154513099,0.9968067431111908,0.5045518213528666
8019,0.1533512764050139,0.7189344286793559,0.5345885673934152,0.41282244363315723,0.36998716009562516
8020,0.07268382404194262,0.6430503801876012,0.6492785233839875,0.8153190846274412,0.642723690229464
8021,0.022349972681287023,0.7759935968460852,0.5836448079352556,0.9107102873159807,0.40448007515814155
8022,0.10979959407283268,0.39177299328017723,0.04473080205874935,0.7079382025389832,0.9392684876761954
8023,0.8543661771997753,0.34755540823132813,0.7852407686315187,0.24616885924606668,0.4731529147301493
8024,0.9301425703928485,0.27732234941019707,0.6116274507267796,0.6325908679396391,0.6393964187449741
8025,0.41554647105561016,0.775213613151429,0.6050449973893407,0.30968485178014127,0.8569553626847883
8026,0.6588719406963962,0.569223166623495,0.5031102804536249,0.8510934998428457,0.2857495771417248
8027,0.11733930478531984,0.7969593404392513,0.6328113370578649,0.6143702367356787,0.5019593989452539
8028,0.6889814557080849,0.013813481600176258,0.26639817105763675,0.9699517805472598,0.1278702804633497
8029,0.015882676864952927,0.7531615121034049,0.8019085387000416,0.1372163796893504,0.09034130872583257
8030,0.09316411960977067,0.1364404632348173,0.4913692401241455,0.7477834071195809,0.19983853704729204
8031,0.08599642863276258,0.594648638868867,0.6675910409373558,0.7031452785543485,0.7546036278328493
8032,0.6193134922777364,0.5966470998128636,0.2387490456445579,0.8687239528734836,0.45835347609889787
8033,0.5096215271967545,0.7293480277751241,0.22318027145439023,0.558105382347419,0.24625440875659577
8034,0.6365587182058059,0.24312815575381197,0.9905558298400747,0.2439789919151203,0.023890634897041796
8035,0.7540084494453254,0.4165291582248867,0.7432242042932564,0.5540761575697684,0.4063933294567419
8036,0.3445924253835485,0.25609101902165043,0.28037452372493454,0.21677969594944535,0.7258890960259764
8037,0.07813350924044526,0.7798349141559374,0.7250658984713896,0.817619331549717,0.27534524435348395
8038,0.4379574686381257,0.20269617414927965,0.8705212200886447,0.6970208208169053,0.6367921990985774
8039,0.8837982292287918,0.8281794039026675,0.8112365320696184,0.2942402423706112,0.5372437459763667
8040,0.8179482267176993,0.61779099877711,0.846419607986813,0.03359649504741624,0.31623072886014914
8041,0.7172615855316324,0.20422940998688033,0.05232606323536515,0.17742294962299443,0.4935962938215519
8042,0.7841105513811717,0.20410269902208622,0.004118280154513099,0.9968067431111908,0.5045518213528666
8043,0.1533512764050139,0.7189344286793559,0.5345885673934152,0.41282244363315723,0.36998716009562516
8044,0.07268382404194262,0.6430503801876012,0.6492785233839875,0.8153190846274412,0.642723690229464
8045,0.022349972681287023,0.7759935968460852,0.5836448079352556,0.9107102873159807,0.40448007515814155
8046,0.10979959407283268,0.39177299328017723,0.04473080205874935,0.7079382025389832,0.9392684876761954
8047,0.8543661771997753,0.34755540823132813,0.7852407686315187,0.24616885924606668,0.4731529147301493
8048,0.9301425703928485,0.27732234941019707,0.6116274507267796,0.6325908679396391,0.6393964187449741
8049,0.41554647105561016,0.775213613151429,0.6050449973893407,0.30968485178014127,0.8569553626847883
8050,0.6588719406963962,0.569223166623495,0.5031102804536249,0.8510934998428457,0.2857495771417248
8051,0.11733930478531984,0.7969593404392513,0.6328113370578649,0.6143702367356787,0.5019593989452539
8052,0.6889814557080849,0.013813481600176258,0.26639817105763675,0.9699517805472598,0.1278702804633497
8053,0.015882676864952927,0.7531615121034049,0.8019085387000416,0.1372163796893504,0.09034130872583257
8054,0.09316411960977067,0.1364404632348173,0.4913692401241455,0.7477834071195809,0.19983853704729204
8055,0.08599642863276258,0.594648638868867,0.6675910409373558,0.7031452785543485,0.7546036278328493
8056,0.6193134922777364,0.5966470998128636,0.2387490456445579,0.8687239528734836,0.45835347609889787
8057,0.5096215271967545,0.7293480277751241,0.22318027145439023,0.558105382347419,0.24625440875659577
8058,0.6365587182058059,0.24312815575381197,0.9905558298400747,0.2439789919151203,0.023890634897041796
8059,0.7540084494453254,0.4165291582248867,0.7432242042932564,0.5540761575697684,0.4063933294567419
8060,0.3445924253835485,0.25609101902165043,0.28037452372493454,0.21677969594944535,0.7258890960259764
8061,0.07813350924044526,0.7798349141559374,0.7250658984713896,0.817619331549717,0.27534524435348395
8062,0.4379574686381257,0.20269617414927965,0.8705212200886447,0.6970208208169053,0.6367921990985774
8063,0.8837982292287918,0.8281794039026675,0.8112365320696184,0.2942402423706112,0.5372437459763667
8064,0.6767306054635275,0.15986485135780493,0.18501287179845727,0.3093906102150168,0.371952253969556
8065,0.4903869754356922,0.24474326753678033,0.9726155962582597,0.17956527857646765,0.28872021484442756
8066,0.12201494849603833,0.48035881594552876,0.9142175270316222,0.6793062475212923,0.3761851837678336
8067,0.21530218970446158,0.07041140003873869,0.353386116019789,0.5163016742792964,0.1807139533328701
8068,0.00840010868481711,0.7968584332640749,0.43297116406334335,0.22020744876557763,0.44159864214880773
8069,0.4454839815186671,0.6571396182380635,0.4413628316380661,0.3308013370109065,0.9976280449454733
8070,0.508552312301234,0.522852147340867,0.46983548269163244,0.282016896290307,0.20701968439256968
8071,0.16566411206246023,0.8093153164909418,0.08876190570842002,0.566288695603571,0.6582234054525907
8072,0.9612754309989656,0.1937844774661719,0.048155692561028474,0.4211499802450359,0.3787614364537405
8073,0.855927096307693,0.6988219033991568,0.9300261082829807,0.8558822214016029,0.18828474486780855
8074,0.15906337919881552,0.5529432523151405,0.567663592207623,0.48139920571355554,0.8654605645837191
8075,0.2242315509951811,0.663015297135378,0.9305455758683108,0.8670273725385003,0.1940824102601525
8076,0.24972137088780866,0.45884887406834307,0.00865758977347153,0.022999775225752805,0.21165510069767302
8077,0.0380567201637142,0.2656509259127754,0.7143374863193724,0.7249523611509217,0.8645306125048968
8078,0.5870193142340169,0.9741541767719788,0.6092216440485031,0.738093941904489,0.881324315898082
8079,0.920030671496344,0.7068283256900362,0.7996720708916569,0.7197358520341376,0.3353311197354071
8080,0.5820112476509077,0.5684329135156956,0.08571644269237122,0.6406031069178643,0.6456967019847204
8081,0.06955151484956179,0.5237215989926424,0.15528439491313106,0.017739251391607813,0.010379069346564407
8082,0.17355007692425328,0.6889409405563556,0.6308145345127826,0.1632667507098624,0.8243485472759517
8083,0.9391759012378561,0.8991222308011819,0.8401722843677227,0.07062588450232832,0.5952529473234933
8084,0.34446579032192204,0.3282923071540522,0.3526815364694609,0.7112753472626643,0.24712616932363396
8085,0.933998216558351,0.16660525700400897,0.3468970399323148,0.44490137402167673,0.3970551761215956
8086,0.9807006863017618,0.17244527566144696,0.6772345025867612,0.12787537432346885,0.4371153688654438
8087,0.7966069359130027,0.808939262520225,0.6592956415547649,0.05680037468624555,0.8947035671709844
8088,0.8179482267176993,0.61779099877711,0.846419607986813,0.03359649504741624,0.31623072886014914
8089,0.7172615855316324,0.20422940998688033,0.05232606323536515,0.17742294962299443,0.4935962938215519
8090,0.7841105513811717,0.20410269902208622,0.004118280154513099,0.9968067431111908,0.5045518213528666
8091,0.1533512764050139,0.7189344286793559,0.5345885673934152,0.41282244363315723,0.36998716009562516
8092,0.07268382404194262,0.6430503801876012,0.6492785233839875,0.8153190846274412,0.642723690229464
8093,0.022349972681287023,0.7759935968460852,0.5836448079352556,0.9107102873159807,0.40448007515814155
8094,0.10979959407283268,0.39177299328017723,0.04473080205874935,0.7079382025389832,0.9392684876761954
8095,0.8543661771997753,0.34755540823132813,0.7852407686315187,0.24616885924606668,0.4731529147301493
8096,0.9301425703928485,0.27732234941019707,0.6116274507267796,0.6325908679396391,0.6393964187449741
8097,0.41554647105561016,0.775213613151429,0.6050449973893407,0.30968485178014127,0.8569553626847883
8098,0.6588719406963962,0.569223166623495,0.5031102804536249,0.8510934998428457,0.2857495771417248
8099,0.11733930478531984,0.7969593404392513,0.6328113370578649,0.6143702367356787,0.5019593989452539
8100,0.6889814557080849,0.013813481600176258,0.26639817105763675,0.9699517805472598,0.1278702804633497
8101,0.015882676864952927,0.7531615121034049,0.8019085387000416,0.1372163796893504,0.09034130872583257
8102,0.09316411960977067,0.1364404632348173,0.4913692401241455,0.7477834071195809,0.19983853704729204
8103,0.08599642863276258,0.594648638868867,0.6675910409373558,0.7031452785543485,0.7546036278328493
8104,0.6193134922777364,0.5966470998128636,0.2387490456445579,0.8687239528734836,0.45835347609889787
8105,0.5096215271967545,0.7293480277751241,0.22318027145439023,0.558105382347419,0.24625440875659577
8106,0.6365587182058059,0.24312815575381197,0.9905558298400747,0.2439789919151203,0.023890634897041796
8107,0.7540084494453254,0.4165291582248867,0.7432242042932564,0.5540761575697684,0.4063933294567419
8108,0.3445924253835485,0.25609101902165043,0.28037452372493454,0.21677969594944535,0.7258890960259764
8109,0.07813350924044526,0.7798349141559374,0.7250658984713896,0.817619331549717,0.27534524435348395
8110,0.4379574686381257,0.20269617414927965,0.8705212200886447,0.6970208208169053,0.6367921990985774
8111,0.8837982292287918,0.8281794039026675,0.8112365320696184,0.2942402423706112,0.5372437459763667
8112,0.8179482267176993,0.61779099877711,0.846419607986813,0.03359649504741624,0.31623072886014914
8113,0.7172615855316324,0.20422940998688033,0.05232606323536515,0.17742294962299443,0.4935962938215519
8114,0.7841105513811717,0.20410269902208622,0.004118280154513099,0.9968067431111908,0.5045518213528666
8115,0.1533512764050139,0.7189344286793559,0.5345885673934152,0.41282244363315723,0.36998716009562516
8116,0.07268382404194262,0.6430503801876012,0.6492785233839875,0.8153190846274412,0.642723690229464
8117,0.022349972681287023,0.7759935968460852,0.5836448079352556,0.9107102873159807,0.40448007515814155
8118,0.10979959407283268,0.39177299328017723,0.04473080205874935,0.7079382025389832,0.9392684876761954
8119,0.8543661771997753,0.34755540823132813,0.7852407686315187,0.24616885924606668,0.4731529147301493
8120,0.9301425703928485,0.27732234941019707,0.6116274507267796,0.6325908679396391,0.6393964187449741
8121,0.41554647105561016,0.775213613151429,0.6050449973893407,0.30968485178014127,0.8569553626847883
8122,0.6588719406963962,0.569223166623495,0.5031102804536249,0.8510934998428457,0.2857495771417248
8123,0.11733930478531984,0.7969593404392513,0.6328113370578649,0.6143702367356787,0.5019593989452539
8124,0.6889814557080849,0.013813481600176258,0.26639817105763675,0.9699517805472598,0.1278702804633497
8125,0.015882676864952927,0.7531615121034049,0.8019085387000416,0.1372163796893504,0.09034130872583257
8126,0.09316411960977067,0.1364404632348173,0.4913692401241455,0.7477834071195809,0.19983853704729204
8127,0.08599642863276258,0.594648638868867,0.6675910409373558,0.7031452785543485,0.7546036278328493
8128,0.6193134922777364,0.5966470998128636,0.2387490456445579,0.8687239528734836,0.45835347609889787
8129,0.5096215271967545,0.7293480277751241,0.22318027145439023,0.558105382347419,0.24625440875659577
8130,0.6365587182058059,0.24312815575381197,0.9905558298400747,0.2439789919151203,0.023890634897041796
8131,0.7540084494453254,0.4165291582248867,0.7432242042932564,0.5540761575697684,0.4063933294567419
8132,0.3445924253835485,0.25609101902165043,0.28037452372493454,0.21677969594944535,0.7258890960259764
8133,0.07813350924044526,0.7798349141559374,0.7250658984713896,0.817619331549717,0.27534524435348395
8134,0.4379574686381257,0.20269617414927965,0.8705212200886447,0.6970208208169053,0.6367921990985774
8135,0.8837982292287918,0.8281794039026675,0.8112365320696184,0.2942402423706112,0.5372437459763667
8136,0.8179482267176993,0.61779099877711,0.846419607986813,0.03359649504741624,0.31623072886014914
8137,0.7172615855316324,0.20422940998688033,0.05232606323536515,0.17742294962299443,0.4935962938215519
8138,0.7841105513811717,0.20410269902208622,0.004118280154513099,0.9968067431111908,0.5045518213528666
8139,0.1533512764050139,0.7189344286793559,0.5345885673934152,0.41282244363315723,0.36998716009562516
8140,0.07268382404194262,0.6430503801876012,0.6492785233839875,0.8153190846274412,0.642723690229464
8141,0.022349972681287023,0.7759935968460852,0.5836448079352556,0.9107102873159807,0.40448007515814155
8142,0.10979959407283268,0.39177299328017723,0.04473080205874935,0.7079382025389832,0.9392684876761954
8143,0.8543661771997753,0.34755540823132813,0.7852407686315187,0.24616885924606668,0.4731529147301493
8144,0.9301425703928485,0.27732234941019707,0.6116274507267796,0.6325908679396391,0.6393964187449741
8145,0.41554647105561016,0.775213613151429,0.6050449973893407,0.30968485178014127,0.8569553626847883
8146,0.6588719406963962,0.569223166623495,0.5031102804536249,0.8510934998428457,0.2857495771417248
8147,0.11733930478531984,0.7969593404392513,0.6328113370578649,0.6143702367356787,0.5019593989452539
8148,0.6889814557080849,0.013813481600176258,0.26639817105763675,0.9699517805472598,0.1278702804633497
8149,0.015882676864952927,0.7531615121034049,0.8019085387000416,0.1372163796893504,0.09034130872583257
8150,0.09316411960977067,0.1364404632348173,0.4913692401241455,0.7477834071195809,0.19983853704729204
8151,0.08599642863276258,0.594648638868867,0.6675910409373558,0.7031452785543485,0.7546036278328493
8152,0.6193134922777364,0.5966470998128636,0.2387490456445579,0.8687239528734836,0.45835347609889787
8153,0.5096215271967545,0.7293480277751241,0.22318027145439023,0.558105382347419,0.24625440875659577
8154,0.6365587182058059,0.24312815575381197,0.9905558298400747,0.2439789919151203,0.023890634897041796
8155,0.7540084494453254,0.4165291582248867,0.7432242042932564,0.5540761575697684,0.4063933294567419
8156,0.3445924253835485,0.25609101902165043,0.28037452372493454,0.21677969594944535,0.7258890960259764
8157,0.07813350924044526,0.7798349141559374,0.7250658984713896,0.817619331549717,0.27534524435348395
8158,0.4379574686381257,0.20269617414927965,0.8705212200886447,0.6970208208169053,0.6367921990985774
8159,0.8837982292287918,0.8281794039026675,0.8112365320696184,0.2942402423706112,0.5372437459763667
8160,0.8179482267176993,0.61779099877711,0.846419607986813,0.03359649504741624,0.31623072886014914
8161,0.7172615855316324,0.20422940998688033,0.05232606323536515,0.17742294962299443,0.4935962938215519
8162,0.7841105513811717,0.20410269902208622,0.004118280154513099,0.9968067431111908,0.5045518213528666
8163,0.1533512764050139,0.7189344286793559,0.5345885673934152,0.41282244363315723,0.36998716009562516
8164,0.07268382404194262,0.6430503801876012,0.6492785233839875,0.8153190846274412,0.642723690229464
8165,0.022349972681287023,0.7759935968460852,0.5836448079352556,0.9107102873159807,0.40448007515814155
8166,0.10979959407283268,0.39177299328017723,0.04473080205874935,0.7079382025389832,0.9392684876761954
8167,0.8543661771997753,0.34755540823132813,0.7852407686315187,0.24616885924606668,0.4731529147301493
8168,0.9301425703928485,0.27732234941019707,0.6116274507267796,0.6325908679396391,0.6393964187449741
8169,0.41554647105561016,0.775213613151429,0.6050449973893407,0.30968485178014127,0.8569553626847883
8170,0.6588719406963962,0.569223166623495,0.5031102804536249,0.8510934998428457,0.2857495771417248
8171,0.11733930478531984,0.7969593404392513,0.6328113370578649,0.6143702367356787,0.5019593989452539
8172,0.6889814557080849,0.013813481600176258,0.26639817105763675,0.9699517805472598,0.1278702804633497
8173,0.015882676864952927,0.7531615121034049,0.8019085387000416,0.1372163796893504,0.09034130872583257
8174,0.09316411960977067,0.1364404632348173,0.4913692401241455,0.7477834071195809,0.19983853704729204
8175,0.08599642863276258,0.594648638868867,0.6675910409373558,0.7031452785543485,0.7546036278328493
8176,0.6193134922777364,0.5966470998128636,0.2387490456445579,0.8687239528734836,0.45835347609889787
8177,0.5096215271967545,0.7293480277751241,0.22318027145439023,0.558105382347419,0.24625440875659577
8178,0.6365587182058059,0.24312815575381197,0.9905558298400747,0.2439789919151203,0.023890634897041796
8179,0.7540084494453254,0.4165291582248867,0.7432242042932564,0.5540761575697684,0.4063933294567419
8180,0.3445924253835485,0.25609101902165043,0.28037452372493454,0.21677969594944535,0.7258890960259764
8181,0.07813350924044526,0.7798349141559374,0.7250658984713896,0.817619331549717,0.27534524435348395
8182,0.4379574686381257,0.20269617414927965,0.8705212200886447,0.6970208208169053,0.6367921990985774
8183,0.8837982292287918,0.8281794039026675,0.8112365320696184,0.2942402423706112,0.5372437459763667
8184,0.705520432961609,0.6452765343967035,0.6615511548105761,0.3473189532193719,0.4912151130092066
8185,0.30652586416348526,0.18482410282542128,0.538128780558699,0.1532053266928629,0.6082331032835606
8186,0.5161286646461907,0.4631517151775243,0.16389308976018446,0.5403786323268631,0.3719828547899382
8187,0.2552779157306113,0.3265580911573466,0.013965380166376273,0.08234360758217274,0.7272590491093475
8188,0.5979602968903952,0.7839983923645909,0.06618950396897094,0.8385075972490418,0.9205480134862886
8189,0.22807696120837595,0.43267443749035994,0.08768277680498726,0.7750220568931642,0.4736262589491429
8190,0.7012473542679747,0.9971801682545409,0.7396623648815351,0.2224447889383897,0.8347112946128057
8191,0.2557390614300348,0.9861526040370995,0.3279732308587726,0.19605579960003472,0.9315815304584348
8192,0.6767574948715648,0.7010384851394463,0.4980224739124379,0.6609224387656178,0.7730784729776218
8193,0.7646444464896024,0.3331816696144021,0.09768521400877506,0.18335183744905237,0.3144831569215717
8194,0.3084485890299733,0.6321713992079405,0.7486172421642412,0.1644484745114172,0.7339864619375644
8195,0.8288545822654458,0.45985939199523485,0.12083485384691028,0.24441676889731345,0.6663579451855223
8196,0.09830309924618152,0.5039219032760728,0.05121857224163495,0.43754036882326686,0.663094899013265
8197,0.043236909629550735,0.5147770205019193,0.7072334058760312,0.3658283582841748,0.16188024712947968
8198,0.11038021845537249,0.31440248526754155,0.2576776495245271,0.9517471488640691,0.8374619241056137
8199,0.5957398052687684,0.6598705511782851,0.5584164874402139,0.8957268989803567,0.9917353762249433
8200,0.6407581955224211,0.194785768329794,0.2968876244969815,0.7187068253678927,0.6056407380723736
8201,0.23761145605332246,0.3895752425081518,0.6961668150143084,0.4571368211908632,0.07065500433053862
8202,0.9430581512541234,0.207608784306477,0.7113496621184238,0.22999242602076053,0.9026680697023405
8203,0.839597262020095,0.3110601819743759,0.763539319502838,0.3860201549852814,0.17318496857210264
8204,0.13187371566804595,0.2685047257913108,0.8312302132099867,0.9313193729293665,0.5712026074821978
8205,0.08158236728345791,0.4461716408002986,0.5625473664955217,0.7597740682305693,0.48699204497112913
8206,0.20856244866516105,0.10045457535352464,0.17592761655446498,0.18711223285973355,0.19679543278949418
8207,0.9298435493416487,0.33885873765535546,0.21148057828846445,0.6557163427180519,0.4196308403847415
8208,0.8179482267176993,0.61779099877711,0.846419607986813,0.03359649504741624,0.31623072886014914
8209,0.7172615855316324,0.20422940998688033,0.05232606323536515,0.17742294962299443,0.4935962938215519
8210,0.7841105513811717,0.20410269902208622,0.004118280154513099,0.9968067431111908,0.5045518213528666
8211,0.1533512764050139,0.7189344286793559,0.5345885673934152,0.41282244363315723,0.36998716009562516
8212,0.07268382404194262,0.6430503801876012,0.6492785233839875,0.8153190846274412,0.642723690229464
8213,0.022349972681287023,0.7759935968460852,0.5836448079352556,0.9107102873159807,0.40448007515814155
8214,0.10979959407283268,0.39177299328017723,0.04473080205874935,0.7079382025389832,0.9392684876761954
8215,0.8543661771997753,0.34755540823132813,0.7852407686315187,0.24616885924606668,0.4731529147301493
8216,0.9301425703928485,0.27732234941019707,0.6116274507267796,0.6325908679396391,0.6393964187449741
8217,0.41554647105561016,0.775213613151429,0.6050449973893407,0.30968485178014127,0.8569553626847883
8218,0.6588719406963962,0.569223166623495,0.5031102804536249,0.8510934998428457,0.2857495771417248
8219,0.11733930478531984,0.7969593404392513,0.6328113370578649,0.6143702367356787,0.5019593989452539
8220,0.6889814557080849,0.013813481600176258,0.26639817105763675,0.9699517805472598,0.1278702804633497
8221,0.015882676864952927,0.7531615121034049,0.8019085387000416,0.1372163796893504,0.09034130872583257
8222,0.09316411960977067,0.1364404632348173,0.4913692401241455,0.7477834071195809,0.19983853704729204
8223,0.08599642863276258,0.594648638868867,0.6675910409373558,0.7031452785543485,0.7546036278328493
8224,0.6193134922777364,0.5966470998128636,0.2387490456445579,0.8687239528734836,0.45835347609889787
8225,0.5096215271967545,0.7293480277751241,0.22318027145439023,0.558105382347419,0.24625440875659577
8226,0.6365587182058059,0.24312815575381197,0.9905558298400747,0.2439789919151203,0.023890634897041796
8227,0.7540084494453254,0.4165291582248867,0.7432242042932564,0.5540761575697684,0.4063933294567419
8228,0.3445924253835485,0.25609101902165043,0.28037452372493454,0.21677969594944535,0.7258890960259764
8229,0.07813350924044526,0.7798349141559374,0.7250658984713896,0.817619331549717,0.27534524435348395
8230,0.4379574686381257,0.20269617414927965,0.8705212200886447,0.6970208208169053,0.6367921990985774
8231,0.8837982292287918,0.8281794039026675,0.8112365320696184,0.2942402423706112,0.5372437459763667
8232,0.8179482267176993,0.61779099877711,0.846419607986813,0.03359649504741624,0.31623072886014914
8233,0.7172615855316324,0.20422940998688033,0.05232606323536515,0.17742294962299443,0.4935962938215519
8234,0.7841105513811717,0.20410269902208622,0.004118280154513099,0.9968067431111908,0.5045518213528666
8235,0.1533512764050139,0.7189344286793559,0.5345885673934152,0.41282244363315723,0.36998716009562516
8236,0.07268382404194262,0.6430503801876012,0.6492785233839875,0.8153190846274412,0.642723690229464
8237,0.022349972681287023,0.7759935968460852,0.5836448079352556,0.9107102873159807,0.40448007515814155
8238,0.10979959407283268,0.39177299328017723,0.04473080205874935,0.7079382025389832,0.9392684876761954
8239,0.8543661771997753,0.34755540823132813,0.7852407686315187,0.24616885924606668,0.4731529147301493
8240,0.9301425703928485,0.27732234941019707,0.6116274507267796,0.6325908679396391,0.6393964187449741
8241,0.41554647105561016,0.775213613151429,0.6050449973893407,0.30968485178014127,0.8569553626847883
8242,0.6588719406963962,0.569223166623495,0.5031102804536249,0.8510934998428457,0.2857495771417248
8243,0.11733930478531984,0.7969593404392513,0.6328113370578649,0.6143702367356787,0.5019593989452539
8244,0.6889814557080849,0.013813481600176258,0.26639817105763675,0.9699517805472598,0.1278702804633497
8245,0.015882676864952927,0.7531615121034049,0.8019085387000416,0.1372163796893504,0.09034130872583257
8246,0.09316411960977067,0.1364404632348173,0.4913692401241455,0.7477834071195809,0.19983853704729204
8247,0.08599642863276258,0.594648638868867,0.6675910409373558,0.7031452785543485,0.7546036278328493
8248,0.6193134922777364,0.5966470998128636,0.2387490456445579,0.8687239528734836,0.45835347609889787
8249,0.5096215271967545,0.7293480277751241,0.22318027145439023,0.558105382347419,0.24625440875659577
8250,0.6365587182058059,0.24312815575381197,0.9905558298400747,0.2439789919151203,0.023890634897041796
8251,0.7540084494453254,0.4165291582248867,0.7432242042932564,0.5540761575697684,0.4063933294567419
8252,0.3445924253835485,0.25609101902165043,0.28037452372493454,0.21677969594944535,0.7258890960259764
8253,0.07813350924044526,0.7798349141559374,0.7250658984713896,0.817619331549717,0.27534524435348395
8254,0.4379574686381257,0.20269617414927965,0.8705212200886447,0.6970208208169053,0.6367921990985774
8255,0.8837982292287918,0.8281794039026675,0.8112365320696184,0.2942402423706112,0.5372437459763667
8256,0.8179482267176993,0.61779099877711,0.846419607986813,0.03359649504741624,0.31623072886014914
8257,0.7172615855316324,0.20422940998688033,0.05232606323536515,0.17742294962299443,0.4935962938215519
8258,0.7841105513811717,0.20410269902208622,0.004118280154513099,0.9968067431111908,0.5045518213528666
8259,0.1533512764050139,0.7189344286793559,0.5345885673934152,0.41282244363315723,0.36998716009562516
8260,0.07268382404194262,0.6430503801876012,0.6492785233839875,0.8153190846274412,0.642723690229464
8261,0.022349972681287023,0.7759935968460852,0.5836448079352556,0.9107102873159807,0.40448007515814155
8262,0.10979959407283268,0.39177299328017723,0.04473080205874935,0.7079382025389832,0.9392684876761954
8263,0.8543661771997753,0.34755540823132813,0.7852407686315187,0.24616885924606668,0.4731529147301493
8264,0.9301425703928485,0.27732234941019707,0.6116274507267796,0.6325908679396391,0.6393964187449741
8265,0.41554647105561016,0.775213613151429,0.6050449973893407,0.30968485178014127,0.8569553626847883
8266,0.6588719406963962,0.569223166623495,0.5031102804536249,0.8510934998428457,0.2857495771417248
8267,0.11733930478531984,0.7969593404392513,0.6328113370578649,0.6143702367356787,0.5019593989452539
8268,0.6889814557080849,0.013813481600176258,0.26639817105763675,0.9699517805472598,0.1278702804633497
8269,0.015882676864952927,0.7531615121034049,0.8019085387000416,0.1372163796893504,0.09034130872583257
8270,0.09316411960977067,0.1364404632348173,0.4913692401241455,0.7477834071195809,0.19983853704729204
8271,0.08599642863276258,0.594648638868867,0.6675910409373558,0.7031452785543485,0.7546036278328493
8272,0.6193134922777364,0.5966470998128636,0.2387490456445579,0.8687239528734836,0.45835347609889787
8273,0.5096215271967545,0.7293480277751241,0.22318027145439023,0.558105382347419,0.24625440875659577
8274,0.6365587182058059,0.24312815575381197,0.9905558298400747,0.2439789919151203,0.023890634897041796
8275,0.7540084494453254,0.4165291582248867,0.7432242042932564,0.5540761575697684,0.4063933294567419
8276,0.3445924253835485,0.25609101902165043,0.28037452372493454,0.21677969594944535,0.7258890960259764
8277,0.07813350924044526,0.7798349141559374,0.7250658984713896,0.817619331549717,0.27534524435348395
8278,0.4379574686381257,0.20269617414927965,0.8705212200886447,0.6970208208169053,0.6367921990985774
8279,0.8837982292287918,0.8281794039026675,0.8112365320696184,0.2942402423706112,0.5372437459763667
8280,0.6767306054635275,0.15986485135780493,0.18501287179845727,0.3093906102150168,0.371952253969556
8281,0.4903869754356922,0.24474326753678033,0.9726155962582597,0.17956527857646765,0.28872021484442756
8282,0.12201494849603833,0.48035881594552876,0.9142175270316222,0.6793062475212923,0.3761851837678336
8283,0.21530218970446158,0.07041140003873869,0.353386116019789,0.5163016742792964,0.1807139533328701
8284,0.00840010868481711,0.7968584332640749,0.43297116406334335,0.22020744876557763,0.44159864214880773
8285,0.4454839815186671,0.6571396182380635,0.4413628316380661,0.3308013370109065,0.9976280449454733
8286,0.508552312301234,0.522852147340867,0.46983548269163244,0.282016896290307,0.20701968439256968
8287,0.16566411206246023,0.8093153164909418,0.08876190570842002,0.566288695603571,0.6582234054525907
8288,0.9612754309989656,0.1937844774661719,0.048155692561028474,0.4211499802450359,0.3787614364537405
8289,0.855927096307693,0.6988219033991568,0.9300261082829807,0.8558822214016029,0.18828474486780855
8290,0.15906337919881552,0.5529432523151405,0.567663592207623,0.48139920571355554,0.8654605645837191
8291,0.2242315509951811,0.663015297135378,0.9305455758683108,0.8670273725385003,0.1940824102601525
8292,0.24972137088780866,0.45884887406834307,0.00865758977347153,0.022999775225752805,0.21165510069767302
8293,0.0380567201637142,0.2656509259127754,0.7143374863193724,0.7249523611509217,0.8645306125048968
8294,0.5870193142340169,0.9741541767719788,0.6092216440485031,0.738093941904489,0.881324315898082
8295,0.920030671496344,0.7068283256900362,0.7996720708916569,0.7197358520341376,0.3353311197354071
8296,0.5820112476509077,0.5684329135156956,0.08571644269237122,0.6406031069178643,0.6456967019847204
8297,0.06955151484956179,0.5237215989926424,0.15528439491313106,0.017739251391607813,0.010379069346564407
8298,0.17355007692425328,0.6889409405563556,0.6308145345127826,0.1632667507098624,0.8243485472759517
8299,0.9391759012378561,0.8991222308011819,0.8401722843677227,0.07062588450232832,0.5952529473234933
8300,0.34446579032192204,0.3282923071540522,0.3526815364694609,0.7112753472626643,0.24712616932363396
8301,0.933998216558351,0.16660525700400897,0.3468970399323148,0.44490137402167673,0.3970551761215956
8302,0.9807006863017618,0.17244527566144696,0.6772345025867612,0.12787537432346885,0.4371153688654438
8303,0.7966069359130027,0.808939262520225,0.6592956415547649,0.05680037468624555,0.8947035671709844
8304,0.705520432961609,0.6452765343967035,0.6615511548105761,0.3473189532193719,0.4912151130092066
8305,0.30652586416348526,0.18482410282542128,0.538128780558699,0.1532053266928629,0.6082331032835606
8306,0.5161286646461907,0.4631517151775243,0.16389308976018446,0.5403786323268631,0.3719828547899382
8307,0.2552779157306113,0.3265580911573466,0.013965380166376273,0.08234360758217274,0.7272590491093475
8308,0.5979602968903952,0.7839983923645909,0.06618950396897094,0.8385075972490418,0.9205480134862886
8309,0.22807696120837595,0.43267443749035994,0.08768277680498726,0.7750220568931642,0.4736262589491429
8310,0.7012473542679747,0.9971801682545409,0.7396623648815351,0.2224447889383897,0.8347112946128057
8311,0.2557390614300348,0.9861526040370995,0.3279732308587726,0.19605579960003472,0.9315815304584348
8312,0.6767574948715648,0.7010384851394463,0.4980224739124379,0.6609224387656178,0.7730784729776218
8313,0.7646444464896024,0.3331816696144021,0.09768521400877506,0.18335183744905237,0.3144831569215717
8314,0.3084485890299733,0.6321713992079405,0.7486172421642412,0.1644484745114172,0.7339864619375644
8315,0.8288545822654458,0.45985939199523485,0.12083485384691028,0.24441676889731345,0.6663579451855223
8316,0.09830309924618152,0.5039219032760728,0.05121857224163495,0.43754036882326686,0.663094899013265
8317,0.043236909629550735,0.5147770205019193,0.7072334058760312,0.3658283582841748,0.16188024712947968
8318,0.11038021845537249,0.31440248526754155,0.2576776495245271,0.9517471488640691,0.8374619241056137
8319,0.5957398052687684,0.6598705511782851,0.5584164874402139,0.8957268989803567,0.9917353762249433
8320,0.6407581955224211,0.194785768329794,0.2968876244969815,0.7187068253678927,0.6056407380723736
8321,0.23761145605332246,0.3895752425081518,0.6961668150143084,0.4571368211908632,0.07065500433053862
8322,0.9430581512541234,0.207608784306477,0.7113496621184238,0.22999242602076053,0.9026680697023405
8323,0.839597262020095,0.3110601819743759,0.763539319502838,0.3860201549852814,0.17318496857210264
8324,0.13187371566804595,0.2685047257913108,0.8312302132099867,0.9313193729293665,0.5712026074821978
8325,0.08158236728345791,0.4461716408002986,0.5625473664955217,0.7597740682305693,0.48699204497112913
8326,0.20856244866516105,0.10045457535352464,0.17592761655446498,0.18711223285973355,0.19679543278949418
8327,0.9298435493416487,0.33885873765535546,0.21148057828846445,0.6557163427180519,0.4196308403847415
8328,0.705520432961609,0.6452765343967035,0.6615511548105761,0.3473189532193719,0.4912151130092066
8329,0.30652586416348526,0.18482410282542128,0.538128780558699,0.1532053266928629,0.6082331032835606
8330,0.5161286646461907,0.4631517151775243,0.16389308976018446,0.5403786323268631,0.3719828547899382
8331,0.2552779157306113,0.3265580911573466,0.013965380166376273,0.08234360758217274,0.7272590491093475
8332,0.5979602968903952,0.7839983923645909,0.06618950396897094,0.8385075972490418,0.9205480134862886
8333,0.22807696120837595,0.43267443749035994,0.08768277680498726,0.7750220568931642,0.4736262589491429
8334,0.7012473542679747,0.9971801682545409,0.7396623648815351,0.2224447889383897,0.8347112946128057
8335,0.2557390614300348,0.9861526040370995,0.3279732308587726,0.19605579960003472,0.9315815304584348
8336,0.6767574948715648,0.7010384851394463,0.4980224739124379,0.6609224387656178,0.7730784729776218
8337,0.7646444464896024,0.3331816696144021,0.09768521400877506,0.18335183744905237,0.3144831569215717
8338,0.3084485890299733,0.6321713992079405,0.7486172421642412,0.1644484745114172,0.7339864619375644
8339,0.8288545822654458,0.45985939199523485,0.12083485384691028,0.24441676889731345,0.6663579451855223
8340,0.09830309924618152,0.5039219032760728,0.05121857224163495,0.43754036882326686,0.663094899013265
8341,0.043236909629550735,0.5147770205019193,0.7072334058760312,0.3658283582841748,0.16188024712947968
8342,0.11038021845537249,0.31440248526754155,0.2576776495245271,0.9517471488640691,0.8374619241056137
8343,0.5957398052687684,0.6598705511782851,0.5584164874402139,0.8957268989803567,0.9917353762249433
8344,0.6407581955224211,0.194785768329794,0.2968876244969815,0.7187068253678927,0.6056407380723736
8345,0.23761145605332246,0.3895752425081518,0.6961668150143084,0.4571368211908632,0.07065500433053862
8346,0.9430581512541234,0.207608784306477,0.7113496621184238,0.22999242602076053,0.9026680697023405
8347,0.839597262020095,0.3110601819743759,0.763539319502838,0.3860201549852814,0.17318496857210264
8348,0.13187371566804595,0.2685047257913108,0.8312302132099867,0.9313193729293665,0.5712026074821978
8349,0.08158236728345791,0.4461716408002986,0.5625473664955217,0.7597740682305693,0.48699204497112913
8350,0.20856244866516105,0.10045457535352464,0.17592761655446498,0.18711223285973355,0.19679543278949418
8351,0.9298435493416487,0.33885873765535546,0.21148057828846445,0.6557163427180519,0.4196308403847415
8352,0.8179482267176993,0.61779099877711,0.846419607986813,0.03359649504741624,0.31623072886014914
8353,0.7172615855316324,0.20422940998688033,0.05232606323536515,0.17742294962299443,0.4935962938215519
8354,0.7841105513811717,0.20410269902208622,0.004118280154513099,0.9968067431111908,0.5045518213528666
8355,0.1533512764050139,0.7189344286793559,0.5345885673934152,0.41282244363315723,0.36998716009562516
8356,0.07268382404194262,0.6430503801876012,0.6492785233839875,0.8153190846274412,0.642723690229464
8357,0.022349972681287023,0.7759935968460852,0.5836448079352556,0.9107102873159807,0.40448007515814155
8358,0.10979959407283268,0.39177299328017723,0.04473080205874935,0.7079382025389832,0.9392684876761954
8359,0.8543661771997753,0.34755540823132813,0.7852407686315187,0.24616885924606668,0.4731529147301493
8360,0.9301425703928485,0.27732234941019707,0.6116274507267796,0.6325908679396391,0.6393964187449741
8361,0.41554647105561016,0.775213613151429,0.6050449973893407,0.30968485178014127,0.8569553626847883
8362,0.6588719406963962,0.569223166623495,0.5031102804536249,0.8510934998428457,0.2857495771417248
8363,0.11733930478531984,0.7969593404392513,0.6328113370578649,0.6143702367356787,0.5019593989452539
8364,0.6889814557080849,0.013813481600176258,0.26639817105763675,0.9699517805472598,0.1278702804633497
8365,0.015882676864952927,0.7531615121034049,0.8019085387000416,0.1372163796893504,0.09034130872583257
8366,0.09316411960977067,0.1364404632348173,0.4913692401241455,0.7477834071195809,0.19983853704729204
8367,0.08599642863276258,0.594648638868867,0.6675910409373558,0.7031452785543485,0.7546036278328493
8368,0.6193134922777364,0.5966470998128636,0.2387490456445579,0.8687239528734836,0.45835347609889787
8369,0.5096215271967545,0.7293480277751241,0.22318027145439023,0.558105382347419,0.24625440875659577
8370,0.6365587182058059,0.24312815575381197,0.9905558298400747,0.2439789919151203,0.023890634897041796
8371,0.7540084494453254,0.4165291582248867,0.7432242042932564,0.5540761575697684,0.4063933294567419
8372,0.3445924253835485,0.25609101902165043,0.28037452372493454,0.21677969594944535,0.7258890960259764
8373,0.07813350924044526,0.7798349141559374,0.7250658984713896,0.817619331549717,0.27534524435348395
8374,0.4379574686381257,0.20269617414927965,0.8705212200886447,0.6970208208169053,0.6367921990985774
8375,0.8837982292287918,0.8281794039026675,0.8112365320696184,0.2942402423706112,0.5372437459763667
8376,0.8179482267176993,0.61779099877711,0.846419607986813,0.03359649504741624,0.31623072886014914
8377,0.7172615855316324,0.20422940998688033,0.05232606323536515,0.17742294962299443,0.4935962938215519
8378,0.7841105513811717,0.20410269902208622,0.004118280154513099,0.9968067431111908,0.5045518213528666
8379,0.1533512764050139,0.7189344286793559,0.5345885673934152,0.41282244363315723,0.36998716009562516
8380,0.07268382404194262,0.6430503801876012,0.6492785233839875,0.8153190846274412,0.642723690229464
8381,0.022349972681287023,0.7759935968460852,0.5836448079352556,0.9107102873159807,0.40448007515814155
8382,0.10979959407283268,0.39177299328017723,0.04473080205874935,0.7079382025389832,0.9392684876761954
8383,0.8543661771997753,0.34755540823132813,0.7852407686315187,0.24616885924606668,0.4731529147301493
8384,0.9301425703928485,0.27732234941019707,0.6116274507267796,0.6325908679396391,0.6393964187449741
8385,0.41554647105561016,0.775213613151429,0.6050449973893407,0.30968485178014127,0.8569553626847883
8386,0.6588719406963962,0.569223166623495,0.5031102804536249,0.8510934998428457,0.2857495771417248
8387,0.11733930478531984,0.7969593404392513,0.6328113370578649,0.6143702367356787,0.5019593989452539
8388,0.6889814557080849,0.013813481600176258,0.26639817105763675,0.9699517805472598,0.1278702804633497
8389,0.015882676864952927,0.7531615121034049,0.8019085387000416,0.1372163796893504,0.09034130872583257
8390,0.09316411960977067,0.1364404632348173,0.4913692401241455,0.7477834071195809,0.19983853704729204
8391,0.08599642863276258,0.594648638868867,0.6675910409373558,0.7031452785543485,0.7546036278328493
8392,0.6193134922777364,0.5966470998128636,0.2387490456445579,0.8687239528734836,0.45835347609889787
8393,0.5096215271967545,0.7293480277751241,0.22318027145439023,0.558105382347419,0.24625440875659577
8394,0.6365587182058059,0.24312815575381197,0.9905558298400747,0.2439789919151203,0.023890634897041796
8395,0.7540084494453254,0.4165291582248867,0.7432242042932564,0.5540761575697684,0.4063933294567419
8396,0.3445924253835485,0.25609101902165043,0.28037452372493454,0.21677969594944535,0.7258890960259764
8397,0.07813350924044526,0.7798349141559374,0.7250658984713896,0.817619331549717,0.27534524435348395
8398,0.4379574686381257,0.20269617414927965,0.8705212200886447,0.6970208208169053,0.6367921990985774
8399,0.8837982292287918,0.8281794039026675,0.8112365320696184,0.2942402423706112,0.5372437459763667
8400,0.8179482267176993,0.61779099877711,0.846419607986813,0.03359649504741624,0.31623072886014914
8401,0.7172615855316324,0.20422940998688033,0.05232606323536515,0.17742294962299443,0.4935962938215519
8402,0.7841105513811717,0.20410269902208622,0.004118280154513099,0.9968067431111908,0.5045518213528666
8403,0.1533512764050139,0.7189344286793559,0.5345885673934152,0.41282244363315723,0.36998716009562516
8404,0.07268382404194262,0.6430503801876012,0.6492785233839875,0.8153190846274412,0.642723690229464
8405,0.022349972681287023,0.7759935968460852,0.5836448079352556,0.9107102873159807,0.40448007515814155
8406,0.10979959407283268,0.39177299328017723,0.04473080205874935,0.7079382025389832,0.9392684876761954
8407,0.8543661771997753,0.34755540823132813,0.7852407686315187,0.24616885924606668,0.4731529147301493
8408,0.9301425703928485,0.27732234941019707,0.6116274507267796,0.6325908679396391,0.6393964187449741
8409,0.41554647105561016,0.775213613151429,0.6050449973893407,0.30968485178014127,0.8569553626847883
8410,0.6588719406963962,0.569223166623495,0.5031102804536249,0.8510934998428457,0.2857495771417248
8411,0.11733930478531984,0.7969593404392513,0.6328113370578649,0.6143702367356787,0.5019593989452539
8412,0.6889814557080849,0.013813481600176258,0.26639817105763675,0.9699517805472598,0.1278702804633497
8413,0.015882676864952927,0.7531615121034049,0.8019085387000416,0.1372163796893504,0.09034130872583257
8414,0.09316411960977067,0.1364404632348173,0.4913692401241455,0.7477834071195809,0.19983853704729204
8415,0.08599642863276258,0.594648638868867,0.6675910409373558,0.7031452785543485,0.7546036278328493
8416,0.6193134922777364,0.5966470998128636,0.2387490456445579,0.8687239528734836,0.45835347609889787
8417,0.5096215271967545,0.7293480277751241,0.22318027145439023,0.558105382347419,0.24625440875659577
8418,0.6365587182058059,0.24312815575381197,0.9905558298400747,0.2439789919151203,0.023890634897041796
8419,0.7540084494453254,0.4165291582248867,0.7432242042932564,0.5540761575697684,0.4063933294567419
8420,0.3445924253835485,0.25609101902165043,0.28037452372493454,0.21677969594944535,0.7258890960259764
8421,0.07813350924044526,0.7798349141559374,0.7250658984713896,0.817619331549717,0.27534524435348395
8422,0.4379574686381257,0.20269617414927965,0.8705212200886447,0.6970208208169053,0.6367921990985774
8423,0.8837982292287918,0.8281794039026675,0.8112365320696184,0.2942402423706112,0.5372437459763667
8424,0.6767306054635275,0.15986485135780493,0.18501287179845727,0.3093906102150168,0.371952253969556
8425,0.4903869754356922,0.24474326753678033,0.9726155962582597,0.17956527857646765,0.28872021484442756
8426,0.12201494849603833,0.48035881594552876,0.9142175270316222,0.6793062475212923,0.3761851837678336
8427,0.21530218970446158,0.07041140003873869,0.353386116019789,0.5163016742792964,0.1807139533328701
8428,0.00840010868481711,0.7968584332640749,0.43297116406334335,0.22020744876557763,0.44159864214880773
8429,0.4454839815186671,0.6571396182380635,0.4413628316380661,0.3308013370109065,0.9976280449454733
8430,0.508552312301234,0.522852147340867,0.46983548269163244,0.282016896290307,0.20701968439256968
8431,0.16566411206246023,0.8093153164909418,0.08876190570842002,0.566288695603571,0.6582234054525907
8432,0.9612754309989656,0.1937844774661719,0.048155692561028474,0.4211499802450359,0.3787614364537405
8433,0.855927096307693,0.6988219033991568,0.9300261082829807,0.8558822214016029,0.18828474486780855
8434,0.15906337919881552,0.5529432523151405,0.567663592207623,0.48139920571355554,0.8654605645837191
8435,0.2242315509951811,0.663015297135378,0.9305455758683108,0.8670273725385003,0.1940824102601525
8436,0.24972137088780866,0.45884887406834307,0.00865758977347153,0.022999775225752805,0.21165510069767302
8437,0.0380567201637142,0.2656509259127754,0.7143374863193724,0.7249523611509217,0.8645306125048968
8438,0.5870193142340169,0.9741541767719788,0.6092216440485031,0.738093941904489,0.881324315898082
8439,0.920030671496344,0.7068283256900362,0.7996720708916569,0.7197358520341376,0.3353311197354071
8440,0.5820112476509077,0.5684329135156956,0.08571644269237122,0.6406031069178643,0.6456967019847204
8441,0.06955151484956179,0.5237215989926424,0.15528439491313106,0.017739251391607813,0.010379069346564407
8442,0.17355007692425328,0.6889409405563556,0.6308145345127826,0.1632667507098624,0.8243485472759517
8443,0.9391759012378561,0.8991222308011819,0.8401722843677227,0.07062588450232832,0.5952529473234933
8444,0.34446579032192204,0.3282923071540522,0.3526815364694609,0.7112753472626643,0.24712616932363396
8445,0.933998216558351,0.16660525700400897,0.3468970399323148,0.44490137402167673,0.3970551761215956
8446,0.9807006863017618,0.17244527566144696,0.6772345025867612,0.12787537432346885,0.4371153688654438
8447,0.7966069359130027,0.808939262520225,0.6592956415547649,0.05680037468624555,0.8947035671709844
8448,0.6767306054635275,0.15986485135780493,0.18501287179845727,0.3093906102150168,0.371952253969556
8449,0.4903869754356922,0.24474326753678033,0.9726155962582597,0.17956527857646765,0.28872021484442756
8450,0.12201494849603833,0.48035881594552876,0.9142175270316222,0.6793062475212923,0.3761851837678336
8451,0.21530218970446158,0.07041140003873869,0.353386116019789,0.5163016742792964,0.1807139533328701
8452,0.00840010868481711,0.7968584332640749,0.43297116406334335,0.22020744876557763,0.44159864214880773
8453,0.4454839815186671,0.6571396182380635,0.4413628316380661,0.3308013370109065,0.9976280449454733
8454,0.508552312301234,0.522852147340867,0.46983548269163244,0.282016896290307,0.20701968439256968
8455,0.16566411206246023,0.8093153164909418,0.08876190570842002,0.566288695603571,0.6582234054525907
8456,0.9612754309989656,0.1937844774661719,0.048155692561028474,0.4211499802450359,0.3787614364537405
8457,0.855927096307693,0.6988219033991568,0.9300261082829807,0.8558822214016029,0.18828474486780855
8458,0.15906337919881552,0.5529432523151405,0.567663592207623,0.48139920571355554,0.8654605645837191
8459,0.2242315509951811,0.663015297135378,0.9305455758683108,0.8670273725385003,0.1940824102601525
8460,0.24972137088780866,0.45884887406834307,0.00865758977347153,0.022999775225752805,0.21165510069767302
8461,0.0380567201637142,0.2656509259127754,0.7143374863193724,0.7249523611509217,0.8645306125048968
8462,0.5870193142340169,0.9741541767719788,0.6092216440485031,0.738093941904489,0.881324315898082
8463,0.920030671496344,0.7068283256900362,0.7996720708916569,0.7197358520341376,0.3353311197354071
8464,0.5820112476509077,0.5684329135156956,0.08571644269237122,0.6406031069178643,0.6456967019847204
8465,0.06955151484956179,0.5237215989926424,0.15528439491313106,0.017739251391607813,0.010379069346564407
8466,0.17355007692425328,0.6889409405563556,0.6308145345127826,0.1632667507098624,0.8243485472759517
8467,0.9391759012378561,0.8991222308011819,0.8401722843677227,0.07062588450232832,0.5952529473234933
8468,0.34446579032192204,0.3282923071540522,0.3526815364694609,0.7112753472626643,0.24712616932363396
8469,0.933998216558351,0.16660525700400897,0.3468970399323148,0.44490137402167673,0.3970551761215956
8470,0.9807006863017618,0.17244527566144696,0.6772345025867612,0.12787537432346885,0.4371153688654438
8471,0.7966069359130027,0.808939262520225,0.6592956415547649,0.05680037468624555,0.8947035671709844
8472,0.8179482267176993,0.61779099877711,0.846419607986813,0.03359649504741624,0.31623072886014914
8473,0.7172615855316324,0.20422940998688033,0.05232606323536515,0.17742294962299443,0.4935962938215519
8474,0.7841105513811717,0.20410269902208622,0.004118280154513099,0.9968067431111908,0.5045518213528666
8475,0.1533512764050139,0.7189344286793559,0.5345885673934152,0.41282244363315723,0.36998716009562516
8476,0.07268382404194262,0.6430503801876012,0.6492785233839875,0.8153190846274412,0.642723690229464
8477,0.022349972681287023,0.7759935968460852,0.5836448079352556,0.9107102873159807,0.40448007515814155
8478,0.10979959407283268,0.39177299328017723,0.04473080205874935,0.7079382025389832,0.9392684876761954
8479,0.8543661771997753,0.34755540823132813,0.7852407686315187,0.24616885924606668,0.4731529147301493
8480,0.9301425703928485,0.27732234941019707,0.6116274507267796,0.6325908679396391,0.6393964187449741
8481,0.41554647105561016,0.775213613151429,0.6050449973893407,0.30968485178014127,0.8569553626847883
8482,0.6588719406963962,0.569223166623495,0.5031102804536249,0.8510934998428457,0.2857495771417248
8483,0.11733930478531984,0.7969593404392513,0.6328113370578649,0.6143702367356787,0.5019593989452539
8484,0.6889814557080849,0.013813481600176258,0.26639817105763675,0.9699517805472598,0.1278702804633497
8485,0.015882676864952927,0.7531615121034049,0.8019085387000416,0.1372163796893504,0.09034130872583257
8486,0.09316411960977067,0.1364404632348173,0.4913692401241455,0.7477834071195809,0.19983853704729204
8487,0.08599642863276258,0.594648638868867,0.6675910409373558,0.7031452785543485,0.7546036278328493
8488,0.6193134922777364,0.5966470998128636,0.2387490456445579,0.8687239528734836,0.45835347609889787
8489,0.5096215271967545,0.7293480277751241,0.22318027145439023,0.558105382347419,0.24625440875659577
8490,0.6365587182058059,0.24312815575381197,0.9905558298400747,0.2439789919151203,0.023890634897041796
8491,0.7540084494453254,0.4165291582248867,0.7432242042932564,0.5540761575697684,0.4063933294567419
8492,0.3445924253835485,0.25609101902165043,0.28037452372493454,0.21677969594944535,0.7258890960259764
8493,0.07813350924044526,0.7798349141559374,0.7250658984713896,0.817619331549717,0.27534524435348395
8494,0.4379574686381257,0.20269617414927965,0.8705212200886447,0.6970208208169053,0.6367921990985774
8495,0.8837982292287918,0.8281794039026675,0.8112365320696184,0.2942402423706112,0.5372437459763667
8496,0.8179482267176993,0.61779099877711,0.846419607986813,0.03359649504741624,0.31623072886014914
8497,0.7172615855316324,0.20422940998688033,0.05232606323536515,0.17742294962299443,0.4935962938215519
8498,0.7841105513811717,0.20410269902208622,0.004118280154513099,0.9968067431111908,0.5045518213528666
8499,0.1533512764050139,0.7189344286793559,0.5345885673934152,0.41282244363315723,0.36998716009562516
8500,0.07268382404194262,0.6430503801876012,0.6492785233839875,0.8153190846274412,0.642723690229464
8501,0.022349972681287023,0.7759935968460852,0.5836448079352556,0.9107102873159807,0.40448007515814155
8502,0.10979959407283268,0.39177299328017723,0.04473080205874935,0.7079382025389832,0.9392684876761954
8503,0.8543661771997753,0.34755540823132813,0.7852407686315187,0.24616885924606668,0.4731529147301493
8504,0.9301425703928485,0.27732234941019707,0.6116274507267796,0.6325908679396391,0.6393964187449741
8505,0.41554647105561016,0.775213613151429,0.6050449973893407,0.30968485178014127,0.8569553626847883
8506,0.6588719406963962,0.569223166623495,0.5031102804536249,0.8510934998428457,0.2857495771417248
8507,0.11733930478531984,0.7969593404392513,0.6328113370578649,0.6143702367356787,0.5019593989452539
8508,0.6889814557080849,0.013813481600176258,0.26639817105763675,0.9699517805472598,0.1278702804633497
8509,0.015882676864952927,0.7531615121034049,0.8019085387000416,0.1372163796893504,0.09034130872583257
8510,0.09316411960977067,0.1364404632348173,0.4913692401241455,0.7477834071195809,0.19983853704729204
8511,0.08599642863276258,0.594648638868867,0.6675910409373558,0.7031452785543485,0.7546036278328493
8512,0.6193134922777364,0.5966470998128636,0.2387490456445579,0.8687239528734836,0.45835347609889787
8513,0.5096215271967545,0.7293480277751241,0.22318027145439023,0.558105382347419,0.24625440875659577
8514,0.6365587182058059,0.24312815575381197,0.9905558298400747,0.2439789919151203,0.023890634897041796
8515,0.7540084494453254,0.4165291582248867,0.7432242042932564,0.5540761575697684,0.4063933294567419
8516,0.3445924253835485,0.25609101902165043,0.28037452372493454,0.21677969594944535,0.7258890960259764
8517,0.07813350924044526,0.7798349141559374,0.7250658984713896,0.817619331549717,0.27534524435348395
8518,0.4379574686381257,0.20269617414927965,0.8705212200886447,0.6970208208169053,0.6367921990985774
8519,0.8837982292287918,0.8281794039026675,0.8112365320696184,0.2942402423706112,0.5372437459763667
8520,0.6767306054635275,0.15986485135780493,0.18501287179845727,0.3093906102150168,0.371952253969556
8521,0.4903869754356922,0.24474326753678033,0.9726155962582597,0.17956527857646765,0.28872021484442756
8522,0.12201494849603833,0.48035881594552876,0.9142175270316222,0.6793062475212923,0.3761851837678336
8523,0.21530218970446158,0.07041140003873869,0.353386116019789,0.5163016742792964,0.1807139533328701
8524,0.00840010868481711,0.7968584332640749,0.43297116406334335,0.22020744876557763,0.44159864214880773
8525,0.4454839815186671,0.6571396182380635,0.4413628316380661,0.3308013370109065,0.9976280449454733
8526,0.508552312301234,0.522852147340867,0.46983548269163244,0.282016896290307,0.20701968439256968
8527,0.16566411206246023,0.8093153164909418,0.08876190570842002,0.566288695603571,0.6582234054525907
8528,0.9612754309989656,0.1937844774661719,0.048155692561028474,0.4211499802450359,0.3787614364537405
8529,0.855927096307693,0.6988219033991568,0.9300261082829807,0.8558822214016029,0.18828474486780855
8530,0.15906337919881552,0.5529432523151405,0.567663592207623,0.48139920571355554,0.8654605645837191
8531,0.2242315509951811,0.663015297135378,0.9305455758683108,0.8670273725385003,0.1940824102601525
8532,0.24972137088780866,0.45884887406834307,0.00865758977347153,0.022999775225752805,0.21165510069767302
8533,0.0380567201637142,0.2656509259127754,0.7143374863193724,0.7249523611509217,0.8645306125048968
8534,0.5870193142340169,0.9741541767719788,0.6092216440485031,0.738093941904489,0.881324315898082
8535,0.920030671496344,0.7068283256900362,0.7996720708916569,0.7197358520341376,0.3353311197354071
8536,0.5820112476509077,0.5684329135156956,0.08571644269237122,0.6406031069178643,0.6456967019847204
8537,0.06955151484956179,0.5237215989926424,0.15528439491313106,0.017739251391607813,0.010379069346564407
8538,0.17355007692425328,0.6889409405563556,0.6308145345127826,0.1632667507098624,0.8243485472759517
8539,0.9391759012378561,0.8991222308011819,0.8401722843677227,0.07062588450232832,0.5952529473234933
8540,0.34446579032192204,0.3282923071540522,0.3526815364694609,0.7112753472626643,0.24712616932363396
8541,0.933998216558351,0.16660525700400897,0.3468970399323148,0.44490137402167673,0.3970551761215956
8542,0.9807006863017618,0.17244527566144696,0.6772345025867612,0.12787537432346885,0.4371153688654438
8543,0.7966069359130027,0.808939262520225,0.6592956415547649,0.05680037468624555,0.8947035671709844
8544,0.6767306054635275,0.15986485135780493,0.18501287179845727,0.3093906102150168,0.371952253969556
8545,0.4903869754356922,0.24474326753678033,0.9726155962582597,0.17956527857646765,0.28872021484442756
8546,0.12201494849603833,0.48035881594552876,0.9142175270316222,0.6793062475212923,0.3761851837678336
8547,0.21530218970446158,0.07041140003873869,0.353386116019789,0.5163016742792964,0.1807139533328701
8548,0.00840010868481711,0.7968584332640749,0.43297116406334335,0.22020744876557763,0.44159864214880773
8549,0.4454839815186671,0.6571396182380635,0.4413628316380661,0.3308013370109065,0.9976280449454733
8550,0.508552312301234,0.522852147340867,0.46983548269163244,0.282016896290307,0.20701968439256968
8551,0.16566411206246023,0.8093153164909418,0.08876190570842002,0.566288695603571,0.6582234054525907
8552,0.9612754309989656,0.1937844774661719,0.048155692561028474,0.4211499802450359,0.3787614364537405
8553,0.855927096307693,0.6988219033991568,0.9300261082829807,0.8558822214016029,0.18828474486780855
8554,0.15906337919881552,0.5529432523151405,0.567663592207623,0.48139920571355554,0.8654605645837191
8555,0.2242315509951811,0.663015297135378,0.9305455758683108,0.8670273725385003,0.1940824102601525
8556,0.24972137088780866,0.45884887406834307,0.00865758977347153,0.022999775225752805,0.21165510069767302
8557,0.0380567201637142,0.2656509259127754,0.7143374863193724,0.7249523611509217,0.8645306125048968
8558,0.5870193142340169,0.9741541767719788,0.6092216440485031,0.738093941904489,0.881324315898082
8559,0.920030671496344,0.7068283256900362,0.7996720708916569,0.7197358520341376,0.3353311197354071
8560,0.5820112476509077,0.5684329135156956,0.08571644269237122,0.6406031069178643,0.6456967019847204
8561,0.06955151484956179,0.5237215989926424,0.15528439491313106,0.017739251391607813,0.010379069346564407
8562,0.17355007692425328,0.6889409405563556,0.6308145345127826,0.1632667507098624,0.8243485472759517
8563,0.9391759012378561,0.8991222308011819,0.8401722843677227,0.07062588450232832,0.5952529473234933
8564,0.34446579032192204,0.3282923071540522,0.3526815364694609,0.7112753472626643,0.24712616932363396
8565,0.933998216558351,0.16660525700400897,0.3468970399323148,0.44490137402167673,0.3970551761215956
8566,0.9807006863017618,0.17244527566144696,0.6772345025867612,0.12787537432346885,0.4371153688654438
8567,0.7966069359130027,0.808939262520225,0.6592956415547649,0.05680037468624555,0.8947035671709844
8568,0.6767306054635275,0.15986485135780493,0.18501287179845727,0.3093906102150168,0.371952253969556
8569,0.4903869754356922,0.24474326753678033,0.9726155962582597,0.17956527857646765,0.28872021484442756
8570,0.12201494849603833,0.48035881594552876,0.9142175270316222,0.6793062475212923,0.3761851837678336
8571,0.21530218970446158,0.07041140003873869,0.353386116019789,0.5163016742792964,0.1807139533328701
8572,0.00840010868481711,0.7968584332640749,0.43297116406334335,0.22020744876557763,0.44159864214880773
8573,0.4454839815186671,0.6571396182380635,0.4413628316380661,0.3308013370109065,0.9976280449454733
8574,0.508552312301234,0.522852147340867,0.46983548269163244,0.282016896290307,0.20701968439256968
8575,0.16566411206246023,0.8093153164909418,0.08876190570842002,0.566288695603571,0.6582234054525907
8576,0.9612754309989656,0.1937844774661719,0.048155692561028474,0.4211499802450359,0.3787614364537405
8577,0.855927096307693,0.6988219033991568,0.9300261082829807,0.8558822214016029,0.18828474486780855
8578,0.15906337919881552,0.5529432523151405,0.567663592207623,0.48139920571355554,0.8654605645837191
8579,0.2242315509951811,0.663015297135378,0.9305455758683108,0.8670273725385003,0.1940824102601525
8580,0.24972137088780866,0.45884887406834307,0.00865758977347153,0.022999775225752805,0.21165510069767302
8581,0.0380567201637142,0.2656509259127754,0.7143374863193724,0.7249523611509217,0.8645306125048968
8582,0.5870193142340169,0.9741541767719788,0.6092216440485031,0.738093941904489,0.881324315898082
8583,0.920030671496344,0.7068283256900362,0.7996720708916569,0.7197358520341376,0.3353311197354071
8584,0.5820112476509077,0.5684329135156956,0.08571644269237122,0.6406031069178643,0.6456967019847204
8585,0.06955151484956179,0.5237215989926424,0.15528439491313106,0.017739251391607813,0.010379069346564407
8586,0.17355007692425328,0.6889409405563556,0.6308145345127826,0.1632667507098624,0.8243485472759517
8587,0.9391759012378561,0.8991222308011819,0.8401722843677227,0.07062588450232832,0.5952529473234933
8588,0.34446579032192204,0.3282923071540522,0.3526815364694609,0.7112753472626643,0.24712616932363396
8589,0.933998216558351,0.16660525700400897,0.3468970399323148,0.44490137402167673,0.3970551761215956
8590,0.9807006863017618,0.17244527566144696,0.6772345025867612,0.12787537432346885,0.4371153688654438
8591,0.7966069359130027,0.808939262520225,0.6592956415547649,0.05680037468624555,0.8947035671709844
8592,0.705520432961609,0.6452765343967035,0.6615511548105761,0.3473189532193719,0.4912151130092066
8593,0.30652586416348526,0.18482410282542128,0.538128780558699,0.1532053266928629,0.6082331032835606
8594,0.5161286646461907,0.4631517151775243,0.16389308976018446,0.5403786323268631,0.3719828547899382
8595,0.2552779157306113,0.3265580911573466,0.013965380166376273,0.08234360758217274,0.7272590491093475
8596,0.5979602968903952,0.7839983923645909,0.06618950396897094,0.8385075972490418,0.9205480134862886
8597,0.22807696120837595,0.43267443749035994,0.08768277680498726,0.7750220568931642,0.4736262589491429
8598,0.7012473542679747,0.9971801682545409,0.7396623648815351,0.2224447889383897,0.8347112946128057
8599,0.2557390614300348,0.9861526040370995,0.3279732308587726,0.19605579960003472,0.9315815304584348
8600,0.6767574948715648,0.7010384851394463,0.4980224739124379,0.6609224387656178,0.7730784729776218
8601,0.7646444464896024,0.3331816696144021,0.09768521400877506,0.18335183744905237,0.3144831569215717
8602,0.3084485890299733,0.6321713992079405,0.7486172421642412,0.1644484745114172,0.7339864619375644
8603,0.8288545822654458,0.45985939199523485,0.12083485384691028,0.24441676889731345,0.6663579451855223
8604,0.09830309924618152,0.5039219032760728,0.05121857224163495,0.43754036882326686,0.663094899013265
8605,0.043236909629550735,0.5147770205019193,0.7072334058760312,0.3658283582841748,0.16188024712947968
8606,0.11038021845537249,0.31440248526754155,0.2576776495245271,0.9517471488640691,0.8374619241056137
8607,0.5957398052687684,0.6598705511782851,0.5584164874402139,0.8957268989803567,0.9917353762249433
8608,0.6407581955224211,0.194785768329794,0.2968876244969815,0.7187068253678927,0.6056407380723736
8609,0.23761145605332246,0.3895752425081518,0.6961668150143084,0.4571368211908632,0.07065500433053862
8610,0.9430581512541234,0.207608784306477,0.7113496621184238,0.22999242602076053,0.9026680697023405
8611,0.839597262020095,0.3110601819743759,0.763539319502838,0.3860201549852814,0.17318496857210264
8612,0.13187371566804595,0.2685047257913108,0.8312302132099867,0.9313193729293665,0.5712026074821978
8613,0.08158236728345791,0.4461716408002986,0.5625473664955217,0.7597740682305693,0.48699204497112913
8614,0.20856244866516105,0.10045457535352464,0.17592761655446498,0.18711223285973355,0.19679543278949418
8615,0.9298435493416487,0.33885873765535546,0.21148057828846445,0.6557163427180519,0.4196308403847415
8616,0.705520432961609,0.6452765343967035,0.6615511548105761,0.3473189532193719,0.4912151130092066
8617,0.30652586416348526,0.18482410282542128,0.538128780558699,0.1532053266928629,0.6082331032835606
8618,0.5161286646461907,0.4631517151775243,0.16389308976018446,0.5403786323268631,0.3719828547899382
8619,0.2552779157306113,0.3265580911573466,0.013965380166376273,0.08234360758217274,0.7272590491093475
8620,0.5979602968903952,0.7839983923645909,0.06618950396897094,0.8385075972490418,0.9205480134862886
8621,0.22807696120837595,0.43267443749035994,0.08768277680498726,0.7750220568931642,0.4736262589491429
8622,0.7012473542679747,0.9971801682545409,0.7396623648815351,0.2224447889383897,0.8347112946128057
8623,0.2557390614300348,0.9861526040370995,0.3279732308587726,0.19605579960003472,0.9315815304584348
8624,0.6767574948715648,0.7010384851394463,0.4980224739124379,0.6609224387656178,0.7730784729776218
8625,0.7646444464896024,0.3331816696144021,0.09768521400877506,0.18335183744905237,0.3144831569215717
8626,0.3084485890299733,0.6321713992079405,0.7486172421642412,0.1644484745114172,0.7339864619375644
8627,0.8288545822654458,0.45985939199523485,0.12083485384691028,0.24441676889731345,0.6663579451855223
8628,0.09830309924618152,0.5039219032760728,0.05121857224163495,0.43754036882326686,0.663094899013265
8629,0.043236909629550735,0.5147770205019193,0.7072334058760312,0.3658283582841748,0.16188024712947968
8630,0.11038021845537249,0.31440248526754155,0.2576776495245271,0.9517471488640691,0.8374619241056137
8631,0.5957398052687684,0.6598705511782851,0.5584164874402139,0.8957268989803567,0.9917353762249433
8632,0.6407581955224211,0.194785768329794,0.2968876244969815,0.7187068253678927,0.6056407380723736
8633,0.23761145605332246,0.3895752425081518,0.6961668150143084,0.4571368211908632,0.07065500433053862
8634,0.9430581512541234,0.207608784306477,0.7113496621184238,0.22999242602076053,0.9026680697023405
8635,0.839597262020095,0.3110601819743759,0.763539319502838,0.3860201549852814,0.17318496857210264
8636,0.13187371566804595,0.2685047257913108,0.8312302132099867,0.9313193729293665,0.5712026074821978
8637,0.08158236728345791,0.4461716408002986,0.5625473664955217,0.7597740682305693,0.48699204497112913
8638,0.20856244866516105,0.10045457535352464,0.17592761655446498,0.18711223285973355,0.19679543278949418
8639,0.9298435493416487,0.33885873765535546,0.21148057828846445,0.6557163427180519,0.4196308403847415
8640,0.705520432961609,0.6452765343967035,0.6615511548105761,0.3473189532193719,0.4912151130092066
8641,0.30652586416348526,0.18482410282542128,0.538128780558699,0.1532053266928629,0.6082331032835606
8642,0.5161286646461907,0.4631517151775243,0.16389308976018446,0.5403786323268631,0.3719828547899382
8643,0.2552779157306113,0.3265580911573466,0.013965380166376273,0.08234360758217274,0.7272590491093475
8644,0.5979602968903952,0.7839983923645909,0.06618950396897094,0.8385075972490418,0.9205480134862886
8645,0.22807696120837595,0.43267443749035994,0.08768277680498726,0.7750220568931642,0.4736262589491429
8646,0.7012473542679747,0.9971801682545409,0.7396623648815351,0.2224447889383897,0.8347112946128057
8647,0.2557390614300348,0.9861526040370995,0.3279732308587726,0.19605579960003472,0.9315815304584348
8648,0.6767574948715648,0.7010384851394463,0.4980224739124379,0.6609224387656178,0.7730784729776218
8649,0.7646444464896024,0.3331816696144021,0.09768521400877506,0.18335183744905237,0.3144831569215717
8650,0.3084485890299733,0.6321713992079405,0.7486172421642412,0.1644484745114172,0.7339864619375644
8651,0.8288545822654458,0.45985939199523485,0.12083485384691028,0.24441676889731345,0.6663579451855223
8652,0.09830309924618152,0.5039219032760728,0.05121857224163495,0.43754036882326686,0.663094899013265
8653,0.043236909629550735,0.5147770205019193,0.7072334058760312,0.3658283582841748,0.16188024712947968
8654,0.11038021845537249,0.31440248526754155,0.2576776495245271,0.9517471488640691,0.8374619241056137
8655,0.5957398052687684,0.6598705511782851,0.5584164874402139,0.8957268989803567,0.9917353762249433
8656,0.6407581955224211,0.194785768329794,0.2968876244969815,0.7187068253678927,0.6056407380723736
8657,0.23761145605332246,0.3895752425081518,0.6961668150143084,0.4571368211908632,0.07065500433053862
8658,0.9430581512541234,0.207608784306477,0.7113496621184238,0.22999242602076053,0.9026680697023405
8659,0.839597262020095,0.3110601819743759,0.763539319502838,0.3860201549852814,0.17318496857210264
8660,0.13187371566804595,0.2685047257913108,0.8312302132099867,0.9313193729293665,0.5712026074821978
8661,0.08158236728345791,0.4461716408002986,0.5625473664955217,0.7597740682305693,0.48699204497112913
8662,0.20856244866516105,0.10045457535352464,0.17592761655446498,0.18711223285973355,0.19679543278949418
8663,0.9298435493416487,0.33885873765535546,0.21148057828846445,0.6557163427180519,0.4196308403847415
8664,0.705520432961609,0.6452765343967035,0.6615511548105761,0.3473189532193719,0.4912151130092066
8665,0.30652586416348526,0.18482410282542128,0.538128780558699,0.1532053266928629,0.6082331032835606
8666,0.5161286646461907,0.4631517151775243,0.16389308976018446,0.5403786323268631,0.3719828547899382
8667,0.2552779157306113,0.3265580911573466,0.013965380166376273,0.08234360758217274,0.7272590491093475
8668,0.5979602968903952,0.7839983923645909,0.06618950396897094,0.8385075972490418,0.9205480134862886
8669,0.22807696120837595,0.43267443749035994,0.08768277680498726,0.7750220568931642,0.4736262589491429
8670,0.7012473542679747,0.9971801682545409,0.7396623648815351,0.2224447889383897,0.8347112946128057
8671,0.2557390614300348,0.9861526040370995,0.3279732308587726,0.19605579960003472,0.9315815304584348
8672,0.6767574948715648,0.7010384851394463,0.4980224739124379,0.6609224387656178,0.7730784729776218
8673,0.7646444464896024,0.3331816696144021,0.09768521400877506,0.18335183744905237,0.3144831569215717
8674,0.3084485890299733,0.6321713992079405,0.7486172421642412,0.1644484745114172,0.7339864619375644
8675,0.8288545822654458,0.45985939199523485,0.12083485384691028,0.24441676889731345,0.6663579451855223
8676,0.09830309924618152,0.5039219032760728,0.05121857224163495,0.43754036882326686,0.663094899013265
8677,0.043236909629550735,0.5147770205019193,0.7072334058760312,0.3658283582841748,0.16188024712947968
8678,0.11038021845537249,0.31440248526754155,0.2576776495245271,0.9517471488640691,0.8374619241056137
8679,0.5957398052687684,0.6598705511782851,0.5584164874402139,0.8957268989803567,0.9917353762249433
8680,0.6407581955224211,0.194785768329794,0.2968876244969815,0.7187068253678927,0.6056407380723736
8681,0.23761145605332246,0.3895752425081518,0.6961668150143084,0.4571368211908632,0.07065500433053862
8682,0.9430581512541234,0.207608784306477,0.7113496621184238,0.22999242602076053,0.9026680697023405
8683,0.839597262020095,0.3110601819743759,0.763539319502838,0.3860201549852814,0.17318496857210264
8684,0.13187371566804595,0.2685047257913108,0.8312302132099867,0.9313193729293665,0.5712026074821978
8685,0.08158236728345791,0.4461716408002986,0.5625473664955217,0.7597740682305693,0.48699204497112913
8686,0.20856244866516105,0.10045457535352464,0.17592761655446498,0.18711223285973355,0.19679543278949418
8687,0.9298435493416487,0.33885873765535546,0.21148057828846445,0.6557163427180519,0.4196308403847415
8688,0.8179482267176993,0.61779099877711,0.846419607986813,0.03359649504741624,0.31623072886014914
8689,0.7172615855316324,0.20422940998688033,0.05232606323536515,0.17742294962299443,0.4935962938215519
8690,0.7841105513811717,0.20410269902208622,0.004118280154513099,0.9968067431111908,0.5045518213528666
8691,0.1533512764050139,0.7189344286793559,0.5345885673934152,0.41282244363315723,0.36998716009562516
8692,0.07268382404194262,0.6430503801876012,0.6492785233839875,0.8153190846274412,0.642723690229464
8693,0.022349972681287023,0.7759935968460852,0.5836448079352556,0.9107102873159807,0.40448007515814155
8694,0.10979959407283268,0.39177299328017723,0.04473080205874935,0.7079382025389832,0.9392684876761954
8695,0.8543661771997753,0.34755540823132813,0.7852407686315187,0.24616885924606668,0.4731529147301493
8696,0.9301425703928485,0.27732234941019707,0.6116274507267796,0.6325908679396391,0.6393964187449741
8697,0.41554647105561016,0.775213613151429,0.6050449973893407,0.30968485178014127,0.8569553626847883
8698,0.6588719406963962,0.569223166623495,0.5031102804536249,0.8510934998428457,0.2857495771417248
8699,0.11733930478531984,0.7969593404392513,0.6328113370578649,0.6143702367356787,0.5019593989452539
8700,0.6889814557080849,0.013813481600176258,0.26639817105763675,0.9699517805472598,0.1278702804633497
8701,0.015882676864952927,0.7531615121034049,0.8019085387000416,0.1372163796893504,0.09034130872583257
8702,0.09316411960977067,0.1364404632348173,0.4913692401241455,0.7477834071195809,0.19983853704729204
8703,0.08599642863276258,0.594648638868867,0.6675910409373558,0.7031452785543485,0.7546036278328493
8704,0.6193134922777364,0.5966470998128636,0.2387490456445579,0.8687239528734836,0.45835347609889787
8705,0.5096215271967545,0.7293480277751241,0.22318027145439023,0.558105382347419,0.24625440875659577
8706,0.6365587182058059,0.24312815575381197,0.9905558298400747,0.2439789919151203,0.023890634897041796
8707,0.7540084494453254,0.4165291582248867,0.7432242042932564,0.5540761575697684,0.4063933294567419
8708,0.3445924253835485,0.25609101902165043,0.28037452372493454,0.21677969594944535,0.7258890960259764
8709,0.07813350924044526,0.7798349141559374,0.7250658984713896,0.817619331549717,0.27534524435348395
8710,0.4379574686381257,0.20269617414927965,0.8705212200886447,0.6970208208169053,0.6367921990985774
8711,0.8837982292287918,0.8281794039026675,0.8112365320696184,0.2942402423706112,0.5372437459763667
8712,0.8179482267176993,0.61779099877711,0.846419607986813,0.03359649504741624,0.31623072886014914
8713,0.7172615855316324,0.20422940998688033,0.05232606323536515,0.17742294962299443,0.4935962938215519
8714,0.7841105513811717,0.20410269902208622,0.004118280154513099,0.9968067431111908,0.5045518213528666
8715,0.1533512764050139,0.7189344286793559,0.5345885673934152,0.41282244363315723,0.36998716009562516
8716,0.07268382404194262,0.6430503801876012,0.6492785233839875,0.8153190846274412,0.642723690229464
8717,0.022349972681287023,0.7759935968460852,0.5836448079352556,0.9107102873159807,0.40448007515814155
8718,0.10979959407283268,0.39177299328017723,0.04473080205874935,0.7079382025389832,0.9392684876761954
8719,0.8543661771997753,0.34755540823132813,0.7852407686315187,0.24616885924606668,0.4731529147301493
8720,0.9301425703928485,0.27732234941019707,0.6116274507267796,0.6325908679396391,0.6393964187449741
8721,0.41554647105561016,0.775213613151429,0.6050449973893407,0.30968485178014127,0.8569553626847883
8722,0.6588719406963962,0.569223166623495,0.5031102804536249,0.8510934998428457,0.2857495771417248
8723,0.11733930478531984,0.7969593404392513,0.6328113370578649,0.6143702367356787,0.5019593989452539
8724,0.6889814557080849,0.013813481600176258,0.26639817105763675,0.9699517805472598,0.1278702804633497
8725,0.015882676864952927,0.7531615121034049,0.8019085387000416,0.1372163796893504,0.09034130872583257
8726,0.09316411960977067,0.1364404632348173,0.4913692401241455,0.7477834071195809,0.19983853704729204
8727,0.08599642863276258,0.594648638868867,0.6675910409373558,0.7031452785543485,0.7546036278328493
8728,0.6193134922777364,0.5966470998128636,0.2387490456445579,0.8687239528734836,0.45835347609889787
8729,0.5096215271967545,0.7293480277751241,0.22318027145439023,0.558105382347419,0.24625440875659577
8730,0.6365587182058059,0.24312815575381197,0.9905558298400747,0.2439789919151203,0.023890634897041796
8731,0.7540084494453254,0.4165291582248867,0.7432242042932564,0.5540761575697684,0.4063933294567419
8732,0.3445924253835485,0.25609101902165043,0.28037452372493454,0.21677969594944535,0.7258890960259764
8733,0.07813350924044526,0.7798349141559374,0.7250658984713896,0.817619331549717,0.27534524435348395
8734,0.4379574686381257,0.20269617414927965,0.8705212200886447,0.6970208208169053,0.6367921990985774
8735,0.8837982292287918,0.8281794039026675,0.8112365320696184,0.2942402423706112,0.5372437459763667
8736,0.8179482267176993,0.61779099877711,0.846419607986813,0.03359649504741624,0.31623072886014914
8737,0.7172615855316324,0.20422940998688033,0.05232606323536515,0.17742294962299443,0.4935962938215519
8738,0.7841105513811717,0.20410269902208622,0.004118280154513099,0.9968067431111908,0.5045518213528666
8739,0.1533512764050139,0.7189344286793559,0.5345885673934152,0.41282244363315723,0.36998716009562516
8740,0.07268382404194262,0.6430503801876012,0.6492785233839875,0.8153190846274412,0.642723690229464
8741,0.022349972681287023,0.7759935968460852,0.5836448079352556,0.9107102873159807,0.40448007515814155
8742,0.10979959407283268,0.39177299328017723,0.04473080205874935,0.7079382025389832,0.9392684876761954
8743,0.8543661771997753,0.34755540823132813,0.7852407686315187,0.24616885924606668,0.4731529147301493
8744,0.9301425703928485,0.27732234941019707,0.6116274507267796,0.6325908679396391,0.6393964187449741
8745,0.41554647105561016,0.775213613151429,0.6050449973893407,0.30968485178014127,0.8569553626847883
8746,0.6588719406963962,0.569223166623495,0.5031102804536249,0.8510934998428457,0.2857495771417248
8747,0.11733930478531984,0.7969593404392513,0.6328113370578649,0.6143702367356787,0.5019593989452539
8748,0.6889814557080849,0.013813481600176258,0.26639817105763675,0.9699517805472598,0.1278702804633497
8749,0.015882676864952927,0.7531615121034049,0.8019085387000416,0.1372163796893504,0.09034130872583257
8750,0.09316411960977067,0.1364404632348173,0.4913692401241455,0.7477834071195809,0.19983853704729204
8751,0.08599642863276258,0.594648638868867,0.6675910409373558,0.7031452785543485,0.7546036278328493
8752,0.6193134922777364,0.5966470998128636,0.2387490456445579,0.8687239528734836,0.45835347609889787
8753,0.5096215271967545,0.7293480277751241,0.22318027145439023,0.558105382347419,0.24625440875659577
8754,0.6365587182058059,0.24312815575381197,0.9905558298400747,0.2439789919151203,0.023890634897041796
8755,0.7540084494453254,0.4165291582248867,0.7432242042932564,0.5540761575697684,0.4063933294567419
8756,0.3445924253835485,0.25609101902165043,0.28037452372493454,0.21677969594944535,0.7258890960259764
8757,0.07813350924044526,0.7798349141559374,0.7250658984713896,0.817619331549717,0.27534524435348395
8758,0.4379574686381257,0.20269617414927965,0.8705212200886447,0.6970208208169053,0.6367921990985774
8759,0.8837982292287918,0.8281794039026675,0.8112365320696184,0.2942402423706112,0.5372437459763667
