Hour,Net_Grid,Electric_Demand,Fossil_Fuel,PV_Production
0,30.974462027054834,61.94892405410967,824.8018836983651,0.0
1,30.956250448398276,61.91250089679655,826.9684747674218,0.0
2,30.996846601962595,61.99369320392519,829.6947282427753,0.0
3,31.06169518477433,62.12339036954866,834.0346670764426,0.0
4,33.88113853198497,67.76227706396995,835.5188286787936,0.0
5,40.82037723010637,81.64075446021273,868.0721342561025,0.0
6,60.16150894910605,120.3230178982121,921.8820752408094,0.0
7,76.82894583757299,153.65789167514598,915.5301808444282,0.0
8,59.58908457919466,120.17852483629096,915.3238812653977,0.5001778389508166
9,77.88090359761857,156.9994261875109,898.0830490604351,0.6188094961368692
10,67.97377996983474,138.155436544711,887.4986154184318,1.1039383025207583
11,62.98916598684584,128.107129743627,853.4992545072748,1.0643988849676655
12,124.61347013600249,252.44444260596325,826.1213397836194,1.608751166979132
13,114.21412954578493,230.54128643262044,749.9847164272213,1.0565136705252876
14,66.37676606895758,133.8777288233093,668.099638217764,0.5620983426970751
15,57.11274845931459,114.58577450509196,636.296647330719,0.18013879323139642
16,47.875006822500836,95.75001364500167,633.8466860625548,0.0
17,57.97249020200907,115.94498040401814,709.4678389322651,0.0
18,103.62597563431466,207.2519512686293,783.9266694227541,0.0
19,119.63540882949275,239.2708176589855,809.1164598438747,0.0
20,68.33895187112516,136.67790374225032,808.99533019593,0.0
21,58.89177530924867,117.78355061849734,800.8980143482441,0.0
22,44.834676494589324,89.66935298917865,795.0429236573854,0.0
23,38.251503549843974,76.50300709968795,792.4599277925456,0.0
24,29.171056623975492,58.342113247950984,788.6342007590501,0.0
25,29.27926906199593,58.55853812399186,803.9709584461258,0.0
26,29.49447439207321,58.98894878414642,830.8751072506171,0.0
27,29.47618477408121,58.95236954816242,827.1098969251095,0.0
28,31.118987531898114,62.23797506379623,813.9412679876466,0.0
29,37.764457384559215,75.52891476911843,863.9570867400136,0.0
30,68.93831162619423,137.87662325238847,923.2549430655353,0.0
31,75.85033817000145,151.7006763400029,923.061301885267,0.0
32,34.13779678531118,68.33477637435044,924.4856141717395,0.029591401864041827
33,32.147483481090184,64.57744482956728,913.837966994638,0.14123893369345816
34,29.997134361260034,60.985269691057134,910.4654462827073,0.4955004842685332
35,28.95091567921902,59.518970102305985,842.6823069985949,0.808569371933972
36,62.45810674438651,127.38477805255033,659.8026590924322,1.234282281888651
37,43.99770516816857,89.9506663349976,561.2656484898994,0.9776279993302288
38,24.711717522586955,50.885083049355934,461.2845052879759,0.7308240020910116
39,24.849526334982016,49.92873496398622,419.49790907531036,0.1148411470110965
40,26.792526866732956,53.58505373346591,441.7721897051134,0.0
41,30.408473676363766,60.81694735272753,584.7124726581748,0.0
42,82.26097833500351,164.52195667000703,730.9471457799112,0.0
43,106.34305788575595,212.6861157715119,814.0401687811479,0.0
44,67.25898952610062,134.51797905220124,823.4405894044587,0.0
45,49.91942513285834,99.83885026571669,831.3276400046086,0.0
46,36.90934578936851,73.81869157873702,835.948900670885,0.0
47,30.81332556922097,61.62665113844194,834.9130849576769,0.0
48,31.110554433819864,62.22110886763973,835.1964571839898,0.0
49,31.17902461487823,62.35804922975646,839.7035596884346,0.0
50,31.288974588806173,62.577949177612346,846.7243787125087,0.0
51,31.45463812739797,62.90927625479594,859.9597593615189,0.0
52,33.50669373508566,67.01338747017132,873.2072226690101,0.0
53,40.55726704943546,81.11453409887092,899.7099353721118,0.0
54,74.516273431995,149.03254686399,943.654082167825,0.0
55,81.98337040919151,163.96674081838302,925.6860357833109,0.0
56,35.9430973451306,72.65033885941635,917.244150269352,0.3820720845775757
57,33.00358837724717,68.02805405498674,895.9916874615933,1.0104386502461984
58,31.13745370477036,63.832042597172425,884.7572699404543,0.7785675938158533
59,31.391339731009367,63.72930326385203,874.8562066261311,0.4733119009166502
60,70.74726697733848,143.51023453173067,860.9186948473853,1.0078502885268568
61,50.68198226030596,102.83827783431545,820.395653992063,0.7371566568517665
62,30.295775195727753,62.05360873550261,779.1138533370234,0.7310291720235504
63,30.866269884371818,61.73792715984851,760.0840552487531,0.0026936955524376003
64,32.7214080190533,65.4428160381066,755.1171965725495,0.0
65,34.89229457287309,69.78458914574618,786.7731880366375,0.0
66,90.81813846781675,181.6362769356335,846.0860973872556,0.0
67,116.6640749786133,233.3281499572266,868.6696857255766,0.0
68,73.719861854321,147.439723708642,864.7199309787962,0.0
69,54.636114734100985,109.27222946820197,866.1042670701523,0.0
70,40.32072138858439,80.64144277716878,860.3330116382303,0.0
71,33.73862860757248,67.47725721514496,869.8549856611132,0.0
72,32.051165049512306,64.10233009902461,874.7401540213402,0.0
73,31.97221988254949,63.94443976509898,864.6128722984023,0.0
74,32.05603825227739,64.11207650455478,871.773655731631,0.0
75,32.24580613873972,64.49161227747943,890.0675129284774,0.0
76,34.27642651380069,68.55285302760139,900.217810181884,0.0
77,42.403678182726786,84.80735636545357,935.0799804167616,0.0
78,81.59477679636785,163.1895535927357,997.6299908525675,0.0
79,89.24982937175969,178.49965874351938,997.9518236670713,0.0
80,51.43905196524757,105.86276843313459,1013.8098584142134,1.492332251319722
81,54.66637398458162,114.8675872479034,1008.8504409457274,2.7674196393700843
82,39.369277124528516,85.53611896500095,986.9609519418216,3.398782357971962
83,36.06205337002835,79.37184628472632,872.3424316569068,3.6238697723348055
84,95.67199426269599,197.60314662471254,704.5384845921457,3.1295790496602782
85,84.79846226219341,174.210523491067,568.4814859845638,2.3067994833400824
86,45.69700645696622,93.93432382150921,485.2240231215896,1.2701554537883812
87,41.29506331661323,83.28496209377248,445.3268011117432,0.3474177302730074
88,36.979475833125306,73.95895166625061,466.7818146891249,0.0
89,43.53582748685622,87.07165497371244,602.9627600665111,0.0
90,90.78256642705313,181.56513285410625,711.6127555216888,0.0
91,117.19832927372718,234.39665854745436,776.4482710263438,0.0
92,74.09885082499093,148.19770164998187,803.3528561268402,0.0
93,59.78814196040703,119.57628392081406,816.4941070162473,0.0
94,42.660930410724745,85.32186082144949,837.410071343805,0.0
95,35.94114590486367,71.88229180972733,838.2371334900497,0.0
96,27.901357198010288,55.802714396020576,844.6902356188174,0.0
97,28.03285212391482,56.06570424782964,855.2444730541911,0.0
98,28.37711040581831,56.75422081163662,889.2483570943808,0.0
99,28.53109550070843,57.06219100141686,899.3726964469657,0.0
100,30.417310155506843,60.83462031101369,921.9942120805113,0.0
101,37.48688921383402,74.97377842766804,953.0148719873222,0.0
102,71.4265695242057,142.8531390484114,1017.4350942240408,0.0
103,78.11553904890066,156.23107809780132,1026.1072107326647,0.0
104,46.34886610747487,93.52469332414005,1030.067971548105,0.41348055459515437
105,48.56026079055411,100.77386475769282,996.0808351832775,1.8266715882923021
106,34.62161642161796,75.80591939909975,989.7307435410925,3.281343277931914
107,32.26850710747416,72.09300027562576,962.8716507878837,3.777993030338718
108,84.8158768248787,176.85492589844233,897.0484671133654,3.6115861243424607
109,75.5383200939703,157.02560781900343,814.9998635617478,2.974483815531412
110,41.44464225643085,87.41528747755599,729.61864790438,2.2630014823471445
111,38.23566505615882,78.27537948293302,688.8703921884133,0.9020246853076842
112,35.043955646338524,70.08791129267705,696.2678215781275,0.0
113,39.89603376366591,79.79206752733182,765.1185445916274,0.0
114,80.7504455746043,161.5008911492086,850.6925609432437,0.0
115,103.24777333320242,206.49554666640483,871.3379615826016,0.0
116,65.78153310206201,131.56306620412403,853.7515125267596,0.0
117,53.242042429688766,106.48408485937753,844.2794330329892,0.0
118,38.18461129347028,76.36922258694057,827.8782279442141,0.0
119,32.34306081364091,64.68612162728182,825.851113585552,0.0
120,28.725030497028243,57.450060994056486,804.7130599298175,0.0
121,28.60689461303013,57.21378922606026,789.8112051103905,0.0
122,28.753502870470104,57.50700574094021,804.6557538148008,0.0
123,29.049440264167032,58.098880528334064,833.0589021926318,0.0
124,31.828186287256333,63.656372574512666,855.213989115916,0.0
125,38.256513410890875,76.51302682178175,887.1147624708628,0.0
126,56.16320787601104,112.32641575202209,943.4404152931572,0.0
127,71.51341955837631,143.02683911675263,936.2321456182023,0.0
128,55.53410504182795,112.24995496220461,936.6619166622786,0.5908724392743588
129,71.83558991556113,145.78293182997047,922.060047351114,1.0558759994240985
130,63.139773529341305,128.34794028175898,905.183917381552,1.0341966115381862
131,58.688744796310765,119.47537277509856,885.7543032980349,1.0489415912385176
132,116.26816180444781,234.32918416088702,880.0541331773802,0.8964302759956964
133,106.79853453951975,215.13648610598938,862.4734336976397,0.7697085134749344
134,63.23706727693334,127.40670644824847,852.1154886293052,0.46628594719089805
135,54.846161968292186,110.11935162551079,847.4420493705898,0.21351384446320712
136,46.52028166893162,93.04056333786323,851.165854999582,0.0
137,55.40224732483196,110.80449464966392,877.9968289353592,0.0
138,97.11693917090605,194.2338783418121,927.3955526671357,0.0
139,111.76723180072084,223.53446360144167,938.3286289978488,0.0
140,64.39838556708298,128.79677113416597,922.6286396318726,0.0
141,55.6890809823548,111.3781619647096,914.2556186646033,0.0
142,42.73143000165753,85.46286000331506,907.9617810273202,0.0
143,36.61361429618231,73.22722859236463,899.4303491839445,0.0
144,31.234575909311815,62.46915181862363,887.4265512352812,0.0
145,31.147314945963473,62.294629891926945,877.9383083043691,0.0
146,31.065314491357647,62.130628982715294,866.2524190335312,0.0
147,31.024767046387993,62.049534092775986,857.8060085308368,0.0
148,32.833142563325964,65.66628512665193,850.8419196684636,0.0
149,39.669046226531655,79.33809245306331,870.6564948017433,0.0
150,72.69949823309354,145.39899646618707,923.1170001686465,0.0
151,80.03400034563806,160.06800069127613,918.7335956485268,0.0
152,35.18373847654877,71.54913815988499,917.060670494736,0.590830603393724
153,32.39546762827511,67.39673956979256,898.7673044234214,1.302902156621172
154,30.11370085504375,63.39616968160362,888.0974798990558,1.584383985758059
155,30.027471503280843,62.982953361602995,869.6687459149658,1.4640051775206528
156,68.79368591019572,140.19848477313064,851.1843897178444,1.305556476369597
157,49.26617690210419,100.83296553296759,820.6669023125162,1.1503058643796045
158,29.6965240625833,61.3900826181179,788.4795065859346,0.9985172464756492
159,30.077426798747982,61.21355007847673,773.2827332784713,0.529348240490383
160,32.41265669867013,64.82531339734027,762.0575375685548,0.0
161,34.50995340708046,69.01990681416092,786.7033545899692,0.0
162,88.72347805645606,177.44695611291212,841.6906271936887,0.0
163,113.71263778878856,227.4252755775771,853.242453523184,0.0
164,71.97845871119371,143.95691742238742,839.7751894918304,0.0
165,53.313039925987596,106.62607985197519,821.9148647504433,0.0
166,39.28909377072817,78.57818754145634,804.883559601295,0.0
167,32.67791771453979,65.35583542907958,791.4572909063552,0.0
168,30.197839914036326,60.39567982807265,783.8620777925718,0.0
169,30.20611209920047,60.41222419840094,786.9659977159486,0.0
170,30.213138678127653,60.426277356255305,787.3943051815469,0.0
171,30.193697198147618,60.387394396295235,782.9615990385602,0.0
172,31.998110628988588,63.996221257977176,782.0608674383695,0.0
173,38.669287168230156,77.33857433646031,807.7918890025144,0.0
174,70.91676073313342,141.83352146626683,856.8965988452244,0.0
175,78.00931361004838,156.01862722009676,845.8408714962369,0.0
176,34.3836216172058,69.39596478630857,843.3065471366658,0.31436077594848477
177,31.5857601695629,64.80616413195384,820.9086693358507,0.8173218964140189
178,29.459208947599965,60.85904682987526,811.8504520788849,0.9703144673376657
179,29.63335041916643,60.4982130929397,790.8545850279116,0.6157561273034208
180,66.86045433132365,136.3651217243006,791.0755557965626,1.32210653082665
181,48.17465333941583,97.66460540322996,749.5866795363064,0.6576493621991473
182,29.180190918565504,58.83570778284097,705.4190716992716,0.23766297285498214
183,29.15281896307584,58.79166711671755,703.3543685438196,0.24301459528293368
184,31.388686470151107,62.777372940302214,727.5034654564996,0.0
185,33.71373419695437,67.42746839390874,779.7577080327275,0.0
186,86.6208426222734,173.2416852445468,836.1428650019164,0.0
187,111.11722751503625,222.2344550300725,857.1312325286985,0.0
188,70.26828520629465,140.5365704125893,841.7680001065169,0.0
189,52.07249475091101,104.14498950182202,832.5529443027983,0.0
190,38.398159743397585,76.79631948679517,822.1125378616455,0.0
191,31.939380972254078,63.878761944508156,810.8653944329452,0.0
192,30.26943505553678,60.53887011107356,793.4451134364947,0.0
193,30.33156623707953,60.66313247415906,794.3505492234209,0.0
194,30.381905564196042,60.763811128392085,794.50352885165,0.0
195,30.450842051984473,60.90168410396895,796.9807973112823,0.0
196,32.35061621052773,64.70123242105547,801.651109577204,0.0
197,39.26187116970254,78.52374233940508,842.8143035294204,0.0
198,72.14101459520202,144.28202919040405,908.7202041956665,0.0
199,79.3241669437458,158.6483338874916,894.7622268298118,0.0
200,34.035208469883415,70.96160382288761,906.3817880850297,1.4455934415603913
201,30.42733496941227,66.56836589584991,898.5058987599928,2.856847978512684
202,27.303472508717746,62.63694080949664,888.4495415103694,4.014997896030574
203,26.032010411515373,61.04219881278286,808.5905401424468,4.489088994876055
204,63.07298157028311,134.92492198111435,677.2503080844253,4.389479420274067
205,42.98737592640273,93.52120679839402,540.1511480843703,3.7732274727942854
206,24.204027261534875,53.651763518309394,463.0421385050042,2.621854497619823
207,24.95870612501045,52.20219149001798,413.38091944134305,1.1423896199985388
208,27.893588137515618,55.787176275031236,428.35524343757095,0.0
209,31.502482115075978,63.004964230151955,578.6187224206252,0.0
210,86.09610296048722,172.19220592097443,717.3684425686657,0.0
211,111.32971009703115,222.6594201940623,787.3672152152893,0.0
212,70.17666958009596,140.35333916019192,802.191980368208,0.0
213,51.91152739073147,103.82305478146294,813.951611988249,0.0
214,38.20604338933228,76.41208677866456,820.9686143268244,0.0
215,31.843123327620773,63.68624665524155,829.5550334631562,0.0
216,29.081851911113684,58.16370382222737,838.0484213118373,0.0
217,29.200545824276258,58.401091648552516,851.3173813010192,0.0
218,29.33559182192976,58.67118364385952,860.4814733859977,0.0
219,29.50388124807443,59.00776249614886,868.3851893252154,0.0
220,31.38350486042449,62.76700972084898,875.0108997710759,0.0
221,38.000761493772536,76.00152298754507,907.7760389506443,0.0
222,69.46620319321197,138.93240638642393,958.8327009908688,0.0
223,76.43801287573483,152.87602575146965,951.2310986846912,0.0
224,32.608636189828516,68.79093046376249,954.0526571574654,1.7868290420527282
225,29.041700984359558,64.59960487335118,926.0540238079057,3.2581014523160343
226,26.208283376982315,60.73064832443621,918.1652629567556,4.157040785235788
227,24.126928238340888,57.51378133515519,772.4110449632377,4.6299624292367065
228,59.29618767078024,127.65331696527764,600.3949676999692,4.530470811858579
229,40.813893424466556,89.42866341764265,503.6958131621481,3.9004382843547716
230,22.439661064376946,50.32569323399609,398.53242824748514,2.7231855526211013
231,23.21921971603244,48.85119633284393,339.8869645219336,1.2063784503895238
232,26.26540097145357,52.53080194290714,347.1699679083303,0.0
233,29.59977330813791,59.19954661627582,481.7327321639606,0.0
234,81.72986124793977,163.45972249587953,597.4694306905088,0.0
235,105.87732611380758,211.75465222761517,660.5865403759918,0.0
236,66.59552198273302,133.19104396546604,704.0136998174296,0.0
237,49.086266055335116,98.17253211067023,721.0947377484463,0.0
238,36.013320970909554,72.02664194181911,741.318317616708,0.0
239,29.979337636398473,59.958675272796945,759.1861769057766,0.0
240,30.282646423173272,60.565292846346544,765.5322182438503,0.0
241,30.28748932178576,60.57497864357152,756.7969308282015,0.0
242,30.37263112611351,60.74526225222702,756.964798363917,0.0
243,30.59565616575384,61.19131233150768,773.5732987420046,0.0
244,32.617063838055664,65.23412767611133,779.2017918942154,0.0
245,40.66853334210262,81.33706668420524,802.1517531291304,0.0
246,79.68028977215592,159.36057954431183,851.6463205869903,0.0
247,87.3307972192054,174.6615944384108,849.5353633123852,0.0
248,50.15817398361521,102.04225535196049,849.6369619782557,0.8629536923650374
249,54.004570884279296,110.99888062470805,847.3286651830073,1.4948694280747317
250,38.91352159934535,81.95889127656697,828.6867366693388,2.065924038938134
251,34.30785753982844,75.98522341554028,721.4001931460598,3.684754167941696
252,94.84818281897869,195.57098759575254,579.71673130685,2.9373109788975826
253,83.16535104836603,171.62906974082443,447.67854242455064,2.64918382204618
254,44.0868097667251,91.62001876453266,338.9671493400609,1.7231996155412295
255,39.94762056979905,80.74208861121652,280.81154853497264,0.42342373580920745
256,35.6643907968382,71.3287815936764,288.19884426028835,0.0
257,41.74574996079057,83.49149992158114,405.7815958954142,0.0
258,89.12730438819801,178.25460877639603,550.4909559238854,0.0
259,115.36467359579062,230.72934719158124,608.7446231952193,0.0
260,72.29355476253038,144.58710952506075,627.7136013601174,0.0
261,57.987203353904334,115.97440670780867,642.8012200464725,0.0
262,40.88130589184943,81.76261178369886,665.6045215963519,0.0
263,34.22330104054027,68.44660208108054,677.8999843095837,0.0
264,29.179520934994706,58.35904186998941,666.9248613744011,0.0
265,29.357536052603518,58.715072105207035,687.953117466292,0.0
266,29.50646148210488,59.01292296420976,696.3958789939305,0.0
267,29.622062767963943,59.244125535927886,696.9129179029392,0.0
268,31.634778893562025,63.26955778712405,699.9625063976805,0.0
269,39.66719383887649,79.33438767775299,724.2866975749264,0.0
270,78.51564373412029,157.03128746824058,775.6275599250033,0.0
271,86.2417805659794,172.4835611319588,787.3980623561389,0.0
272,49.05465816540764,100.31568277628264,793.6895242531094,1.1031832227336853
273,52.50265066679847,109.73804114591883,791.0233833089484,2.3663699061609442
274,36.52261332464482,80.86578946249185,781.2125784471623,3.910281406601102
275,33.07941483038707,74.96469304608662,682.8777271353326,4.4029316926562405
276,92.79390939585707,193.84935179386628,535.8046865652237,4.13076650107606
277,81.94713939660157,171.0011698617113,421.47598208126004,3.5534455342540827
278,42.92073065990318,90.56215851847017,295.1985424963219,2.36034859933191
279,39.18437722362673,80.36973289292753,248.61801281332458,1.0004892228370328
280,35.46571875293037,70.93143750586074,255.63353565974563,0.0
281,41.391660894238235,82.78332178847647,363.6922496808325,0.0
282,88.4605686392278,176.9211372784556,492.6879583185216,0.0
283,114.76773453232836,229.53546906465672,577.0964544090018,0.0
284,71.96577045219678,143.93154090439356,604.6267157575204,0.0
285,57.72894718839394,115.45789437678788,624.403703414757,0.0
286,40.76400611839202,81.52801223678404,654.1875330085354,0.0
287,34.19795012387837,68.39590024775674,673.4065711898345,0.0
288,28.603317316779098,57.206634633558195,678.6353127318965,0.0
289,28.672120492100337,57.344240984200674,686.7964331132478,0.0
290,28.86077250993286,57.72154501986572,707.8159416600603,0.0
291,29.121500969336708,58.243001938673416,733.2392124836615,0.0
292,31.060431178981542,62.120862357963084,738.2151360203521,0.0
293,37.944794361326565,75.88958872265313,768.2879599686227,0.0
294,71.01288454582411,142.02576909164821,836.3098267260432,0.0
295,78.3879045126051,156.7758090252102,837.905860435461,0.0
296,33.63264434768523,68.8011569019119,850.4705485480719,0.7679341032707176
297,30.44371677498167,64.96190062390723,844.7318676528156,2.0372335369719434
298,27.338710423261848,60.731982721750434,826.6048640831339,3.027280937613368
299,24.871658904283898,58.73808562078569,730.7560713916154,4.497383906108946
300,62.174603269845534,133.08346169797403,582.1214829402412,4.367127579141479
301,42.454531250498384,92.5216253874431,466.28899190931753,3.8062814432231646
302,23.109176131202005,51.590765145902765,345.98685961650267,2.686206441749377
303,23.920904540020736,50.33998328272363,272.99308077877146,1.2490871013410771
304,27.126779648526185,54.25355929705237,289.5643175279383,0.0
305,30.285328357637912,60.570656715275824,402.6042816008028,0.0
306,84.92609838280335,169.8521967656067,526.4670035023014,0.0
307,110.29976686320872,220.59953372641743,604.3132443430919,0.0
308,68.90145751726213,137.80291503452426,622.0356899666257,0.0
309,50.64130315691753,101.28260631383506,651.9801815160677,0.0
310,36.94312642611007,73.88625285222014,670.388637564913,0.0
311,30.599278278082124,61.19855655616425,688.789588740299,0.0
312,29.80057329235006,59.60114658470012,672.3967717576487,0.0
313,29.904102235492175,59.80820447098435,684.7398864290859,0.0
314,29.96033393904759,59.92066787809518,687.9261800180147,0.0
315,30.17841758787349,60.35683517574698,706.0155050531356,0.0
316,32.237448363633284,64.47489672726657,715.1568484419402,0.0
317,39.53692387052019,79.07384774104038,755.53931702955,0.0
318,74.28192808241076,148.56385616482152,821.7585303776634,0.0
319,81.96775710687754,163.93551421375508,814.3771078194578,0.0
320,33.824707451080116,70.94348249124536,805.086324257222,1.6470337945425666
321,30.40474295113613,66.808388142359,791.4744799629719,2.9994511200433673
322,27.524359126806186,62.76428704499517,782.4164936513357,3.8577843956913993
323,26.62542199697096,62.13307427214897,750.1626184861789,4.441115139103524
324,66.48457176593774,141.19340020945342,643.8982351550138,4.11212833878896
325,45.480700863562234,97.47482131184148,485.64011628513225,3.256709792358507
326,24.6449318347373,54.248938346421866,353.1104000271361,2.4795373384736354
327,25.281097827545064,53.017347626153054,279.6329526879499,1.2275759855314632
328,28.42643433215702,56.85286866431404,278.4455836321065,0.0
329,31.63747677633358,63.27495355266716,384.8820894049804,0.0
330,89.07521776329301,178.15043552658602,505.4228314805299,0.0
331,115.75620775859292,231.51241551718584,583.6251251944237,0.0
332,72.24618240740301,144.49236481480602,613.9677760854788,0.0
333,53.001185752295804,106.00237150459161,640.128462227079,0.0
334,38.62648915389968,77.25297830779937,667.8914118709373,0.0
335,31.902762722335627,63.805525444671254,682.5489386462783,0.0
336,29.245469738893487,58.490939477786974,696.5210197957238,0.0
337,29.4790616736993,58.9581233473986,723.7909728682172,0.0
338,29.58880590799152,59.17761181598304,731.2519097869589,0.0
339,29.784780989415392,59.569561978830784,747.8597050178416,0.0
340,31.86843433642998,63.73686867285996,767.9328512096575,0.0
341,38.764548641459854,77.52909728291971,784.8941481802764,0.0
342,72.37853513860622,144.75707027721245,840.7463018541332,0.0
343,79.73879516154821,159.47759032309642,821.7627818083126,0.0
344,34.361581690114626,69.46384333938055,816.6776293785022,0.3703399795756469
345,31.81581134313726,64.92091036550332,797.197459548547,0.6446438396143999
346,29.872022690124048,60.8640354130048,780.4043999769805,0.5599950163783519
347,29.16612697687402,60.32163446464181,748.2177686518884,0.9946902554468872
348,68.36526386280104,138.36865098815417,698.60644941807,0.8190616312760437
349,48.01604686306535,97.56734995497605,623.0087148711245,0.7676281144226781
350,28.21602714304736,57.25078811942482,573.8100584238217,0.4093669166650509
351,28.286028488258406,56.904138988237975,551.7541374549618,0.16604100586058176
352,30.217224082357564,60.43444816471513,542.593854584651,0.0
353,32.457890161443665,64.91578032288733,588.8731504485808,0.0
354,87.9441038338232,175.8882076676464,671.874683538665,0.0
355,113.41982859869668,226.83965719739336,692.5163951221135,0.0
356,71.02031673427375,142.0406334685475,682.9118461658921,0.0
357,52.212643323977204,104.42528664795441,685.2453158099524,0.0
358,38.10535975350542,76.21071950701084,686.7154553381077,0.0
359,31.506449060297932,63.012898120595864,680.9186332249747,0.0
360,28.05447012588768,56.10894025177536,677.8057404417219,0.0
361,28.12123072497216,56.24246144994432,684.3120151370605,0.0
362,28.248287964971485,56.49657592994297,696.6507648722434,0.0
363,28.42490393913406,56.84980787826812,713.930200601006,0.0
364,30.320845077714928,60.641690155429856,729.4140181976262,0.0
365,36.93120854290073,73.86241708580145,767.4786758567343,0.0
366,68.55329260628874,137.10658521257747,844.8837692190982,0.0
367,75.43063773417575,150.8612754683515,831.1804050948457,0.0
368,32.65243137890314,66.91716180471374,844.7540199525638,0.8061495234537358
369,30.47908313045761,63.316656403926146,845.4007019325306,1.1792450715054645
370,28.8199952692556,59.48740401473557,837.4569615947241,0.923706738112183
371,27.783546733133075,57.21822710645573,724.5144024043014,0.8255668200947879
372,63.31061959246371,127.67167253157133,573.0128536569988,0.5252166733219549
373,43.518139302941236,88.29696056946678,436.1201732142204,0.6303409817921484
374,24.038210719113444,49.35802549256404,321.54936286406263,0.6408020271685769
375,24.036528832241927,48.24478652410474,260.5499133996107,0.08586442981044219
376,25.92617595894886,51.85235191789772,270.78148292223557,0.0
377,29.051562841756265,58.10312568351253,396.8660014150519,0.0
378,81.34360230879653,162.68720461759307,531.8671894516661,0.0
379,105.52633981185656,211.05267962371312,605.4582674521691,0.0
380,66.13016007873509,132.26032015747018,631.4064231235395,0.0
381,48.63961883776968,97.27923767553936,648.6014266343136,0.0
382,35.658302836891394,71.31660567378279,679.9470022504117,0.0
383,29.61290298280953,59.22580596561906,696.491445332961,0.0
384,29.377640490036,58.755280980072,712.8705289214569,0.0
385,29.344524454264302,58.689048908528605,705.6722365004895,0.0
386,29.48601421591635,58.9720284318327,716.4711233067292,0.0
387,29.749826454083383,59.499652908166766,742.0698051006751,0.0
388,31.66733671392172,63.33467342784344,743.2285799752982,0.0
389,38.77545558330676,77.55091116661352,790.586086363806,0.0
390,72.30577415400359,144.61154830800717,857.356901858244,0.0
391,79.73494081809508,159.46988163619017,852.862953621555,0.0
392,34.36690449634878,69.77023681628482,841.9194970584321,0.5182139117936266
393,31.9227643729206,65.40085720141471,840.1291848963751,0.7776642277867541
394,30.072051981974536,61.277359718131734,818.2174675754025,0.5666278770913312
395,29.463423964466376,60.09954618298907,753.3296010614982,0.5863491270281596
396,68.09767113503442,137.3359546248045,688.6190260357413,0.5703061773678304
397,46.18269603811125,94.20339065749467,500.08133091256025,0.9189992906360779
398,26.53537320385418,53.647100309844134,387.137880795334,0.2881769510678865
399,25.74118945287569,51.62912966547575,317.6099104166522,0.07337537986218416
400,27.517469141459117,55.03493828291823,308.242536838939,0.0
401,30.698991028909063,61.397982057818126,419.47185877791236,0.0
402,86.26593778702889,172.53187557405778,557.3683618822394,0.0
403,111.81371006965357,223.62742013930713,608.7726445247977,0.0
404,69.81340267084485,139.6268053416897,624.726077287164,0.0
405,51.18369869906926,102.36739739813852,640.9133714037821,0.0
406,37.25225745425066,74.50451490850132,658.5506330813133,0.0
407,30.778608728758947,61.55721745751789,672.4320082273944,0.0
408,27.490721679494364,54.98144335898873,689.0078678496192,0.0
409,27.527588681599603,55.055177363199206,692.1752194804392,0.0
410,27.618208963381814,55.23641792676363,698.7746241526345,0.0
411,27.745256236031636,55.49051247206327,708.1339255514155,0.0
412,29.65558385985654,59.31116771971308,716.5746732106521,0.0
413,37.08019990081447,74.16039980162894,742.2253759976279,0.0
414,72.72450504376278,145.44901008752555,790.0087480834585,0.0
415,79.67875232501359,159.35750465002718,783.5112212763286,0.0
416,44.710333714100834,93.29954141419283,792.5288721874294,1.9394369929955837
417,47.29675660955154,101.35747337522766,781.904565802604,3.3819800780622886
418,33.134170438618824,75.09241137896427,775.8430300921664,4.4120352508633145
419,30.93078040697169,71.40760626989675,763.3814355508646,4.7730227279766835
420,87.3608512727782,183.32554575644033,766.0095629335681,4.301921605441969
421,78.21605378579922,163.82310822876585,750.6084306168881,3.6955003285837087
422,43.3499259179804,91.72187739449625,726.9927231825366,2.5110127792677264
423,40.552539115212454,82.81167981277987,716.4531491636321,0.8533007911774805
424,37.047836661806656,74.09567332361331,715.1523186184289,0.0
425,41.75496001463293,83.50992002926586,741.504744326175,0.0
426,84.18388047928102,168.36776095856203,785.7724010148885,0.0
427,107.83513266619286,215.67026533238572,796.5963225709629,0.0
428,68.33280808321706,136.66561616643412,780.7854768058478,0.0
429,55.11247149708795,110.2249429941759,772.4780233646039,0.0
430,39.27323152341834,78.54646304683668,761.7225229017818,0.0
431,33.094964988724506,66.18992997744901,750.6140966388474,0.0
432,30.819360174460254,61.63872034892051,752.0854840828845,0.0
433,30.821135532067963,61.642271064135926,750.8418561090315,0.0
434,30.97734308397512,61.95468616795024,766.7664682057381,0.0
435,31.03314201039048,62.06628402078096,769.8093093276074,0.0
436,33.04242504277375,66.0848500855475,779.0581364003558,0.0
437,41.15585727270129,82.31171454540258,815.2037102628474,0.0
438,80.08973223179524,160.17946446359048,858.7331391833901,0.0
439,87.46305362940052,174.92610725880104,824.2325393599319,0.0
440,50.67134990383226,102.70635920451596,850.6018806158934,0.68182969842572
441,55.30380778652676,111.9741517724013,842.1094463164827,0.6832680996738894
442,40.064893668074944,82.6598033572524,834.0137891520405,1.265008010551257
443,37.2680900916868,77.65880215533956,774.7983890627836,1.5613109859829777
444,97.8053778619028,199.0292262077334,711.0242273007893,1.7092352419639
445,86.13743115669331,176.63872615827762,637.0603598556323,2.1819319224454974
446,47.01546322069522,96.82518500133487,567.2735267584422,1.3971292799722206
447,43.74426292738241,88.40504526585087,613.7897714203691,0.458259705543031
448,39.58314284748229,79.16628569496459,637.5783484730719,0.0
449,44.91727611346156,89.83455222692312,693.0487495739108,0.0
450,91.54280649084573,183.08561298169147,760.6241412875696,0.0
451,117.49725368123376,234.99450736246752,779.1837442688688,0.0
452,74.22635287764977,148.45270575529955,768.3196306019487,0.0
453,59.73507463305739,119.47014926611477,760.6538503746833,0.0
454,42.43883808641425,84.8776761728285,758.3381816246972,0.0
455,35.66669009758443,71.33338019516886,755.6949108824822,0.0
456,29.79394052429951,59.58788104859902,761.3099643771391,0.0
457,29.99172880304471,59.98345760608942,787.1410731003695,0.0
458,30.0998949840426,60.1997899680852,793.0255046845272,0.0
459,30.191097268317716,60.38219453663543,797.7495707530286,0.0
460,32.084782907945446,64.16956581589089,800.8019791171798,0.0
461,38.88908951436959,77.77817902873917,829.7289566902673,0.0
462,71.54774655652267,143.09549311304534,874.4575533008933,0.0
463,78.75681659699306,157.51363319398612,864.802843228167,0.0
464,32.80496661527652,69.77575254453036,865.7843777736524,2.0829096569886625
465,29.134325274884393,65.3931206567071,838.7026674090772,3.562235053469156
466,26.105132724162274,61.33192599623074,822.803493927038,4.560830273953095
467,25.464347303961326,61.089781054007844,806.6636335340369,5.0805432230425955
468,63.96330727826436,137.87909068821384,798.9101012222372,4.976238065842557
469,45.23699902903407,98.79521618664603,763.8781416394105,4.160609064288947
470,26.878519231453154,59.40431928648464,715.948557934586,2.823640411789168
471,28.054707889731837,59.280370686653214,706.8940320625753,1.5854774535947698
472,31.53597825652388,63.07195651304776,716.721194951943,0.0
473,33.67124408815608,67.34248817631216,740.6890634175852,0.0
474,87.24541856035036,174.49083712070072,787.615069193485,0.0
475,112.04036072854939,224.08072145709878,803.4509947879474,0.0
476,70.57412974019617,141.14825948039234,778.7274551775408,0.0
477,52.101434070340524,104.20286814068105,764.7706548773589,0.0
478,38.284281322164404,76.56856264432881,759.2267890481246,0.0
479,31.73059185642436,63.46118371284872,747.2820256695809,0.0
480,29.477275316626773,58.95455063325355,722.5707997374171,0.0
481,29.38783683012406,58.77567366024812,713.1281647908562,0.0
482,29.413744763464265,58.82748952692853,715.9160621761984,0.0
483,29.418306738193497,58.836613476386994,714.9046508915441,0.0
484,31.20749225751236,62.41498451502472,711.5785781990693,0.0
485,37.934372712366525,75.86874542473305,739.4876036128423,0.0
486,70.41079720304138,140.82159440608277,791.070735842706,0.0
487,77.50771094517937,155.01542189035874,775.8456703368511,0.0
488,31.801098794232367,67.8455095287298,775.536642791647,2.1216559701325353
489,28.240723486024034,63.77336859787963,757.2050124601163,3.6459608129157806
490,25.332424148215114,59.767864356167614,737.839479823077,4.551508029868692
491,25.059455351298674,59.44749735407588,720.6959355337381,4.664293325739267
492,62.07512925443814,134.22691518126987,641.9786215659077,5.0383283361968
493,42.30391304865298,93.31827146149708,514.2254245149476,4.355222682095558
494,23.69833326307865,52.983501246743145,403.4236231944086,2.7934173602929233
495,23.53308044405619,50.64044847937576,324.3348367073146,1.7871437956316913
496,27.07387386227344,54.14774772454688,306.0191486040652,0.0
497,30.003184105300118,60.006368210600236,396.9219719661707,0.0
498,83.9759655795753,167.9519311591506,511.25416788160055,0.0
499,108.9916222926362,217.9832445852724,579.3063144653065,0.0
500,68.17510202617717,136.35020405235434,607.0849800610887,0.0
501,50.095755752820644,100.19151150564129,630.5821425739744,0.0
502,36.52610716975875,73.0522143395175,642.2662652132857,0.0
503,30.0494112501984,60.0988225003968,632.6651946599364,0.0
504,27.425032818602173,54.850065637204345,608.8263135422341,0.0
505,27.330606184635887,54.66121236927177,595.453385619163,0.0
506,27.210662172694615,54.42132434538923,576.2677200306347,0.0
507,27.3264871864008,54.6529743728016,585.0286139643173,0.0
508,29.106693331569787,58.21338666313957,583.5881601979878,0.0
509,35.7878229060034,71.5756458120068,623.4592695111871,0.0
510,67.53167528915685,135.0633505783137,681.3737079588628,0.0
511,74.56724569519173,149.13449139038346,679.804018002403,0.0
512,31.112667392663475,64.310377987475,687.0454817397551,1.04252160107402
513,27.89957892193488,60.635622517575875,686.863900810143,2.4182323368530576
514,24.573999774417985,56.73501350344908,670.870308616483,3.793506977306556
515,22.849494214185775,54.43570377450244,561.7944920700736,4.368357673065447
516,58.221919302187196,125.9349543336595,416.2337260464514,4.745557864642557
517,39.1138516018689,86.99255285678271,313.0424623925606,4.38242482652245
518,20.835116753231645,47.9939568252365,221.70814861214345,3.1618616593866045
519,22.098274762093155,47.493021207628104,191.88648757206636,1.6482358417208984
520,25.574101611942076,51.14820322388415,212.23025427875905,0.0
521,28.273893005091317,56.547786010182634,316.9212842755144,0.0
522,81.07710493403653,162.15420986807305,455.31794158358815,0.0
523,105.48140245348421,210.96280490696842,525.8958985481057,0.0
524,65.68260464588943,131.36520929177885,552.7112753318971,0.0
525,48.041165292642354,96.08233058528471,574.9469160032733,0.0
526,34.832311308145314,69.66462261629063,591.0757215910494,0.0
527,28.64380616296544,57.28761232593088,597.4248852689364,0.0
528,29.01742975214906,58.03485950429812,600.173672643714,0.0
529,29.0868283880074,58.1736567760148,608.703607592141,0.0
530,29.278459135218988,58.556918270437976,630.9891900991156,0.0
531,29.533922736073276,59.06784547214655,660.6234638346587,0.0
532,31.676894988559216,63.35378997711843,679.7985696121307,0.0
533,38.937267029846,77.874534059692,711.7132918656366,0.0
534,73.82958183729407,147.65916367458814,776.6851524891238,0.0
535,81.57470456217507,163.14940912435014,771.8810236040382,0.0
536,34.12073371775022,70.2064162921975,786.2697096218068,0.9824744283485325
537,31.14110149934598,66.01943149662875,775.7151530757629,1.868614248968399
538,29.622775422079748,61.9712875241138,764.819040910213,1.3628683399771524
539,28.72394686947325,61.49091306924448,732.2671339240079,2.0215096651489906
540,70.19385338549853,142.7133908441962,695.258163166074,1.162842036599564
541,48.73713707902603,101.14364705667107,650.85243957414,1.83468644930951
542,28.680832119455786,59.02942900282988,583.2209571689916,0.8338823819591521
543,28.591517081830993,58.22618332706938,540.6403910041578,0.5215745817036954
544,31.224156450952716,62.44831290190543,550.0658992378395,0.0
545,33.58560492094079,67.17120984188158,595.2916205277772,0.0
546,91.11332386518974,182.22664773037948,697.4183658302968,0.0
547,117.86159237584545,235.7231847516909,762.12698459795,0.0
548,73.84933321003143,147.69866642006286,747.9522406059594,0.0
549,54.240740348510684,108.48148069702137,736.5552631578158,0.0
550,39.56056249248015,79.1211249849603,729.954975561004,0.0
551,32.83411917318892,65.66823834637783,744.6440290681272,0.0
552,29.244140197249294,58.48828039449859,743.6644105465118,0.0
553,29.385002919344103,58.770005838688206,761.7443370405841,0.0
554,29.57537478193835,59.1507495638767,783.9481329144239,0.0
555,29.661244396786408,59.322488793572816,785.9895041108613,0.0
556,31.44386228589472,62.88772457178944,772.0302059395709,0.0
557,38.39846389084736,76.79692778169472,818.6917137140802,0.0
558,71.07883787783678,142.15767575567355,883.3026087093391,0.0
559,78.32287250308548,156.64574500617096,879.6869918504199,0.0
560,33.09747494004238,69.45852517645865,881.8894598378503,1.6317876481869453
561,29.618335566238976,65.02771591739865,863.4020480824332,2.89552239246035
562,26.431341407640684,60.98934588186291,839.8450154692362,4.063331533290772
563,25.8224484276399,60.575316460656104,815.0041867028041,4.465209802688152
564,63.25692949509692,136.04927507919874,757.7084475116204,4.767708044502451
565,44.4686773159908,97.41789364651176,725.5760717285729,4.240269507265078
566,25.981376345466547,58.24862033247012,680.7955886207113,3.142933820768511
567,26.704052164314778,56.73378051748823,613.2772909451583,1.6628380944293346
568,30.404886384737495,60.80977276947499,626.7931002324125,0.0
569,32.722617046727215,65.44523409345443,676.430137174843,0.0
570,86.37024107391169,172.74048214782337,752.2198548461408,0.0
571,111.05145576521618,222.10291153043235,771.0686087314834,0.0
572,69.9969829851076,139.9939659702152,770.6024599513972,0.0
573,51.6814695649707,103.3629391299414,764.5691789576998,0.0
574,37.97585443813962,75.95170887627924,763.5899795539017,0.0
575,31.52525136398916,63.05050272797832,759.56679395174,0.0
576,29.2257720819202,58.4515441638404,747.0572730177064,0.0
577,29.167983288484745,58.33596657696949,740.9610561559491,0.0
578,29.205556493004533,58.411112986009066,744.172833792815,0.0
579,29.30872176250019,58.61744352500038,754.2955218414226,0.0
580,31.120641575455146,62.24128315091029,755.7816007354708,0.0
581,38.62045276485551,77.24090552971101,776.8673979810484,0.0
582,75.14896653504094,150.29793307008188,817.8283060539051,0.0
583,82.1928308945153,164.3856617890306,799.6994131470855,0.0
584,47.50805605512569,96.32639074418928,801.0221188070902,0.6551393169689526
585,49.611704653481986,105.05265957671914,805.672962625149,2.914625134877581
586,34.97070351355138,77.59199128969288,778.2420833047786,3.825292131295068
587,31.825537724582375,72.65228003823081,712.83772040076,4.5006022945330315
588,89.6150782150871,186.81467159702606,668.5126303887572,3.7922575834259384
589,79.31376267158157,164.53458310014886,545.0747029369758,2.95352887849286
590,41.92273354527272,88.19489922626761,401.6766474198023,2.1747160678610835
591,36.098897338071,75.32178381698456,235.36988542244154,1.5619945704212832
592,33.827130044142535,67.65426008828507,265.37106972697694,0.0
593,39.20465235561116,78.40930471122232,355.70772988144586,0.0
594,83.61218296831483,167.22436593662965,476.2321318032905,0.0
595,108.24013117934125,216.4802623586825,534.9242895457649,0.0
596,67.87034225913605,135.7406845182721,553.6351079031758,0.0
597,54.4099499219715,108.819899843943,566.508551403879,0.0
598,38.29285618611839,76.58571237223678,580.5283095432935,0.0
599,32.02214009404347,64.04428018808694,585.801267888212,0.0
600,27.650333291553487,55.300666583106974,588.4007530541029,0.0
601,27.756286069800144,55.51257213960029,597.3498227218001,0.0
602,27.894163753091394,55.78832750618279,608.8551449859567,0.0
603,28.02000950892094,56.04001901784188,617.4217474817193,0.0
604,29.934553746942736,59.86910749388547,627.4041748327423,0.0
605,37.53471688322874,75.06943376645748,654.7133777484989,0.0
606,74.31632055703305,148.6326411140661,711.2743926341875,0.0
607,81.54878304062548,163.09756608125096,716.7761186216502,0.0
608,46.64864015186676,94.77632230778507,720.3093658750188,0.7395210020257783
609,50.192154671053046,103.22951051218477,706.7112198987312,1.4226005850393406
610,35.62602730289104,75.8969894093476,703.509547095474,2.32246740178276
611,33.01415121617717,71.55374618072464,663.5009921026855,2.762721874185151
612,90.48128065916454,185.39299455382056,583.196510768916,2.215216617745743
613,79.68008453690359,164.12350168464516,504.02284370906904,2.381666305418993
614,41.32379700175626,88.01713307150672,387.41702069211783,2.6847695339971005
615,37.2134068239822,78.11218407067602,337.0452750498377,1.8426852113558154
616,34.893144857015315,69.78628971403063,371.8897847092602,0.0
617,40.08245741721475,80.1649148344295,447.93002545428635,0.0
618,84.44465722869876,168.88931445739752,553.4256267754631,0.0
619,109.01280860339394,218.02561720678787,593.6588825662542,0.0
620,68.37430362890426,136.74860725780852,591.305212160625,0.0
621,54.822202329513495,109.64440465902699,593.7232045475138,0.0
622,38.547465233589605,77.09493046717921,590.7099766153974,0.0
623,32.27553840689125,64.5510768137825,599.5054234874558,0.0
624,28.821795469034022,57.643590938068044,600.5234131904373,0.0
625,28.967689905186923,57.935379810373846,613.5059048623413,0.0
626,29.109857079788668,58.219714159577336,625.3687675638013,0.0
627,29.191604048352467,58.383208096704934,629.8829415252554,0.0
628,31.11514324886328,62.23028649772656,630.6838359949446,0.0
629,38.09562144625082,76.19124289250163,657.1086641398666,0.0
630,71.90195875485242,143.80391750970483,726.9337161759653,0.0
631,79.44200626978723,158.88401253957446,731.3836627103015,0.0
632,33.799705698931874,68.7869322902542,742.9883049200887,0.5937604461952266
633,31.52574883403237,64.53840493585773,737.960142408225,0.7434536338964935
634,29.317142910222202,60.240540175676195,719.0662748713116,0.8031271776158964
635,28.81027629495572,59.53274178573401,680.0750517750821,0.9560945979112837
636,66.75089438858255,134.93492739477722,505.2125741950494,0.7165693088060545
637,46.27350311035768,93.84404455282944,402.5911012629179,0.6485191660570395
638,26.412308678166852,54.067894188785246,382.25208597342623,0.6216384162257715
639,26.233153589818496,53.055804515311124,332.418580393783,0.29474866783706555
640,28.52822978806672,57.05645957613344,349.74840398531694,0.0
641,31.13535819316538,62.27071638633076,432.8098660303805,0.0
642,87.03354087776705,174.0670817555341,557.7951998874425,0.0
643,112.8830081903105,225.766016380621,623.246624340018,0.0
644,70.57087107309157,141.14174214618313,640.2806555135877,0.0
645,51.80672493580793,103.61344987161586,655.485566612118,0.0
646,37.77618956258493,75.55237912516986,671.5891220288615,0.0
647,31.226832925803325,62.45366585160665,681.1754171926741,0.0
648,29.16832395236366,58.33664790472732,681.3044980646723,0.0
649,29.405684105286582,58.811368210573164,703.4330764438231,0.0
650,29.50556739664014,59.01113479328028,708.4537507875531,0.0
651,29.517739813078304,59.03547962615661,700.1678527151394,0.0
652,31.667632347333196,63.33526469466639,728.0976869266663,0.0
653,38.53340162854566,77.06680325709132,745.4950961977917,0.0
654,72.10254959070822,144.20509918141644,816.795611592417,0.0
655,79.4481685201234,158.91987164375018,803.6968697139864,0.011767301751691958
656,32.78662139839178,69.84803349484376,830.4597967194397,2.1373953490300974
657,29.2023989673199,65.59958447734559,840.1966816415623,3.5973932713528916
658,26.073944525723626,61.550713430212696,823.32369403545,4.701412189382721
659,25.380829430589895,61.32757523740664,807.6148549202674,5.282958188113427
660,64.36861183210861,139.17148766102812,771.8246212966402,5.217131998405454
661,44.025654778473495,97.14981509374061,638.1951105511897,4.549252768396811
662,24.093939492716967,54.968017114648454,493.3291120941928,3.390069064607259
663,24.35151982529818,52.47168797157544,378.4232858408562,1.88432416048954
664,28.174307277010637,56.348614554021275,335.2980086332409,0.0
665,30.422494897291624,60.84498979458325,375.9564666225922,0.0
666,86.14677500727494,172.29355001454988,520.0508450130362,0.0
667,111.70813724002662,223.41627448005323,568.0136929534337,0.0
668,69.69361009414772,139.38722018829543,585.6000452244109,0.0
669,51.17614610284467,102.35229220568934,616.423240897078,0.0
670,37.3357431089941,74.6714862179882,641.7242839945724,0.0
671,30.801891282132047,61.603782564264094,647.8281779899686,0.0
672,28.951937301396942,57.903874602793884,650.4892342939513,0.0
673,29.127222039526657,58.254444079053314,672.631609948321,0.0
674,29.21940474477745,58.4388094895549,682.1050271018632,0.0
675,29.41489417056372,58.82978834112744,692.5363231309146,0.0
676,31.52229362093675,63.0445872418735,713.2421625225878,0.0
677,38.54718184634577,77.09436369269154,747.4999403390947,0.0
678,72.09634024912273,144.19268049824547,806.6793526343394,0.0
679,79.46081219281373,158.95769272690154,793.4999552922268,0.018034170637040454
680,32.56972012954281,69.56331212155789,812.7433842575355,2.211935931236133
681,28.923497290776947,65.11770749878663,802.5629519145369,3.635356458616367
682,25.625251156503765,60.61057555893436,761.2200560747207,4.680036622963414
683,23.72233042509516,58.03159275804476,631.7186135521099,5.293465953927221
684,61.57707659247668,133.65205213282314,479.6972422253894,5.248949473934894
685,41.64262856457561,92.42814340931358,356.965860351844,4.571443140081181
686,22.03245630306284,50.84120931103533,234.9771950249685,3.3881483524548224
687,23.138021393009417,49.84682143754044,162.27695763018866,1.785389325760803
688,26.767579172144337,53.535158344288675,160.96447257078,0.0
689,29.440791808492307,58.881583616984614,248.49173303713957,0.0
690,85.09023466780133,170.18046933560265,385.7227369463818,0.0
691,110.97947999175524,221.95895998351048,477.9058122595633,0.0
692,69.02695453699388,138.05390907398777,521.6908207184235,0.0
693,50.33748846647697,100.67497693295394,539.6016500257488,0.0
694,36.470366137565925,72.94073227513185,575.0972494669428,0.0
695,30.012306478493933,60.024612956987866,595.3938987505998,0.0
696,28.20681620040805,56.4136324008161,610.6167874316144,0.0
697,28.40554407255314,56.81108814510628,638.6655718352539,0.0
698,28.465446652222692,56.930893304445384,644.2173181931927,0.0
699,28.678667937861622,57.357335875723244,667.694323354816,0.0
700,30.76809326453244,61.53618652906488,681.4107155634291,0.0
701,37.887681423152735,75.77536284630547,721.3069996973188,0.0
702,71.52621623088505,143.0524324617701,783.9471016135311,0.0
703,79.0180820615905,158.12960137834304,786.0292520483331,0.046718627581008546
704,32.7907644130101,68.44483261861852,789.4309909960035,1.4316518962991551
705,28.71100270987122,64.35229188418208,793.5196259746459,3.4651432322198197
706,25.284722001965875,60.07516142398933,764.4593359541939,4.75285871002879
707,23.61549463461177,57.875299969965226,649.1862644943516,5.322155350370842
708,61.81351422598851,134.10469031625135,509.3031014018398,5.238830932137166
709,41.43323715511546,92.06757234873882,373.92323023697924,4.600549019253954
710,22.17140312301811,51.269049604292775,261.2215338036631,3.46312167912828
711,22.98024377088048,50.11628610886243,192.3017451829478,2.0778992835507357
712,26.886650773985448,53.773301547970895,195.06600778263174,0.0
713,29.60472915774356,59.20945831548712,287.0425224216495,0.0
714,85.42448122230257,170.84896244460515,432.48583654458326,0.0
715,111.16661089224262,222.33322178448523,500.62688986581924,0.0
716,69.13066973550853,138.26133947101707,536.2520004906402,0.0
717,50.49628078677854,100.99256157355708,563.6828179458015,0.0
718,36.55854657002135,73.1170931400427,589.9108442919686,0.0
719,30.108157494737174,60.21631498947435,614.0963995546413,0.0
720,30.351855932973013,60.703711865946026,643.3606853337544,0.0
721,30.297151267430557,60.594302534861114,636.1972647989381,0.0
722,30.58872829321341,61.17745658642682,671.8670086049376,0.0
723,30.781689438254308,61.563378876508615,682.6671604566212,0.0
724,33.04029710905223,66.08059421810447,703.5474560625133,0.0
725,40.67417185710552,81.34834371421104,739.5098907454787,0.0
726,77.02635441115096,154.05270882230192,797.7693282991567,0.0
727,85.16499514366954,170.42467206553036,801.8232719313442,0.04734088909564242
728,34.416742017235755,73.511991827842,823.7889082194138,2.339253896685241
729,30.77714984197277,69.12221020631017,833.9859482012017,3.7839552611823177
730,27.383778046659234,64.44624385918168,796.8295287571029,4.839343882931604
731,26.808304360589194,64.39766513841064,788.0355808543792,5.390528208616128
732,69.62950286016134,149.82154599515985,786.4597626144177,5.281270137418582
733,48.85949841234617,106.9264316503398,769.3264426378887,4.603717412823727
734,28.35784964321637,63.716969869548066,739.2186635702423,3.5006352915576637
735,29.648638247857455,63.52554258439789,726.814787406942,2.1141330443414903
736,33.75095106298261,67.50208625652272,718.2972699240881,9.206527875242396e-05
737,36.12742017018973,72.25484034037946,740.4376225988461,0.0
738,95.51724475075447,191.03448950150894,783.7523221228676,0.0
739,122.96071183931335,245.9214236786267,787.747568745384,0.0
740,77.05516184241047,154.11032368482094,769.0436384306195,0.0
741,56.61847734399298,113.23695468798596,757.7609188261964,0.0
742,41.28780258553163,82.57560517106326,748.7187209298672,0.0
743,34.076343625813934,68.15268725162787,739.8390221895186,0.0
744,28.975815284121825,57.95163056824365,727.7690533524715,0.0
745,29.02762979515429,58.05525959030858,734.6751243593271,0.0
746,29.110757500503713,58.221515001007425,743.6358371632698,0.0
747,29.228448938435818,58.456897876871636,755.4894433228819,0.0
748,31.100568662906138,62.201137325812276,763.0124649318915,0.0
749,38.7592801640964,77.5185603281928,794.9611844237347,0.0
750,75.53507166511521,151.07014333023042,861.4494315357738,0.0
751,82.62365990766311,165.38004144748407,859.4388677417307,0.06636081607892111
752,46.31177818488868,97.30939135055452,865.8662457428293,2.3429174903885785
753,49.19102130196403,105.90501217118911,867.496068031387,3.7614847836305283
754,34.49704544060181,78.57141034822858,848.3282933877766,4.78865973351248
755,31.642048803690535,73.95010578096678,795.0727415354911,5.333004086792855
756,87.79853027025845,186.1360275503959,660.7745077191136,5.269483504939504
757,76.87353783110494,163.02714913240436,510.84508818481015,4.640036735097235
758,40.135828991351545,87.28216777329958,384.5217454122434,3.5052548952982416
759,35.91952650682746,75.99354944075313,243.2998223525579,2.0772482135491073
760,33.45897864604371,66.92090734931104,231.15237532246857,0.001475028611810271
761,38.77090084537906,77.54180169075812,310.3327502325958,0.0
762,83.36287405139073,166.72574810278147,438.2112920000313,0.0
763,108.40459164932894,216.80918329865787,558.5828429830481,0.0
764,68.40467583929727,136.80935167859454,638.1349631445336,0.0
765,55.1660340685674,110.3320681371348,684.5503522161454,0.0
766,39.061912922373445,78.12382584474689,703.9182739900175,0.0
767,32.8482488043125,65.696497608625,717.5376909225697,0.0
768,28.233099615031442,56.466199230062884,721.2885588506437,0.0
769,28.41025626473739,56.82051252947478,741.0135551786994,0.0
770,28.441198827966595,56.88239765593319,739.9774059038814,0.0
771,28.561510247057527,57.12302049411505,747.5829385879218,0.0
772,30.532551845403745,61.06510369080749,765.2607671119778,0.0
773,38.296404828945164,76.59280965789033,819.7806262469184,0.0
774,75.02591812538006,150.05183625076012,899.5478603162114,0.0
775,82.20445291336604,164.5741712934968,911.3915329008653,0.0826327333823473
776,46.06845622943682,96.92221868774934,917.873022757844,2.3926531144378496
777,48.89295006354649,105.377071299511,907.2734193170819,3.795585586209008
778,34.248817962756895,78.24210929969304,888.3494894234517,4.872236687089626
779,30.999681665138144,72.87152114165168,796.2531240493876,5.436078905687698
780,86.32447218971018,183.33671962804203,609.8796289856143,5.34388762431084
781,76.02148779176017,161.49676076165963,463.64348794377867,4.726892589069652
782,39.34295889639131,85.82383201938741,334.2252828858931,3.5689571133023943
783,35.31401138508317,74.8702543904481,187.7551884547044,2.1211158101408776
784,32.918981274177355,65.86224270093153,173.4173012258268,0.012140076288412294
785,38.13589616871673,76.27179233743345,254.19064517490887,0.0
786,82.5166082517506,165.0332165035012,396.4600627241676,0.0
787,107.14891006336057,214.29782012672115,473.7542479655875,0.0
788,67.16065865754831,134.32131731509662,526.794733574493,0.0
789,54.01471395716241,108.02942791432481,580.8609563112943,0.0
790,37.99106264984611,75.98212529969221,601.6703547560811,0.0
791,31.769900134162953,63.539800268325905,614.0360256693929,0.0
792,27.097624209837697,54.195248419675394,642.4618404865496,0.0
793,27.161376355749688,54.322752711499376,652.714307639266,0.0
794,27.34733127638392,54.69466255276784,675.5352247228561,0.0
795,27.53362572891756,55.06725145783512,695.0239326493061,0.0
796,29.460165927069987,58.920331854139974,709.0490868597444,0.0
797,36.128630522998684,72.25726104599737,748.9484346874735,0.0
798,67.7139461966005,135.427892393201,809.1974807074226,0.0
799,74.68431735996647,149.452963063834,806.261920727205,0.04216417195052909
800,30.258940378148278,65.25923279808472,813.400731083158,2.370676020894085
801,26.993686663543137,61.63643674059075,808.71843991401,3.824531706752241
802,24.04973644776875,57.656045101891365,783.2740890336177,4.778286103176932
803,22.064403395822094,54.95810048720569,646.8087142137778,5.414646847780753
804,57.679341313209434,125.96813816906148,478.29667285190106,5.304727771321306
805,38.64482582968903,86.62576407825156,327.5842554074809,4.668056209436751
806,20.965832746878295,48.32914033626668,236.26872002092875,3.198737421255045
807,22.05252602954225,46.96043185819967,154.91383280341094,1.4276898995575857
808,25.15260610457255,50.3350619826588,143.11972109037873,0.01492488675685294
809,27.728015483801627,55.456030967603255,238.92735996878903,0.0
810,80.29585145176965,160.5917029035393,407.20637924776037,0.0
811,104.45240114257275,208.9048022851455,469.32857612404166,0.0
812,64.95188093114133,129.90376186228266,499.92026753967247,0.0
813,47.47253089218327,94.94506178436654,529.5778651282944,0.0
814,34.37149986454648,68.74299972909296,553.3256910729862,0.0
815,28.294542280989685,56.58908456197937,574.6811071557033,0.0
816,28.29305298655027,56.58610597310054,605.102468198738,0.0
817,28.374833575969905,56.74966715193981,618.2674814228034,0.0
818,28.579468786326917,57.158937572653834,642.0159404759008,0.0
819,28.784401233359656,57.56880246671931,664.5638460837705,0.0
820,30.89314504123071,61.78629008246142,691.0097670092847,0.0
821,37.938291087091734,75.87658217418347,723.6486226573305,0.0
822,71.95578526205797,143.91157052411594,800.8935721663196,0.0
823,79.47853854581223,159.40860543855538,823.3658560714301,0.22576417346546734
824,32.00124793965279,68.70703508718121,816.5709457051472,2.3522696039378106
825,28.52760579920037,64.61491010652084,797.5559003460918,3.7798492540600486
826,25.41017759577896,60.45462469685109,775.5083624106574,4.8171347526465835
827,23.98061489140448,58.752621294453455,681.2160061681894,5.395695755822251
828,62.802464764693326,136.28086517339344,567.5883238948178,5.337967822003395
829,41.55812609277254,92.56705382340601,359.5189965288341,4.7254008189304635
830,22.046730259794636,51.28243601671578,218.8854945511081,3.5944877485632527
831,22.82257834046148,49.94074322140923,125.99476396261667,2.1477932702431355
832,26.69666742449794,53.493537129698396,105.62005343219226,0.05010114035126042
833,29.19249897126445,58.3849979425289,159.89474305987204,0.0
834,85.37046903360873,170.74093806721746,314.4806870884154,0.0
835,111.52585922462207,223.05171844924413,409.5541922220581,0.0
836,69.13161968204665,138.2632393640933,454.4716274138601,0.0
837,50.40303729608491,100.80607459216982,493.83991142462304,0.0
838,36.34568057317408,72.69136114634816,522.7711594851746,0.0
839,29.83542192475064,59.67084384950128,548.7187445221691,0.0
840,28.52367757906884,57.04735515813768,560.1670164393697,0.0
841,28.622125432471414,57.24425086494283,576.7684783443058,0.0
842,28.75872501791123,57.51745003582246,594.8559369249315,0.0
843,28.87405293877765,57.7481058775553,604.8378932986819,0.0
844,31.022843833895955,62.04568766779191,629.2136188140037,0.0
845,38.15435140633491,76.30870281266982,650.8097845931494,0.0
846,72.86198733542132,145.72397467084264,714.1366397811878,0.0
847,80.34069761766112,161.22570405624873,717.1698129119931,0.2721544104632389
848,31.81565555853968,68.54848222403514,731.5010005250766,2.458585553477888
849,28.417999885647646,64.5710196013323,728.7767890237789,3.867509915018503
850,25.03894691640896,60.00505598654499,685.3600148354675,4.963581076863536
851,24.04527975454956,58.01752393357817,569.4768830618718,4.963482212239524
852,62.882033271036526,136.825129004822,411.6747324612843,5.530531231374476
853,41.83661785533919,93.38123067174214,240.06174356034896,4.853997480531881
854,21.814339741598438,51.07303937476735,112.30547621829298,3.7221799457852365
855,23.017862084347655,50.54112804443248,93.86382519371176,2.252701937868588
856,27.03014196729659,54.26031554005731,86.85275246544734,0.10001580273206777
857,29.448834804359233,58.897669608718466,119.6841084681674,0.0
858,86.63784313442939,173.27568626885878,192.37279958167838,0.0
859,113.315880027085,226.63176005417,277.81962572869816,0.0
860,69.88726967225509,139.77453934451017,331.5320317288749,0.0
861,50.710176131373196,101.42035226274639,381.3918832935038,0.0
862,36.37442690173712,72.74885380347423,426.75745913757453,0.0
863,29.669686052544378,59.339372105088756,451.2893930566131,0.0
864,26.32626902152366,52.65253804304732,466.9126210446747,0.0
865,26.43023388185333,52.86046776370666,484.80762388205125,0.0
866,26.479299878641484,52.95859975728297,489.92447684177483,0.0
867,26.65265860168672,53.30531720337344,510.33333171182653,0.0
868,28.59593271587152,57.19186543174304,525.478614276068,0.0
869,35.380258370994525,70.76051674198905,555.6433950525021,0.0
870,68.13816099245798,136.27632198491597,628.4169626786,0.0
871,75.39273933251216,150.78547866502433,628.1890166317128,0.0
872,30.782601683606615,63.581228108924876,645.3997298214703,1.0080123708558215
873,28.532213545632516,59.946565476941345,650.3250078682621,1.4410691928381556
874,26.191297195510153,55.98462823910579,634.9494468768348,1.801016924042743
875,24.49095156924989,53.336944970655,476.24768920224574,2.177520916077608
876,61.56388791337313,128.79922695676242,377.5338084579227,2.835725565008084
877,42.47333152582509,87.59759965671793,218.26281868198825,1.3254683025338787
878,23.190010057227564,47.81114722671829,95.00102592575365,0.7155635561315802
879,23.212328865901533,47.12046729306728,69.56177306077059,0.347904780632105
880,25.317662283472128,50.635324566944256,62.67826777115756,0.0
881,27.478255692679724,54.95651138535945,91.69209098435307,0.0
882,80.4066453038735,160.813290607747,86.46763631503484,0.0
883,105.65434254099681,211.30868508199362,149.20603188911073,0.0
884,64.77810861162031,129.55621722324062,155.59795584140053,0.0
885,46.62477483068769,93.24954966137538,170.50953788780308,0.0
886,33.234006510941775,66.46801302188355,272.8306731177958,0.0
887,27.16163117073141,54.32326234146282,342.5139976823281,0.0
888,24.746995987474584,49.49399197494917,399.04536764386154,0.0
889,24.846042464065558,49.692084928131116,419.8466477661492,0.0
890,25.02019397211875,50.0403879442375,445.42708360974416,0.0
891,25.217708537098815,50.43541707419763,470.69961937433385,0.0
892,27.18467760270353,54.36935520540706,500.23924454608203,0.0
893,33.83615384176759,67.67230768353518,544.5179407161452,0.0
894,65.4181141237307,130.8362282474614,613.1048899180377,0.0
895,72.03513566526422,144.89103939765243,615.9557266242244,0.41038403356199843
896,27.80221241732942,60.759829880096405,621.6361729675691,2.5777025227187798
897,24.57095404250208,57.26033365027335,627.5809076817534,4.059212782634597
898,21.378824462633503,53.20374091565143,591.344943517744,5.223045995192214
899,19.525910440455043,50.750294267159596,438.1127544459761,5.849236693124755
900,55.34839295625975,122.24729675355806,302.23954992641393,5.775255420519281
901,36.812998837043864,83.83951274667567,157.46897426593296,5.106757536293973
902,18.941199149737542,45.71061745600585,77.97042483880082,3.9141095782653816
903,20.194684180696175,45.20347382665676,55.67671490191668,2.407052732632207
904,24.198086797179542,48.64154903334243,51.60300911064646,0.12268771949167352
905,26.406671367800342,52.813342735600685,79.4958555969403,0.0
906,77.53933828658668,155.07867657317337,89.88863956948877,0.0
907,101.61353024037572,203.22706048075145,130.15494922954005,0.0
908,62.22718185987617,124.45436371975234,137.99850861515154,0.0
909,44.7804900229864,89.5609800459728,144.09296387484002,0.0
910,31.97192772354838,63.94385544709676,262.0757741717282,0.0
911,26.091056552419126,52.18211310483825,333.89284845519626,0.0
912,24.50362911942947,49.00725823885894,374.6642354846396,0.0
913,24.803908931094757,49.60781786218951,426.21248121392796,0.0
914,25.02964606190301,50.05929212380602,459.9368718739838,0.0
915,25.283623171233398,50.567246342466795,493.70378147554277,0.0
916,27.22078033154788,54.44156066309576,517.5326190278824,0.0
917,34.91172261303255,69.8234452260651,586.541770498663,0.0
918,70.805480505809,141.610961011618,640.4121904129871,0.0
919,77.51890709502584,155.92341716147948,660.7707204354372,0.44280148571390704
920,42.20278391099461,89.4972312971547,680.5544425335163,2.54583173758274
921,45.11514696786335,98.23936556716801,681.8283514168098,4.004535815720649
922,30.895341839519443,71.32035450349561,643.8752053257377,4.764835412228361
923,26.991613937885955,65.70753007865233,505.3532737699291,5.862151101440207
924,81.84705007453925,175.44393235248998,321.70872283524335,5.874916101705733
925,72.0216691456345,154.34698360554177,179.97482702250207,5.151822657136376
926,36.57127852912028,80.96686062089458,79.64316645923688,3.9121517813270086
927,33.40311829404203,71.71080613686553,60.20895513051866,2.4522847743907357
928,31.28308774775103,62.84439711860609,55.820590014833755,0.13911081155201666
929,36.179917944329745,72.35983588865949,87.60954284560793,0.0
930,78.6567078266241,157.3134156532482,109.34531024995428,0.0
931,103.00048214991102,206.00096429982204,159.8519076108698,0.0
932,63.642937333307046,127.28587466661409,217.41693155395598,0.0
933,50.71166040702306,101.42332081404612,294.16514227827713,0.0
934,35.15310101260574,70.30620202521148,349.74909633706915,0.0
935,29.200380343817397,58.400760687634794,394.262453343411,0.0
936,26.655562507118375,53.31112501423675,434.01851272047685,0.0
937,26.86240596028323,53.72481192056646,468.86465910517006,0.0
938,26.989373727230273,53.978747454460546,485.70700095887213,0.0
939,27.31716005886395,54.6343201177279,530.6030711951285,0.0
940,29.374027477450202,58.748054954900404,552.5844475901704,0.0
941,37.42312638978214,74.84625277956428,593.0566230737581,0.0
942,76.14261187154108,152.28522374308216,666.1820568386896,0.0
943,83.51583898409429,167.4543215634517,669.6143837652734,0.2113217976315754
944,46.761138846759806,95.73882604534194,678.2695169776182,1.1082741759111632
945,49.514447672589526,105.08545500127721,674.3653311406932,3.028279828049079
946,32.745881666139496,76.12887641944678,636.1243233249197,5.318556543583898
947,29.36017429434831,70.65461424742068,523.9741564834823,5.96713282936203
948,88.69531509395878,189.349981102625,360.28625545731444,5.9796754573537285
949,77.85765191092113,166.3417217715242,204.58238652935538,5.313208974840964
950,39.65539322721438,87.41717245105602,99.92434069852516,4.053192998313629
951,36.12136384706285,77.35340823920484,72.08600853712497,2.5553402725395684
952,33.67542157982828,67.73065153942171,63.683969500786034,0.18990418988257698
953,38.92245371531363,77.84490743062726,91.67302836800826,0.0
954,84.62113369355436,169.2422673871087,110.92894965781653,0.0
955,110.96810240496289,221.93620480992578,185.1091056289202,0.0
956,68.58851705695564,137.17703411391128,274.834301463281,0.0
957,54.51524358634535,109.0304871726907,326.3240529956723,0.0
958,37.753807626358466,75.50761525271693,374.41205613978184,0.0
959,31.40654698756012,62.81309397512024,427.80240264130674,0.0
960,26.85382045870004,53.70764091740008,452.1723302396897,0.0
961,27.041905871409707,54.083811742819414,482.5364106221864,0.0
962,27.27696438364365,54.5539287672873,515.7190729557985,0.0
963,27.405700662009142,54.811401324018284,528.8981500381341,0.0
964,29.51884456670755,59.0376891334151,557.2501619667426,0.0
965,36.656363646890384,73.31272729378077,598.2304472036852,0.0
966,70.78931568358064,141.57863136716128,670.5417371728589,0.0
967,77.85624486880258,156.89657919542367,682.5475846261032,0.5920447289092574
968,30.08859614300427,65.83276874733826,689.4484923031328,2.827788230664861
969,26.732104464727037,61.994753802915454,691.1505961394453,4.2652724367306885
970,23.406321650944953,57.575824321100114,649.9137062749697,5.381590509605103
971,21.75438043067304,55.528428681707396,515.8542122211596,6.0098339101806575
972,60.666012592064014,133.21482168387152,366.6778050113509,5.941398249871748
973,40.33210891101038,91.29252151665924,224.58052823761798,5.314151847319236
974,20.806412677826597,49.738279849743805,92.28230155786291,4.062727247045306
975,21.990548843644046,49.17636690960623,72.19240604912163,2.5976346111590685
976,26.22673009737954,52.89047530282086,67.48212542951237,0.21850755403088884
977,28.702965697172083,57.405931394344165,98.52772098233334,0.0
978,84.13300046497906,168.26600092995812,116.31175815839771,0.0
979,110.74258452496667,221.48516904993335,234.90819009314086,0.0
980,68.14860122813684,136.29720245627368,316.4156215175457,0.0
981,49.35232250814026,98.70464501628052,371.1453513614204,0.0
982,35.292307244398145,70.58461448879629,408.86890028391656,0.0
983,28.753981890130333,57.50796378026067,435.67273216484296,0.0
984,26.839513435501207,53.679026871002414,481.59142145882595,0.0
985,27.024317208644455,54.04863441728891,511.65128226433256,0.0
986,27.175850878853076,54.35170175770615,531.4933107616956,0.0
987,27.358149085310814,54.71629817062163,552.6975320956193,0.0
988,29.42292501487099,58.84585002974198,576.3348589982929,0.0
989,36.49512201528847,72.99024403057695,616.9746076882352,0.0
990,70.29108202125208,140.58216404250416,686.6421483436026,0.0
991,77.24222010575953,155.68569386611046,693.5452881265277,0.6006268272956921
992,30.072456065949005,65.49284342402373,699.5421151157358,2.6739656460628614
993,27.484948085461188,61.64070551413015,697.4606962412453,3.3354046716038845
994,23.598673314491837,57.20655534303081,653.1672535684762,5.004604357023566
995,22.06859263103864,55.84403038002908,558.1393785974503,5.853422558975901
996,60.80120490395433,133.15543965766898,429.50951701790797,5.776514924880158
997,40.3861622920434,91.11620475818489,269.49501511450876,5.1719400870490455
998,20.97088857004539,49.98186258615349,152.95453632983916,4.020042723031357
999,21.994844165745867,49.080005859493085,85.18053438661838,2.5451587640006754
1000,26.079498693701016,52.62881551409198,76.36804298777018,0.23490906334497458
1001,28.584208765079183,57.168417530158365,109.48483796615774,0.0
1002,83.75539145451489,167.51078290902979,172.11383264012807,0.0
1003,110.01858421113442,220.03716842226885,296.62970104897124,0.0
1004,67.7211889231941,135.4423778463882,344.3505744305009,0.0
1005,49.141876577061204,98.28375315412241,387.29455987875355,0.0
1006,35.14679716761001,70.29359433522002,416.3228890274837,0.0
1007,28.636616354943826,57.27323270988765,437.882060523535,0.0
1008,25.586724795588193,51.173449591176386,484.87967766967665,0.0
1009,25.7085164391466,51.4170328782932,506.0634819737635,0.0
1010,25.869793433719003,51.73958686743801,528.3792374967298,0.0
1011,26.036548115303336,52.07309623060667,548.3016572450412,0.0
1012,27.992132572810842,55.984265145621684,573.3028933952854,0.0
1013,34.666078462222906,69.33215692444581,613.3717168474953,0.0
1014,66.47111069170832,132.94222138341664,675.6100498304136,0.0
1015,72.95320653245273,147.12827709505777,678.9448204208182,0.6109320150761595
1016,28.395722121765658,62.36994606977873,694.9673696841779,2.7892509131237064
1017,25.197237641812535,58.722771044676215,692.9229354901777,4.164147880525574
1018,21.886146205197967,54.27011100928861,633.2495748152096,5.248909299446341
1019,20.48826429721872,52.51694571673656,515.9270607811774,5.770208561149561
1020,56.76871912393849,124.90268788698383,370.6454009217418,5.682624819553425
1021,37.38223392719611,84.97533393671038,214.09184273261354,5.105433041159084
1022,19.50979714576201,46.97707003717934,122.84306333364033,3.978737872827657
1023,20.533965051519026,46.14711825770389,80.38606977036382,2.539594077332916
1024,24.493773172553453,49.51109421781965,72.620952007305,0.26177393635637003
1025,26.86884900661992,53.73769801323984,102.8006614599866,0.0
1026,78.80734604001636,157.6146920800327,141.12356746406064,0.0
1027,103.59455304198694,207.18910608397388,271.6910540825984,0.0
1028,63.77883532707295,127.5576706541459,323.82575558411776,0.0
1029,46.157844269373975,92.31568853874795,357.34715042389814,0.0
1030,32.984420360941314,65.96884072188263,381.31828392549147,0.0
1031,26.893682324376385,53.78736464875277,407.1109121750209,0.0
1032,26.0232045155779,52.0464090311558,398.8227392704933,0.0
1033,26.149012526463906,52.29802505292781,418.4965706347181,0.0
1034,26.238559383485153,52.47711876697031,428.8010105092144,0.0
1035,26.36554461369182,52.73108922738364,442.2067568226513,0.0
1036,28.336543286613203,56.673086573226406,456.862235118944,0.0
1037,35.303266684997666,70.60653336999533,498.1923085451102,0.0
1038,68.55669844753271,137.11339689506542,562.888153817515,0.0
1039,75.10129053994352,151.90578844594393,565.1062787930468,0.8516036830284464
1040,28.67074437460133,63.049186508648305,573.2688530493864,2.8538488797228205
1041,25.284487724079696,59.064340789031554,560.3182680956793,4.247682670436079
1042,22.204790724709873,55.08475575659658,542.2690330932845,5.337587153588417
1043,21.520557505391313,54.91415849364969,523.8240970976809,5.93652174143353
1044,60.48844833963487,132.76168781596482,506.88010166647285,5.892395568347536
1045,41.308061733192844,93.14491800115725,463.1058912416721,5.264397267385781
1046,22.549463140911996,53.219606263027266,407.5172209312184,4.060339990601636
1047,23.860970633436757,52.892933277872174,385.2725455204157,2.5854960054993286
1048,27.29266323509305,55.18322227544817,304.6074138559363,0.2989479026310397
1049,30.178264550777964,60.35652910155593,369.86281015660296,0.0
1050,83.70421430337042,167.40842860674084,381.9564692931099,0.0
1051,109.90415448196241,219.80830896392482,478.5516157025228,0.0
1052,68.16273917357395,136.3254783471479,503.7479817396836,0.0
1053,49.606876499753334,99.21375299950667,517.0257488956489,0.0
1054,35.716956461702,71.433912923404,528.6561157637988,0.0
1055,29.138372037941824,58.27674407588365,523.8685886200976,0.0
1056,27.08169261845027,54.16338523690054,524.2492039751055,0.0
1057,27.121369727980515,54.24273945596103,530.9410536555224,0.0
1058,27.20395490890495,54.4079098178099,540.3675587830708,0.0
1059,27.268734996833757,54.537469993667514,544.6678915028729,0.0
1060,29.169978767093763,58.339957534187526,550.141153831429,0.0
1061,36.069862657075525,72.13972531415105,586.6009866523488,0.0
1062,69.10862241524751,138.21724483049502,646.7254821487584,0.0
1063,75.47480622418497,152.83708754585854,642.3756736431911,0.943737548744289
1064,29.235328244618326,64.36993727409265,641.6101080852104,2.949640392427997
1065,25.854567368499616,60.39758843529564,628.5832127862077,4.344226849148203
1066,22.824479952192554,56.55725363643224,620.2074495172785,5.454146866023567
1067,22.183320375539235,56.26905065565878,596.933272845289,5.951204952290155
1068,61.02230233009981,133.71067927026687,584.4689245228406,5.8330373050336215
1069,42.21172672735866,94.89814228513178,580.5384105469617,5.237344415207234
1070,23.403743252755014,54.930782771174485,513.586920089585,4.06164813283223
1071,24.344309808339624,54.00349958809273,452.5010755693095,2.657439985706741
1072,27.843650650196274,56.85753722818458,397.68303703298164,0.5851179638960173
1073,30.611279286161526,61.22255857232305,423.3285797791102,0.0
1074,83.89699467708505,167.7939893541701,434.3135849937519,0.0
1075,109.8299913490218,219.6599826980436,514.7310124410776,0.0
1076,68.25286409758246,136.50572819516492,526.4297702644662,0.0
1077,49.74769058560949,99.49538117121898,530.7737702798788,0.0
1078,35.86632298152709,71.73264596305418,533.8957925392647,0.0
1079,29.365994845879772,58.731989691759544,537.1709794289544,0.0
1080,27.604589022736953,55.209178045473905,545.3599506170136,0.0
1081,27.64324884884184,55.28649769768368,554.4637302305589,0.0
1082,27.666906817325764,55.33381363465153,557.2715118180572,0.0
1083,27.761339767558134,55.52267953511627,567.7329496060198,0.0
1084,29.642851022605445,59.28570204521089,570.7412728850231,0.0
1085,37.41201579036154,74.82403158072307,595.2480383331872,0.0
1086,75.22680314923613,150.45360629847227,653.5252307887906,0.0
1087,81.45844182685505,165.10834055414307,647.4189858366377,1.0957284502164881
1088,44.34921753167272,94.74412913427017,649.8681537164309,3.022847035462361
1089,47.48182002571573,103.68125140182688,635.4589448685465,4.358805675197716
1090,32.348921814963006,75.58284670590157,617.1796234816148,5.442501537987781
1091,29.860987402628258,71.7193277743338,602.8621359909729,5.998676484538644
1092,89.35918577343641,190.53708414550226,606.517470810106,5.909356299314717
1093,79.46475331523735,169.61462019267148,577.3481760289269,5.342556781098402
1094,42.39016796161851,93.04241294412243,550.1823993670381,4.131038510442709
1095,39.20726135881674,83.85786992907227,556.7817635636678,2.721673605719396
1096,36.44022239525934,74.67859803139017,566.4863716677966,0.8990766204357459
1097,42.37481992565256,84.74963985130512,602.3464322121682,0.0
1098,87.3196278576585,174.639255715317,647.605100895335,0.0
1099,112.4942977730805,224.988595546161,669.728738920657,0.0
1100,70.60691145508677,141.21382291017355,661.8112945287139,0.0
1101,56.62983010739113,113.25966021478226,660.9008837826078,0.0
1102,39.93710889145564,79.87421778291127,666.4896607860238,0.0
1103,33.4246389108163,66.8492778216326,670.2813622093332,0.0
1104,29.389860521712645,58.77972104342529,659.4576863254731,0.0
1105,29.384701704069204,58.76940340813841,659.4701555455262,0.0
1106,29.421239613193855,58.84247922638771,662.033369240489,0.0
1107,29.46894469692527,58.93788939385054,664.0456493408236,0.0
1108,31.41013683188695,62.8202736637739,665.4170468448939,0.0
1109,39.44937472390048,78.89874944780097,693.3357705070434,0.0
1110,78.45044750046259,156.90089500092517,749.0823931174168,0.0
1111,84.98500882442059,172.0092796101566,740.4110031618377,1.0196309806577022
1112,47.16543014069712,99.3142887476404,737.7955938553529,2.4917142331230835
1113,50.734898750563595,108.57706726570936,724.837951160701,3.553634882291085
1114,34.412713332930444,79.27316485083632,689.7118325644445,5.22386909248772
1115,31.551022775657984,75.17878885315234,667.427401224534,6.038371650918185
1116,92.85085838494473,197.85238392606462,672.1518482121068,6.0753335780875855
1117,82.66532230341875,176.2136453360265,641.2114884115628,5.441500364594501
1118,44.36243053211663,97.13646311171401,609.2613786832025,4.205801023740372
1119,40.96766549656184,87.45663160951268,603.8620530892864,2.760650308194501
1120,37.92715588225613,77.71676746468519,597.2964707857585,0.9312278500864666
1121,44.01218279012747,88.02436558025494,625.9030101299203,0.0
1122,90.54342519550633,181.08685039101266,684.928354878212,0.0
1123,116.4823963776797,232.9647927553594,702.5253704735231,0.0
1124,73.22547195751774,146.45094391503548,692.3402525386033,0.0
1125,58.72888970939381,117.45777941878762,683.8712091302357,0.0
1126,41.394788775482326,82.78957755096465,676.477804693366,0.0
1127,34.580703832590515,69.16140766518103,668.4270998675904,0.0
1128,28.876549460797957,57.753098921595914,654.3697614388544,0.0
1129,28.842381643773482,57.684763287546964,651.7714862524267,0.0
1130,28.869675999834286,57.73935199966857,654.681316900621,0.0
1131,28.928197324840866,57.85639464968173,660.0314288804221,0.0
1132,30.808448016460368,61.616896032920735,663.1839354766688,0.0
1133,37.68501340138862,75.37002680277725,693.1977716468892,0.0
1134,70.78587869272478,141.57175738544956,739.6043045112768,0.0
1135,77.12862773029241,156.20383538942332,732.0079624741228,0.9732899644192523
1136,30.78474608466108,67.23157408182102,730.667019942139,2.831040956249431
1137,27.355420985193735,63.195959692165914,717.1007596951489,4.242558860889223
1138,24.125869663924323,59.02762107569781,691.8120288486374,5.387940873924581
1139,23.085906224566166,58.2565128725143,642.5293501681753,6.0423502116909855
1140,62.116191611119525,135.79603231477495,612.4596523235332,5.781824546267951
1141,42.806326484452924,95.86722858735415,555.309746811793,5.127287809224147
1142,23.537202298420684,55.28049483347444,468.92214930199157,4.103045118316537
1143,24.50439497710864,54.39783613627485,417.16075980283773,2.6945230910287847
1144,27.863824617722596,57.366542732963616,380.25707906846407,0.8194467487592108
1145,30.495611349504298,60.991222699008595,382.94418218038254,0.0
1146,85.88769335159257,171.77538670318515,532.5785156985672,0.0
1147,111.16871155271053,222.33742310542107,575.1873033310962,0.0
1148,69.33218940459867,138.66437880919733,580.3822563774836,0.0
1149,50.70549556783322,101.41099113566644,582.2534383797212,0.0
1150,36.79398192971532,73.58796385943064,591.5255362122846,0.0
1151,30.22520080096159,60.45040160192318,590.1538665411919,0.0
1152,28.76313702294622,57.52627404589244,583.9616173975639,0.0
1153,28.78885498103871,57.57770996207742,586.2769486306889,0.0
1154,28.84909997369157,57.69819994738314,591.1907601613698,0.0
1155,28.935359762299154,57.87071952459831,597.8711987540111,0.0
1156,30.917650402648064,61.83530080529613,606.5064232995558,0.0
1157,37.96314594916123,75.92629189832246,637.5694944612013,0.0
1158,71.93724648550251,143.87449297100503,701.0161523459883,0.0
1159,78.51993990131709,158.92724152688075,698.0821997515706,0.9436808621232934
1160,31.235972043736833,68.10144309910363,705.217188656704,2.814749505814983
1161,28.025552917753604,64.0781475073967,696.8820079857514,4.0135208359447425
1162,24.45964449548435,59.840724855217736,676.4538268876651,5.460717932124517
1163,23.22707645642295,58.31471399949172,594.9513707390175,5.9302805433229135
1164,61.73166156975487,135.34855918877835,449.81058854336703,5.942618024634307
1165,41.3440958302222,92.70917489806286,304.64590453355373,5.010491618809228
1166,22.663182983627802,52.28413542004882,229.42160002089142,3.4788847263966063
1167,22.983515898734126,49.862928161050675,105.39120248970804,1.9479481817912119
1168,26.48078462736217,53.607833580954214,102.04322582389432,0.323132163114938
1169,29.29856349212278,58.59712698424556,145.81234577573278,0.0
1170,85.41869922158426,170.83739844316852,270.988080393124,0.0
1171,111.67990919049467,223.35981838098934,373.532293370216,0.0
1172,69.27395920236157,138.54791840472313,434.9852660754747,0.0
1173,50.42643735297221,100.85287470594442,468.7340655953201,0.0
1174,36.29562369341928,72.59124738683856,494.4433527944675,0.0
1175,29.576070170381115,59.15214034076223,492.7240500826852,0.0
1176,26.84381974056454,53.68763948112908,484.7291800242627,0.0
1177,26.835534816219322,53.671069632438645,484.98527825249084,0.0
1178,26.8108817178533,53.6217634357066,477.3497524187583,0.0
1179,26.866482750813024,53.73296550162605,478.8525786535767,0.0
1180,28.78678467659322,57.57356935318644,486.46283582308513,0.0
1181,35.717294150141726,71.43458830028345,528.5057182798988,0.0
1182,68.67708204861275,137.3541640972255,588.3630131740111,0.0
1183,75.7011098533225,152.03464306418365,590.7190726146489,0.3162116787693168
1184,31.05221296110898,63.98258502982654,604.2287513836533,0.9390795538042886
1185,27.618547604958476,60.135651128799395,600.7196484062312,2.4492779594412215
1186,23.263649096177815,54.80622722415562,506.76842207572577,4.139464515899997
1187,20.641820964945836,52.08987267991921,344.7372934113368,5.403115375013767
1188,57.7369668972656,127.38230738290184,222.5853131105207,5.954186794185319
1189,38.280179572361874,87.51513335970357,120.94131018713611,5.4773871074899105
1190,19.641675596364458,47.88606131269977,84.35877152213594,4.301355059985429
1191,20.830138143248284,47.42351439071241,64.17954914880097,2.8816190521079204
1192,24.409921634189743,51.043406212159816,60.13310331218956,1.1117814718901662
1193,27.69649124643359,55.39298249286718,89.00249459915617,0.0
1194,81.85154290541327,163.70308581082654,152.94373181477008,0.0
1195,107.05413371131309,214.10826742262617,179.03038363291785,0.0
1196,65.68987451903206,131.37974903806412,198.05675938946115,0.0
1197,47.518210510386645,95.03642102077329,281.96994321204744,0.0
1198,33.8368552972173,67.6737105944346,317.6812650044139,0.0
1199,27.680177740889064,55.36035548177813,377.36401984231424,0.0
1200,26.188742405247353,52.37748481049471,409.3029545867479,0.0
1201,26.204543366153754,52.40908673230751,415.3140656209971,0.0
1202,26.47995903472431,52.95991806944862,455.4985610474459,0.0
1203,26.693090097237285,53.38618019447457,481.2441822967477,0.0
1204,28.665098465922362,57.330196931844725,494.2122503666746,0.0
1205,35.66887792791577,71.33775585583155,536.396457584632,0.0
1206,69.02539526618632,138.05079053237264,600.7454862119553,0.0
1207,75.84021978343016,152.80767708027693,595.0229654022734,0.5636187567083146
1208,29.856730271159048,63.66748570248099,598.7198054199683,1.977012580081447
1209,28.434391218958922,59.27658621033344,554.0564333122456,1.2039018862077975
1210,25.106928940556017,55.40847230121961,545.1281107891168,2.5973072100537897
1211,25.02253073166864,55.28848313322476,531.2397321484559,2.6217108349437415
1212,62.51896406201426,133.73106193906455,541.0026718544696,4.346566907518011
1213,41.71553155435151,94.09946137131905,507.16018410684995,5.3341991313080195
1214,23.039048538581376,54.50459111446149,482.50931090736793,4.213247018649371
1215,24.714482616499154,53.951719926098846,449.94202899847255,2.2613773465502676
1216,27.69927980918558,56.82060081921182,399.5050131688127,0.7110206004203283
1217,30.90966959551784,61.81933919103568,455.8449584548621,0.0
1218,85.59978790096363,171.19957580192727,535.5897478818583,0.0
1219,111.02653616860702,222.05307233721405,580.0952309026745,0.0
1220,69.04323253298186,138.08646506596372,580.5273470740592,0.0
1221,50.35721069587429,100.71442139174859,577.1042001064604,0.0
1222,36.395813335855706,72.79162667171141,581.5525054558711,0.0
1223,29.850639276858903,59.701278553717806,582.5003841601869,0.0
1224,28.265978585988506,56.53195717197701,574.8163148932841,0.0
1225,28.259125638654538,56.518251277309076,573.464238548321,0.0
1226,28.292221830510996,56.58444366102199,574.4109471273614,0.0
1227,28.367215965884757,56.734431931769514,579.1396835438495,0.0
1228,30.39707437014588,60.79414874029176,595.1100819300106,0.0
1229,37.491377744193926,74.98275548838785,629.9510965910603,0.0
1230,71.37585846856166,142.75171693712332,688.3133922092876,0.0
1231,78.45245852035072,158.12859021237236,702.6183437000258,0.6118365858354552
1232,30.852873606329524,67.45355512346883,701.7058389813675,2.8739039554048924
1233,27.322524817896493,63.516322918925844,693.7681629156554,4.435636641566427
1234,24.411138413127354,58.70440146528447,638.4004640920152,4.941062319514881
1235,22.32826332066409,56.70008774389942,534.5819807453541,6.02178055128562
1236,62.01960974544599,133.66406198226375,382.4834712665786,4.812421245685881
1237,42.808815625845384,93.3421466641953,328.66554988913606,3.862257706252268
1238,22.122966888152458,51.186479095060186,210.73705591233355,3.470272659377635
1239,22.72218736495436,50.32287619376881,137.40200284566464,2.439250731930046
1240,25.62367402311769,53.594068015415054,100.6917761177429,1.1733599845898357
1241,29.442784209713174,58.88556841942635,180.92515459371322,0.0
1242,85.72773447945157,171.45546895890314,345.85297726196563,0.0
1243,111.93685903119236,223.8737180623847,443.1426141901191,0.0
1244,69.45679842987946,138.9135968597589,475.698483424123,0.0
1245,50.68087790348494,101.36175580696988,510.54340206386723,0.0
1246,36.53106448176898,73.06212896353796,525.9956323908609,0.0
1247,29.882692184018925,59.76538436803785,529.8589596138976,0.0
1248,25.50479910790345,51.0095982158069,526.4079519556362,0.0
1249,25.526395223345645,51.05279044669129,529.8858983290465,0.0
1250,25.619712425408572,51.239424850817144,539.6001108111041,0.0
1251,25.73970035475495,51.4794007095099,548.7523297964875,0.0
1252,27.513284844175868,55.026569688351735,554.9145341654809,0.0
1253,34.782420337708146,69.56484067541629,592.0246266344683,0.0
1254,69.57692983024387,139.15385966048774,654.9422717321098,0.0
1255,76.15844018541209,152.64565736485577,651.1923294154145,0.16438849701579625
1256,43.21809828593551,88.2069952137579,660.261852509095,0.8853993209434426
1257,47.29424135020784,96.39839417315787,654.2605394331274,0.904955736371095
1258,33.20040823549137,70.50133485517566,640.2821723094785,2.0502591920964575
1259,28.985642096496086,66.4509312523363,600.1039456341447,4.239823529672067
1260,84.69869715736773,174.5897907682621,551.8288634022789,2.5961982267633226
1261,74.25106872179673,152.81495798693527,376.47239564544645,2.1564102716709135
1262,37.59217402226596,79.30858327058722,181.43105555261104,2.0621176130276537
1263,33.81461345933992,70.63152513680178,129.40004253335462,1.501149109060976
1264,30.69530651901966,62.272749050473124,140.54179817324246,0.44106800621690284
1265,36.038125244355804,72.07625048871161,226.55860451338546,0.0
1266,78.21648288819587,156.43296577639174,382.1523814444077,0.0
1267,101.91149590145093,203.82299180290187,485.68497815911525,0.0
1268,63.83029037437321,127.66058074874643,531.9778229291343,0.0
1269,51.270383374607135,102.54076674921427,567.4619319742517,0.0
1270,36.13463649840155,72.2692729968031,596.6547406191792,0.0
1271,30.181921290345965,60.36384258069193,601.1376352496698,0.0
1272,27.228633195700496,54.45726639140099,606.8764765045964,0.0
1273,27.447499224292464,54.89499844858493,631.5957128472122,0.0
1274,27.61233428690221,55.22466857380442,647.9301381771908,0.0
1275,27.78493481041382,55.56986962082764,663.2130204996936,0.0
1276,29.65451518262125,59.3090303652425,665.6672228108878,0.0
1277,37.41818128756179,74.83636257512357,711.5504318368262,0.0
1278,74.31187990195667,148.62375980391334,774.3249071567379,0.0
1279,81.00494194494733,163.36061260428357,790.9046808864913,0.6753643571944561
1280,44.809357922664546,95.00852059259155,795.772454755753,2.6949023736312285
1281,47.63732549951884,103.53094047393,781.0408644487209,4.128144737446167
1282,33.23248733940555,75.51311006128743,734.0549113227963,4.524067691238162
1283,30.48245513565145,69.75486070774656,613.9810972570693,4.394975218221832
1284,88.14026531112854,181.860550353526,423.7161074609698,2.7900098656344565
1285,78.28609516396624,159.93343255512625,263.47908620685877,1.6806211135968783
1286,40.80695127520398,84.2492706615726,154.2626064814241,1.3176840555823222
1287,35.749404750211156,74.2892486297572,91.81126212241003,1.3952195646674437
1288,32.17614793517583,65.19698682877902,87.30305405477468,0.42234547921368426
1289,37.70317548934208,75.40635097868416,131.0899958470546,0.0
1290,82.02984333865636,164.05968667731273,251.3180349903487,0.0
1291,107.13139527780937,214.26279055561875,354.3518205096606,0.0
1292,66.68932871315133,133.37865742630265,405.6399305899913,0.0
1293,53.383454052973896,106.76690810594779,459.3396691743885,0.0
1294,37.520906354056436,75.04181270811287,527.0223099545402,0.0
1295,31.42310329166992,62.84620658333984,562.204124954547,0.0
1296,26.8301360477693,53.6602720955386,584.1980481530034,0.0
1297,26.958422807124027,53.916845614248054,600.9753537843159,0.0
1298,27.149825552243044,54.29965110448609,622.1660022392008,0.0
1299,27.390599233330086,54.78119846666017,650.4553671953639,0.0
1300,29.28223837559268,58.56447675118536,659.7904065270361,0.0
1301,36.1779357730361,72.3558715460722,715.0569333423514,0.0
1302,68.46511803347359,136.93023606694717,796.578117784184,0.0
1303,75.30283402322794,151.3634808996734,805.2285601423998,0.37890642660874657
1304,31.99273282317054,65.24533397987929,814.0199949228713,0.6299341667691042
1305,30.06683144332373,61.50858696442302,806.693225430727,0.6874620388877811
1306,27.54846595911118,56.73410426511778,738.641009141409,0.8185861734477105
1307,26.327218125560442,53.96655358376033,565.482677552686,0.6560586663197226
1308,62.09960263835098,126.92750415729162,423.3884277216717,1.3641494402948302
1309,43.337024302441534,88.11479788807782,313.560834750609,0.7203746415973715
1310,23.012399777847094,48.21669556361128,185.6244133869577,1.0959480039585467
1311,22.941459204168364,47.31066242073269,116.73020052618337,0.7138720061979819
1312,25.063596133997063,50.714143881033834,100.59492437081074,0.29347580651985433
1313,27.879212666852066,55.75842533370413,185.93993056925237,0.0
1314,81.01837252407897,162.03674504815794,334.91844328457427,0.0
1315,105.96114765227789,211.92229530455577,438.51131522336317,0.0
1316,65.883370735713,131.766741471426,497.10637202233147,0.0
1317,48.12898986296827,96.25797972593654,536.3095668028398,0.0
1318,34.79643307178179,69.59286614356358,559.9832710314123,0.0
1319,28.565737013023643,57.131474026047286,573.7943680011363,0.0
1320,26.753474711080013,53.50694942216003,610.3252622355219,0.0
1321,26.889362000464548,53.778724000929095,631.8726170238716,0.0
1322,26.976347160465274,53.95269432093055,641.4759495259685,0.0
1323,27.248853079901316,54.49770615980263,675.614266930434,0.0
1324,29.125205666919307,58.25041133383861,687.0583248800732,0.0
1325,35.83362139009276,71.66724278018552,728.5981844010594,0.0
1326,67.87775266207744,135.75550532415488,813.5827701063847,0.0
1327,73.61663507016961,149.8085970853434,805.3530457384916,1.2876634725020928
1328,29.549494384302267,64.9587034090883,821.3467184214215,2.9298573202418843
1329,26.073703822049467,61.284147118527756,816.9900837079977,4.568369737214409
1330,22.241779638670366,56.36566571481651,734.6223223788338,5.941053218737887
1331,20.534066072861126,54.071233055915535,588.3217456262486,6.50155045509664
1332,56.644879950119794,126.22410812479866,438.17042343803917,6.467174112279538
1333,37.80739215757548,87.25211655321773,303.76350594723846,5.818666119033388
1334,19.413142411145333,47.91074651625055,184.08286904907953,4.542230846979941
1335,20.380226534486916,47.06533176106468,120.16397861688247,3.1524393460454245
1336,23.86025176534976,50.44129824494572,107.05523050324749,1.3603973571231032
1337,27.720931440334493,55.441862880668985,187.87692355434663,0.0
1338,80.34851232126752,160.69702464253504,329.06854287720085,0.0
1339,105.12617394633632,210.25234789267265,438.21970982008395,0.0
1340,65.39244755515689,130.78489511031378,497.175956128598,0.0
1341,47.81729667418622,95.63459334837243,541.1912124933119,0.0
1342,34.63128217373355,69.2625643474671,570.0442111475058,0.0
1343,28.456664637213468,56.913329274426935,584.7922865541664,0.0
1344,27.072412574791244,54.14482514958249,592.0171953052546,0.0
1345,27.20990023206265,54.4198004641253,612.9342131226476,0.0
1346,27.479477133430805,54.95895426686161,649.9846193054062,0.0
1347,27.66202758937497,55.32405517874994,671.9004928702498,0.0
1348,29.572083362605945,59.14416672521189,683.5921694826374,0.0
1349,36.386096395566504,72.77219279113301,724.8225833746656,0.0
1350,68.87413386503248,137.74826773006495,793.1973241999606,0.0
1351,75.86789631072583,152.46268498992754,810.8326388476463,0.36344618423793734
1352,32.13881260053806,65.7945862085093,812.6001443898342,0.7584805037165874
1353,30.272940417081845,61.99771222468087,805.2906520873458,0.7259156952585898
1354,27.637329578711118,56.61250480553164,701.7621242930471,0.6689228240547052
1355,26.166949476393533,53.79866293434644,522.5488735008333,0.7323819907796876
1356,63.49981774938084,128.17609885606694,398.69873204947515,0.5882316786526344
1357,43.20777519431184,89.59740857288395,335.6393051127122,1.5909290921301287
1358,23.126672490193073,50.61525850293492,280.80464473540485,2.180956761274389
1359,23.487148177170084,50.531046892054725,272.93059838387575,1.7783752688572767
1360,25.783063660087226,52.57313080108085,199.3735019409558,0.5035017404531982
1361,28.76713690609432,57.53427381218864,257.111105694466,0.0
1362,82.37281610357815,164.7456322071563,388.3298985010062,0.0
1363,107.4559322451077,214.9118644902154,481.52550340357845,0.0
1364,66.84569655037981,133.69139310075963,517.6420364414429,0.0
1365,48.8549739694639,97.7099479389278,547.2912020562211,0.0
1366,35.34494205584292,70.68988411168584,566.5289210594201,0.0
1367,28.98981866125765,57.9796373225153,572.5101168610117,0.0
1368,29.199062749099397,58.398125498198795,583.1244537103887,0.0
1369,29.237645957250574,58.47529191450115,590.6383815521052,0.0
1370,29.26933787327545,58.5386757465509,592.8480069833992,0.0
1371,29.35166871265565,58.7033374253113,599.7256718531603,0.0
1372,31.425450935170794,62.85090187034159,612.3334102948179,0.0
1373,38.7035030262865,77.407006052573,638.3112280471831,0.0
1374,74.00507615946225,148.0101523189245,702.7974933923069,0.0
1375,81.41083358351044,163.8630650524823,712.3859775596054,0.5206989427307183
1376,33.588484198202885,69.62178371666897,731.1195729439927,1.2224076601316012
1377,30.63719881455191,65.47856697328446,724.6580735789694,2.1020846720903217
1378,26.542100535969265,60.72835514411799,678.3450778237476,3.822077036089731
1379,27.39882174319701,59.64489646581399,609.0117873631566,2.423626489709985
1380,68.28172219660216,141.10175765774295,512.7547252859484,2.2691566322693104
1381,46.601811704865455,97.98193790927895,399.0553026971208,2.389157249774023
1382,26.009432079196866,55.25524242985271,318.2315453253191,1.6181891357294889
1383,26.1824779134493,54.549087326124805,273.0584419639682,1.0920657496131037
1384,28.929477379938977,58.54662419948181,277.27337703175675,0.34383471980193003
1385,31.91694948244015,63.8338989648803,347.5601899343517,0.0
1386,89.85642470671692,179.71284941343384,445.8497864921175,0.0
1387,117.24041534323624,234.48083068647247,547.0492828411876,0.0
1388,72.90350006144202,145.80700012288403,573.8899929006636,0.0
1389,53.23289395796694,106.46578791593387,594.9203942629758,0.0
1390,38.495339090316236,76.99067818063247,610.0424729758919,0.0
1391,31.601314203924794,63.20262840784959,616.8683849534797,0.0
1392,26.866135119031313,53.732270238062625,617.5259930070133,0.0
1393,26.893889228192723,53.787778456385446,621.3187945223182,0.0
1394,27.00899205085665,54.0179841017133,633.7013212491761,0.0
1395,27.203514556809306,54.40702911361861,650.2088648870182,0.0
1396,29.07736702853274,58.15473405706548,659.8337908281079,0.0
1397,35.655312575182045,71.31062515036409,691.2137485545406,0.0
1398,67.1195335607551,134.2390671215102,747.3220873128588,0.0
1399,73.19367579175051,148.1879014229902,742.7551926232657,0.9002749197445945
1400,30.0327815018615,64.07205032225687,741.8618466935046,2.0032436592669374
1401,27.895823263594803,60.45932939640452,738.296913893798,2.333841434607457
1402,24.93633934193307,56.337128489975335,706.2878596307066,3.232224903054597
1403,24.059192324793017,55.71405842983628,664.816234260894,3.7978368901251227
1404,61.048841428026144,129.21136406102806,644.3460271899623,3.556840602487886
1405,40.38255994102904,90.34691390362211,538.2103717594483,4.790897010782018
1406,22.15228590095409,52.58999010047886,483.4929167143686,4.142709149285337
1407,22.803445867952792,52.26777949955679,461.0788196288111,3.3304438818256017
1408,26.440407348827165,55.76441876864631,460.4683213187708,1.4418020354959895
1409,29.265130618939267,58.530261237878534,420.4934604351377,0.0
1410,80.9632345329094,161.9264690658188,501.0392440302584,0.0
1411,105.33256799934983,210.66513599869967,575.209543715908,0.0
1412,65.78535407079029,131.57070814158058,579.7234471487308,0.0
1413,48.2642168781236,96.5284337562472,590.7281115235978,0.0
1414,35.092809364071854,70.18561872814371,595.2192621948604,0.0
1415,28.905203657773487,57.810407315546975,594.8579508136256,0.0
1416,29.185038069792125,58.37007613958425,593.9769260569044,0.0
1417,29.207789269739557,58.415578539479114,597.4127137911356,0.0
1418,29.290544392459537,58.581088784919075,605.6968668284559,0.0
1419,29.382457631784014,58.76491526356803,613.5135436452556,0.0
1420,31.34230659865018,62.68461319730036,616.1815106184914,0.0
1421,39.48022877374662,78.96045754749323,651.940047265749,0.0
1422,78.66974256622326,157.33948513244653,708.9523639253722,0.0
1423,84.58605755057185,172.56997053862875,703.5398138796542,1.6989277187425205
1424,47.024272464838376,99.58692865068983,704.0548478374745,2.769191860506541
1425,49.30447612202597,108.7848593228483,685.9256276636651,5.087953539398184
1426,34.336205876256734,78.1999824749578,594.8212629127552,4.763785361222169
1427,29.849168000800354,73.29046717384242,528.3646560585652,6.796065586120854
1428,92.40612462800902,193.46603775035464,363.14903684492515,4.326894247168301
1429,80.96955264616734,169.17187969193597,197.7120974729902,3.6163871998006356
1430,41.754087075667144,89.4228920337395,119.80447107263419,2.95735894120261
1431,38.545137722751534,79.2193463075741,100.21994535736945,1.0645354310355168
1432,34.21372703655732,69.23669665463547,84.8732381980938,0.40462129076040837
1433,40.00305848765164,80.00611697530329,126.17830981310108,0.0
1434,86.88786153643197,173.77572307286394,182.58549560021353,0.0
1435,113.6346907380476,227.2693814760952,269.63741328131914,0.0
1436,70.77379148743815,141.5475829748763,377.9071203866854,0.0
1437,56.61822928402622,113.23645856805244,444.04103444633006,0.0
1438,39.40443231930603,78.80886463861206,473.5003250464722,0.0
1439,32.69099293545349,65.38198587090697,488.56282454771275,0.0
1440,24.790675476155375,49.58135095231075,493.211037812332,0.0
1441,24.95000829156063,49.90001658312126,519.1247246647837,0.0
1442,25.165584963758192,50.331169927516385,549.6468308625123,0.0
1443,25.48147765424135,50.9629553084827,591.7850795662276,0.0
1444,27.373391478341688,54.746782956683376,616.8697386708591,0.0
1445,34.50713740977812,69.01427481955623,651.7222252068582,0.0
1446,68.53823428592538,137.07646857185077,709.5699220847288,0.0
1447,74.8643632044164,150.87051001892692,716.9115789569688,0.570891805047056
1448,42.39185985023169,87.52486003772471,728.3215137116895,1.3705701686306657
1449,46.17916362987465,95.95829932508812,719.8871800411098,1.799986032669406
1450,33.22301530956151,70.48512167089295,695.9141509189461,2.019545525884962
1451,29.787068101636315,66.54151921110247,654.0740500077563,3.4836915039149194
1452,82.88210276837063,173.53197259130195,620.5484563270471,3.883883527280342
1453,71.32904878457629,154.07193580917968,567.9906976199463,5.706919120013556
1454,39.17209146701617,83.96344538906824,504.9464249209484,2.8096312275179445
1455,33.86073775813494,72.5692951549509,331.1919476203382,2.4239098193405098
1456,31.002890028515736,63.74594722102597,280.3463844769988,0.8700835819972497
1457,36.95758197956919,73.91516395913838,347.4334964752632,0.0
1458,77.97095950400717,155.94191900801434,446.1577831196975,0.0
1459,101.36125396805367,202.72250793610735,551.5034865241234,0.0
1460,63.47488536656532,126.94977073313063,569.1054541997325,0.0
1461,51.01544064548188,102.03088129096376,597.2889154603231,0.0
1462,36.21071038040318,72.42142076080636,629.0902765236107,0.0
1463,30.510106870551738,61.020213741103476,645.1216763301163,0.0
1464,27.779240113559126,55.55848022711825,648.6141329988075,0.0
1465,27.89991504349418,55.79983008698836,661.5622541992648,0.0
1466,28.03754746089191,56.07509492178382,674.0155088370141,0.0
1467,28.25281932064627,56.50563864129254,694.4989880764045,0.0
1468,30.149599671600043,60.29919934320009,705.5985977999893,0.0
1469,36.86200731153622,73.72401462307243,740.5211102238782,0.0
1470,68.57203736861995,137.1440747372399,800.2056663352341,0.0
1471,74.47750066727393,152.21900985940096,796.9820697080946,1.6320042624265543
1472,29.531079098428002,66.40798683453482,794.9175788829735,3.6729143188394096
1473,26.49313206752434,63.29743658250186,788.3251261421063,5.155586223726591
1474,22.78442748739958,58.42703675755594,719.4750029022862,6.42909089137839
1475,21.551496574250535,57.309765980518954,649.0935657783623,7.10338641600894
1476,59.61284356975736,132.70646959343455,617.5443787676971,6.740391226959913
1477,40.83779098975019,94.2259027098237,580.1623700473066,6.275160365161664
1478,22.879439387734816,55.783300348771036,551.4008205655196,5.012210786650701
1479,24.99052807004698,55.59078546982761,541.0174566075597,2.8048646648668236
1480,28.358877995630223,58.83581276785904,529.7362817089321,1.0590283882992966
1481,31.686500630131665,63.37300126026333,565.6413448050681,0.0
1482,84.28499261853594,168.56998523707188,634.9382430444307,0.0
1483,108.8044020368784,217.6088040737568,690.230251407243,0.0
1484,68.23820512103276,136.47641024206553,706.9011274979882,0.0
1485,50.49481530789674,100.98963061579347,730.5725841696418,0.0
1486,37.28614267747244,74.57228535494488,743.7252005520843,0.0
1487,31.22548177587362,62.45096355174724,755.2965173482552,0.0
1488,29.632820529778524,59.26564105955705,748.4580117784523,0.0
1489,29.59929737481565,59.1985947496313,744.3737122975344,0.0
1490,29.562947069607972,59.125894139215944,736.646129513144,0.0
1491,29.562781517163803,59.125563034327605,731.2760253178785,0.0
1492,31.358099246032314,62.71619849206463,726.8091311813922,0.0
1493,38.12016961635673,76.24033923271347,753.3633649097948,0.0
1494,70.17927658011251,140.35855316022503,801.2275571994521,0.0
1495,75.94990126617293,155.97244052849774,786.6091678578863,2.036318998075945
1496,30.2964913180357,68.18916105463065,777.9232007709799,3.7980892092796226
1497,27.239065968257762,65.0547336464537,756.0897166634862,5.288300854969088
1498,23.515592281279268,60.004486788328485,685.6601746547327,6.4866511128849735
1499,20.916387853026023,55.86570501529364,479.7628345803703,7.016464654620797
1500,59.007298648556905,131.3811200457121,351.79804703331166,6.6832613742991445
1501,39.30179987560678,90.979431358401,229.84128288192005,6.187915803593716
1502,20.11422806608875,50.20246477735758,127.6228527689665,4.987004322590037
1503,21.314592732285202,49.47927639144501,102.06700698516714,3.4250454634373035
1504,24.817076556013273,52.935595670993116,96.7964625491429,1.6507212794832868
1505,28.994699351534784,57.98939870306957,142.26729762426666,0.0
1506,82.66889347657245,165.3377869531449,192.71890528479486,0.0
1507,108.15839682269007,216.31679364538013,314.3824276256075,0.0
1508,66.77465860836631,133.54931721673262,391.08405395112703,0.0
1509,48.669282245657044,97.33856449131409,431.23475225618813,0.0
1510,35.28201962374838,70.56403924749677,455.44743336396755,0.0
1511,29.170925997932947,58.341851995865895,473.24476820225453,0.0
1512,27.42204986625816,54.84409973251632,484.9631816106948,0.0
1513,27.495323780050605,54.99064756010121,498.9483982816713,0.0
1514,27.667255208343217,55.334510416686435,523.3737554387204,0.0
1515,27.837393033394154,55.67478606678831,545.0095391495321,0.0
1516,29.782550077326974,59.56510015465395,561.4685838875971,0.0
1517,36.700725688360855,73.40145137672171,597.1384156476962,0.0
1518,69.22564038114396,138.45128076228792,661.9393009748895,0.0
1519,75.47189346754098,155.17168434527858,673.1951864666405,2.113948705098313
1520,29.078094415460235,66.03615625651253,672.968746448008,3.9399837127960273
1521,26.169973366356714,63.3016867928855,655.4479775041316,5.480870030086033
1522,22.67342138056933,58.601220501130236,599.4264786014444,6.627188869995786
1523,20.576784051797844,55.61751614797499,415.16268917610194,7.231974022189652
1524,59.42167699658403,132.97970654190138,273.85240454450263,7.068176274366656
1525,39.686825815462235,92.3977937149512,179.20860738853787,6.51207104201337
1526,20.221677844899993,50.7552671865788,100.61379970475762,5.155955748389406
1527,21.826195686655453,50.729317262038975,95.89576541683277,3.5384629443640354
1528,25.1518367348166,53.76197255583295,74.44590158904515,1.7291495430998722
1529,29.329430650539784,58.65886130107957,112.52449475673428,0.0
1530,83.87547986579794,167.75095973159588,159.4680765820666,0.0
1531,109.3797452528641,218.7594905057282,219.11123869683942,0.0
1532,67.20776705099564,134.41553410199128,311.1877743935259,0.0
1533,48.91240508260271,97.82481016520542,368.52342897477087,0.0
1534,35.45202093152326,70.90404186304652,406.9203798344533,0.0
1535,29.37240032802228,58.74480065604456,435.23535040578435,0.0
1536,27.191396278505525,54.38279255701105,462.1244479742751,0.0
1537,27.369413354234606,54.73882670846921,491.82281654391005,0.0
1538,27.60714829126016,55.21429658252032,525.5214569080654,0.0
1539,27.704053884476693,55.408107768953386,535.2385673141067,0.0
1540,29.789535091093377,59.579070182186754,571.6382919533017,0.0
1541,36.752079179536835,73.50415835907367,612.5536018119705,0.0
1542,69.09531906953409,138.19063813906817,673.3157154232646,0.0
1543,76.61148664801229,155.1187417687219,665.3544100039937,0.9478842363486498
1544,30.79822457912141,66.0712009454277,684.7564085575985,2.2373758935924433
1545,28.390334682926245,63.40126448896241,649.8284185620727,3.3102975615549597
1546,25.734558529693103,57.33848144230191,502.65401176941356,2.9346821914578545
1547,21.352468474833994,54.61764978163119,322.9018389793787,5.956356415981599
1548,60.51637682053583,132.40119575446516,186.31450859925926,5.6842210566967495
1549,40.23785536581375,91.48649802911594,104.28140455428908,5.505393648744216
1550,20.658542252398853,50.60990433781466,66.1714017084907,4.646409916508477
1551,21.874602627416852,50.11514759703201,44.182409229746106,3.1829711710991546
1552,25.22404636351303,53.48503385030129,35.91324717938657,1.5184705616376177
1553,29.06048018630658,58.12096037261316,64.57343268440094,0.0
1554,83.48658333740485,166.9731666748097,98.46943890700699,0.0
1555,108.84632417283338,217.69264834566675,144.5942503697006,0.0
1556,66.09677188675128,132.19354377350257,143.76188613973824,0.0
1557,47.64583563761119,95.29167127522238,146.19507316651237,0.0
1558,34.142048137307114,68.28409627461423,146.238023550865,0.0
1559,28.27469206950216,56.54938413900432,237.60179261701714,0.0
1560,26.01043085549316,52.02086171098632,290.6072014469948,0.0
1561,26.109179967752635,52.21835993550527,316.08536225771763,0.0
1562,26.32078719007952,52.64157438015904,350.90445187151073,0.0
1563,26.544377641051266,53.08875528210253,382.9612402426771,0.0
1564,28.623521774943292,57.247043549886584,423.82906172044864,0.0
1565,35.60515686260701,71.21031372521402,470.66173909232884,0.0
1566,67.79271179377683,135.58554112614186,541.1972206580638,5.876929409499949e-05
1567,75.23062867714545,153.1616385795875,550.0189126615034,1.3501906126483032
1568,29.692154273266034,63.93311393438168,558.0072391413782,2.2744026939248045
1569,27.60557677392145,62.073263733885106,555.0130661895389,3.4310550930211052
1570,25.06787660956175,57.77927399145204,523.4395986742766,3.8217603861642666
1571,25.337552804538603,57.61384883193652,503.42941627926444,3.469371611429657
1572,64.39686349849461,137.4684199217464,475.80251825869016,4.337346462378587
1573,45.227013954420215,96.62016677246994,418.72473496968735,3.08306943181476
1574,24.74577120932025,55.28958504225493,338.3268688913384,2.8990213118072146
1575,25.397479159950134,54.48371713064656,292.2764704635907,1.8443794053731464
1576,28.017958658000442,57.78329896066754,280.89566066726985,0.873690822333328
1577,31.249654451479717,62.499308902959434,311.61971819718275,0.0
1578,85.70155824780863,171.40311649561727,360.0153220188325,0.0
1579,111.41308287657743,222.82616575315487,471.80162390591573,0.0
1580,68.50997661678139,137.01995323356277,497.5829846937902,0.0
1581,50.0419676869714,100.0839353739428,514.7227739675784,0.0
1582,36.63006953878002,73.26013907756004,527.6591467311978,0.0
1583,30.69397887608429,61.38795775216858,545.9780604729353,0.0
1584,26.719961786976473,53.439923573952946,557.4157750381748,0.0
1585,26.790076316738734,53.58015263347747,568.5338110456807,0.0
1586,26.915496491979106,53.83099298395821,583.7865411467741,0.0
1587,27.020676593148952,54.041353186297904,593.3938164585443,0.0
1588,28.918405651093387,57.836811302186774,603.8883851775712,0.0
1589,36.489347278446076,72.97869455689215,659.0231977382947,0.0
1590,70.89644175758758,141.79325275902033,723.0904913577443,0.00018462192258740032
1591,77.91210222644774,158.29184066142466,726.810653770403,1.2338181042645842
1592,41.98298285101796,91.05256840953092,734.7237907495233,3.5433013537475015
1593,45.237722213249455,101.15992227396485,716.6426239515075,5.342238923732971
1594,31.059950527868345,73.77366328554912,651.1381171295059,5.826881114906216
1595,29.310171685481045,69.34271624322865,562.0189769023957,5.361186436133281
1596,87.14510897952817,183.58959865680416,500.7594627545136,4.649690348873902
1597,77.12299957814122,161.4730083782396,417.2502253601729,3.613504610978577
1598,39.312178240876705,84.55216857556525,301.4874034421296,2.9639060469059153
1599,34.71930965779674,74.98907391596617,218.47075412988255,2.775227300186346
1600,32.8241083663383,68.29022754070064,153.66125920705508,1.3210054040120205
1601,39.13244633623384,78.26489267246768,197.29359717330559,0.0
1602,82.25270433544428,164.50540867088856,304.2714635031055,0.0
1603,106.56732929779524,213.13465859559048,434.94071180662246,0.0
1604,65.83179976890186,131.66359953780372,483.4446905638803,0.0
1605,52.69384186500447,105.38768373000894,539.5114859607339,0.0
1606,37.64678780358678,75.29357560717357,569.3944014260893,0.0
1607,32.1115683207906,64.2231366415812,585.0825991500092,0.0
1608,27.03200780812879,54.06401561625758,609.0797286599739,0.0
1609,27.251193009296053,54.502386018592105,643.7744609451084,0.0
1610,27.426505090557058,54.853010181114115,667.9330982966903,0.0
1611,27.62894805618176,55.25789611236352,692.9210797532064,0.0
1612,29.569331447927038,59.138662895854075,711.9899576163962,0.0
1613,37.00369782942381,74.00739565884761,756.7969354316351,0.0
1614,70.93047658894888,141.90562863066847,826.747022303449,0.022337726385362876
1615,77.20904376264158,158.73726634251864,836.1829075786233,2.1595894086177276
1616,42.08631850095652,92.04646456244551,841.7077015344215,3.936913780266234
1617,45.49823136812505,102.14802115322343,814.2112099849987,5.5757792084866615
1618,30.094619931077172,73.63996881003037,667.7379572586542,6.7253644739380105
1619,27.305831315405186,67.91783830075833,492.4237843139305,6.653087834973981
1620,82.87883461485305,179.90023958605565,352.38854748024215,7.071285178174783
1621,72.6511505976731,157.55591474609875,226.51776226707233,6.126806775376279
1622,35.92084525284068,81.15581390146865,118.60502113630149,4.6570616978936465
1623,32.681200707074,72.58836323627197,85.74657373049897,3.6129809110619893
1624,32.425357443459866,67.16101361414206,81.81753419262367,1.155149363611164
1625,38.631028843466474,77.26205768693295,124.89138517191681,0.0
1626,80.94179488394737,161.88358976789473,159.07726431711728,0.0
1627,105.01904325338181,210.03808650676362,318.181379416934,0.0
1628,64.64020354394289,129.28040708788578,394.2643617805028,0.0
1629,51.53398212712356,103.06796425424712,448.7303647403852,0.0
1630,36.74673347170968,73.49346694341936,485.89953408672653,0.0
1631,31.3500116707095,62.700023341419,504.5367020210651,0.0
1632,27.794014528999938,55.588029057999876,518.8388616286702,0.0
1633,27.942259450095257,55.884518900190514,541.8492049673695,0.0
1634,28.263907752192697,56.527815504385394,587.2853385605653,0.0
1635,28.42332590954175,56.8466518190835,606.3211002351024,0.0
1636,30.267841512600793,60.535683025201585,614.2233828800695,0.0
1637,37.189223925771785,74.37844785154357,659.9962212914161,0.0
1638,68.47207022587833,136.9750717851162,730.9309678803613,0.015465666679771064
1639,77.13473430269637,155.83212441716975,744.2864660745187,0.7813279058885074
1640,31.81668963150603,67.17122613264084,735.9400154305437,1.7689234348143887
1641,30.950695153984192,66.16427815295468,719.7319038424499,2.1314439224931476
1642,25.790013619367798,60.824284170500604,618.6268922183841,4.622128465882504
1643,23.382678759322054,57.906632472447775,424.3012565228232,5.570637476901833
1644,61.797973204631035,136.13735210203515,277.98332557302274,6.270702846386539
1645,41.11588532646947,94.55693098430702,148.79807157327187,6.162580165684042
1646,21.105437313057205,52.87543062052397,90.78130540837422,5.332277997204781
1647,22.519298942249986,52.267844968759704,67.94386249767017,3.6146235421298654
1648,26.697959092794587,55.46058024567866,58.31887189966133,1.032331030044743
1649,30.211165780396744,60.42233156079349,93.38037085884011,0.0
1650,84.2600739927454,168.5201479854908,125.91439728352094,0.0
1651,109.30534612997388,218.61069225994777,183.01759280518615,0.0
1652,66.37510636209245,132.7502127241849,200.14013574421435,0.0
1653,48.44897609138654,96.89795218277308,296.6484819036632,0.0
1654,35.597245364653126,71.19449072930625,352.1522907844184,0.0
1655,30.066345271620786,60.13269054324157,395.46203617609655,0.0
1656,25.924465016358308,51.848930032716616,432.86792798343805,0.0
1657,26.063169190640345,52.12633838128069,460.086377949498,0.0
1658,26.20720202620557,52.41440405241114,482.21556462613245,0.0
1659,26.48479495302489,52.96958990604978,521.7248961041171,0.0
1660,28.37210290307568,56.74420580615136,554.1285282425545,0.0
1661,34.951583703213366,69.90316740642673,601.7541542707232,0.0
1662,64.32326662688334,128.722613416953,666.6601457016678,0.03804008159316118
1663,71.69089429648346,146.84172878801866,667.3388070527222,1.7299700975258645
1664,27.546805688573222,63.28025415686117,681.1826400103898,4.093321389857363
1665,26.13379856410304,62.479121185483145,654.8023444115983,5.105762028638534
1666,21.798232744972974,57.132517428318444,541.2945432935002,6.7680259691862465
1667,19.626273670928068,54.62386143836707,362.6899195617105,7.685657048255467
1668,56.85595814397872,128.8489782592426,219.41312361451656,7.56853098564259
1669,37.88678147036166,89.53432592124513,113.9150970374406,6.880381490260899
1670,19.66975137170396,50.313292711645154,73.32939487976584,5.486894984118615
1671,21.180105546391623,49.90401084337735,58.94573883600804,3.771899875297053
1672,24.429551878529278,52.76215505652879,48.410083793386775,1.951525649735119
1673,28.71913353859543,57.43826707719086,79.34732809857836,0.0
1674,79.89420496111309,159.78840992222618,112.15508301813203,0.0
1675,103.58476232538679,207.16952465077358,173.44098337060808,0.0
1676,62.75202645599242,125.50405291198484,189.02495079878105,0.0
1677,45.84175330785132,91.68350661570264,285.57192993547466,0.0
1678,33.74642182951124,67.49284365902248,334.7820481874843,0.0
1679,28.489780507809527,56.979561015619055,358.2232648187282,0.0
1680,24.253147510991113,48.506295021982226,380.0042074407489,0.0
1681,24.338826605697243,48.677653211394485,397.1999465402721,0.0
1682,24.398558991303695,48.79711798260739,404.7437987790309,0.0
1683,24.646324236909294,49.29264847381859,438.5389548278451,0.0
1684,26.34860978551684,52.69721957103368,458.9259245558308,0.0
1685,32.416739822344994,64.83347964468999,485.1166511678687,0.0
1686,59.81089735254943,119.84885658188072,545.6894973601618,0.11353093839093181
1687,66.3213728064028,137.4504757611661,559.0323506664871,2.403865074180252
1688,25.163514760549152,58.6029194336836,561.5251053335961,4.137944956292649
1689,23.295464390535315,58.33914436197861,547.9997972677304,5.874107790453989
1690,20.135018465782863,54.39820671662438,512.9534808811788,7.064084892529326
1691,19.349154064450843,53.922943934285286,470.89376238343704,7.6123179026917995
1692,55.36910219398591,125.7475703696048,437.0942209854096,7.5046829908164945
1693,37.303890085892036,88.19812761217759,333.99793240341745,6.795173720196756
1694,20.085029312116216,51.1616784188884,264.68846554131784,5.495809897327985
1695,21.84058555341743,51.27359725141546,274.26975482881625,3.7962130722903007
1696,25.32093690885586,54.63692661148444,317.86071058396993,1.9975263968863597
1697,29.639961376049484,59.28072934711475,365.7803774933041,0.0004032975078921647
1698,77.32987150846121,154.65974301692242,356.3021893862125,0.0
1699,99.61392597623124,199.2278519524625,438.26430029670195,0.0
1700,60.87362996697676,121.74725993395352,446.97560230952195,0.0
1701,44.57210203368884,89.14420406737769,450.56559394390007,0.0
1702,33.07565915858268,66.15131831716536,454.51021724962607,0.0
1703,28.163703664988674,56.32740732997735,463.08726549684417,0.0
1704,25.36156738471832,50.72313476943664,477.0750682864065,0.0
1705,25.40060387747468,50.80120775494936,485.50725251701436,0.0
1706,25.484347270608243,50.968694541216486,496.40196113068663,0.0
1707,25.610011574945243,51.22002314989049,510.8691265987911,0.0
1708,27.227025027023732,54.454050054047464,517.9623107800276,0.0
1709,33.383819162200155,66.76763832440031,555.7207099315967,0.0
1710,60.681564321426194,121.54904628382539,614.3974297775186,0.0929588204865037
1711,68.3684741781947,139.49326772625952,617.2863160202801,1.3781596849350521
1712,28.90180002083407,60.38856767859353,622.153956214932,1.2924838184626968
1713,26.543901827801623,60.343217464235515,603.4325632490346,3.6277069043161334
1714,23.405801630032762,56.56333888014866,584.5098053945246,4.87586781004157
1715,21.978535602001628,56.3443302971035,560.7011091353493,6.1936295465501185
1716,59.78151108622544,129.56203287068075,584.0985526416365,4.999505349114933
1717,42.45274015151056,93.03164064539604,572.7874352864633,4.063080171187458
1718,25.651935833302357,56.11944020632203,548.2306442577269,2.407784269858659
1719,25.859292183349154,55.99255166509065,547.6468578463766,2.1369836491961722
1720,28.844534822071225,58.653328133465706,539.4896466802954,0.48212924466162776
1721,31.476552361968434,62.95310472393687,556.1682214982526,0.0
1722,79.83919219904045,159.6783843980809,599.2000270735031,0.0
1723,101.73166902073001,203.46333804146002,635.2698749740454,0.0
1724,62.61650895743879,125.23301791487758,627.2103139851506,0.0
1725,46.2038926152771,92.4077852305542,616.9995383414838,0.0
1726,34.67152292497439,69.34304584994878,608.8242349608618,0.0
1727,29.706195887263142,59.412391774526284,599.3447522576106,0.0
1728,26.683807352472655,53.36761470494531,588.1285371511728,0.0
1729,26.65893191569117,53.31786383138234,586.3317620764112,0.0
1730,26.68030377833959,53.36060755667918,585.5922008625271,0.0
1731,26.759169620646908,53.518339241293816,591.3413822973746,0.0
1732,28.3464271144057,56.6928542288114,592.5746474786868,0.0
1733,34.47711600268133,68.95423200536266,620.5191231872782,0.0
1734,61.82942936509591,123.73013033420739,678.5894587896769,0.03563580200777997
1735,70.44142763632334,142.10761199335556,672.4770147534208,0.6123783603544394
1736,30.419480539713373,62.41096477773431,675.7805096954542,0.7860018491537814
1737,30.020918308802877,62.38341517225108,640.378212780896,1.1707892773226611
1738,24.79558362773598,57.990800614654766,585.4577351448163,4.199816679591406
1739,22.966056041217243,56.0811087532246,459.671156363108,5.074498335395057
1740,58.433809076053414,127.80790393123668,331.4806373821215,5.470142889564924
1741,38.9936908976777,89.4716742673911,219.38153773242072,5.742146236017844
1742,21.53750057251849,51.969625702630985,171.39288004620127,4.447312278797003
1743,23.53265013879368,51.27717712510738,142.0241189554868,2.105938423760008
1744,25.918646484126697,53.69143805369407,131.0060076000645,0.9270725427203379
1745,28.74524516053794,57.491117108391315,137.00850033100616,0.0003133936577176433
1746,77.47180063590842,154.94360127181685,156.63173690490203,0.0
1747,100.39934362105173,200.79868724210345,305.41651452064855,0.0
1748,61.19497564471475,122.3899512894295,365.5894770088872,0.0
1749,44.8760394494879,89.7520788989758,391.9766435280877,0.0
1750,33.558497169674546,67.11699433934909,421.6511277606664,0.0
1751,28.744198906521813,57.488397813043626,432.1151555022522,0.0
1752,27.007668080377503,54.015336160755005,432.59608089740345,0.0
1753,27.045669109043665,54.09133821808733,441.7381764236004,0.0
1754,27.059958965531113,54.119917931062226,443.1144347684537,0.0
1755,27.125932627524364,54.25186525504873,449.18497172771146,0.0
1756,29.031239521655156,58.06247904331031,451.73735307392724,0.0
1757,36.4307145213171,72.8614290426342,471.1731921068109,0.0
1758,69.52258295877931,139.60567504811826,542.435138298724,0.2802545652798157
1759,76.67058211724218,158.8493188056677,537.1344360748736,2.754077285591679
1760,40.29609212609414,89.76981448064932,545.1373595053275,4.58881511423052
1761,44.405749877299584,101.72685032447295,521.2330279909463,6.4576752849368875
1762,29.459612936619095,74.37335568206849,486.1902597332892,7.727064904415153
1763,27.299510378157848,71.2190627969591,458.97902849684084,8.310021020321697
1764,87.20858886884056,190.93782520051963,469.0890841400696,8.260323731419248
1765,76.32447653320885,167.48756901216382,434.27676404298046,7.419307972873058
1766,37.83943151035366,87.48221570291581,402.25625809573484,5.901676341104239
1767,36.59964613686212,80.32106311219788,408.7361024617045,3.5608854192368216
1768,36.71388884491149,77.80334828827786,426.22682997285926,2.187785299227442
1769,43.93958600180508,87.95110118029633,461.00356229434567,0.035964588343080806
1770,87.16394538204162,174.32789076408324,487.7070998699466,0.0
1771,110.56489205070211,221.12978410140423,515.3478938017089,0.0
1772,67.40208502377503,134.80417004755006,501.65942755737353,0.0
1773,53.38971063369629,106.77942126739258,493.3907453000047,0.0
1774,38.594213198403445,77.18842639680689,490.63823143969535,0.0
1775,33.47441108261752,66.94882216523504,487.7546131281641,0.0
1776,27.139049692222194,54.27809938444439,479.3496826759524,0.0
1777,27.099810786304733,54.199621572609466,475.7852743318237,0.0
1778,27.087071970577448,54.174143941154895,472.5552511709607,0.0
1779,27.18385177883483,54.36770355766966,482.30599305616545,0.0
1780,29.078549510329907,58.157099020659814,488.00023349529016,0.0
1781,36.36435442959117,72.72870885918233,513.9509822928535,0.0
1782,68.3770460569882,137.52918329286206,576.5635690709307,0.3875455894428246
1783,75.7373143295217,156.83824025796577,577.6381497570849,2.6818057994611806
1784,40.19335271230105,89.14858985124904,588.0566389000063,4.380942213323475
1785,44.559534329823734,101.32287887203397,576.3686415751449,6.101905106193249
1786,30.106134925014253,74.85445087128231,564.8898289896114,7.321090510626903
1787,27.892940400935373,71.67162942846149,538.20551395311,7.942874313295372
1788,86.53558607463555,188.98235269738367,533.1829909730486,7.955590274056298
1789,76.10032468098308,166.4607435530215,535.3202795432852,7.130047095527679
1790,38.01773097382276,87.5830971196374,501.4584943991711,5.773817585995944
1791,36.12117368534121,79.97074732739988,467.0365820117426,3.864199978358728
1792,36.5940224573014,77.42233890864082,447.1911434644219,2.117146997019011
1793,43.520439911553474,87.11877784033987,459.3056772700312,0.03894900861646467
1794,86.07995584311628,172.15991168623256,509.1527884543668,0.0
1795,109.08512807066121,218.17025614132243,550.424913529914,0.0
1796,66.68899367225345,133.3779873445069,546.9689737211121,0.0
1797,52.959482257396076,105.91896451479215,542.5462034188764,0.0
1798,38.52253095017948,77.04506190035896,533.0193531214793,0.0
1799,33.53802101526139,67.07604203052279,521.4269589457996,0.0
1800,28.226204045185067,56.452408090370135,507.4642402504763,0.0
1801,28.255088225904785,56.51017645180957,511.78901265168525,0.0
1802,28.257991037176012,56.515982074352024,510.8391675702667,0.0
1803,28.308787377735285,56.61757475547057,514.0951810829562,0.0
1804,29.98635862398181,59.97271724796362,517.0590479761776,0.0
1805,36.53187800310906,73.06375600621811,549.2372999932163,0.0
1806,64.61007808022521,130.2575826908409,602.7773502203697,0.5187132651952466
1807,73.14714758211959,151.390465538707,600.7975627996175,2.548085187233915
1808,28.71695109029374,65.89079513440011,597.8529518555353,4.228446476906312
1809,27.821190515539463,67.13455452988578,574.8009396523147,5.746086749403423
1810,25.022215418806717,62.9807909294655,554.2576011547685,6.468180045926033
1811,24.615635497964924,62.43347144718314,519.6917979213961,6.601100225626644
1812,63.522916869578644,141.26709931083133,466.2072298201069,7.11063278583702
1813,43.372762131645075,99.47148090132083,355.9987909610962,6.36297831901534
1814,23.99619093893517,58.23895942108275,268.8250293473691,5.123288771606202
1815,25.315365278206933,57.06151317091484,203.29406835785693,3.2153913072504894
1816,28.675025345938195,60.11079133281924,209.7597105949802,1.3803703204714262
1817,32.48113152535091,64.97650105559603,237.80771125875313,0.00711900244710354
1818,84.66352466949266,169.32704933898532,291.8092443944646,0.0
1819,108.51933022064975,217.0386604412995,392.5598238962535,0.0
1820,65.80259167307545,131.6051833461509,412.8521473967428,0.0
1821,48.339438062475814,96.67887612495163,426.4785541614792,0.0
1822,36.426135504358044,72.85227100871609,443.09586360600554,0.0
1823,31.610832749023103,63.22166549804621,459.25645545888494,0.0
1824,26.475359801881485,52.95071960376297,475.64760213410756,0.0
1825,26.55538892857746,53.11077785715492,487.7533591877147,0.0
1826,26.65915080914715,53.3183016182943,499.55692777987264,0.0
1827,26.768367510770737,53.536735021541475,509.84562915241116,0.0
1828,28.39664367988075,56.7932873597615,518.8396065040549,0.0
1829,34.65006324035246,69.30012648070492,558.6214598406804,0.0
1830,60.90615983205065,123.10012495098363,626.5152833999355,0.6439026434411658
1831,68.86052620789131,143.2559554718958,611.7752628033993,2.7674515280565766
1832,27.002960424394963,62.81703272995402,613.7208044655399,4.405555940582046
1833,25.64656793012468,63.52517654152908,549.3712612914615,6.116020340639859
1834,20.96307153413163,56.57914309500501,356.8153091676538,7.326500013370875
1835,19.0332299737071,53.69981955786982,164.55376980419825,7.816679805227809
1836,56.29110686496929,128.2610131551526,114.66896589925102,7.839399712607009
1837,38.04962738416621,89.76243085378302,80.41421444678514,6.831588042725298
1838,20.03618536430968,51.25248782960385,44.69151334231287,5.590058550492245
1839,22.875782085390888,50.86698528682896,34.345238171331474,2.5577105580235884
1840,24.648389498864255,53.48971369165726,32.59887012872138,2.0964673469643733
1841,29.033888032050726,58.17617989728196,56.46590004439239,0.054201916590255306
1842,78.10006898564676,156.20013797129351,80.9150526409335,0.0
1843,99.78395445035714,199.5679089007143,82.07929800267351,0.0
1844,59.33991568115506,118.67983136231013,80.98554086365556,0.0
1845,43.00824138196152,86.01648276392304,92.37072400695169,0.0
1846,31.84960727704356,63.69921455408712,94.39206859164965,0.0
1847,27.349514982334174,54.69902996466835,95.54321162293252,0.0
1848,24.10041291785768,48.20082583571536,89.23850744985464,0.0
1849,24.161777569668274,48.32355513933655,93.36003105890528,0.0
1850,24.241580284147634,48.48316056829527,97.4872270082283,0.0
1851,24.36178420839733,48.72356841679466,105.03486659144232,0.0
1852,25.99195064818647,51.98390129637294,125.25761183571329,0.0
1853,32.347081693016534,64.69416338603307,191.86494960582277,0.0
1854,59.19622947990159,119.5151447168999,293.25925453424264,0.5613428785483604
1855,68.27124249643124,141.29093759602534,335.6594335284113,2.3742263015814307
1856,25.527252117391562,59.06567879603308,363.7280348999431,4.005587280624978
1857,24.95651331418665,61.00940458102566,343.7031253344668,5.5481889763261805
1858,21.667599116300423,55.681097344265396,225.6313934134025,6.172949555832276
1859,20.200885522911026,54.00288945124902,87.17085097680504,6.800559202713484
1860,60.87448647950343,131.34887857884445,72.34209304586625,4.799952809918789
1861,42.70852700471009,92.30544514979212,59.95863612961258,3.4441955701859652
1862,24.397293850270124,52.97974301386921,39.58434229916173,2.092577656664481
1863,24.572780907111387,52.66503803710827,34.345238171331474,1.7597381114427486
1864,26.6377256680187,55.33593082810621,32.59887012872138,1.0302397460344053
1865,30.060416826769547,60.16595436512068,56.46590004439239,0.022560355790792977
1866,80.34621367362588,160.69242734725177,80.9150526409335,0.0
1867,102.7562645255638,205.5125290511276,104.97013544495779,0.0
1868,61.11596400830172,122.23192801660343,103.01883955879643,0.0
1869,44.292729934252904,88.58545986850581,102.95591916163039,0.0
1870,32.8827619363688,65.7655238727376,99.80567004664384,0.0
1871,28.30855161635468,56.61710323270936,96.67188258932867,0.0
1872,24.75078888363478,49.50157776726956,144.33389483979857,0.0
1873,24.86640489345544,49.73280978691088,192.50869625641914,0.0
1874,25.026339675218612,50.052679350437224,233.25543962477104,0.0
1875,25.184758683890834,50.36951736778167,261.01457652867794,0.0
1876,26.98477756587886,53.96955513175772,290.1310230244222,0.0
1877,33.62153335425759,67.24306670851519,350.7373029365203,0.0
1878,60.46791048968159,122.55754214274975,422.00461795825726,0.8108605816932836
1879,69.7098896155635,144.9741076751863,433.6702498995514,2.777164222029658
1880,25.979892223065807,60.99172795359163,441.19613463710573,4.515971753730006
1881,25.65112688065926,63.612242263771,437.15318475999334,6.154994251226241
1882,22.3040857289744,58.733339376385054,353.9351812961103,7.062583959218126
1883,20.63887567178946,56.660051199030995,196.50465477396287,7.691149927726037
1884,59.55115286480982,134.89689417576062,84.45045082954562,7.897294223070486
1885,40.2806828970241,94.82993378843318,65.972282224904,7.13428399719249
1886,21.48141680960401,54.49031417712145,39.58434229916173,5.763740278956713
1887,23.066698929663474,54.180041947046796,34.345238171331474,4.023322043859923
1888,26.178060271216623,56.84521470067286,32.59887012872138,2.2445470791198066
1889,30.82043083465888,61.80174268833138,56.46590004439239,0.0804405095068111
1890,82.11731827101025,164.2346365420205,80.9150526409335,0.0
1891,104.65055254990703,209.30110509981407,82.07929800267351,0.0
1892,61.981184395354006,123.96236879070801,69.745907307428,0.0
1893,44.8150097195901,89.6300194391802,63.90014321840632,0.0
1894,33.448832828515336,66.89766565703067,78.35261644215481,0.0
1895,29.047053978971647,58.094107957943294,123.46954025150569,0.0
1896,23.80315489520529,47.60630979041058,201.189595027188,0.0
1897,23.95469564024765,47.9093912804953,252.31009966372974,0.0
1898,24.028820696829726,48.05764139365945,273.9515245248562,0.0
1899,24.271549803928604,48.54309960785721,314.564608262774,0.0
1900,26.01511005831249,52.03022011662498,343.09743350356234,0.0
1901,32.226500493688334,64.45300098737667,381.54366631058144,0.0
1902,57.56034802596775,116.66740589948301,446.30986290029426,0.7733549237737611
1903,69.23370194641409,138.46740389282817,457.9830613970528,0.0
1904,29.34215480404797,58.68430960809594,468.0323722391931,0.0
1905,24.90925857821669,60.772247054359006,408.7094867499312,5.476864948962812
1906,21.05532599305857,54.641970596386685,227.09618034119782,6.265659305134772
1907,19.28139219474731,53.74727592564959,128.2511957317712,7.592245768077485
1908,56.98961826829831,129.173298705943,79.88722202813497,7.597031084673197
1909,39.034610660601835,90.8487005268532,60.23027406377952,6.389739602824763
1910,21.109057058892535,52.384868345885295,39.58434229916173,5.083377114050111
1911,22.704302234753346,52.075393675862685,34.345238171331474,3.333394603177997
1912,25.850779459721572,54.559274279137654,32.59887012872138,1.4288576798472534
1913,29.584092006715746,59.34487080920677,56.46590004439239,0.0883433978876364
1914,78.38706637631985,156.7741327526397,80.9150526409335,0.0
1915,99.74685083105993,199.49370166211986,82.07929800267351,0.0
1916,59.14133299117211,118.28266598234423,77.13191813423362,0.0
1917,43.01441733194579,86.02883466389159,90.06102746114591,0.0
1918,32.37414675492522,64.74829350985044,169.27026655508038,0.0
1919,28.313967939230064,56.62793587846013,243.54248284003765,0.0
1920,24.97530937524089,49.95061875048178,277.58659542325523,0.0
1921,25.19564275508812,50.39128551017624,328.0009151406106,0.0
1922,25.554576937316842,51.109153874633684,377.25678136823086,0.0
1923,25.759712433355325,51.51942486671065,397.6832828697461,0.0
1924,27.829489479451514,55.65897895890303,419.22810111061773,0.0
1925,35.20872141999536,70.41744283999073,464.26675571083774,0.0
1926,65.10265960412173,132.04914834110306,532.9757859494676,0.9219145664298039
1927,76.89307784294242,153.78615568588484,547.3133682710563,0.0
1928,38.6063210776923,86.16639397535417,567.2423503341145,4.476875909984787
1929,43.44999982835217,99.09732273097643,500.07939019098666,6.098661537136047
1930,28.116484220418574,70.72311468400544,339.0611103899176,7.245073121584144
1931,25.31959160096706,66.36959951038682,183.6397708699176,7.8652081542263526
1932,84.29425861281283,184.3922174978822,91.41369015154324,7.901850136128282
1933,72.90131800909123,159.8610416957064,64.31154497615302,7.029202838761968
1934,33.82854768564001,79.04803420901445,39.606882049466414,5.695469418867213
1935,32.372910194628275,72.65248755120037,34.345238171331474,3.9533335809719072
1936,34.40281176079434,73.22101275317195,32.59887012872138,2.2076946157916293
1937,41.31799179505718,83.1798889091541,56.46590004439239,0.2719526595198658
1938,83.59265684831279,167.18531369662557,80.9150526409335,0.0
1939,105.6220858822154,211.2441717644308,82.07929800267351,0.0
1940,62.31929894001397,124.63859788002794,70.0752707240163,0.0
1941,48.679341407546104,97.35868281509221,79.05195023292005,0.0
1942,35.14530784710494,70.29061569420988,87.67758017313915,0.0
1943,30.86450530009825,61.7290106001965,88.59124185098983,0.0
1944,23.514270884582594,47.02854176916519,203.61728826562387,0.0
1945,23.678762772798922,47.357525545597845,259.1106812641587,0.0
1946,23.916614807705997,47.833229615411994,308.5579446407603,0.0
1947,24.25329998821982,48.50659997643964,352.8591531891161,0.0
1948,26.261654342800835,52.52330868560167,383.9577363564257,0.0
1949,33.26146701361226,66.52293402722452,435.23066327744016,0.0
1950,61.7875911604948,124.214401612626,506.7557675574347,0.3196096458182012
1951,71.05738600692817,145.10496776965914,525.2241693498089,1.4950978779014015
1952,36.05625096514974,81.18167228600356,532.7374912837712,4.534585177852047
1953,40.512451932234406,93.32958809426215,448.50422411568894,6.152342114896669
1954,26.452995407036877,66.42544896331651,284.3229553201244,6.7597290746213785
1955,23.895757402176933,62.47827034603411,128.5618860343669,7.343377770840123
1956,79.44034486474543,174.1105306544796,78.60276634220743,7.614920462494364
1957,68.42096683817131,150.86886680885817,60.09708646895534,7.013466566257782
1958,31.629968106599335,74.40786864590115,39.58434229916173,5.57396621635124
1959,30.418204871423576,68.68472436809446,34.345238171331474,3.924157312623655
1960,33.39007416065783,69.5311501976846,32.59887012872138,1.3755009381844623
1961,39.351561902136254,79.01707093406331,56.46590004439239,0.15697356489540298
1962,79.1059568989557,158.2119137979114,80.9150526409335,0.0
1963,99.82412245386612,199.64824490773225,82.07929800267351,0.0
1964,58.60437150872905,117.2087430174581,58.7943907678725,0.0
1965,45.52901763886583,91.05803527773166,50.13635541157724,0.0
1966,32.78877292463129,65.57754584926258,46.3721232836752,0.0
1967,28.93453160198001,57.86906320396002,55.90067927234837,0.0
1968,23.247655817956613,46.495311635913225,60.70450232705977,0.0
1969,23.29865225240888,46.59730450481776,65.8767273800682,0.0
1970,23.568725681638007,47.137451363276014,140.81747975852133,0.0
1971,23.824158988235013,47.648317976470025,214.93579774537088,0.0
1972,25.512226296659332,51.024452593318664,271.01705707355933,0.0
1973,31.6250676289424,63.2501352578848,327.50170782313035,0.0
1974,56.48567962549709,113.4151331323376,404.36316303184367,0.22188694067170608
1975,67.78984312214133,136.2432481396936,418.88339029711466,0.33178094770546573
1976,27.500650482964573,57.749419052446214,433.69815721264325,1.3740590432585353
1977,29.29371603415757,60.55164194452602,354.6287067135935,0.9821049381054383
1978,26.486975506252296,55.05011275090364,194.10565929957355,1.0380808691995216
1979,25.93640876852489,53.78372166033925,72.25370309749643,0.9554520616447373
1980,63.03846654096247,129.4288943697266,70.58135200070537,1.6759806439008391
1981,44.630780397537876,91.4067599479383,59.95863612961258,1.072599576431275
1982,25.73530886702817,53.08763011236759,39.58434229916173,0.8085061891556269
1983,26.06230379948432,52.968486740467426,34.345238171331474,0.4219395707493956
1984,26.671075453756856,55.143639469736414,32.59887012872138,0.9007442811113523
1985,29.909339316012748,60.078158286976766,56.46590004439239,0.1297398274756364
1986,78.05812705347392,156.11625410694785,80.9150526409335,0.0
1987,98.94507207979629,197.89014415959258,82.07929800267351,0.0
1988,58.08192882142349,116.16385764284698,58.7943907678725,0.0
1989,41.9542255762369,83.9084511524738,44.241323746121914,0.0
1990,31.398471905531654,62.79694381106331,32.59887012872138,0.0
1991,27.46483859197836,54.92967718395672,28.304316970442468,0.0
1992,22.790058957396777,45.580117914793554,20.857574751521682,0.0
1993,22.793076194600268,45.586152389200535,20.827759861134684,0.0
1994,22.988937884426175,45.97787576885235,39.26888379935769,0.0
1995,23.13000789703703,46.26001579407406,51.13718302905236,0.0
1996,24.753025821538014,49.50605164307603,99.2046089354594,0.0
1997,30.908267090242045,61.81653418048409,199.6229076431766,0.0
1998,54.87680550000016,111.33557618601525,293.97696756246535,0.7909825930074611
1999,64.52193081488382,134.3669112555783,317.2099309520179,2.6615248129053337
2000,23.23338139808316,56.13067531655726,338.08727209828413,4.8319562601954695
2001,23.224939870436607,59.593372471674606,271.51839299409886,6.571746365400697
2002,19.66586949559584,54.598970940995514,130.29833808443735,7.633615974901918
2003,18.688845271015005,53.86299654219237,58.2122680870025,8.242653000081178
2004,56.857841728641056,129.75344930685532,70.43684438527303,8.018882924786604
2005,38.69625520684135,91.712281661298,59.95863612961258,7.159885623807646
2006,20.979742939248567,53.422090159557605,39.58434229916173,5.731302140530235
2007,22.43351810560384,53.26414090125801,34.345238171331474,4.198552345025163
2008,25.216991397736276,55.40263408552508,32.59887012872138,2.4843256450262645
2009,29.74739123625657,60.3818469862784,56.46590004439239,0.44353225688263115
2010,77.95372201927879,155.90744403855757,80.9150526409335,0.0
2011,98.58440102363366,197.16880204726732,82.07929800267351,0.0
2012,57.814515482930055,115.62903096586011,58.7943907678725,0.0
2013,41.790000333173765,83.58000066634753,44.241323746121914,0.0
2014,31.395209611545813,62.790419223091625,33.633165394726696,0.0
2015,27.5976086308048,55.1952172616096,31.15401459332349,0.0
2016,21.88023211550167,43.76046423100334,22.56831118717674,0.0
2017,21.931058270856894,43.86211654171379,27.99223299532543,0.0
2018,22.08445450464335,44.1689090092867,41.544683137226706,0.0
2019,22.371355849214478,44.742711698428955,125.31310694122949,0.0
2020,24.034837641146844,48.06967528229369,208.1355660007538,0.0
2021,29.848268160389534,59.69653632077907,273.8186808137895,0.0
2022,52.24782776847695,106.69390074423755,368.0788571026298,1.099122603641823
2023,62.222502959942425,129.17834254960883,394.1353715251303,2.366668314861988
2024,23.624625961295028,54.446679508560365,405.3414334972516,3.5987137929851545
2025,26.234481415803042,58.01345257896343,332.2682287301682,2.7722448736786722
2026,25.437067258515743,53.260986769764166,202.9690661514776,1.193426126366339
2027,23.153481380110264,51.92734282770617,59.84589258576732,2.810190033742819
2028,61.44438866986181,124.60200050034913,70.43684438527303,0.8566115803127563
2029,42.911063689014625,88.14817584640956,59.95863612961258,1.1630242341901547
2030,24.02819532030545,51.45040425582519,39.58434229916173,1.6970068076071445
2031,24.775875337265393,51.36591661919805,34.345238171331474,0.9070829723336327
2032,24.283756924748005,53.3822316656919,32.59887012872138,2.407358908097942
2033,28.672299438974246,58.199121797611475,56.46590004439239,0.4272614598314931
2034,74.71834080015336,149.4366816003067,80.9150526409335,0.0
2035,94.34391078610918,188.68782157221835,82.07929800267351,0.0
2036,55.246058139552936,110.49211627910587,58.7943907678725,0.0
2037,39.97666040140517,79.95332080281034,45.05358541074693,0.0
2038,30.259209369232284,60.51841873846457,42.335649964308516,0.0
2039,26.664187703505554,53.32837540701111,36.28530603836223,0.0
2040,23.933489226696597,47.866978453393195,32.89351133126514,0.0
2041,24.038527169610283,48.07705433922057,43.55428948178077,0.0
2042,24.300352326063077,48.600704652126154,133.87649651700028,0.0
2043,24.495583925365047,48.99116785073009,184.32566499425545,0.0
2044,26.094710009275445,52.18942001855089,218.64125109164308,0.0
2045,32.30195261916347,64.60390523832694,267.05238651374424,0.0
2046,55.926627314272864,114.86701609482026,344.13734390547836,1.506880733137266
2047,66.33293151210223,139.5663136818698,350.03735794291805,3.4502253288326563
2048,23.856291703273055,58.39123682945573,349.3873592232785,5.339326711454809
2049,24.425864450756126,63.05404170038496,312.312816669994,7.101156399436353
2050,20.832302133038958,58.37642693744597,221.18155833177462,8.355911335684029
2051,20.003041502709806,58.0250723019514,173.29202913304115,9.009494648265893
2052,59.847430252457784,137.7052598500611,230.1877154656233,9.005199672572775
2053,41.05858203167333,98.30345661216303,252.81761429921661,8.093146274408186
2054,22.252999998888434,57.85875213937345,185.05147039855134,6.676376070798291
2055,24.089746835298975,57.58253022154986,162.01953443947113,4.701518275475957
2056,26.851302832716847,59.28133036514494,119.35891702254924,2.789362349855622
2057,31.838013369464292,65.02533597177923,193.60572362997036,0.6746546164253229
2058,82.15112555584129,164.30225111168258,252.36565836601125,0.0
2059,103.71936089141515,207.4387217828303,311.8715730304092,0.0
2060,61.435746669889376,122.87149333977875,325.4732876875947,0.0
2061,45.10850112745462,90.21700225490925,334.9152828033481,0.0
2062,34.672315534410515,69.34463106882103,338.5918505193019,0.0
2063,30.929651565913268,61.859303131826536,341.17605389455105,0.0
2064,24.657360142970226,49.31472028594045,343.1436443812714,0.0
2065,24.737445299643564,49.47489059928713,354.08269148134724,0.0
2066,24.845162973063207,49.690325946126414,365.71456711057726,0.0
2067,24.950324153740493,49.900648307480985,374.46064392066495,0.0
2068,26.418252018016066,52.83650403603213,382.1727019097247,0.0
2069,32.30108519463205,64.6021703892641,413.78419235146544,0.0
2070,54.42305667244177,111.918048590622,474.99339242151603,1.5359676228692365
2071,64.4059452658412,135.76685517086628,469.4099280651095,3.477482319591948
2072,23.97600531223066,58.72982579781427,467.6025074819784,5.388907586676476
2073,24.270423594435687,62.74881701255168,386.91865938014985,7.103984911840154
2074,20.522570224158365,57.34635963176435,258.74290414221593,8.150609591723809
2075,19.663369894867095,56.45771873178348,180.41407412887412,8.565489471024643
2076,56.637329196246995,130.24435581232126,87.36461533367667,8.484848709913637
2077,38.26605119876352,92.16058427361004,64.63204948480634,7.814240938041498
2078,20.5090681166856,53.90157812670013,39.58434229916173,6.441720946664463
2079,22.361542561158508,53.77074143653813,34.345238171331474,4.523828157110558
2080,25.13223829784538,55.719097949034136,32.59887012872138,2.727310676671688
2081,29.666467335228702,60.81904367314003,56.46590004439239,0.743054501341312
2082,77.39339541100138,154.78679082200276,80.9150526409335,0.0
2083,97.61580686146239,195.23161372292478,90.00287703171479,0.0
2084,57.19115947569247,114.38231895138495,77.78528617466412,0.0
2085,41.78629264463748,83.57258528927495,89.6572224010814,0.0
2086,31.993655717917733,63.987311435835466,92.60210069843876,0.0
2087,28.526248549151354,57.05249709830271,92.68390259146753,0.0
2088,24.053285787239833,48.106571574479666,124.64941297022342,0.0
2089,24.23627742907217,48.47255485814434,187.99455605810272,0.0
2090,24.536052941772923,49.072105883545845,239.17674005219382,0.0
2091,24.83051244968871,49.66102489937742,285.0053653028888,0.0
2092,26.780391850386476,53.56078370077295,302.64117260940037,0.0
2093,33.80597744770952,67.61195489541905,355.5694921520746,0.0
2094,60.465419279161,122.84354006754415,415.62366025375275,0.9563507546110813
2095,70.19079961522714,146.0349003691136,417.4565392333319,2.8266505693296566
2096,35.40131101978404,80.52062715139486,406.6798114964647,4.859002555913392
2097,40.739114104115686,94.8335465196411,352.6701823106904,6.677659155704867
2098,26.038091966967976,67.885639079745,213.26518067411033,7.904727572904526
2099,23.71723606934571,64.3045046735052,79.29517977826899,8.435016267406892
2100,81.50541133521703,179.80749564160817,70.43684438527303,8.398336485587048
2101,69.99720188665566,155.1073076939454,61.12643004597133,7.556451960317028
2102,31.314606600439518,75.09716372045204,39.58434229916173,6.233975259786505
2103,30.65746110840653,70.11858903845936,34.345238171331474,4.40183341082315
2104,34.28097579309504,73.69458076808473,32.59887012872138,2.566314590947325
2105,41.14053458886918,83.49898317168059,56.46590004439239,0.6089569969711137
2106,81.87424884893974,163.7484976978795,85.64724552613926,0.0
2107,102.58631038660697,205.17262077321394,106.35130005011543,0.0
2108,59.93854039620294,119.87708079240588,104.8067539234979,0.0
2109,46.5518339722245,93.103667944449,101.81645706053533,0.0
2110,34.26806405434891,68.53612810869782,98.40018673629118,0.0
2111,30.843265225110567,61.686530450221134,118.47425237204521,0.0
2112,24.73311064326366,49.46622128652732,170.18467263178005,0.0
2113,24.858862508950068,49.717725017900136,204.45406365957996,0.0
2114,25.01657463747398,50.03314927494796,235.10238457830602,0.0
2115,25.225622312400755,50.45124462480151,263.36661337042955,0.0
2116,27.19172514227332,54.38345028454664,274.45921347009823,0.0
2117,34.25675615115751,68.51351230231502,313.5831211884364,0.0
2118,62.00655242572671,124.32169830099936,376.3643973513092,0.15429672477297193
2119,73.28055066543098,148.37407197590647,378.8222504767607,0.9064853225222547
2120,39.91949939555938,81.65832803672848,382.20800706561363,0.9096646228048616
2121,45.57033857489188,96.59410677213296,333.07989791420556,2.7267148111746056
2122,33.453416433888286,69.46913663259878,215.6053678320515,1.2811518824111015
2123,31.860167034582318,66.39572077259821,109.11435063511615,1.337693351716787
2124,88.85727794486483,184.06089319685583,70.43684438527303,3.1731686535630756
2125,76.71678977315241,158.67168046418632,59.95863612961258,2.6190504589407544
2126,37.58695520530225,76.72137611500098,39.58434229916173,0.773732852198236
2127,34.70837125290066,71.60923800219312,34.345238171331474,1.0962477481958979
2128,37.31011244513672,75.94258497779396,32.59887012872138,0.6611800437602625
2129,42.72965811277578,85.94968350006752,56.46590004439239,0.2451836372579799
2130,83.76742395060413,167.53484790120825,80.9150526409335,0.0
2131,104.52366730343971,209.04733460687942,82.07929800267351,0.0
2132,60.60754402689895,121.2150880537979,58.7943907678725,0.0
2133,46.91454188608735,93.8290837721747,53.01992164518389,0.0
2134,34.46893449724318,68.93786899448637,45.965846615132016,0.0
2135,31.062482612304038,62.124965224608076,48.768743895628994,0.0
2136,24.019485579544405,48.03897115908881,48.911631375200386,0.0
2137,24.09788472235058,48.19576944470116,55.83736435369045,0.0
2138,24.20775791636414,48.41551583272828,74.04439831363202,0.0
2139,24.414851026186874,48.82970205237375,143.2343658078764,0.0
2140,25.983833091017008,51.967666182034016,190.97390965621977,0.0
2141,32.09783846293897,64.19567692587793,253.20893557769614,0.0
2142,55.561744049721206,111.69398986828197,328.65191044504286,0.28525088441978474
2143,68.18908061145682,138.04679620443724,339.954097815086,0.8343174907618008
2144,28.52365670730606,58.650515367535355,352.54377372963785,0.8016009764616184
2145,30.953115451544086,64.21867950156296,289.0328081571219,1.1562242992373928
2146,28.376531214848203,58.57867611071038,110.57058234599722,0.9128068405069897
2147,27.887895790091626,57.931875746575045,58.2122680870025,1.0780420831958963
2148,67.85406475730903,137.03952648373746,70.43684438527303,0.6656984845597049
2149,48.147022823073804,97.44026102480504,59.95863612961258,0.5731076893287154
2150,28.38310630745165,57.598472775622206,39.58434229916173,0.41613008035945315
2151,28.282345857911576,57.472498601629496,34.345238171331474,0.4539034429031714
2152,27.425641742948034,59.244602932769894,32.59887012872138,2.196659723436911
2153,32.023258612899916,64.58476303964314,56.46590004439239,0.2691229069216526
2154,80.84743390596363,161.69486781192725,80.9150526409335,0.0
2155,101.41704344244769,202.83408688489538,82.07929800267351,0.0
2156,58.925671373348536,117.85134274669707,58.7943907678725,0.0
2157,42.79160744062029,85.58321488124058,44.241323746121914,0.0
2158,32.788162025335005,65.57632405067001,32.59887012872138,0.0
2159,29.366402772870675,58.73280554574135,22.55231851387989,0.0
2160,23.900884105607048,47.801768211214096,15.121028343943394,0.0
2161,24.02898179604043,48.05796359208086,23.598427343288154,0.0
2162,24.269110649715028,48.538221299430056,47.12437234306144,0.0
2163,24.411306031581738,48.822612063163476,58.4552126279128,0.0
2164,26.131130069375345,52.26226013875069,171.35794938500425,0.0
2165,32.325821998407704,64.65164399681541,255.36737349975363,0.0
2166,54.34774878565877,112.10056414914678,349.2058003657202,1.7025332889146145
2167,65.89557235837826,138.97472172820778,366.76293148196686,3.5917885057256345
2168,24.000500495324868,58.95760834246786,382.65550691206323,5.4783036759090615
2169,25.950086527575728,65.84729789086425,384.2162727663232,6.9735624178564
2170,23.298584906854362,62.168638005574415,383.8798634380743,7.7857340959328445
2171,24.73604014612509,62.41223310304551,386.13180599555994,6.470076405397662
2172,63.556252414573464,141.0518115267695,300.41173486959326,6.96965334881129
2173,43.12417984525963,100.9863816867921,269.09470197311305,7.3690109981364165
2174,24.500924646668754,60.148927170622486,199.90208606171922,5.57353893864249
2175,25.9826867239426,60.45059584979325,228.61993932410263,4.242611200954025
2176,28.970765241020903,63.23155812081483,292.45206898492006,2.6450138193865143
2177,32.37957740408632,66.35471831212699,151.90078536498868,0.7977817519771745
2178,82.08808678789475,164.1761735757895,164.92664254451836,0.0
2179,102.96953825412888,205.93907650825776,219.15572224479496,0.0
2180,60.69512304582861,121.39024609165722,275.87661325540995,0.0
2181,44.83524596736611,89.67049193473223,310.0590559302677,0.0
2182,35.1333314277402,70.2666628554804,334.72573169485366,0.0
2183,32.029673036821265,64.05934607364253,358.86022105019094,0.0
2184,25.40396009395065,50.8079201879013,379.412267347051,0.0
2185,25.59986114144901,51.19972228289802,410.73106843445623,0.0
2186,25.76732577428025,51.5346515485605,433.46551681479053,0.0
2187,25.97372217313106,51.94744434626212,459.26923095480976,0.0
2188,27.436481193790513,54.872962387581026,474.7570216549409,0.0
2189,33.42909482178065,66.8581896435613,531.709670269409,0.0
2190,54.224955497487905,112.00684809421728,605.7066598116468,1.7784685496207358
2191,65.94295522044565,138.29902522167075,612.6394567386697,3.2065573903897167
2192,25.4130399961957,61.646795150232045,626.0849160064141,5.410357578920321
2193,26.77040771077801,67.72299062800512,560.8598591158826,7.091087603224553
2194,23.21725776920625,62.64719257447523,450.54292022842685,8.106338518031363
2195,22.251203189607118,61.129348131193,331.587754093964,8.31347087598938
2196,60.31161982123627,135.65244496384904,185.8559592374941,7.514602660688246
2197,42.3741973276467,96.07224614128194,86.53673537748459,5.661925742994271
2198,25.33160461712454,56.87417478284125,51.57196912415989,3.105482774296084
2199,24.77246202458706,56.38476962645901,34.37845321495523,3.4199227886424457
2200,27.340836106842904,58.15508690786152,32.775038700037484,1.736707347087856
2201,31.097076070461018,63.42295961717975,56.46590004439239,0.6144037381288576
2202,78.62503106360168,157.25006212720336,85.39046829664923,0.0
2203,98.57716191915155,197.1543238383031,100.55709371577704,0.0
2204,57.5000541528567,115.0001083057134,100.61812118238252,0.0
2205,42.28060436286998,84.56120872573996,115.00053946419897,0.0
2206,33.162103119133064,66.32420623826613,171.3841962883525,0.0
2207,30.500062149991464,61.00012429998293,254.96453635117885,0.0
2208,24.6822574006257,49.3645148012514,321.9262430988147,0.0
2209,24.80520880864613,49.61041761729226,349.25412689740494,0.0
2210,25.0278572623641,50.0557145247282,384.024120334097,0.0
2211,25.24450795049019,50.48901590098038,413.2524317603904,0.0
2212,26.745115888104323,53.490231776208645,441.3903385411535,0.0
2213,32.46302640188124,64.92605280376247,473.9038585183744,0.0
2214,52.49709557787688,108.59646380413061,535.6861460046945,1.801136324188429
2215,63.66989369769608,134.6034758817675,524.8806587841685,3.631844243187669
2216,24.052878149671674,59.223889978418285,510.9985295210172,5.5590668395374685
2217,25.794262414024107,66.06674939034572,482.108367288539,7.239112281148752
2218,22.984212052104,62.61886610268379,488.20228236551327,8.325220999237894
2219,22.470390368694705,62.58503089788577,477.6163173989233,8.822125080248181
2220,60.296596719830816,137.9431376591134,464.5562868421291,8.67497210972589
2221,41.86964947444235,99.48095494993674,409.9630523452957,7.870828000526024
2222,23.978986589365114,60.69831592324469,344.7058676620192,6.370171372257233
2223,25.747139806658296,60.710405221038464,346.11196764592637,4.608062803860935
2224,28.382253713616546,62.264252324229716,344.6609672162691,2.749872448498312
2225,33.31392920355607,68.35925515627292,427.578140746287,0.8656983745803875
2226,80.2721191214003,160.5442382428006,483.86174393625294,0.0
2227,99.83368490805661,199.66736981611322,526.5205754370083,0.0
2228,59.42521882452765,118.8504376490553,545.0827339987374,0.0
2229,44.36674631805924,88.73349263611848,549.0531065072067,0.0
2230,35.298140719819756,70.59628143963951,551.7614684516918,0.0
2231,32.397935562297626,64.79587112459525,549.8019776436605,0.0
2232,26.91212314705994,53.82424629411988,540.5154733253692,0.0
2233,26.97065315175081,53.94130630350162,550.9644100806928,0.0
2234,27.060856089928123,54.121712179856246,562.7197898857881,0.0
2235,27.18288509101587,54.36577018203174,576.922226527748,0.0
2236,28.552284574915333,57.10456914983067,584.2051640016266,0.0
2237,34.32869698841256,68.65739397682512,617.7539829893069,0.0
2238,55.435806239158794,112.32687505495409,674.1392641158207,0.72763128831825
2239,66.24411071929862,139.20769461397214,670.0612274612982,3.3597365876874496
2240,25.80271543819178,62.953542800030746,667.5855244631433,5.674055961823595
2241,27.980320347570476,70.37731764102219,649.3151775805902,7.2083384729406195
2242,24.813455880306975,66.46032842503871,629.7989107007364,8.416708332212378
2243,24.021934868262363,66.19158749635372,604.7046570326814,9.073858879914495
2244,62.30059160295055,142.84637275330493,588.0609461502452,9.12259477370192
2245,44.00432530842551,104.32795648161768,576.8017033416711,8.15965293238333
2246,25.9208326204398,65.38416966810325,548.1627021171021,6.771252213611828
2247,27.823805901352387,65.27063126546852,550.3961243015357,4.811509731381875
2248,30.425060795693714,66.62600088314193,533.6803401400757,2.8879396458772497
2249,35.13817730140407,72.14802036368052,575.4252037174411,0.9358328804361876
2250,82.75315026588521,165.50630053177042,621.1475728175233,0.0
2251,102.33048166907751,204.66096333815503,637.6042592346921,0.0
2252,61.0821422236355,122.164284447271,633.929651572896,0.0
2253,45.796689610401764,91.59337922080353,629.0422183842817,0.0
2254,36.579399601169236,73.15879920233847,612.4537020791529,0.0
2255,33.6652902428363,67.3305804856726,600.2143241823165,0.0
2256,25.695644756972634,51.39128951394527,588.1308178291298,0.0
2257,25.704424693416257,51.408849386832514,592.5409420215259,0.0
2258,25.733668303651744,51.46733660730349,596.5178683527367,0.0
2259,25.76617549502696,51.53235099005392,598.3279904234603,0.0
2260,27.471061084224413,54.942122168448826,601.8481783498183,0.0
2261,33.52147092712251,67.04294185424502,620.6247278634053,0.0
2262,54.98556007348449,112.24698994697238,606.2238654968965,1.1379349000016936
2263,63.68036235999781,134.76287802650995,556.5434252595537,3.701076653257167
2264,31.78574407390891,75.29743089487583,511.7319504861387,5.862971373529007
2265,36.65032216861474,88.28205847212799,353.74590390199745,7.490707067449251
2266,23.475054582823734,63.743761266605866,195.7504764203187,8.396826050479198
2267,21.699009152938327,60.81408722585238,137.94557768480135,8.708034459987864
2268,74.96896362039155,166.1617502556765,128.7096919051288,8.111911507446703
2269,63.11893000312127,142.0647303057619,102.62090421907145,7.913435149759686
2270,26.978894519112405,67.56992114447978,70.88847047579155,6.806066053127485
2271,26.86802620421144,63.44222226622017,48.08668237862858,4.853084928898646
2272,31.855292589143787,69.55951249793738,32.59887012872138,2.9244636598249003
2273,38.27736219401329,78.53841636987337,56.46590004439239,0.9918459909233954
2274,75.06075060524267,150.12150121048535,87.96489467854929,0.0
2275,92.99926590555798,185.99853181111595,100.5433067789151,0.0
2276,53.83068352472825,107.6613670494565,112.406888439953,0.0
2277,41.79502831176994,83.59005662353988,122.55434773271878,0.0
2278,31.58990997168453,63.17981994336906,124.0985016869822,0.0
2279,29.188147045330286,58.37629409066057,126.36730036969475,0.0
2280,22.75997730256916,45.51995460513832,121.0700333539439,0.0
2281,23.014350436856333,46.028700873712665,195.08688600274735,0.0
2282,23.324404240376793,46.64880848075359,263.0268078001081,0.0
2283,23.554609554194034,47.10921910838807,305.71028244741296,0.0
2284,25.481076821859247,50.962153643718494,345.28866690030407,0.0
2285,31.806616199717045,63.61323239943409,401.87523918792283,0.0
2286,53.080773952340394,109.89086520620019,478.39041587246845,1.8646586507596976
2287,63.204017327597604,133.84179435008562,497.09829500786947,3.7168798474452065
2288,31.398351794845972,74.26342313802502,493.4903696548439,5.733359774166537
2289,36.423203273295236,87.70285980225891,342.8741766387482,7.428226627834218
2290,22.918794149664407,62.83863945471218,170.8224620213542,8.500525577691683
2291,21.37749956497693,60.64738178113118,99.8203950803383,8.94619132558866
2292,75.6943101304417,167.26143567595625,85.02345277666173,7.936407707536413
2293,65.34770696449452,142.84846668882884,60.031152358191015,6.0765263799199
2294,27.690842881437582,67.5287062025322,39.58434229916173,6.073510219828519
2295,28.145477788743122,63.90547781434565,34.345238171331474,3.8072611184297047
2296,33.509839556075946,70.70434669588951,32.59887012872138,1.8423337918688085
2297,39.49974387636985,79.82974056951085,56.46590004439239,0.4151264083855747
2298,75.92762809127692,151.85525618255383,80.9150526409335,0.0
2299,93.77142279169061,187.54284558338122,82.07929800267351,0.0
2300,53.71623502522311,107.43247005044621,61.89117781007199,0.0
2301,41.43138574354291,82.86277148708582,57.173805489252565,0.0
2302,31.166256430885493,62.33251286177099,52.00284216831885,0.0
2303,28.834077259905264,57.66815451981053,59.856934809089445,0.0
2304,22.248986857131182,44.497973714262365,68.2893889812641,0.0
2305,22.300506308340275,44.60101261668055,73.39318572558665,0.0
2306,22.44470857032695,44.8894171406539,101.6893753531194,0.0
2307,22.72491225987988,45.44982451975976,193.0077620422553,0.0
2308,24.08969311573353,48.17938623146706,246.065977999089,0.0
2309,29.58926168677194,59.17860283058066,316.1551762611786,3.9728518388671287e-05
2310,47.408703743637,98.76493882276826,405.7086664763443,1.9737656677471302
2311,61.03240480980138,125.4089079037729,428.76265208949667,1.6720491420850727
2312,23.28926769331358,54.883732869419504,428.102443918652,4.152598741396171
2313,27.132860395436044,61.22730971082859,300.85204694359186,3.4807944599782528
2314,25.537253428952173,55.92855253018844,124.95734894410828,2.427022836142046
2315,25.06876649783006,55.01019343355568,61.14978054302556,2.436330218947777
2316,59.40123608276722,127.12983257666764,70.43684438527303,4.163680205566602
2317,40.764095853332115,90.92626179533984,59.95863612961258,4.699035044337807
2318,23.46538218369864,54.46313209535175,39.58434229916173,3.7661838639772363
2319,24.830984057097396,54.35545977810087,34.345238171331474,2.346745831953039
2320,26.282756304170746,55.65226873936504,32.59887012872138,1.543378065511775
2321,29.78867599142863,60.8047184022633,56.46590004439239,0.6136832097030187
2322,73.50078751622006,147.00157503244012,80.9150526409335,0.0
2323,91.30967872070649,182.61935744141297,82.07929800267351,0.0
2324,52.465985005050904,104.93197001010181,58.7943907678725,0.0
2325,38.36204405462098,76.72408810924196,47.2363006206349,0.0
2326,30.21660376534493,60.43320753068986,42.22416022578553,0.0
2327,27.836714897170523,55.67342979434105,35.64020070783856,0.0
2328,22.136654132407987,44.273308264815974,24.86810570049702,0.0
2329,22.114502631185054,44.22900526237011,22.90200072444776,0.0
2330,22.24116042597922,44.48232085195844,34.706649359894406,0.0
2331,22.38233030513688,44.76466061027376,46.62067586445695,0.0
2332,23.705520753998606,47.41104150799721,70.63397422988288,0.0
2333,29.306047085482216,58.61640408953705,176.90243418750282,0.0021549592863087524
2334,46.95216889302104,98.01801965591004,261.6735526775753,2.056840934933977
2335,58.7581857576224,125.20644396254868,285.331036025154,3.845036223651935
2336,21.007241674743884,53.7034898040027,286.19012645748563,5.844503227257465
2337,23.319406461929216,61.377702730854196,205.99670306217706,7.369444903497882
2338,19.912279128959568,56.4863928241055,69.06380851030399,8.33091728309318
2339,19.359539484861806,56.17135672267626,58.2122680870025,8.726138876476323
2340,57.00624820583936,129.66090818879,70.43684438527303,7.824205888555634
2341,39.22588692537399,92.82002927673969,59.95863612961258,7.184127712995851
2342,22.16858294361914,55.738019733577055,39.58434229916173,5.700426923169388
2343,23.94423012893908,55.63691341288453,34.345238171331474,3.8742265775031877
2344,26.398151958091255,56.91998762301294,32.59887012872138,2.0618418534152165
2345,30.47481021447094,62.185592034896786,56.46590004439239,0.6179858029774533
2346,74.74902479370927,149.49804958741854,80.9150526409335,0.0
2347,92.72045837915039,185.44091675830077,82.07929800267351,0.0
2348,53.183444295477095,106.36688859095419,58.7943907678725,0.0
2349,38.870733479703055,77.74146695940611,44.241323746121914,0.0
2350,30.610629535245426,61.22125907049085,32.59887012872138,0.0
2351,28.320268705426617,56.640537410853234,27.87035119247377,0.0
2352,23.651375719713148,47.302751439426295,18.90430689670712,0.0
2353,23.66428422850225,47.3285684570045,19.53815067154722,0.0
2354,23.703147485776395,47.40629497155279,22.11653310668234,0.0
2355,23.77119254204481,47.54238508408962,26.33018667429309,0.0
2356,25.163927486252717,50.327854972505435,44.103676634924135,0.0
2357,31.07407311666673,62.17126629519486,148.9684141237484,0.011560030930700401
2358,49.877554907125635,103.7440882514967,238.64344753604908,1.9944892186227203
2359,62.97992905674039,133.2459489508505,255.22632779455643,3.6430454186848653
2360,22.763660349283064,56.782952179666324,249.8729322249307,5.627815740550098
2361,26.251942846747035,65.12934057100769,135.64976382046834,6.312727438756808
2362,23.327934624161994,60.674199742920344,64.09981321762933,7.009165247298178
2363,22.333153741141068,60.53433359379991,58.2122680870025,7.934013055758887
2364,61.32758798426175,139.42842168657833,70.43684438527303,8.386622859027419
2365,42.48782330655405,99.89672150279026,59.95863612961258,7.46053744484108
2366,23.831990168211178,60.13295191754009,39.58434229916173,6.234485790558867
2367,25.283078091268685,60.04183024741672,34.345238171331474,4.737837032439674
2368,27.830683121843975,61.357135658468735,32.59887012872138,2.8478847073903917
2369,32.41728169084602,66.9873149048978,56.46590004439239,1.0763757616028813
2370,80.12543686305631,160.25087372611262,80.9150526409335,0.0
2371,99.26742916740385,198.5348583348077,82.07929800267351,0.0
2372,56.847233568709164,113.69446713741833,58.7943907678725,0.0
2373,41.58903691589101,83.17807383178202,44.241323746121914,0.0
2374,32.869017544362706,65.73803508872541,32.59887012872138,0.0
2375,30.421247327256157,60.842494654512315,21.53853919219092,0.0
2376,21.99591574003225,43.9918314800645,7.567594851310352,0.0
2377,21.93242692845962,43.86485385691924,3.4927360852201716,0.0
2378,21.97698333751951,43.95396667503902,6.521118044363994,0.0
2379,22.089143008671186,44.17828601734237,14.300113000178062,0.0
2380,23.293902065025435,46.58780413005087,16.897037234947465,0.0
2381,28.65535739153125,57.3107147830625,46.39454720400389,0.0
2382,46.070220417753156,95.52285586709678,100.24647155019728,1.6912075157952333
2383,58.097928827862695,123.42187448916741,104.0677059665055,3.6130084167210113
2384,20.463170573083705,52.38158432826582,146.27292267386193,5.7276215910492025
2385,23.082612151742087,60.83787639892194,69.37661562012183,7.3363260477188845
2386,20.117533235042718,57.018453808890015,56.46590004439239,8.39169366940229
2387,20.237398271015188,57.11778197718251,58.2122680870025,8.321492717576065
2388,57.38971463292043,130.97755965257684,70.43684438527303,8.099065193367993
2389,39.039896676007935,93.95555614964299,59.95863612961258,7.937881398813558
2390,22.818997268992472,56.69888903654446,39.58434229916173,5.530447249279756
2391,24.644812458091454,56.61166349710355,34.345238171331474,3.66101929046032
2392,27.226333389736435,57.776971788119326,32.59887012872138,1.6621525043232281
2393,30.866744319455076,63.11926023340418,56.46590004439239,0.6928857972470117
2394,75.03795644210969,150.07591288421938,80.9150526409335,0.0
2395,92.81072249561694,185.6214449912339,82.07929800267351,0.0
2396,53.07995530383141,106.15991060766282,58.7943907678725,0.0
2397,38.87165546379897,77.74331092759795,44.241323746121914,0.0
2398,30.83155966825223,61.66311933650446,32.59887012872138,0.0
2399,28.629337480478778,57.258674960957556,21.53853919219092,0.0
2400,22.621532243346497,45.243064486692994,7.567594851310352,0.0
2401,22.55905922365289,45.11811844730578,3.4927360852201716,0.0
2402,22.5447667042659,45.0895334085318,2.910613404350162,0.0
2403,22.555972706572092,45.111945413144184,4.656981446960249,0.0
2404,23.72287038138613,47.44574076277226,4.0748587660901805,0.0
2405,29.132554516487794,58.283821998928,30.490468523545825,0.009356482976203409
2406,46.425102048650665,96.98266754883215,87.78481837012423,2.0662317257654106
2407,59.60546338608872,126.00414459930246,83.530290983186,3.3966089135625084
2408,21.03818915298039,53.21192207089239,83.14699733735311,5.567771882465805
2409,24.576733435219353,62.85556914334118,72.89730986004045,6.851051136451237
2410,22.0923006254728,59.05116620315282,65.48282235812874,7.43328247610361
2411,21.25647535580025,59.13393996531945,68.40637386333975,8.310494626859473
2412,59.483143271049556,135.05534682087057,96.08333275528344,8.044530139385731
2413,41.135507562559845,97.44437289551857,152.69399198568797,7.586678885199438
2414,23.262320984571623,59.25382828741371,156.14348131248306,6.364593159135233
2415,24.6416007621251,58.67272503620073,95.94509726984222,4.6947617559752635
2416,26.856017146917733,59.48065994379693,50.62814707730783,2.884312824980731
2417,31.320232892536936,64.88497863159917,59.15210124580876,1.122256423262649
2418,77.16285642794743,154.32571285589486,144.49464563027047,0.0
2419,95.61799163468004,191.23598326936008,234.16541696904568,0.0
2420,55.06888642587209,110.13777285174417,266.05870414449004,0.0
2421,40.719155176756416,81.43831035351283,286.1247472904182,0.0
2422,32.778304032691366,65.55660806538273,305.08520804936796,0.0
2423,30.742333232777174,61.48466646555435,311.43683055195726,0.0
2424,25.85509504556853,51.71019009113706,311.5455817731961,0.0
2425,25.877970595244438,51.755941190488876,318.16894998333765,0.0
2426,25.95724628008443,51.91449256016886,330.40977451313614,0.0
2427,26.08125190339696,52.16250380679392,348.2660299618196,0.0
2428,28.112607377568825,56.22521475513765,361.43460926113005,0.0
2429,34.973327079545854,69.94814018824806,396.6813067182422,0.000743014578176139
2430,58.78170070259028,118.16080501038584,460.99274970965433,0.2987018026026432
2431,73.18350784535384,147.42309433770055,466.61696518407643,0.5280393234964329
2432,39.152379569734,79.99808439857652,448.02668888510254,0.8466626295542585
2433,47.66081198546951,98.42959595226499,378.8750893013016,1.553985990662988
2434,35.05321880709996,71.8129844579651,239.5627721511352,0.85327342188259
2435,33.63784597724954,69.52064879754472,113.90472618149924,1.1224784215228198
2436,94.20973452433512,191.55940903498424,80.71380052309358,1.569969993157006
2437,78.87752513073572,162.70006980185244,61.687039347517874,2.4725097701904963
2438,35.77240076584985,75.26749569495436,39.58434229916173,1.8613470816273305
2439,35.29591369953894,72.22701536316579,34.345238171331474,0.8175939820439536
2440,41.01869444212825,82.95699162519348,32.59887012872138,0.4598013704684922
2441,46.465284023615595,93.4216573908253,56.46590004439239,0.24554467179705386
2442,87.06176108620672,174.12352217241343,81.85784185168687,0.0
2443,106.79594589157715,213.5918917831543,97.88325887486779,0.0
2444,60.666951897527504,121.33390379505501,85.60815052286947,0.0
2445,46.675221145367885,93.35044229073577,83.73190811143104,0.0
2446,36.23234320563002,72.46468641126005,201.13715942628252,0.0
2447,34.26774536652716,68.53549073305432,253.82175351568975,0.0
2448,24.065381229665892,48.130762459331784,284.4049029590809,0.0
2449,24.113158686800844,48.22631737360169,304.6175203411894,0.0
2450,24.284760021810758,48.569520043621516,329.18522811963544,0.0
2451,24.533982375558505,49.06796475111701,361.0084906057427,0.0
2452,26.426955531298567,52.853911062597135,370.1472846002413,0.0
2453,32.79238843374176,65.60855358022313,407.5978043067689,0.011888356369800186
2454,52.96575597728763,109.6206626742691,475.5058619631952,1.8445753598469243
2455,65.15629611296882,137.11068854551124,495.90512186632776,3.3990481597867994
2456,31.538855598717458,74.95236266485878,477.93676018570505,5.937325733711933
2457,40.19705419107331,91.57637833920555,372.5954579914389,5.59113497852946
2458,29.66247579275306,66.93724740566435,248.95372207135367,3.806147910079114
2459,29.63326543225324,64.14133551507004,81.91945111739216,2.4374023252817802
2460,85.62307836948936,176.739646752633,74.78870816945971,2.7467450068271373
2461,72.44155753984026,150.06506407469558,60.353263589895654,2.5909744975075317
2462,32.451287060550854,69.25604931481308,39.715133025475865,2.1767375968556886
2463,32.00219008899158,66.57948368462242,34.345238171331474,1.2875517533196295
2464,37.470586911192115,76.98177273828446,32.59887012872138,1.0202994579501163
2465,42.85601744745981,86.56744443127897,56.46590004439239,0.42770476817967634
2466,80.38503814353938,160.77007628707875,80.9150526409335,0.0
2467,98.41412795382243,196.82825590764486,94.23328617201695,0.0
2468,55.78449914337482,111.56899828674965,80.21935242389164,0.0
2469,42.87772065936091,85.75544131872182,76.7053757396343,0.0
2470,33.219514241211435,66.43902848242287,90.08374982290671,0.0
2471,31.564123341529676,63.12824668305935,159.6575835370956,0.0
2472,25.240158796491617,50.48031759298323,240.52893035660338,0.0
2473,25.55675512650759,51.11351025301518,302.9747792849123,0.0
2474,25.733581995058387,51.467163990116774,334.9537312706065,0.0
2475,25.98783465028479,51.97566930056958,373.8853110025883,0.0
2476,27.394828982851713,54.78965796570343,405.81442554059464,0.0
2477,33.06011189590441,66.4068523038274,453.71687330123615,0.14331425600929318
2478,50.25383521680165,105.44136505186471,526.7551594557717,2.466847309130705
2479,64.33893050124473,137.34350080146288,525.7421386952243,4.332819899486704
2480,24.29401676315966,60.920347280871184,483.1209667080738,6.166156877275933
2481,27.441469802784276,70.27780677799791,326.5952974054583,7.6974335862146805
2482,23.29533120924949,64.42738926704773,162.56108584793904,8.918363424274375
2483,22.281114544195592,63.38951194769386,70.04892029992052,9.413641429651339
2484,62.289100582966405,143.29230403193458,71.04423796111658,9.357051433000883
2485,43.11131885035052,103.09627174606675,59.95863612961258,8.436817022682852
2486,24.300921931939374,62.63868251855499,39.58434229916173,7.018419327338118
2487,26.134030512613368,62.54545104187435,34.345238171331474,5.138695008323807
2488,28.594689143818783,63.562770513893945,32.59887012872138,3.186696113128191
2489,33.334885404537424,69.43664393716101,56.46590004439239,1.3834365640430772
2490,81.09154939067436,162.18309878134872,80.9150526409335,0.0
2491,99.76692391977443,199.53384783954886,82.07929800267351,0.0
2492,56.6444248647669,113.2888497295338,58.83644762978751,0.0
2493,41.772662633798426,83.54532526759685,54.55669605597241,0.0
2494,33.707233029549556,67.41446605909911,48.302713192651886,0.0
2495,31.847724912780507,63.69544982556101,41.37788214052219,0.0
2496,22.45048744677733,44.90097489355466,44.51022056455336,0.0
2497,22.56524685578599,45.13049371157198,55.810442726807686,0.0
2498,22.65118258325676,45.30236516651352,63.69732810447825,0.0
2499,22.93243190248854,45.86486380497708,153.95587866339653,0.0
2500,24.305813270690724,48.61162654138145,231.11628732350582,0.0
2501,29.43730666543728,59.09475137419377,283.43254001132453,0.11006902165960336
2502,45.91870131358272,94.56505298253256,378.91613125608455,1.363825177683562
2503,59.272108377717586,124.52285481826159,404.76446155745253,2.9893190314132103
2504,22.133369792067068,54.98851210975441,397.9150413309574,5.360886262810138
2505,25.704009981589234,65.35617201878306,361.4439285894931,6.974076027802295
2506,22.528312410920368,60.186336577078045,220.27814299899376,7.564855877618656
2507,20.931790403200445,58.59032620639215,61.984410354489924,8.36337269999563
2508,58.583919765131526,132.26584906073975,70.43684438527303,7.549004765238351
2509,42.89429055036175,95.32614440276822,59.95863612961258,4.768781651022361
2510,26.714658543119402,58.16790901910218,39.58434229916173,2.3692959664316895
2511,24.092422976480705,57.88267974764884,34.345238171331474,4.848916897343711
2512,26.516586693956036,58.6582427526449,32.59887012872138,2.8125346823664152
2513,31.555910515182102,64.21297799210278,56.46590004439239,0.5505784808692888
2514,74.53998312374237,149.07996624748475,80.9150526409335,0.0
2515,91.6465046234971,183.2930092469942,85.54009557239048,0.0
2516,52.14524797682727,104.29049595365454,73.49791593574619,0.0
2517,38.49969204557341,76.99938409114682,64.3732652886496,0.0
2518,31.29982927107539,62.59965854215078,68.28029565352732,0.0
2519,29.753151671730347,59.506303343460694,69.98629489492268,0.0
2520,23.639178181740522,47.278356363481045,120.2263484692058,0.0
2521,23.780020403989393,47.56004080797879,175.92278984292824,0.0
2522,23.893000807313435,47.78600161462687,209.036245903281,0.0
2523,24.05233005687364,48.10466011374728,236.2809695252936,0.0
2524,25.37768126262216,50.75536252524432,267.6441321892615,0.0
2525,30.623145518365774,61.87176775312456,331.94092393557725,0.31273835819650425
2526,46.43645345575003,97.80758577766618,400.9876858696619,2.467339433083058
2527,60.30436548392294,129.15335236798194,420.04487042739294,4.272310700068026
2528,22.22642996728176,56.97402182010419,387.8282090512284,6.260580942770337
2529,25.789888518817186,66.89240563555393,252.99667254977757,7.656314298959779
2530,23.384261107493465,61.51109914525782,83.54245464816519,7.3712884651354456
2531,22.630434882247485,61.00769081217377,58.2122680870025,7.873410523839398
2532,61.66645565414627,137.58863517807205,70.43684438527303,7.127861934889758
2533,43.50993173912039,99.23493305760528,59.95863612961258,6.10753478968225
2534,25.33609083172525,60.66943637629615,39.58434229916173,4.998627356422822
2535,25.814273381327155,60.387748415568076,34.345238171331474,4.379600826456885
2536,27.537552200695387,61.17669948631468,32.59887012872138,3.0507975424619533
2537,32.03382948348837,66.80637296135714,56.46590004439239,1.3693569971902004
2538,77.27625176014803,154.55250352029606,80.9150526409335,0.0
2539,94.92499556261251,189.84999112522502,88.45742989683492,0.0
2540,53.879832844739454,107.75966568947891,73.51650717139094,0.0
2541,39.825091398665016,79.65018279733003,68.5384883687546,0.0
2542,32.586944589758,65.173889179516,81.90227323836724,0.0
2543,31.089166114166307,62.178332228332614,91.06611473817188,0.0
2544,22.831638732085004,45.66327746417001,141.29371819678317,0.0
2545,22.915240318365218,45.830480636730435,177.97587438630865,0.0
2546,23.038014515951826,46.07602903190365,205.94174200671054,0.0
2547,23.30367322102255,46.6073464420451,246.01549558287047,0.0
2548,24.589810596687258,49.179621193374516,282.7064447213773,0.0
2549,29.39107827196953,59.51701251687927,317.6978492973584,0.36742798647010355
2550,44.28586894611332,93.57579801418545,388.31286288659794,2.5020300609794073
2551,57.77268717682215,124.1307357386147,409.68691750337337,4.292680692485199
2552,21.188887763316902,54.87375900194371,370.33469397360574,6.247991737654954
2553,24.487233475731742,64.49052780240618,215.44547912439282,7.758030425471346
2554,21.120341213940122,59.543070986579984,78.51276806330254,8.651194279349868
2555,20.60338894951247,59.09390572380334,58.2122680870025,8.943563912389198
2556,57.93872035521581,132.79808753046424,70.43684438527303,8.460323410016311
2557,39.93173981048231,95.87217561477297,59.95863612961258,8.004347996904174
2558,22.98158459272185,58.74871618385059,39.58434229916173,6.392773499203447
2559,24.356425913285225,58.524107254992366,34.345238171331474,4.905627714210958
2560,26.55234462874055,59.2773607121893,32.59887012872138,3.0863357273541014
2561,31.043580363011348,64.7013974022106,56.46590004439239,1.3071183380939553
2562,74.40365095942944,148.80730191885888,80.9150526409335,0.0
2563,91.10260413608343,182.20520827216686,82.07929800267351,0.0
2564,51.55427996942093,103.10855993884186,64.23859073647738,0.0
2565,38.1424938042613,76.2849876085226,59.36361476663306,0.0
2566,31.21281487908896,62.42562975817792,63.00431630114805,0.0
2567,29.912716458648084,59.82543291729617,67.80977777257583,0.0
2568,23.365278509490764,46.73055701898153,79.9296400506388,0.0
2569,23.567969510035518,47.135939020071035,164.34170402895256,0.0
2570,23.708987512646328,47.417975025292655,208.4316785636824,0.0
2571,23.914093489781376,47.82818697956275,242.44133793763905,0.0
2572,25.15354349563101,50.30708699126202,267.31628276233465,0.0
2573,30.279049315623375,61.02698482016105,313.3421800092541,0.23444309445714867
2574,46.136938849045066,95.47201557284194,381.5678595647483,1.5990689373759046
2575,60.67868493036586,127.15789195642373,385.43109200453785,2.900261047846002
2576,22.338139919290267,56.498731100704205,380.20727773310597,5.911225631061835
2577,26.603055411447738,68.45267041304544,357.19845740842646,7.623279795074981
2578,23.778003879099327,64.34522780362207,314.1113087091055,8.394610022711706
2579,23.796275569354776,64.30902626217468,299.0137988334506,8.358237561732567
2580,62.93977416555755,140.09984374934078,289.4498280986002,7.110147709112836
2581,44.79698270860817,102.09879794517498,279.2387450673655,6.252416263979323
2582,27.266741454413093,62.86173569682577,187.60643870248347,4.16412639399979
2583,29.387580679210373,61.34918462946531,81.03241357557171,1.2870116355222825
2584,30.140979226151668,62.602570272072086,108.3726650917882,1.1603059098843738
2585,32.97066964872714,67.9972376595962,112.63727989120409,1.0279491810709607
2586,76.96269226710896,153.92538453421793,106.63742185755521,0.0
2587,94.19409866029194,188.38819732058388,129.22015841243638,0.0
2588,54.121338783034346,108.24267756606869,227.63991213902386,0.0
2589,40.62295832738507,81.24591665477014,278.0306931222989,0.0
2590,33.712935128698874,67.42587025739775,308.96032531548275,0.0
2591,32.50993207824653,65.01986415649306,329.549998133036,0.0
2592,26.34246236414492,52.68492472828984,350.90004116887286,0.0
2593,26.468670173374495,52.93734034674899,372.78851630748477,0.0
2594,26.647608788842433,53.295217577684866,398.46403037295704,0.0
2595,26.79464675273779,53.58929350547558,416.0792194259863,0.0
2596,28.754368461494156,57.50873692298831,420.44436099706905,0.0
2597,34.80478999104755,70.52803375403718,453.8070514748471,0.45922688597104083
2598,53.82957590378881,112.61246427396514,513.7615486747909,2.476656233193768
2599,67.36786052337258,143.30855967166644,504.8372615591585,4.286419312460638
2600,32.8564041990565,78.11456214100086,470.9890581488161,6.20087687144393
2601,40.42841030840671,96.23445259491157,303.42772402494387,7.688815989049077
2602,26.24430242232897,69.70824753189669,113.93383531960714,8.609821343619375
2603,24.96572968669159,68.17836435011112,71.87373773577336,9.123452488363974
2604,84.68881796816049,187.33256159085232,70.92869967048365,8.977462827265672
2605,70.97439993937238,158.23136840077424,59.95863612961258,8.141284261014741
2606,29.18459989983747,71.6820002684191,39.58434229916173,6.656400234372081
2607,29.991957892295037,69.8568074862916,34.345238171331474,4.936445850850764
2608,38.93096368168051,83.6748437772949,32.59887012872138,2.90645820696694
2609,45.730280114617095,93.83941127073004,56.46590004439239,1.189425520747926
2610,85.26178468487211,170.52356936974422,80.9150526409335,0.0
2611,103.22714652814622,206.45429305629244,82.07929800267351,0.0
2612,57.544552561720955,115.08910512344191,58.7943907678725,0.0
2613,43.79055352197579,87.58110704395158,44.241323746121914,0.0
2614,34.23480044008936,68.46960088017872,32.59887012872138,0.0
2615,32.944679472526374,65.88935894505275,27.498687970546232,0.0
2616,21.22763571871985,42.4552714374397,19.639135290374284,0.0
2617,21.26272375398887,42.52544750797774,22.62499868286857,0.0
2618,21.379484880592834,42.75896976118567,35.36582145609531,0.0
2619,21.51820810456524,43.03641620913048,46.99724447235999,0.0
2620,23.28699227191557,46.57398454383114,54.790036476543854,0.0
2621,26.931087887252346,54.11977434035115,86.58120780336685,0.1287992829232304
2622,39.02111979332507,79.10909162405247,144.76718182230343,0.5334260187011632
2623,58.08049307635683,117.68503543386545,197.25403669609514,0.7620246405758926
2624,50.799626228241024,104.02963072866577,183.50134636277676,1.2151891360918612
2625,53.95980029013731,111.0669848873429,76.8614096121182,1.573692153534142
2626,50.147954533624024,102.1920569699875,56.46590004439239,0.9480739513697278
2627,45.88326218166104,93.95218634694419,58.2122680870025,1.092830991811057
2628,89.96351369771915,181.38821604157326,70.43684438527303,0.7305943230674821
2629,76.29560781689254,154.32963320474428,59.95863612961258,0.8692087854795961
2630,50.258639918795446,101.88681450707898,39.58434229916173,0.684767334744046
2631,46.27500796157794,93.43694213519171,34.345238171331474,0.4434631060179156
2632,44.82587218448126,90.08448976552805,32.59887012872138,0.21637269828275849
2633,48.612463596978735,97.47209667662133,56.46590004439239,0.12358474133193463
2634,79.17323324440704,158.3464664888141,80.9150526409335,0.0
2635,93.3630675083353,186.7261350166706,82.07929800267351,0.0
2636,55.302952189818946,110.60590437963789,58.7943907678725,0.0
2637,46.71346948781216,93.42693897562432,44.241323746121914,0.0
2638,38.16764459525073,76.33528919050146,32.59887012872138,0.0
2639,25.446388757944106,50.89277751588821,21.53853919219092,0.0
2640,23.539423823852715,47.07884764770543,7.567594851310352,0.0
2641,23.474417427609374,46.94883485521875,3.4927360852201716,0.0
2642,23.459445201816365,46.91889040363273,3.0519542538201874,0.0
2643,23.579132374263615,47.15826474852723,11.313805554022368,0.0
2644,25.476710514139004,50.95342102827801,12.990101093634095,0.0
2645,29.593656063819253,59.21822752799275,41.4024411983817,0.015457700177122242
2646,43.03293103005399,86.87929727933219,94.64427079661732,0.40671760961211073
2647,63.8433943278772,129.74818068759248,87.36861818139806,1.030696015919042
2648,56.21953294748249,114.61108882266271,80.36718410664172,1.0860114638488643
2649,60.6478870241515,123.52253650687157,61.12288149135257,1.1133812292842882
2650,56.10322306140785,114.12950701052559,56.46590004439239,0.9615304438549415
2651,50.59538025733727,104.89882465056095,58.2122680870025,1.8540320679432103
2652,96.45352024352533,202.65115444278368,70.43684438527303,4.872056977866501
2653,81.19794162894743,172.42440513281656,59.95863612961258,5.0142609374608496
2654,53.06288574701475,113.92369970429223,39.58434229916173,3.8989641051313733
2655,49.3428879737783,104.39750632757965,34.345238171331474,2.8558651900115177
2656,48.83241775839886,100.57881759739796,32.59887012872138,1.4569910403001167
2657,53.98267082342963,108.8132700121692,56.46590004439239,0.42396418265497104
2658,88.40359590714887,176.80719181429774,80.9150526409335,0.0
2659,104.28302566203887,208.56605132407773,82.07929800267351,0.0
2660,61.75884777906808,123.51769555813615,58.7943907678725,0.0
2661,52.17516125758746,104.35032251517492,44.241323746121914,0.0
2662,42.6339340282016,85.2678680564032,32.59887012872138,0.0
2663,28.426318686450713,56.85263737290143,21.53853919219092,0.0
2664,23.320763424249183,46.641526848498366,7.567594851310352,0.0
2665,23.25548147809875,46.5109629561975,3.4927360852201716,0.0
2666,23.239444813159622,46.478889626319244,2.910613404350162,0.0
2667,23.255259911364703,46.51051982272941,4.656981446960249,0.0
2668,24.294599080797063,48.589198161594126,4.0748587660901805,0.0
2669,28.922892322521303,59.088705573777695,31.30726676605862,0.6214604643675449
2670,44.34589751651508,91.82042961053783,88.86358627108612,1.5643172887538332
2671,59.74335409489369,125.82727041741462,84.17628945763092,3.1702811138136218
2672,22.87975486272871,54.38208005242138,77.98100016514596,4.311285163481979
2673,27.935352023702997,67.96750170853004,61.12288149135257,6.048398830562023
2674,24.21085487833725,64.24285526609256,56.46590004439239,7.9105727547090305
2675,24.643867697478328,64.36919106946041,58.2122680870025,7.54072783725188
2676,65.36415153697112,142.63341021959468,70.43684438527303,5.952553572826213
2677,46.65316452918568,103.42469462932647,59.95863612961258,5.059182785477551
2678,26.735423500281378,64.00288063412833,39.58434229916173,5.266016816782788
2679,27.782699157132456,63.814929899997935,34.345238171331474,4.124765792866513
2680,29.962630173972727,64.29287235674998,32.59887012872138,2.1838060044022645
2681,34.26891181985873,70.30067903387184,56.46590004439239,0.8814276970771894
2682,78.77645377818831,157.55290755637662,80.9150526409335,0.0
2683,95.74434038371146,191.48868076742292,82.07929800267351,0.0
2684,53.62432682064882,107.24865364129764,58.7943907678725,0.0
2685,39.681745803460196,79.36349160692039,44.241323746121914,0.0
2686,32.83036385884185,65.6607277176837,32.59887012872138,0.0
2687,31.804486668857905,63.60897333771581,21.53853919219092,0.0
2688,22.37096810728717,44.74193621457434,7.567594851310352,0.0
2689,22.308673573784787,44.617347147569575,3.4927360852201716,0.0
2690,22.292947105654694,44.58589421130939,2.910613404350162,0.0
2691,22.312212841612467,44.624425683224935,4.656981446960249,0.0
2692,23.292560265121242,46.585120530242484,4.0748587660901805,0.0
2693,27.78825034624669,56.59341790400392,30.27037940524129,0.508458605755268
2694,42.2423791972224,87.2421972753391,82.07929800267351,1.3787194404471501
2695,57.70514408818815,120.09007156363216,73.92958047049315,2.3398916936279353
2696,24.193187792004807,52.02002731179778,72.18321242788312,1.8168258638940833
2697,27.480489458869965,65.5432604226523,62.91110063397588,5.291140752456182
2698,23.66271606278019,61.86537819202169,56.49475254792934,7.269973033230651
2699,22.72167435393278,61.9437389023108,58.53955425026021,8.250195097222619
2700,60.413399887841884,137.02009640256213,72.38092373362109,8.096648313439182
2701,43.77673247831986,99.40119088459736,61.54839935208276,5.923862963978823
2702,28.170492493712814,61.62502411748779,44.105684008539846,2.642019565031081
2703,28.761804072899064,61.31834144087959,34.352536574333655,1.8973666475407323
2704,29.788193629997977,61.633290279049966,32.78876043613906,1.0284515095270044
2705,33.50302014733521,67.4603625100489,56.46590004439239,0.227161107689239
2706,75.42254328406572,150.84508656813145,84.19347912041476,0.0
2707,91.6209782226274,183.2419564452548,89.6943666652073,0.0
2708,51.379907432551164,102.75981486510233,72.5395230722433,0.0
2709,38.16446521534765,76.3289304306953,71.1957612832712,0.0
2710,31.870366892561844,63.74073378512369,112.97184279479339,0.0
2711,31.058657171424446,62.11731434284889,126.89511340580346,0.0
2712,21.88672109134575,43.7734421826915,130.96397933793995,0.0
2713,21.88604422088546,43.77208844177092,143.38297920933658,0.0
2714,21.912998803451753,43.825997606903506,152.8694696845947,0.0
2715,21.96635584411577,43.93271168823154,162.5441249837063,0.0
2716,22.932064121491223,45.864128242982446,172.06555886291088,0.0
2717,26.86805393432659,55.50386990253971,206.1697614824459,0.8838810169432666
2718,39.493379949645956,84.32843432302184,260.610235853667,2.6708372118649617
2719,53.51633827601865,116.2175108102549,261.76311568999,4.592417129108796
2720,19.170447065239543,51.3433676029418,243.84320616442054,6.5012367362313555
2721,24.08567201100192,64.14733126056684,187.65234280869598,7.987993619281503
2722,20.9574116905796,59.82012739696416,76.75769201328048,8.95265200790248
2723,20.565675263833285,59.59249504471807,58.2122680870025,9.230572258525752
2724,57.200076381909824,131.4003877619994,70.43684438527303,8.500117499089884
2725,39.67916664382172,95.42701539594215,59.95863612961258,8.034341054149353
2726,23.1519490377622,59.26483531138035,39.58434229916173,6.4804686179279765
2727,24.350300775753244,59.11265161752991,34.345238171331474,5.206025033011714
2728,26.473789064106654,59.3803399607424,32.59887012872138,3.2163809162645434
2729,30.986954189951607,65.07553927353194,56.46590004439239,1.5508154468143656
2730,72.14871377681503,144.29742755363006,80.9150526409335,0.0
2731,87.44532875718666,174.89065751437332,82.07929800267351,0.0
2732,48.80590189976823,97.61180379953646,58.7943907678725,0.0
2733,36.181622118656705,72.36324423731341,44.241323746121914,0.0
2734,30.143933515209735,60.28786703041947,32.59887012872138,0.0
2735,29.387183544621067,58.77436708924213,21.53853919219092,0.0
2736,23.1074976742013,46.2149953484026,7.567594851310352,0.0
2737,23.04752040267761,46.09504080535522,3.4927360852201716,0.0
2738,23.08654790672401,46.17309581344802,6.163998896696388,0.0
2739,23.161669517058378,46.323339034116756,11.432783200254065,0.0
2740,25.03089833245937,50.06179666491874,13.465912806540087,0.0
2741,28.320832825233442,58.19769033657603,41.87565422500763,0.7780123430545749
2742,39.91747832085886,85.41888224509678,95.80481409811726,2.79196280168953
2743,59.146401210198064,127.58834929282894,89.16568142628209,4.647773436216401
2744,50.087486024084235,112.81541115987709,85.10971241375526,6.320219555854307
2745,53.149262121811546,121.51118596087781,65.53510803857397,7.606330858627363
2746,48.803725445083835,112.16342835733482,56.46590004439239,7.2779887335835785
2747,44.60104229990645,103.06948435139294,58.2122680870025,6.93369987579002
2748,93.71216221457898,199.09883094401349,70.43684438527303,5.837253257427758
2749,76.03955742869667,169.40761662429423,59.95863612961258,8.664250883450446
2750,48.8680651264158,111.92801182619417,39.58434229916173,7.0959407866812825
2751,45.8262611731463,102.58396102569914,34.345238171331474,5.465719339703271
2752,46.04874558517561,98.98104583566106,32.59887012872138,3.4417773326549224
2753,51.84737323016381,106.93375366177922,56.46590004439239,1.6195036007257984
2754,86.86810141139416,173.73620282278833,80.9150526409335,0.0
2755,102.46888362614881,204.93776725229762,82.07929800267351,0.0
2756,60.68930459942076,121.37860919884152,58.7943907678725,0.0
2757,51.274294463972794,102.54858892794559,44.241323746121914,0.0
2758,41.90119604454914,83.80239208909828,32.59887012872138,0.0
2759,27.94562218465283,55.89124436930566,21.53853919219092,0.0
2760,22.45596602491527,44.91193204983054,7.567594851310352,0.0
2761,22.39100221976887,44.78200443953774,3.4927360852201716,0.0
2762,22.372877562384247,44.74575512476849,2.910613404350162,0.0
2763,22.389856615060104,44.77971323012021,4.656981446960249,0.0
2764,24.16130861527488,48.32261723054976,4.0748587660901805,0.0
2765,29.073903525184242,59.96681828858463,30.27037940524129,0.9095056191080739
2766,44.282779963055724,94.42358386484722,82.07929800267351,2.929011969367882
2767,57.75890783904823,125.14095734833631,73.92958047049315,4.811570835119932
2768,26.155065010244225,65.70059166487574,72.18321242788312,6.695230822193648
2769,35.043717412898445,86.10052637845662,61.12288149135257,8.006545776329869
2770,23.085765364719464,64.31822074041628,56.46590004439239,9.073345005488674
2771,22.688781415213192,64.20795480052291,58.2122680870025,9.415195985048262
2772,78.68147058869613,175.43019240207403,70.43684438527303,9.033625612340883
2773,65.1954649348459,147.23429763905418,59.95863612961258,8.421683884681181
2774,26.3487129459523,65.21599353238015,39.58434229916173,6.259283820237775
2775,26.815335379809248,64.43642077274265,34.345238171331474,5.402875006562079
2776,37.02761003825011,80.27715639509296,32.59887012872138,3.110968159296368
2777,43.390269369260984,89.79156798126735,56.46590004439239,1.5055146213726909
2778,79.70971388269584,159.41942776539167,80.9150526409335,0.0
2779,95.52756335535807,191.05512671071614,82.07929800267351,0.0
2780,52.497895292221536,104.99579058444307,58.7943907678725,0.0
2781,39.733861141454994,79.46772228290999,44.241323746121914,0.0
2782,31.833820550744413,63.667641101488826,32.59887012872138,0.0
2783,31.253652439030006,62.50730487806001,21.53853919219092,0.0
2784,23.304419965419157,46.608839930838315,7.567594851310352,0.0
2785,23.239806233332317,46.47961246666463,3.4927360852201716,0.0
2786,23.224251819725783,46.448503639451566,2.910613404350162,0.0
2787,23.243893207196436,46.48778641439287,4.656981446960249,0.0
2788,25.088168670091637,50.176337340183274,4.0748587660901805,0.0
2789,30.21320671554645,62.19095618469673,30.27037940524129,0.8822713768019185
2790,45.845383555433486,97.24169285592916,82.07929800267351,2.7754628725310906
2791,60.151766422147894,129.48359363328728,73.92958047049315,4.590030394495749
2792,27.631461890145985,67.86544917705822,72.18321242788312,6.301262698383125
2793,37.18999692018722,89.22334099765757,61.12288149135257,7.421673578641564
2794,25.62771380887292,66.60417782372849,56.46590004439239,7.674375102991329
2795,24.429279340317986,66.48881447534666,58.2122680870025,8.815127897355342
2796,82.0957464065005,181.9522933718645,70.43684438527303,8.880400279431752
2797,68.37868841626383,152.47881445288033,59.95863612961258,7.860718810176344
2798,27.314160930867622,67.17372746915899,39.58434229916173,6.272702803711872
2799,28.451611170400525,66.49021682645791,34.345238171331474,4.793497242828431
2800,38.421043540984066,83.51122280193377,32.59887012872138,3.334567859982818
2801,45.20205319155684,93.59827284998197,56.46590004439239,1.59708323343414
2802,82.80641850948322,165.61283701896645,80.9150526409335,0.0
2803,99.0214404096938,198.0428808193876,82.07929800267351,0.0
2804,54.27703922903858,108.55407845807716,58.7943907678725,0.0
2805,41.03589314716862,82.07178629433724,44.241323746121914,0.0
2806,32.98503160762291,65.97006321524582,32.59887012872138,0.0
2807,32.558768631498346,65.11753726299669,25.012892115959808,0.0
2808,23.157788196687513,46.315576393375025,15.456962513287225,0.0
2809,23.150849865775058,46.301699731550116,14.49735678714826,0.0
2810,23.177544472453945,46.35508894490789,16.14343703720305,0.0
2811,23.24194880362783,46.48389760725566,20.511284656412723,0.0
2812,24.29029491646936,48.58058983293872,65.32497505672956,0.0
2813,28.489599857441892,58.70420281759281,117.01677662782531,0.8625015513545113
2814,42.21068443369538,87.25613094498436,197.93858474235756,1.4173810387968058
2815,59.17679617199547,123.06000626119217,201.2937112519597,2.353206958600615
2816,22.678094092344416,54.075472470836985,144.74105202035727,4.359642143074077
2817,27.373196533671315,69.06064470143943,64.1030621679526,7.1571258170483985
2818,24.44062014528145,65.32772643095501,56.46590004439239,8.223243070196057
2819,23.889125386019316,65.42557827913025,58.2122680870025,8.823663753545807
2820,63.15841964121878,142.85620266116362,70.43684438527303,8.269681689363034
2821,44.757272694259655,104.02472811372859,59.95863612961258,7.255091362604637
2822,26.49209470487225,65.06241408608182,39.58434229916173,6.039112338168659
2823,27.836247539800517,64.95355831846287,34.345238171331474,4.640531619430917
2824,29.51845362925369,65.04045730096219,32.59887012872138,3.0017750212274064
2825,34.088635026649825,71.13192179429639,56.46590004439239,1.4773258704983725
2826,77.55554179071056,155.11108358142113,80.9150526409335,0.0
2827,93.44183280209187,186.88366560418373,82.07929800267351,0.0
2828,51.770491340896854,103.54098268179371,58.7943907678725,0.0
2829,38.53128239398038,77.06256478796077,44.241323746121914,0.0
2830,32.578389117057235,65.15677823411447,32.59887012872138,0.0
2831,32.20339007693697,64.40678015387394,21.53853919219092,0.0
2832,24.885263082667798,49.770526165335596,7.567594851310352,0.0
2833,24.815799898246684,49.63159979649337,3.4927360852201716,0.0
2834,24.801053643409954,49.60210728681991,2.910613404350162,0.0
2835,24.818959747597383,49.637919495194765,4.656981446960249,0.0
2836,25.80960543205491,51.61921086410982,4.0748587660901805,0.0
2837,31.12989801527554,62.289542365755764,30.27037940524129,0.014873167602341671
2838,45.66956781618963,92.09499066040495,82.07929800267351,0.3779275140128436
2839,64.32393201757216,131.0905461708989,74.83690263951793,1.221341067877292
2840,25.859825490127463,57.432445626103046,72.18321242788312,2.8563973229240585
2841,31.96574597352875,74.65037834914544,61.12288149135257,5.35944320104397
2842,29.10674356262791,70.6686753165819,56.46590004439239,6.227594095663039
2843,29.096616736394274,70.83889013515233,58.2122680870025,6.322828331181887
2844,70.19353716984224,154.2789595511233,70.43684438527303,6.945942605719407
2845,52.22022711818956,112.40639726620331,59.95863612961258,3.982971514912096
2846,32.09979181089534,70.33498783730538,39.58434229916173,3.06770210775735
2847,31.463934239038633,70.22475270206272,34.345238171331474,3.648442111992726
2848,32.5745310511483,70.35001115739132,32.59887012872138,2.600474527547366
2849,37.04490597375033,76.94020379612496,56.46590004439239,1.4251959243121508
2850,83.559624251508,167.119248503016,80.9150526409335,0.0
2851,100.46226057301638,200.92452114603276,82.07929800267351,0.0
2852,55.56878406476584,111.13756812953169,58.7943907678725,0.0
2853,41.40332296314542,82.80664592629084,44.241323746121914,0.0
2854,35.14992584775617,70.29985169551234,32.59887012872138,0.0
2855,34.87494572583422,69.74989145166845,21.53853919219092,0.0
2856,22.797210742075027,45.594421484150054,7.567594851310352,0.0
2857,22.73408046429388,45.46816092858776,3.4927360852201716,0.0
2858,22.718480544051655,45.43696108810331,2.910613404350162,0.0
2859,22.7353037747406,45.4706075494812,4.656981446960249,0.0
2860,23.626154251899266,47.25230850379853,4.0748587660901805,0.0
2861,28.212807598579356,57.011444793869806,30.27037940524129,0.29291479835554507
2862,41.43001169455885,83.75405609859952,82.07929800267351,0.4470163547409116
2863,58.64512939430669,119.73494348038071,73.92958047049315,1.2223423458836622
2864,24.84359000117672,52.73727698233373,72.18321242788312,1.5250484899901426
2865,31.087790552502454,68.83254913918927,61.12288149135257,3.32848401709218
2866,28.257311036092958,65.17976710079114,56.46590004439239,4.332572514302611
2867,29.511760333299048,65.28879650492026,58.2122680870025,3.1326379191610814
2868,67.67848781759797,141.73812013173716,70.43684438527303,3.190572248270617
2869,50.25349940253075,103.42767503076666,59.95863612961258,1.4603381128525834
2870,30.54229461009278,64.8148120441824,39.58434229916173,1.865111411998421
2871,31.36029120798974,64.73321205236495,34.345238171331474,1.0063148181927364
2872,31.809656364728312,64.65837537087934,32.59887012872138,0.519531320711358
2873,35.13822936104985,70.67849259887848,56.46590004439239,0.20101693838938328
2874,76.54337044950044,153.0867408990009,80.9150526409335,0.0
2875,91.76544711272201,183.53089422544403,82.07929800267351,0.0
2876,50.67402140598346,101.34804281196692,58.7943907678725,0.0
2877,37.78720014000587,75.57440028001174,44.241323746121914,0.0
2878,32.18685349495151,64.37370698990301,32.59887012872138,0.0
2879,32.019402349884054,64.03880469976811,21.53853919219092,0.0
2880,21.86931957900039,43.73863915800078,7.567594851310352,0.0
2881,21.793130516692827,43.586261033385654,3.4927360852201716,0.0
2882,21.780606881094016,43.56121376218803,2.910613404350162,0.0
2883,21.80190555868415,43.6038111173683,4.656981446960249,0.0
2884,23.530550562267088,47.061101124534176,4.0748587660901805,0.0
2885,27.110637687090485,54.72514988469802,30.27037940524129,0.2519372552585257
2886,39.58381786128317,80.47500759317096,82.07929800267351,0.6536859353023031
2887,58.47137961569842,120.24666841373559,73.92958047049315,1.651954591169376
2888,52.04872308179298,106.30176769857239,72.18321242788312,1.1021607674932157
2889,55.504186756629764,114.71047056581378,61.12288149135257,1.851048526277125
2890,51.41124326286696,105.90311688273025,56.46590004439239,1.540315178498161
2891,46.482068164523966,97.27099905224439,58.2122680870025,2.1534313615982272
2892,90.81786536372556,188.02404998848843,70.43684438527303,3.194159630518661
2893,76.92286856499726,159.99757444611276,59.95863612961258,3.075918658059126
2894,51.03012565446152,105.58118550964576,39.58434229916173,1.7604671003613614
2895,46.05268631425384,96.71194687160012,34.345238171331474,2.3032871215462167
2896,45.08595796032023,93.20363428575051,32.59887012872138,1.5158591825550276
2897,50.18101112950201,100.78744511530951,56.46590004439239,0.21271142815274205
2898,82.00584052778352,164.01168105556704,80.9150526409335,0.0
2899,96.75826815999785,193.5165363199957,82.07929800267351,0.0
2900,57.30967887164089,114.61935774328178,58.7943907678725,0.0
2901,48.448155931477324,96.89631186295465,46.18033590340389,0.0
2902,39.672774321350914,79.34554864270183,39.48064291391044,0.0
2903,26.527168421615436,53.05433684323087,31.361787553570167,0.0
2904,23.47822692234496,46.95645384468992,58.14936033564939,0.0
2905,23.525246078287847,47.05049215657569,90.5265121823686,0.0
2906,23.603512321955318,47.207024643910636,117.36619956050933,0.0
2907,23.674303547280527,47.34860709456105,133.6322348895721,0.0
2908,24.608521978394098,49.217043956788196,137.7877027291796,0.0
2909,29.358407166617823,59.25447816913699,174.31353172133308,0.2688319179506698
2910,40.862836081764264,86.5941459483441,231.61613048364026,2.434236892407788
2911,61.69566877213762,123.39133754427525,227.40827769170713,0.0
2912,21.90626084781762,54.85161262418659,210.70965866374718,5.519545464275678
2913,27.611407636660644,71.1305837868568,180.60406634117652,7.953884256767757
2914,24.616486591245753,67.11489528617341,143.15886578837112,8.94096105184095
2915,24.23169325906354,66.99762134050775,115.39062067296652,9.267117411190336
2916,63.133652358885755,144.52567686733636,73.15582495731917,9.129186074782424
2917,44.47488538511425,105.34682288177737,59.95863612961258,8.198526055774437
2918,26.146038759178424,66.02416393879217,39.58434229916173,6.866043210217661
2919,27.974010868857114,65.8862987210418,34.345238171331474,4.969138491663784
2920,29.80434203207671,65.82048961831586,32.59887012872138,3.1059027770812206
2921,34.4317560358857,72.10794465050681,56.46590004439239,1.6222162893677055
2922,77.95486662438329,155.95222211908577,80.9150526409335,0.021244435159596294
2923,93.67119691371501,187.34239382743002,82.07929800267351,0.0
2924,51.6803452108833,103.3606904217666,58.7943907678725,0.0
2925,38.52410896894197,77.04821793788393,44.241323746121914,0.0
2926,32.80716667791114,65.61433335582228,32.59887012872138,0.0
2927,32.736240892441806,65.47248178488361,27.06827993745938,0.0
2928,23.442841044486425,46.88568208897285,19.199186107280067,0.0
2929,23.43473112039596,46.86946224079192,18.16412125486526,0.0
2930,23.47716110460664,46.95432220921328,20.823674323344537,0.0
2931,23.569798367808097,47.139596735616195,38.586346306455695,0.0
2932,25.590493549914278,51.180987099828556,109.72802966409847,0.0
2933,30.49074919097947,63.23359943756418,177.14868033919376,1.126050527802618
2934,45.41246099476136,96.31271534454092,259.16057103927056,2.7438966775090967
2935,59.944329480147736,129.47768468280736,259.1634833176481,4.7945128612559476
2936,27.498715155760507,68.0244757069976,212.85585976618927,6.513522697738295
2937,36.47945664900002,89.04478154316503,66.99193123760824,8.042934122582492
2938,24.486674797052846,66.59381375560038,56.46590004439239,8.810232080747344
2939,24.303184706217948,66.70298142072664,58.2122680870025,9.048306004145374
2940,81.9251728012656,181.94264434926535,70.43684438527303,9.046149373367072
2941,67.60947795265382,152.03358509352088,59.95863612961258,8.40731459410662
2942,26.05628727048676,66.34151192136518,39.58434229916173,7.114468690195832
2943,27.726526415209573,66.18639773697625,34.345238171331474,5.366672453278549
2944,38.94385598264478,84.71084596698388,32.59887012872138,3.4115670008471652
2945,45.62400341168357,94.65947479098683,56.46590004439239,1.7057339838098504
2946,82.77825094956391,165.6117535742851,80.9150526409335,0.027625837578636275
2947,98.56005412622655,197.1201082524531,82.07929800267351,0.0
2948,53.693870617833895,107.38774123566779,58.7943907678725,0.0
2949,40.50464717006747,81.00929434013494,44.241323746121914,0.0
2950,32.91377491486211,65.82754982972422,32.59887012872138,0.0
2951,32.750507867573006,65.50101573514601,21.53853919219092,0.0
2952,24.59023237778222,49.18046475556444,7.567594851310352,0.0
2953,24.5262684006558,49.0525368013116,3.4927360852201716,0.0
2954,24.510670603415853,49.02134120683171,2.910613404350162,0.0
2955,24.561221213919648,49.122442427839296,6.6174504806232,0.0
2956,26.590978950669093,53.18195790133819,11.429312316859845,0.0
2957,32.55598421339858,65.72051955153009,40.349172391584545,0.30427556236646175
2958,48.68388719031438,100.53189612873891,96.45773031828428,1.582060874055073
2959,64.26464083599026,135.58319287326873,89.72092527283314,3.526955600644104
2960,28.951160339559785,70.84339812405777,84.11327689238193,6.470538722469102
2961,39.243498070959404,93.76130386815694,61.12288149135257,7.6371538631190665
2962,26.77818794293448,70.25494197791268,56.46590004439239,8.34928304602186
2963,26.529662937203113,70.38676655644663,58.2122680870025,8.6637203410202
2964,88.04718026903086,192.11671310023684,70.43684438527303,8.011176281087563
2965,73.49746122561373,160.54291398635672,59.95863612961258,6.773995767564626
2966,28.257580146182924,70.00715043272788,39.58434229916173,6.745995070181015
2967,29.88746914640773,69.9126274811156,34.345238171331474,5.06884459415007
2968,41.433914992468544,89.39886800189996,32.59887012872138,3.265519008481436
2969,48.22504912426976,99.80595077121586,56.46590004439239,1.6779262613381687
2970,87.35388597424583,174.70777194849165,80.9150526409335,0.0
2971,103.9653996120363,207.9307992240726,82.07929800267351,0.0
2972,56.641909818556684,113.28381963711337,58.7943907678725,0.0
2973,42.722946656289444,85.44589331257889,44.241323746121914,0.0
2974,34.723583720587364,69.44716744117473,32.59887012872138,0.0
2975,34.56524744805585,69.1304948961117,21.53853919219092,0.0
2976,23.9828942021779,47.9657884043558,7.567594851310352,0.0
2977,23.921324423386537,47.84264884677307,3.4927360852201716,0.0
2978,23.90979901325909,47.81959802651818,2.910613404350162,0.0
2979,23.93085753777737,47.86171507555474,4.656981446960249,0.0
2980,24.91723917101261,49.83447834202522,6.835382065543162,0.0
2981,29.627611708477325,60.18041726405308,35.93244551954967,0.4625969235492149
2982,42.390520404645216,88.37383643998145,89.65088604619275,1.79639781534551
2983,58.70574048598318,126.4065365128026,83.48545252175245,4.497527770418121
2984,21.585607895570273,55.804511791902385,81.95418056039647,6.31664800038092
2985,28.769730358833637,72.69929023537856,69.51750495403019,7.57991475885564
2986,26.35863506377388,68.79847213122287,65.337198702291,8.04060100183755
2987,26.2236921458124,68.89936715023369,68.2834825329513,8.225991429304443
2988,67.08477614847085,149.13297127690268,70.43684438527303,7.48170948998049
2989,47.35781972061171,108.84460245831886,59.95863612961258,7.064481508547721
2990,27.531822124226956,68.26858481381967,39.58434229916173,6.602470282682878
2991,28.76683707279409,68.10758564708907,34.345238171331474,5.286955750750443
2992,30.763031583491866,68.1257266475199,32.59887012872138,3.299831740268084
2993,35.55797188474901,74.5056974409842,56.46590004439239,1.6948768357430986
2994,80.47834942886693,161.05204253009256,80.9150526409335,0.04767183617935065
2995,96.64154055023533,193.28308110047067,82.07929800267351,0.0
2996,53.34108630842666,106.68217261685332,58.7943907678725,0.0
2997,39.76607734696333,79.53215469392666,44.51497348596173,0.0
2998,33.988860751636906,67.97772150327381,40.65825317406778,0.0
2999,33.89997232020922,67.79994464041845,34.00285532535757,0.0
3000,23.66263852271397,47.32527704542794,23.258429653037382,0.0
3001,23.777298249331594,47.55459649866319,83.96572076082612,0.0
3002,23.886402368189298,47.772804736378596,128.34270114493623,0.0
3003,24.001250019794217,48.00250003958843,161.17661727956988,0.0
3004,24.984955585230743,49.96991117046149,179.71725146903307,0.0
3005,29.29129088691455,60.11296801152183,221.46232622071466,0.7651931188463659
3006,41.140924212379986,87.69327620466849,281.5500054926623,2.705713889954257
3007,57.89808635029685,124.83875256819299,280.8410803665883,4.521289933799644
3008,21.421545301885615,55.68960738542375,266.97718758181065,6.423258390826261
3009,28.258193880343054,72.02133940023228,233.26569704147184,7.7524758197730845
3010,25.40553473596286,67.97516924489697,200.1491766029458,8.582049886485626
3011,24.930804147686572,67.54701496182385,134.61095115635732,8.842703333225352
3012,64.36762561994846,145.66918320647437,70.43684438527303,8.466965983288725
3013,45.29580420859249,106.2817455134194,59.95863612961258,7.845068548117206
3014,26.64372694627437,66.61573767194518,39.58434229916173,6.664141889698222
3015,28.1857529583613,66.56899295083733,34.345238171331474,5.098743517057364
3016,29.92510489784804,66.44509643221356,32.59887012872138,3.297443318258739
3017,35.01384839883606,72.68285361292207,56.46590004439239,1.3275784076249757
3018,78.62683796943688,157.34285597888035,80.9150526409335,0.044590020003294865
3019,94.50098769658,189.00197539316,82.07929800267351,0.0
3020,52.14364082697568,104.28728165395135,58.7943907678725,0.0
3021,38.86306726408881,77.72613452817762,44.241323746121914,0.0
3022,33.219633325170896,66.43926665034179,40.34903587261158,0.0
3023,33.142659559358,66.285319118716,34.521570903823445,0.0
3024,24.947054053312176,49.89410810662435,24.220297868071448,0.0
3025,24.939478494105682,49.878956988211364,23.361277944428053,0.0
3026,25.069954245837316,50.13990849167463,69.29225502351929,0.0
3027,25.206933193877955,50.41386638775591,119.95430267433127,0.0
3028,26.258155289259726,52.51631057851945,147.97302879820677,0.0
3029,31.090198473362538,63.20658351368586,198.51634679781498,0.5130932834803906
3030,43.92280744900989,92.34602268286008,280.5925240690559,2.250203892420151
3031,62.05621363449628,131.5669823937909,289.3725109142531,3.7272775623991743
3032,25.017216935916107,58.3879836477361,228.90801744247796,4.176774887951944
3033,32.13420007566395,74.81821036689895,68.9709503102406,5.274905107785531
3034,27.527632405440897,70.60889952028404,56.46590004439239,7.776817354701123
3035,26.71709811273029,70.71461689861731,58.2122680870025,8.640210336578361
3036,71.1984155812618,153.68173568178244,70.43684438527303,5.642452259629425
3037,48.09727633425525,112.06062680592677,59.95863612961258,7.9330370687081375
3038,29.224135843892146,70.23754419692695,39.58434229916173,5.894636254571327
3039,31.738449238436495,70.15770450422359,34.345238171331474,3.3404030136752976
3040,33.14620478483976,70.14974113128514,32.59887012872138,1.9286657808028123
3041,37.707194735019236,76.61224575688047,56.46590004439239,0.5989281434209993
3042,82.89954990221035,165.8187290037116,80.9150526409335,0.009814599645449939
3043,99.615004398736,199.230008797472,82.07929800267351,0.0
3044,54.970693218635034,109.94138643727007,58.7943907678725,0.0
3045,40.978472459333986,81.95694491866797,44.241323746121914,0.0
3046,34.90518301305158,69.81036602610315,32.59887012872138,0.0
3047,34.74267758631037,69.48535517262074,21.53853919219092,0.0
3048,21.671100193256393,43.342200386512786,7.567594851310352,0.0
3049,21.610649427165,43.22129885433,3.4927360852201716,0.0
3050,21.660002047242582,43.320004094485164,7.070920634036924,0.0
3051,21.740137202558934,43.48027440511787,12.738320672392678,0.0
3052,22.618402566596348,45.236805133192696,13.833777695001825,0.0
3053,26.207682220892,54.6339809437634,42.38362571054638,1.1093082509896974
3054,37.48317616987512,80.21722641020715,95.72295630422855,2.625437035228454
3055,52.657307013499434,114.52326589453472,88.64239136898713,4.6043259337679245
3056,19.38957765471003,50.714357227883724,85.4930557170735,5.967600959231832
3057,27.44828552137932,65.77767346085568,67.03057536693858,5.440551209048521
3058,25.739795280337407,62.06297382242536,56.46590004439239,5.291691630875273
3059,24.237460833341032,62.20474211579843,58.2122680870025,6.864910224558182
3060,60.50498782447718,134.97867607493515,70.43684438527303,6.984350212990391
3061,42.58548631047817,98.53682181721709,59.95863612961258,6.682924598130376
3062,26.31060510579982,61.83572093323231,39.58434229916173,4.607255360816335
3063,29.216438523952313,61.67882117999573,34.345238171331474,1.6229720660455522
3064,28.28225205141512,61.54129828880034,32.59887012872138,2.4883970929850516
3065,32.277743703599945,67.35847579159126,56.46590004439239,1.401494192195688
3066,72.57717943845665,145.537551384706,80.9150526409335,0.1915962538963547
3067,87.40663500204043,174.81327000408086,82.07929800267351,0.0
3068,48.262481333722086,96.52496266744417,58.7943907678725,0.0
3069,35.97689269480228,71.95378538960456,44.241323746121914,0.0
3070,30.63599307926584,61.27198615853168,32.59887012872138,0.0
3071,30.475707551963946,60.95141510392789,21.53853919219092,0.0
3072,22.305507058071694,44.61101411614339,8.610450786450077,0.0
3073,22.298289252077755,44.59657850415551,7.8803319641928455,0.0
3074,22.326363689611064,44.65272737922213,9.841406937452689,0.0
3075,22.375989774000207,44.75197954800041,13.38209452636955,0.0
3076,23.28348190943285,46.5669638188657,14.775332653362177,0.0
3077,27.99379160999313,56.19116803418248,42.378097116716546,0.10179240709810827
3078,40.92842844985086,82.47532940999368,95.54038911781825,0.30923625514597725
3079,57.942006493697555,117.83030846623613,88.8879021317068,0.9731477394205115
3080,24.091723379529896,52.077743009237786,83.53373359885185,1.9471481250889964
3081,31.70491572246318,67.5691186053184,64.72119191546754,2.079643580196017
3082,29.38272524370072,63.88461466087689,56.46590004439239,2.559582086737728
3083,28.772627183602296,64.01786708508557,58.2122680870025,3.236306358940489
3084,66.19562728423963,138.904987800947,70.43684438527303,3.25686661623386
3085,46.715729616966705,101.39326633616987,59.95863612961258,3.9809035511182325
3086,29.354752785696274,63.65216348044515,39.58434229916173,2.471328954526298
3087,30.601424584154014,63.53674095460429,34.345238171331474,1.1669458931481314
3088,31.159828366274894,63.51853577824402,32.59887012872138,0.5994395228471163
3089,34.41167197009988,69.55977348650502,56.46590004439239,0.36821477315263246
3090,74.95288141561147,149.96510285829496,80.9150526409335,0.02967001353600675
3091,90.0293070490259,180.0586140980518,82.07929800267351,0.0
3092,49.72678208710104,99.45356417420209,58.7943907678725,0.0
3093,37.077863946155034,74.15572789231007,44.241323746121914,0.0
3094,31.574799973822483,63.149599947644965,32.59887012872138,0.0
3095,31.409314728229752,62.818629456459504,21.53853919219092,0.0
3096,22.00704735485337,44.01409470970674,7.567594851310352,0.0
3097,21.933935723920968,43.867871447841935,3.4927360852201716,0.0
3098,21.919529277535304,43.83905855507061,2.910613404350162,0.0
3099,21.93312036211527,43.86624072423054,4.656981446960249,0.0
3100,23.666917513462312,47.333835026924625,4.0748587660901805,0.0
3101,29.07165481613275,58.518292595980526,30.27037940524129,0.1874914818575122
3102,44.16923255761661,89.62706286992973,82.07929800267351,0.6442988773482536
3103,58.91383051420354,120.92582766588711,73.92958047049315,1.5490833187400166
3104,29.8046065534809,63.28369162083873,72.18321242788312,1.8372392569384621
3105,40.06526019500576,84.09229678845033,61.12288149135257,1.9808881992193983
3106,29.739869803295612,63.07466731330656,56.46590004439239,1.7974638533576697
3107,28.107229899249944,63.1834884082326,58.2122680870025,3.4845143048663556
3108,82.02321262720443,171.9220476081583,70.43684438527303,3.9378111768747175
3109,66.87515130854972,143.70623924445857,59.95863612961258,4.977968313679566
3110,26.459277867346195,62.81416415569721,39.58434229916173,4.947804210502413
3111,27.291203227640203,62.701850653706195,34.345238171331474,4.059722099212896
3112,38.40134827730729,80.13491046079582,32.59887012872138,1.6661069530906212
3113,44.899239981127764,92.19335099643278,56.46590004439239,1.1974355170886257
3114,79.70275553907611,159.76264378176842,80.9150526409335,0.17856635180810465
3115,94.40798367245606,188.8159673449121,82.07929800267351,0.0
3116,51.326589995804845,102.65317999160969,58.7943907678725,0.0
3117,38.31971511051436,76.63943022102872,44.241323746121914,0.0
3118,31.1482507057639,62.2965014115278,32.59887012872138,0.0
3119,30.979887713539608,61.959775427079215,21.53853919219092,0.0
3120,22.648971931074275,45.29794386214855,7.567594851310352,0.0
3121,22.578217127863308,45.156434255726616,3.4927360852201716,0.0
3122,22.558224026426018,45.116448052852036,2.910613404350162,0.0
3123,22.574659798056864,45.14931959611373,4.656981446960249,0.0
3124,24.357093906465803,48.714187812931605,4.0748587660901805,0.0
3125,29.484820972918023,60.19696871821046,30.27037940524129,0.6136633861872042
3126,44.398780209246574,92.13694518001178,82.07929800267351,1.6696923807593158
3127,58.923474447416766,124.31877078945807,73.92958047049315,3.235910947312271
3128,27.794126439813542,65.05412740873827,72.18321242788312,4.732937264555592
3129,37.89264712217861,86.44260421245262,61.12288149135257,5.328654984047701
3130,25.464566286290435,64.83922714361263,56.46590004439239,6.955047285515883
3131,24.10890454639318,64.9565385071091,58.2122680870025,8.36936470716137
3132,80.41024215030602,176.73660959837056,70.43684438527303,7.958062648879267
3133,69.96493534898642,148.06288754569493,59.95863612961258,4.066508423861055
3134,32.75335242631399,67.22079573928804,39.58434229916173,0.8570454433300272
3135,33.75222418152695,68.7026593648808,34.345238171331474,0.5991055009134525
3136,43.58575020631685,88.05763181485445,32.59887012872138,0.44306570111037075
3137,48.87219625322308,98.57723993006775,56.46590004439239,0.41642371181079024
3138,83.81912156969113,167.72031268838168,80.9150526409335,0.04103477449970052
3139,99.06255478075335,198.1251095615067,82.07929800267351,0.0
3140,54.01566943881508,108.03133887763016,58.7943907678725,0.0
3141,40.45449328806492,80.90898657612983,44.241323746121914,0.0
3142,32.47254502146877,64.94509004293754,32.59887012872138,0.0
3143,31.861442475535615,63.72288495107123,21.53853919219092,0.0
3144,21.537139683001666,43.07427936600333,7.567594851310352,0.0
3145,21.467064827634587,42.934129655269174,3.4927360852201716,0.0
3146,21.44799932619963,42.89599865239926,2.910613404350162,0.0
3147,21.46089630424586,42.92179260849172,4.656981446960249,0.0
3148,22.300102373140977,44.60020474628195,4.0748587660901805,0.0
3149,26.814874562214754,53.82903910835567,30.27037940524129,0.0996449919630818
3150,38.948069271178724,79.12537125358415,82.07929800267351,0.6146163556133507
3151,54.78662668812961,113.09036720978743,73.92958047049315,1.7585569167641066
3152,22.03122372823586,49.98912729147941,72.18321242788312,2.9633399175038453
3153,29.377002356357522,65.18000283874913,61.12288149135257,3.2129990630170435
3154,28.026039303036235,61.725857276516415,56.46590004439239,2.8368893352219704
3155,26.91109077438353,62.1538051182695,58.2122680870025,4.165811784751221
3156,65.09612069861458,136.5091348594818,70.43684438527303,3.158446731126325
3157,49.114827520251104,102.09932064256361,59.95863612961258,1.934832801030698
3158,31.9712848622014,67.39005942642903,39.58434229916173,1.7237448510131175
3159,32.78220112748684,68.83358970258578,34.345238171331474,1.6345937238060506
3160,31.927735840746095,66.72686833214418,32.59887012872138,1.4356983253259947
3161,35.97580221825844,73.59948245906202,56.46590004439239,0.823939011272569
3162,75.43852894328793,150.89179382078126,80.9150526409335,0.007367967102697117
3163,88.72478782108772,177.44957564217543,82.07929800267351,0.0
3164,49.131311256647216,98.26262251329443,58.7943907678725,0.0
3165,36.21353426070639,72.42706852141278,44.241323746121914,0.0
3166,30.438145320065583,60.87629064013117,32.59887012872138,0.0
3167,30.27552509834868,60.55105019669736,21.53853919219092,0.0
3168,23.847108372736894,47.69421674547379,7.567594851310352,0.0
3169,23.772503958805874,47.54500791761175,3.4927360852201716,0.0
3170,23.753953418540974,47.50790683708195,2.910613404350162,0.0
3171,23.770279549757138,47.540559099514276,4.656981446960249,0.0
3172,24.7015093058523,49.4030186117046,4.0748587660901805,0.0
3173,29.45323341370772,59.55980421967365,30.27037940524129,0.3266686961291031
3174,42.51576197534068,87.4424012182475,82.07929800267351,1.2054386337830685
3175,60.27605044794615,125.08781078220733,73.92958047049315,2.2678549431575186
3176,23.830072140460178,55.15539035741606,72.18321242788312,3.7476230382478533
3177,32.5413395601304,72.00312256790262,61.12288149135257,3.4602217238209048
3178,30.740733395064954,68.30073572773934,56.46590004439239,3.4096344688047147
3179,27.71047305117162,68.12218152427246,58.2122680870025,6.350617710964612
3180,66.1838706541264,147.8320328611232,70.43684438527303,7.732145776435199
3181,47.11038279888369,107.84472692133404,59.95863612961258,6.81198066178333
3182,27.833053242343457,67.59181691201469,39.58434229916173,5.962855213663889
3183,29.520256527760356,67.4233973794629,34.345238171331474,4.191442161971093
3184,30.41858980568337,67.35328241192086,32.59887012872138,3.2580514002770578
3185,35.400134560102174,73.66773846336922,56.46590004439239,1.4337346715824362
3186,79.66272272695551,159.35153011915213,80.9150526409335,0.013042332620557023
3187,95.7353563551142,191.4707127102284,82.07929800267351,0.0
3188,52.85489663705781,105.70979327411563,58.7943907678725,0.0
3189,39.39172039265411,78.78344078530822,44.241323746121914,0.0
3190,33.55000624397716,67.10001248795432,32.59887012872138,0.0
3191,33.394717744959934,66.78943548991987,21.53853919219092,0.0
3192,22.764864877823268,45.529729755646535,7.567594851310352,0.0
3193,22.706608783996888,45.413217567993776,3.4927360852201716,0.0
3194,22.69613952446096,45.39227904892192,2.910613404350162,0.0
3195,22.717737066087857,45.43547413217571,4.656981446960249,0.0
3196,23.61445404117464,47.22890808234928,4.0748587660901805,0.0
3197,28.091374508572272,57.001200499518276,30.27037940524129,0.40922574118686683
3198,39.87266236096998,83.80134675846958,82.07929800267351,2.0280110182648063
3199,58.02062946605975,120.01865425755095,108.7453942040529,1.9886976627157191
3200,20.937019840109347,52.89888945405944,93.52852616127154,5.512424886920375
3201,28.682977247497078,68.83701211070019,61.12288149135257,5.735528807853016
3202,23.961540078185585,65.20930117484683,56.46590004439239,8.643110509237829
3203,25.32828990699967,65.30263850089909,58.2122680870025,7.3230293434498765
3204,64.1976153147743,141.78264885301078,70.43684438527303,6.6937091117310965
3205,44.279496122380706,103.48006656661462,59.95863612961258,7.460537160926609
3206,26.550216773034357,64.917252136554,39.58434229916173,5.9084092952426435
3207,28.109473412513353,64.81275158921505,34.345238171331474,4.296902382094175
3208,30.033625869704395,64.7852767393976,32.59887012872138,2.3590124999944053
3209,34.14481639865569,70.94328241729114,56.46590004439239,1.3268248099898812
3210,76.21972684981338,153.08509249434783,80.9150526409335,0.32281939736053966
3211,91.93281238508972,183.86562477017944,82.07929800267351,0.0
3212,50.75189791899726,101.50379583799452,58.7943907678725,0.0
3213,37.82832345849496,75.65664691698991,44.241323746121914,0.0
3214,32.210583616839735,64.42116723367947,32.59887012872138,0.0
3215,32.04298245562023,64.08596491124047,21.53853919219092,0.0
3216,21.348430043773234,42.69686008754647,7.567594851310352,0.0
3217,21.28280110129896,42.56560220259792,3.4927360852201716,0.0
3218,21.268393199362368,42.536786398724736,2.910613404350162,0.0
3219,21.2882278197208,42.5764556394416,4.656981446960249,0.0
3220,22.127670233219945,44.25534046643989,4.0748587660901805,0.0
3221,25.049059145218244,53.454552732230944,30.27037940524129,1.6782172208972277
3222,36.00468044470763,78.63618454063482,82.07929800267351,3.3134118256097733
3223,50.98585710700222,112.44250440350076,73.92958047049315,5.235395094748167
3224,17.790927766327222,49.61953258613299,72.18321242788312,7.018838526739272
3225,24.04655928869644,64.69928033952138,61.12288149135257,8.30308088106425
3226,21.52588334222699,61.273769848632426,56.46590004439239,9.111001582089223
3227,21.279032638654094,61.376872233702244,58.2122680870025,9.40940347819703
3228,57.40756720322836,133.04749006039745,70.43684438527303,9.116177826970365
3229,40.129341661194346,97.15175085231024,59.95863612961258,8.44653376496078
3230,23.641972311866795,60.97667454947948,39.58434229916173,6.846364962872946
3231,27.215370025774558,60.873192014019274,34.345238171331474,3.2212259812350794
3232,27.990056914402306,60.843841967273754,32.59887012872138,2.43186406923457
3233,31.537913094843738,66.66764647559302,56.46590004439239,1.795910142952771
3234,71.423741510253,143.65510689961448,80.9150526409335,0.4038119395542442
3235,86.3218710383203,172.6437420766406,82.07929800267351,0.0
3236,47.63719255802524,95.27438511605048,58.7943907678725,0.0
3237,35.51330740000163,71.02661480000326,44.241323746121914,0.0
3238,30.239630365012683,60.479260730025366,32.59887012872138,0.0
3239,30.071580325693287,60.14316065138657,21.53853919219092,0.0
3240,21.906213436212457,43.812426872424915,7.567594851310352,0.0
3241,21.84144597693991,43.68289195387982,3.4927360852201716,0.0
3242,21.82373467043945,43.6474693408789,2.910613404350162,0.0
3243,21.83831446090332,43.67662892180664,4.656981446960249,0.0
3244,22.68983148299294,45.37966296598588,4.0748587660901805,0.0
3245,26.09023716647398,54.769980956906444,30.27037940524129,1.2947533119792423
3246,37.489160493516486,80.51762552367549,82.07929800267351,2.7696522683212588
3247,54.108253223340284,115.08527041517087,73.92958047049315,3.4343819842451477
3248,20.430394050932048,50.71599857337399,72.18321242788312,4.927605235754947
3249,28.222387635107687,66.17120695798549,61.12288149135257,4.863215843885059
3250,28.76795348522579,62.69881786426052,56.46590004439239,2.58145544690447
3251,27.857189599205768,62.83833792602657,58.2122680870025,3.561979363807516
3252,65.48232092384028,136.22958730112867,70.43684438527303,2.632472726724065
3253,47.55915829892206,99.4484037162488,59.95863612961258,2.1650435592023447
3254,29.227217951181764,62.412568628855034,39.58434229916173,1.9790663632457528
3255,28.910386725989003,62.307535199206875,34.345238171331474,2.243380873614435
3256,28.771107303200132,62.28065151497203,32.59887012872138,2.369218454285882
3257,33.22748927167598,68.20914888403529,56.46590004439239,0.8770851703416622
3258,73.51926958093337,147.08935912160314,80.9150526409335,0.025409979868205722
3259,88.44803544534892,176.89607089069784,82.07929800267351,0.0
3260,48.769294705105914,97.53858941021183,58.7943907678725,0.0
3261,36.35317944369282,72.70635888738563,44.241323746121914,0.0
3262,30.955544121815816,61.91108824363163,32.59887012872138,0.0
3263,30.788221167643254,61.57644233528651,21.53853919219092,0.0
3264,23.409085915347806,46.81817183069561,7.567594851310352,0.0
3265,23.3415719501092,46.6831439002184,3.4927360852201716,0.0
3266,23.325652999561214,46.65130599912243,2.910613404350162,0.0
3267,23.34073686956157,46.68147373912314,4.656981446960249,0.0
3268,25.189153336098464,50.37830667219693,4.0748587660901805,0.0
3269,30.831618309067682,62.24744796943183,30.27037940524129,0.29210567564823336
3270,46.86788430024952,95.29464561215076,82.07929800267351,0.7794385058258574
3271,63.09467889931975,128.62398736313008,73.92958047049315,1.2173147822452879
3272,31.481971550059285,67.25083543367445,72.18321242788312,2.1434461667779434
3273,42.66619688699505,89.39875850764288,61.12288149135257,2.0331823668263898
3274,32.19645646218187,67.01552194270927,56.46590004439239,1.3113045091727626
3275,31.839338979868867,67.10849390748396,58.2122680870025,1.7149079738731146
3276,89.29989215845873,182.8715140577675,70.43684438527303,2.1358648704250234
3277,72.7476739966094,152.83675589305471,59.95863612961258,3.6707039499179714
3278,29.618227985225577,66.68147664803085,39.58434229916173,3.7225103387898493
3279,31.20848586062618,66.60375384638917,34.345238171331474,2.093391062568405
3280,41.13370986577732,85.22555372112531,32.59887012872138,1.479066994785336
3281,46.13473271136852,95.11966723352847,56.46590004439239,1.4251009053957147
3282,82.83177921545868,166.46703301761542,80.9150526409335,0.4017372933490311
3283,99.22931385278949,198.45862770557898,82.07929800267351,0.0
3284,53.98696409245017,107.97392818490034,58.7943907678725,0.0
3285,40.71620901797199,81.43241803594398,44.241323746121914,0.0
3286,33.09094487922978,66.18188975845956,32.59887012872138,0.0
3287,32.92344161929097,65.84688323858194,21.53853919219092,0.0
3288,24.017487186691202,48.034974373382404,7.567594851310352,0.0
3289,23.94594040404123,47.89188080808246,3.4927360852201716,0.0
3290,23.930678652188618,47.861357304377236,2.910613404350162,0.0
3291,23.944515099676803,47.889030199353606,4.656981446960249,0.0
3292,25.842170376214415,51.68434075242883,4.0748587660901805,0.0
3293,31.780643666978676,63.84365993020213,30.27037940524129,0.14118629812238717
3294,48.42812290608132,97.70182404280847,82.07929800267351,0.4227891153229122
3295,64.74891257810391,131.90074560203144,73.92958047049315,1.2014602229118017
3296,32.319560360945005,68.92571883807967,72.18321242788312,2.143299058094832
3297,43.02447933894059,91.59909557633591,61.12288149135257,2.7750684492273674
3298,28.20535469715984,68.58516633052464,56.46590004439239,6.087228468102483
3299,25.862756177839938,68.66978884115407,58.2122680870025,8.472138242737099
3300,85.45398061366556,187.4055782459454,70.43684438527303,8.248808509307143
3301,72.65200760297768,156.69783170094124,59.95863612961258,5.696908247492942
3302,30.062312582463477,68.36843175765095,39.58434229916173,4.1219032963619995
3303,31.84802550784348,68.26000214068002,34.345238171331474,2.281975562496525
3304,41.48172791369922,87.32156387545244,32.59887012872138,2.179054024027004
3305,48.221063804977334,97.55004958233214,56.46590004439239,0.553960986188734
3306,85.24866562710191,170.72335405664592,80.9150526409335,0.11301140122104433
3307,101.58272185761794,203.16544371523588,82.07929800267351,0.0
3308,55.35621573194681,110.71243146389362,58.7943907678725,0.0
3309,41.74570756617484,83.49141513234969,44.241323746121914,0.0
3310,33.92663267244568,67.85326534489135,32.59887012872138,0.0
3311,33.75798344024076,67.51596688048151,21.53853919219092,0.0
3312,25.335505893172442,50.671011786344884,7.567594851310352,0.0
3313,25.264023035973043,50.528046071946086,3.4927360852201716,0.0
3314,25.24966451742143,50.49932903484286,2.910613404350162,0.0
3315,25.265106679417936,50.53021335883587,4.656981446960249,0.0
3316,26.260361500760784,52.52072300152157,4.0748587660901805,0.0
3317,31.35875810409339,63.304220023210235,30.27037940524129,0.2933519075117284
3318,45.8590202650446,92.92849650391449,82.07929800267351,0.6052279869126426
3319,65.09024491149003,133.08862934675193,73.92958047049315,1.4540697618859375
3320,26.77954116516791,58.51936091273869,72.18321242788312,2.4801392912014353
3321,35.33624120786268,76.44727605345666,61.12288149135257,2.8873968188656516
3322,32.94159147052386,72.39220933099766,56.46590004439239,3.25451319497497
3323,34.217411306848476,72.5062240470972,58.2122680870025,2.03570071670013
3324,77.11473954605977,157.51538803751993,70.43684438527303,1.642954472700192
3325,55.835482791362594,114.95563396230082,59.95863612961258,1.642334189787821
3326,34.793903495034435,72.11224755627244,39.58434229916173,1.2622202831017861
3327,35.06816773242646,71.91080943670269,34.345238171331474,0.8872369859248843
3328,35.20730835049985,71.8097871447646,32.59887012872138,0.697585221882446
3329,38.735977606976746,78.46777395299577,56.46590004439239,0.49790936952114095
3330,84.87792380194894,169.83442533432304,80.9150526409335,0.03928886521257741
3331,101.99816047681209,203.99632095362418,82.07929800267351,0.0
3332,56.307562351049945,112.61512470209989,58.7943907678725,0.0
3333,41.970714645049306,83.94142929009861,44.241323746121914,0.0
3334,35.745686569582574,71.49137313916515,32.59887012872138,0.0
3335,35.58064215636202,71.16128431272404,21.53853919219092,0.0
3336,26.35966212986506,52.71932425973012,7.567594851310352,0.0
3337,26.300034732635954,52.60006946527191,3.4927360852201716,0.0
3338,26.2892866027464,52.5785732054928,2.910613404350162,0.0
3339,26.31077205203115,52.6215441040623,4.656981446960249,0.0
3340,27.350786301719367,54.701572603438734,4.0748587660901805,0.0
3341,32.77679569503683,65.90936609201827,30.27037940524129,0.17788735097230704
3342,47.66417948333104,96.71210053411853,82.07929800267351,0.6918707837282251
3343,68.2682015955167,138.55874186506756,73.92958047049315,1.0111693370170771
3344,29.38343326349106,60.871879231740536,72.18321242788312,1.0525063523792089
3345,38.53009120584103,79.51617278899069,61.12288149135257,1.2279951886543132
3346,35.554306116365304,75.22968547994427,56.46590004439239,2.060536623606831
3347,36.01379471347276,75.3332449662398,58.2122680870025,1.6528277696471398
3348,80.3951657916478,163.83014675555472,70.43684438527303,1.5199075861295643
3349,58.0824226790617,119.46315981336944,59.95863612961258,1.6491572276230235
3350,36.47755848594819,74.81946597386971,39.58434229916173,0.9321745009866671
3351,36.79912020876593,74.6706871695365,34.345238171331474,0.5362233760023284
3352,36.83954283615706,74.57471827793981,32.59887012872138,0.44781630281284895
3353,40.43963780223811,81.57720051842193,58.08915945964317,0.3489624569728539
3354,88.38608715687532,176.90300636016067,122.65547266103698,0.06541602320501215
3355,106.39762754037031,212.79525508074062,156.4662905530719,0.0
3356,58.928157188953506,117.85631437790701,161.65562020151478,0.0
3357,44.14613523078112,88.29227046156224,180.9055412440918,0.0
3358,37.73730476064972,75.47460952129944,184.23975391485922,0.0
3359,37.63767816764088,75.27535633528176,187.641081138271,0.0
3360,24.130950566868677,48.261901133737354,185.72622674445898,0.0
3361,24.083504544271072,48.167009088542144,183.05570944518556,0.0
3362,24.116969954404947,48.233939908809894,192.7854582891525,0.0
3363,24.181092754342377,48.36218550868475,204.6165366754086,0.0
3364,25.137589093203836,50.27517818640767,210.50015662191396,0.0
3365,30.083159691854735,60.43352375296386,248.21239916084767,0.13360218462719417
3366,43.2767528874907,88.1114505411854,310.16432784683644,0.778972383102
3367,60.60021185231282,125.413957240125,309.2569805562309,2.106766767749683
3368,25.76703670844408,56.20720424405937,305.1246521486645,2.336565413585602
3369,34.639533934186666,72.65663003460723,275.6292640853798,1.688781083116948
3370,33.403779008884754,68.773348261759,262.21056276516003,0.9828951219947463
3371,32.83060394340417,68.6016149101319,230.8289767524061,1.4702035116617815
3372,68.92403227071182,147.43716195526406,229.20813042491832,4.794548706920205
3373,47.36164170153351,107.52916543509146,169.44529622789824,6.402941016012222
3374,27.6520955659387,67.62316656654839,132.73792992499253,6.159487717335493
3375,28.01391507041689,67.0801260692417,67.1058783685933,5.526147964203961
3376,29.885390690200325,67.13437468552091,83.6270038085614,3.6817966525601307
3377,34.90816488447143,73.71734840565114,145.70856617211246,1.9505093183541393
3378,78.76764124436532,158.6215019956154,193.1735896223601,0.5431097534423753
3379,95.2770361939497,190.5540723878994,216.26202941309535,0.0
3380,52.95213692309499,105.90427384618998,217.4437068522427,0.0
3381,39.76785709383536,79.53571418767072,234.53234073705406,0.0
3382,34.048692645846,68.097385291692,239.53273883327572,0.0
3383,33.930140009950655,67.86028001990131,238.25222551182668,0.0
3384,22.793844347317368,45.587688694634735,227.6684334704484,0.0
3385,22.79714127411854,45.59428254823708,230.86192418597662,0.0
3386,22.84047521029097,45.68095042058194,237.60671955212075,0.0
3387,22.91846628911168,45.83693257822336,247.59424317074823,0.0
3388,23.832396315845347,47.66507351520097,254.75338272813892,0.00014044175514053478
3389,28.380234765590078,57.2000093046053,290.52069644925723,0.2197698867125731
3390,40.72143788932168,83.06966537492075,345.53563110447277,0.8133947981386935
3391,57.7463588856792,117.69081529765084,327.09677521584115,1.099048763146222
3392,24.55811073381974,52.844274632140014,278.4754063487559,1.864026582250267
3393,27.64626003480742,67.28115148160747,149.48733834818447,5.994315705996313
3394,23.167599750841532,62.846107385218424,61.09030265252015,8.255453941767678
3395,22.294011888843023,62.7599396149458,58.2122680870025,9.085957918629877
3396,58.88399161995518,136.26122936670495,70.43684438527303,9.246623063397292
3397,41.15581103320055,99.40950571790715,59.95863612961258,8.548941825753024
3398,23.70444899190609,62.31962930424753,39.58434229916173,7.455365660217674
3399,26.276028891666513,62.23853521999915,34.345238171331474,4.84323871833306
3400,27.3667673072102,62.19359263011509,32.59887012872138,3.7300290078473464
3401,31.956832760457083,68.13961970200175,56.46590004439239,2.112977090543792
3402,73.09019983535562,147.14945999765388,80.9150526409335,0.4845301634713147
3403,88.35228254491997,176.70456508983995,82.07929800267351,0.0
3404,48.79125115253435,97.5825023050687,58.7943907678725,0.0
3405,36.36157711001968,72.72315422003936,44.241323746121914,0.0
3406,30.961102124237254,61.92220424847451,32.59887012872138,0.0
3407,30.79822616615992,61.59645233231984,21.53853919219092,0.0
3408,20.58190800214356,41.16381600428712,7.567594851310352,0.0
3409,20.560679709850966,41.12135941970193,6.207888662194276,0.0
3410,20.61828389105117,41.23656778210234,10.045358494095378,0.0
3411,20.68908519117453,41.37817038234906,14.889604466867796,0.0
3412,21.531777445068553,43.08428168099825,17.12732005859665,0.01036339543057345
3413,24.48646067095804,52.03860516638869,45.159055615002224,1.5328419122363075
3414,35.01463453268068,76.44005716533566,98.8097127799177,3.2053940499871474
3415,49.426067472557676,109.02788029653938,91.2100829184036,5.087872675712015
3416,17.394486745399373,48.36457582424581,85.92462549640479,6.787801166723532
3417,23.34009548012441,62.701716509747264,70.65053052427403,8.010762774749221
3418,20.659568956854315,59.109706296412675,56.46590004439239,8.895284191352024
3419,20.188077637206618,59.2009058082577,58.2122680870025,9.412375266922233
3420,54.86065543325594,128.30324514883236,70.43684438527303,9.290967141160236
3421,38.34843789241073,93.68531221261024,59.95863612961258,8.494218213894392
3422,23.209194796907802,58.810110339882755,39.58434229916173,6.195860373033577
3423,24.840274318127655,58.6999108099805,34.345238171331474,4.509681086862594
3424,26.696339044013186,58.70991924959251,32.59887012872138,2.6586205807830674
3425,30.94195967267778,64.2914586975996,56.46590004439239,1.2037696761220198
3426,68.97325150033166,138.59542420439067,80.9150526409335,0.3244606018636753
3427,83.23300642774599,166.46601285549198,82.07929800267351,0.0
3428,46.087448368958945,92.17489673791789,58.7943907678725,0.0
3429,34.28356477316898,68.56712954633797,44.241323746121914,0.0
3430,29.186703491284245,58.37340698256849,32.59887012872138,0.0
3431,29.01607569619618,58.03215139239236,21.53853919219092,0.0
3432,23.3758725845418,46.7517451690836,7.567594851310352,0.0
3433,23.30895862351914,46.61791724703828,3.4927360852201716,0.0
3434,23.291352997375043,46.582705994750086,2.910613404350162,0.0
3435,23.307158115929774,46.61431623185955,4.656981446960249,0.0
3436,25.14214130327676,50.30649004506305,4.0748587660901805,0.011103719254766912
3437,29.73437040005152,62.151479532322824,30.27037940524129,1.341369366109892
3438,45.58782149090905,95.11894424587426,82.07929800267351,1.9716506320280793
3439,60.80684732143144,128.32793284324495,73.92958047049315,3.357119100191033
3440,28.145099821233437,67.04322760590317,72.18321242788312,5.376513981718149
3441,37.982894153084416,89.17112532010479,61.12288149135257,6.60266850696798
3442,26.530855555981432,66.86039407556066,56.46590004439239,6.899341481798901
3443,25.43137908400788,66.94196336888693,58.2122680870025,8.039602600435588
3444,83.0117536324062,182.4841248413936,70.43684438527303,8.230308788290603
3445,69.58295256364478,153.44295987919384,59.95863612961258,7.138527375952132
3446,30.01410116998079,69.54618920592725,39.58434229916173,4.758993432982836
3447,34.22362332051979,70.82897192420599,34.345238171331474,1.1908626415832007
3448,43.9717266925994,90.6102979993775,32.59887012872138,1.3334223070893485
3449,50.390084790568444,101.51099411950777,56.46590004439239,0.36541226918543823
3450,86.28999530773808,172.66356855179615,80.9150526409335,0.04178896815998586
3451,101.78040988563049,203.56081977126098,82.07929800267351,0.0
3452,55.896660823410386,111.79332164682077,58.7943907678725,0.0
3453,41.77966888851289,83.55933777702577,44.241323746121914,0.0
3454,33.52830925003175,67.0566185000635,32.59887012872138,0.0
3455,32.89283328460333,65.78566656920665,21.53853919219092,0.0
3456,22.16891856975317,44.33783713950634,7.567594851310352,0.0
3457,22.101717926585735,44.20343585317147,3.4927360852201716,0.0
3458,22.084795151736945,44.16959030347389,2.910613404350162,0.0
3459,22.09799856359575,44.1959971271915,4.656981446960249,0.0
3460,23.828168528145156,47.67804981260814,4.0748587660901805,0.010856378158910836
3461,29.28624138954189,58.93636565710832,30.27037940524129,0.1819414390122711
3462,44.37040708776898,90.2181218233211,82.07929800267351,0.7386538238915707
3463,59.32696343035717,121.66604208213866,73.92958047049315,1.5060576107121593
3464,29.30395707521834,63.73993053461386,72.18321242788312,2.5660081920885913
3465,36.92515221551946,84.6476445352778,61.12288149135257,5.398670052119445
3466,26.480299780047254,63.50315045120548,56.46590004439239,5.271275445555487
3467,23.705790808572644,63.594993818953306,58.2122680870025,8.091706100904009
3468,78.76056158166125,175.07773385816125,70.43684438527303,8.778305347419373
3469,65.71123567355107,148.1049431917004,59.95863612961258,8.341235922299127
3470,26.612019174071328,67.41919296646357,39.58434229916173,7.0975773091604575
3471,28.51388852402615,68.34498129962972,34.345238171331474,5.658602125788711
3472,39.797943296342716,86.97836040720048,32.59887012872138,3.691236907257524
3473,45.35305986269138,94.89765339949852,56.46590004439239,2.095766837057878
3474,81.08435011442346,163.0809592125232,80.9150526409335,0.4561294918381351
3475,96.66869301215836,193.33738602431671,82.07929800267351,0.0
3476,52.586169795402334,105.17233959080467,58.7943907678725,0.0
3477,39.04740954323407,78.09481908646814,44.241323746121914,0.0
3478,31.325801722656102,62.651603445312205,32.59887012872138,0.0
3479,31.15331233502872,62.30662467005744,21.53853919219092,0.0
3480,22.616830728824656,45.23366145764931,7.567594851310352,0.0
3481,22.55084656042599,45.10169312085198,3.4927360852201716,0.0
3482,22.53456160495247,45.06912320990494,2.910613404350162,0.0
3483,22.544612789547692,45.089225579095384,4.656981446960249,0.0
3484,23.388144710569954,46.84420557374166,4.0748587660901805,0.03395807630087845
3485,26.400589576104444,56.51705070388783,30.27037940524129,1.857935775839471
3486,38.095811530870165,83.03604702340876,82.07929800267351,3.4222119808342146
3487,54.03349863154771,118.74214888634337,73.92958047049315,5.337575811623976
3488,19.24040297912793,52.38035118511797,72.18321242788312,6.94977261343106
3489,25.919620587806644,68.32374880159693,61.12288149135257,8.242253812991823
3490,23.25282632732478,64.7281737762222,56.46590004439239,9.111260560786324
3491,22.859786001839886,64.81201940668076,58.2122680870025,9.546223701500494
3492,60.96181052927571,140.6315770314261,70.43684438527303,9.353977986437345
3493,42.89519352575046,103.15437011226082,59.95863612961258,8.681991530379952
3494,26.2489156862481,67.61684289607302,39.58434229916173,7.559505761788411
3495,28.51823500018201,68.7554654677124,34.345238171331474,5.859497733674189
3496,30.69085349500177,69.3489598634331,32.59887012872138,3.9836264367147765
3497,35.52033364034313,75.49197649924427,56.46590004439239,2.225654609279006
3498,77.91559791252273,157.0483997823316,80.9150526409335,0.6086019786430682
3499,93.26714785847435,186.5342957169487,82.07929800267351,0.0
3500,51.93405333984208,103.86810667968416,58.7943907678725,0.0
3501,37.72130172266816,75.44260344533632,44.241323746121914,0.0
3502,31.94886014484036,63.89772028968072,32.59887012872138,0.0
3503,31.779346179538482,63.558692359076964,21.53853919219092,0.0
3504,22.380298380398273,44.760596760796545,7.567594851310352,0.0
3505,22.317840943424603,44.635681886849206,3.4927360852201716,0.0
3506,22.30333030953564,44.60666061907128,2.910613404350162,0.0
3507,22.320886975368282,44.641773950736564,4.656981446960249,0.0
3508,23.177127570290804,46.39004445089668,4.0748587660901805,0.017894655157538204
3509,26.918579076703505,55.97283727289018,30.27037940524129,1.0678395597415868
3510,38.493449788035974,82.23454807923082,82.07929800267351,2.623824251579434
3511,55.05087447078353,117.53843343713939,73.92958047049315,3.718342247786158
3512,20.337968789593013,51.77329359166314,72.18321242788312,5.548678006238559
3513,27.651133505439184,67.53232456292916,61.12288149135257,6.115028776025398
3514,24.924950908617546,63.94003040539432,56.46590004439239,7.04506429407961
3515,22.997367677297447,64.21846676553986,58.2122680870025,9.111865705472482
3516,61.30314789826742,139.58318215901835,70.43684438527303,8.488443181241758
3517,44.208516090760185,103.76402162254003,59.95863612961258,7.67349472050983
3518,27.35208562183746,67.0662154345379,39.58434229916173,6.181022095431487
3519,29.699629548590252,67.97507942270406,34.345238171331474,4.287910162761776
3520,31.222742638873626,68.70342220225733,32.59887012872138,3.1289684622550373
3521,33.43060193920638,71.00378479296036,56.46590004439239,2.071290457273796
3522,75.17845365306289,151.43691798627418,80.9150526409335,0.5400053400742055
3523,90.77678614029028,181.55357228058057,82.07929800267351,0.0
3524,50.14566948734626,100.29133897469252,58.7943907678725,0.0
3525,37.095853647513906,74.19170729502781,44.241323746121914,0.0
3526,31.592708291722438,63.185416583444876,32.59887012872138,0.0
3527,31.43205168670001,62.86410337340002,21.53853919219092,0.0
3528,22.885293605410784,45.77058721082157,7.567594851310352,0.0
3529,22.822563239844992,45.645126479689985,3.4927360852201716,0.0
3530,22.807347048203763,45.614694096407526,2.910613404350162,0.0
3531,22.826850527740028,45.653701055480056,4.656981446960249,0.0
3532,23.68652859007789,47.446127714603676,4.0748587660901805,0.03653526722394743
3533,27.58925003149125,57.246889547973396,30.27037940524129,1.0341947424954467
3534,39.54743758850522,84.12222549046948,82.07929800267351,2.5136751567295192
3535,55.48950784039894,120.29657296541453,73.92958047049315,4.658778642308322
3536,19.89146845083332,52.968947371705084,72.18321242788312,6.5930052350192225
3537,26.920653130345542,69.1253772279219,61.12288149135257,7.642035483615407
3538,24.392869877558834,65.41487037261433,56.46590004439239,8.314565308748332
3539,23.990204817706665,65.52859132293156,58.2122680870025,8.774090843759115
3540,62.76342307068377,142.3282303104576,70.43684438527303,8.400692084545026
3541,44.02731201109616,103.86976397053125,59.95863612961258,7.907569974169469
3542,26.018995318721373,65.34769346017494,39.58434229916173,6.654851411366095
3543,28.450266662963624,66.79275254025164,34.345238171331474,4.946109607162197
3544,33.39868706036742,69.23422062688607,32.59887012872138,1.2184232530756118
3545,38.31185515906282,77.22631164031154,56.46590004439239,0.30130066109294823
3546,80.22224547894628,160.66486502465384,80.9150526409335,0.11018703338063422
3547,95.63463294570042,191.26926589140083,82.07929800267351,0.0
3548,53.34385219940045,106.6877043988009,58.7943907678725,0.0
3549,38.82409415064382,77.64818830128765,44.241323746121914,0.0
3550,32.50546136821098,65.01092273642196,32.59887012872138,0.0
3551,32.2323553655675,64.464710731135,21.53853919219092,0.0
3552,24.30576872237234,48.61153744474468,7.567594851310352,0.0
3553,24.238671631890842,48.477343263781684,3.4927360852201716,0.0
3554,24.22176895029262,48.44353790058524,2.910613404350162,0.0
3555,24.23635519839652,48.47271039679304,4.656981446960249,0.0
3556,25.175025722257836,50.374285226017484,4.0748587660901805,0.012116890750906712
3557,29.575031691482916,60.72807088774455,30.27037940524129,0.7890037523893604
3558,43.44468189244802,89.15124763514784,82.07929800267351,1.1309419251259027
3559,62.52393583216513,127.54492285174598,73.92958047049315,1.2485255937078612
3560,26.091275946452892,56.135257677479835,72.18321242788312,1.9763528922870264
3561,31.12375802459175,73.29807642841092,61.12288149135257,5.525280189613709
3562,26.40138615238954,69.56349480175273,56.46590004439239,8.380361248486821
3563,25.89098802702483,70.30703574097797,58.2122680870025,9.262529843464154
3564,67.40066045066284,152.9182053501668,70.43684438527303,9.05844222442056
3565,48.593024518156426,114.04817812193262,59.95863612961258,8.431064542809882
3566,29.854748043303026,74.55056448283655,39.58434229916173,7.420534198115248
3567,32.19296358753844,75.95689637108421,34.345238171331474,5.785484598003659
3568,35.06917162179826,77.94573258690014,32.59887012872138,3.9036946716518046
3569,41.05628537603414,85.7585734284047,56.46590004439239,1.8230013381682095
3570,86.22086304828797,173.71945226923233,80.9150526409335,0.6388630863281992
3571,102.77673360470638,205.55346720941276,82.07929800267351,0.0
3572,57.89335299110904,115.78670598221808,58.7943907678725,0.0
3573,42.44820750587909,84.89641501175818,44.241323746121914,0.0
3574,35.499189860651605,70.99837972130321,32.59887012872138,0.0
3575,34.62117345601304,69.24234691202608,21.53853919219092,0.0
3576,23.4989576051576,46.9979152103152,7.567594851310352,0.0
3577,23.308735633250482,46.617471266500964,3.4927360852201716,0.0
3578,23.20598528518692,46.41197057037384,2.910613404350162,0.0
3579,23.209708212067948,46.419416424135896,4.656981446960249,0.0
3580,24.034620042270447,48.236611237861005,4.0748587660901805,0.08368557666005472
3581,28.289732092342632,58.16352754431674,30.27037940524129,0.7920316798157401
3582,40.32662244166786,85.40994531488052,82.07929800267351,2.378350215772403
3583,56.26955916992255,122.12031284106357,73.92958047049315,4.790597250609231
3584,21.26758367848538,53.86639819873463,72.18321242788312,5.6656154208819345
3585,28.301711497715246,70.43218932747371,61.12288149135257,6.914383166021606
3586,25.187860383817235,67.55794725695934,56.46590004439239,8.591113244662434
3587,25.65141238045263,68.11336754829532,58.2122680870025,8.405271393695028
3588,65.39154991651219,146.96388389233636,70.43684438527303,8.090392029655984
3589,46.97379324998858,109.77728031467518,59.95863612961258,7.914846907349009
3590,28.605575750282757,71.6449207573075,39.58434229916173,7.2168846283709955
3591,30.97471663549552,72.74572401782845,34.345238171331474,5.398145373418708
3592,34.51352708275752,74.62056898583845,32.59887012872138,2.7967574101617068
3593,40.822498575047725,82.35355689363804,56.46590004439239,0.35427987177129655
3594,82.7965943695549,166.20108297268553,80.9150526409335,0.3039471167878678
3595,98.41479764065723,196.82959528131445,82.07929800267351,0.0
3596,55.490456129103244,110.98091225820649,58.7943907678725,0.0
3597,40.6260954398141,81.2521908796282,44.241323746121914,0.0
3598,33.86154110288533,67.72308220577067,32.59887012872138,0.0
3599,33.200705528225974,66.40141105645195,21.53853919219092,0.0
3600,23.292979462382092,46.585958924764185,7.567594851310352,0.0
3601,23.143175026375005,46.28635005275001,3.4927360852201716,0.0
3602,23.02551992479837,46.05103984959674,2.910613404350162,0.0
3603,22.943058509923503,45.886117019847006,4.656981446960249,0.0
3604,24.635812928504347,49.432472656863105,4.0748587660901805,0.08042339992720403
3605,29.756607476624623,60.9378439911434,30.27037940524129,0.7123145189470776
3606,45.559016477802366,93.23651260701703,82.07929800267351,1.0592398257061517
3607,61.6627463059742,125.76612098280943,73.92958047049315,1.2203141854305095
3608,31.738057649433465,65.85220716266956,72.18321242788312,1.1880459319013132
3609,41.47878552862638,88.2648803915688,61.12288149135257,2.6536546671580132
3610,26.66274182543382,66.91841558834692,56.46590004439239,6.796465968739641
3611,24.76774151791674,68.28602774153691,58.2122680870025,9.375272352851715
3612,82.39009682585774,183.40548041399617,70.43684438527303,9.312643381140342
3613,69.28150930183992,155.0060296288715,59.95863612961258,8.22150551259583
3614,29.114180597089113,72.1576648817629,39.58434229916173,6.9646518437923355
3615,31.474626914327036,72.21563304937408,34.345238171331474,4.633189610360002
3616,42.02194747488423,90.39975653275096,32.59887012872138,3.1779307914912516
3617,49.121657505377115,102.01329390002364,56.46590004439239,1.8849894446347066
3618,85.2483797989044,171.77978611402094,80.9150526409335,0.6415132581060713
3619,101.16060297250323,202.32120594500645,82.07929800267351,0.0
3620,56.18183261462622,112.36366522925243,58.7943907678725,0.0
3621,41.54102321252864,83.08204642505729,44.241323746121914,0.0
3622,33.230367112043666,66.46073422408733,32.59887012872138,0.0
3623,32.69242563183626,65.38485126367252,21.53853919219092,0.0
3624,22.25691263677357,44.51382527354714,7.567594851310352,0.0
3625,21.979740612251568,43.959481224503136,3.4927360852201716,0.0
3626,21.867610673837326,43.73522134767465,2.910613404350162,0.0
3627,21.8395455023974,43.6790910047948,4.656981446960249,0.0
3628,23.47990487613809,47.11914574206914,4.0748587660901805,0.07966799489648092
3629,27.48093456022351,58.245073127976255,30.27037940524129,1.6416020037646193
3630,41.26317909820863,89.18194124929545,82.07929800267351,3.3277915264390914
3631,54.88304696132662,120.27906110355738,73.92958047049315,5.256483590452069
3632,24.588359613545247,63.02301216820652,72.18321242788312,6.923146470558013
3633,33.89776560413587,84.09797471155545,61.12288149135257,8.15122175164186
3634,22.980895812644803,63.828872839988485,56.46590004439239,8.933540607349437
3635,22.81838562408257,64.29051869630706,58.2122680870025,9.32687372407096
3636,77.46635614438466,173.20239377227512,70.43684438527303,9.134840741752903
3637,64.64961452681683,146.355000188062,59.95863612961258,8.52788556721417
3638,26.140841086200364,67.19535350271352,39.58434229916173,7.456835665156395
3639,28.32403238974877,68.39265883132015,34.345238171331474,5.872297025911304
3640,39.78490765868685,87.53856495044032,32.59887012872138,3.9843748165333106
3641,46.312514421718014,96.6266027097154,56.46590004439239,2.0007869331396853
3642,80.99193262895112,162.4837813186392,80.9150526409335,0.2499580303684791
3643,95.69677832690464,191.39355665380927,82.07929800267351,0.0
3644,52.80699515806408,105.61399031612817,58.7943907678725,0.0
3645,38.96733813233952,77.93467626467904,44.241323746121914,0.0
3646,31.397241149596976,62.79448229919395,32.59887012872138,0.0
3647,31.122288642151034,62.24457728430207,21.53853919219092,0.0
3648,21.400505904717203,42.80101180943441,7.567594851310352,0.0
3649,21.281151167858287,42.56230233571657,3.4927360852201716,0.0
3650,21.178268744168488,42.356537488336976,2.910613404350162,0.0
3651,21.128740492877313,42.257480985754626,4.656981446960249,0.0
3652,22.7831462774933,45.57013996836668,4.0748587660901805,0.0019237066900392504
3653,25.83305105196987,52.978641705709414,30.27037940524129,0.6562698008848343
3654,35.991559318553165,77.8720921970396,82.07929800267351,2.9444867799666365
3655,52.93956228906619,116.3226047773135,73.92958047049315,5.221740099590565
3656,44.579649839088766,102.91467537814319,72.18321242788312,6.877687849982828
3657,47.35585016708177,111.07840803426805,61.12288149135257,8.18335385005226
3658,42.80026683800602,103.66913817889318,56.46590004439239,9.034302251440574
3659,38.61257173619158,95.84505857457592,58.2122680870025,9.309957551096373
3660,83.50622953710244,185.1723534399082,70.43684438527303,9.079947182851651
3661,71.13410529748248,159.28676985892912,59.95863612961258,8.509279631982078
3662,46.60033499695431,107.84700883137319,39.58434229916173,7.323169418732284
3663,44.32918863424072,100.31719231004588,34.345238171331474,5.829407520782215
3664,45.34469860020446,98.72152626987635,32.59887012872138,4.016064534733718
3665,53.22393223446079,107.46857416760024,56.46590004439239,0.5103548493393268
3666,84.42401096317218,168.96870787288216,80.9150526409335,0.060342973268899674
3667,97.97791189910365,195.9558237982073,82.07929800267351,0.0
3668,58.769415266345916,117.53883053269183,58.7943907678725,0.0
3669,48.4466053050079,96.8932106100158,44.241323746121914,0.0
3670,39.047223285543026,78.09444657108605,32.59887012872138,0.0
3671,25.99592109605749,51.99184219211498,21.53853919219092,0.0
3672,22.801573075397478,45.603146150794956,7.567594851310352,0.0
3673,22.605917565312737,45.211835130625474,3.4927360852201716,0.0
3674,22.48677423835268,44.97354847670536,2.910613404350162,0.0
3675,22.464030141731396,44.92806028346279,4.656981446960249,0.0
3676,23.269641260695156,46.685725579954536,4.0748587660901805,0.07322152928211158
3677,27.132353340831994,56.32478496058926,30.27037940524129,1.030039139462637
3678,38.21018801022727,82.7599629233966,82.07929800267351,3.169793451471026
3679,54.07286981670024,118.30375372495429,73.92958047049315,5.079007045776902
3680,20.150562498414544,52.15188021612336,72.18321242788312,5.9253776096471364
3681,26.280339200238952,68.08846198968652,61.12288149135257,7.76389179460431
3682,24.880204743085386,65.32749036868884,56.46590004439239,7.783540441259034
3683,25.46839369987852,65.91429258112805,58.2122680870025,7.488752590685508
3684,62.98862552987064,141.6872814770929,70.43684438527303,7.855015208675819
3685,46.77031464122014,105.06440971863127,59.95863612961258,5.761890218095498
3686,31.27137206236708,68.51568674069696,39.58434229916173,2.9864713079813994
3687,32.64469422263156,69.3913363049753,34.345238171331474,2.0509739298560894
3688,34.0733831751647,70.82763469883064,32.59887012872138,1.3404341742506147
3689,38.57689368093127,78.52043173922617,56.46590004439239,0.6833221886818165
3690,78.6383157940606,157.89072951458115,80.9150526409335,0.3070489632299711
3691,94.01979817069274,188.03959634138548,82.07929800267351,0.0
3692,52.85150560197328,105.70301120394656,58.7943907678725,0.0
3693,38.62149351488952,77.24298702977904,44.241323746121914,0.0
3694,32.31056074187417,64.62112148374834,32.59887012872138,0.0
3695,32.00687308603356,64.01374617206712,21.53853919219092,0.0
3696,23.22656159663951,46.45312319327902,7.567594851310352,0.0
3697,23.070442157483267,46.140884314966534,3.4927360852201716,0.0
3698,23.00130723723963,46.00261447447926,2.910613404350162,0.0
3699,22.969801007659235,45.93960201531847,4.656981446960249,0.0
3700,23.75676337666316,47.73277396032096,4.0748587660901805,0.10962360349732093
3701,28.517347219746142,57.56168213472557,30.27037940524129,0.26349384761664396
3702,41.3487243104267,84.5704137690684,82.07929800267351,0.9364825741075024
3703,58.27925130558271,120.9772070355391,73.92958047049315,2.2093522121868348
3704,23.77272917608552,53.416745268275434,72.18321242788312,2.9356434580521995
3705,30.953256317165724,70.13736591814536,61.12288149135257,4.115426641906955
3706,30.55664868575425,67.11053172654992,56.46590004439239,2.9986171775207096
3707,31.282107127919666,67.6005491502545,58.2122680870025,2.5181674472075817
3708,68.00780636042717,146.7518673973417,70.43684438527303,5.368127338243687
3709,47.398080696335214,109.21072110446613,59.95863612961258,7.207279855897849
3710,28.735664725906595,71.50671078549777,39.58434229916173,7.017690666842292
3711,31.217249577383683,72.77786688538814,34.345238171331474,5.171683865310384
3712,35.33716423605663,74.88973762948251,32.59887012872138,2.107704578684623
3713,40.54429754916639,82.49427211694953,56.46590004439239,0.7028385093083805
3714,82.62946313752391,165.83928633856056,80.9150526409335,0.29018003175636375
3715,98.05218737305904,196.10437474611808,82.07929800267351,0.0
3716,55.47444123565327,110.94888247130655,58.7943907678725,0.0
3717,40.5787095206929,81.1574190413858,44.241323746121914,0.0
3718,34.05345993293076,68.10691986586151,32.59887012872138,0.0
3719,33.04822383992436,66.09644767984872,21.53853919219092,0.0
3720,25.568716254318133,51.137432508636266,7.567594851310352,0.0
3721,25.3787218074849,50.7574436149698,3.4927360852201716,0.0
3722,25.244229259771053,50.48845851954211,2.910613404350162,0.0
3723,25.190525534125662,50.381051068251324,4.656981446960249,0.0
3724,26.00143303754285,52.19497169746228,4.0748587660901805,0.09605281118828958
3725,30.92101202666979,62.796485066215844,30.27037940524129,0.4772305064381325
3726,43.91285548187119,92.12403580360505,82.07929800267351,2.1491624199313333
3727,61.84359956067241,131.84329135155426,73.92958047049315,4.07804611510472
3728,23.33513983945361,58.15085374022075,72.18321242788312,5.740287030656761
3729,31.596885013411082,76.78281487797275,61.12288149135257,6.794522425575293
3730,30.63113088266055,73.32542381388551,56.46590004439239,6.031581024282202
3731,30.172902885537514,74.55726676812036,58.2122680870025,7.105730498522665
3732,74.70466236639247,161.1254688437566,70.43684438527303,5.858072055485831
3733,55.977109903765935,120.6168242667779,59.95863612961258,4.33130222962301
3734,35.45594670693246,78.85627383459274,39.58434229916173,3.9721902103639155
3735,36.23340751367247,80.12044513504836,34.345238171331474,3.826815053851708
3736,38.1589641003017,81.70273054468139,32.59887012872138,2.6924011720389927
3737,43.125954366141336,89.83175201917345,56.46590004439239,1.7899216434453868
3738,89.16900286742306,179.84273008792127,80.9150526409335,0.7523621765375789
3739,106.57682752884416,213.15365505768833,82.07929800267351,0.0
3740,60.228568204687896,120.45713640937579,58.7943907678725,0.0
3741,44.182897396530684,88.36579479306137,44.241323746121914,0.0
3742,37.049870858431476,74.09974171686295,32.59887012872138,0.0
3743,36.29481906506016,72.58963813012032,21.53853919219092,0.0
3744,23.818320064832257,47.636640129664514,7.567594851310352,0.0
3745,23.608190560128666,47.21638112025733,3.4927360852201716,0.0
3746,23.49761655468031,46.99523310936062,2.910613404350162,0.0
3747,23.453392733532286,46.90678546706457,4.656981446960249,0.0
3748,24.096634471770372,48.54462798749558,4.0748587660901805,0.17567952197741993
3749,27.69363189761854,58.5047561079543,30.27037940524129,1.55874615635861
3750,39.58999182748289,85.64367701783081,82.07929800267351,3.231846681432515
3751,61.18380546851891,122.36761093703782,73.92958047049315,0.0
3752,20.697472677743203,54.398917949184,72.18321242788312,6.501986296848798
3753,28.118684520334043,71.36748893820705,61.12288149135257,7.565059948769481
3754,25.840485831051787,68.94566750265437,56.46590004439239,8.632347920275402
3755,27.373163859964343,72.40161764243068,58.2122680870025,8.827644961250996
3756,67.15607421281865,151.8990409540252,70.43684438527303,8.793446264193951
3757,48.76907393522313,113.93917880125485,59.95863612961258,8.200515465404298
3758,30.763280308465344,75.40436806377895,39.58434229916173,6.938903723424128
3759,32.09920172644788,75.21606909264162,34.345238171331474,5.508832819872928
3760,34.276024868439826,76.55021917320404,32.59887012872138,3.9990847181621954
3761,39.19826702296536,82.90625584453169,56.46590004439239,2.2548608993004833
3762,82.34600038017409,166.32425596670706,80.9150526409335,0.8161276031794416
3763,98.73817811557579,197.47635623115158,82.07929800267351,0.0
3764,55.48498542021856,110.96997084043711,58.7943907678725,0.0
3765,40.49445550631091,80.98891101262183,44.241323746121914,0.0
3766,34.02740300074019,68.05480600148039,32.59887012872138,0.0
3767,33.29661372635224,66.59322745270448,21.53853919219092,0.0
3768,24.631060948205256,49.26212189641051,7.567594851310352,0.0
3769,24.45450060689322,48.90900121378644,3.4927360852201716,0.0
3770,24.347091160942004,48.69418232188401,2.910613404350162,0.0
3771,24.294830897865996,48.58966179573199,4.656981446960249,0.0
3772,25.99782265251921,52.294286150552466,4.0748587660901805,0.14932042275702218
3773,31.705200762159865,64.4287856722576,30.27037940524129,0.5091920739689364
3774,46.23967195202456,98.48007236241828,82.07929800267351,3.0003642291845845
3775,61.385485899217215,132.91503506150923,73.92958047049315,5.072031631537402
3776,27.764950710589147,69.54884989767821,72.18321242788312,7.009474238249958
3777,38.18406342790948,92.71802611596276,61.12288149135257,8.174949630071898
3778,26.291145313132887,70.1193454914096,56.46590004439239,8.768527432571917
3779,26.23288429754576,70.92354874797671,58.2122680870025,9.228890076442596
3780,86.20928844143701,190.97091454210036,70.43684438527303,9.276168829613168
3781,72.5126265531187,162.05478538284697,59.95863612961258,8.514766138304788
3782,30.237445370044806,74.91850436376488,39.58434229916173,7.221806811837634
3783,32.312266637833005,75.86763428893599,34.345238171331474,5.621550506634992
3784,44.13089358136537,96.49170346119891,32.59887012872138,4.114958149234084
3785,51.10443559776944,106.9801396021157,56.46590004439239,2.385634203288415
3786,89.2776683388849,180.08594658702776,80.9150526409335,0.7653049546289828
3787,105.65372758569104,211.3074551713821,82.07929800267351,0.0
3788,58.61753368575723,117.23506737151446,58.7943907678725,0.0
3789,43.38613723129751,86.77227446259502,44.241323746121914,0.0
3790,34.79989259844329,69.59978519688659,32.59887012872138,0.0
3791,34.40391850759072,68.80783701518143,21.53853919219092,0.0
3792,22.776834796483808,45.553669592967616,7.567594851310352,0.0
3793,22.620939632438507,45.241879264877014,3.4927360852201716,0.0
3794,22.548831223266237,45.097662446532475,2.910613404350162,0.0
3795,22.51997228231173,45.03994456462346,4.656981446960249,0.0
3796,24.236775063590446,48.50424613246777,4.0748587660901805,0.015348002643438382
3797,29.246891354621432,59.88876333889121,30.27037940524129,0.6974903148241723
3798,43.79599580156735,91.70713815282798,82.07929800267351,2.0575732748466415
3799,57.12898822928763,123.70355634195316,73.92958047049315,4.722789941688949
3800,25.651710555622223,64.74863568381053,72.18321242788312,6.722607286283042
3801,34.94573750919548,86.01718657451683,61.12288149135257,8.062855778062936
3802,23.485541852190103,64.54299127313543,56.46590004439239,8.785953784377613
3803,23.41931007425275,64.75208319367357,58.2122680870025,8.956731522584034
3804,79.41413778261047,176.53505667992962,70.43684438527303,8.853390557354347
3805,66.03308734906662,148.15075198271333,59.95863612961258,8.042288642290044
3806,26.685762644568662,65.2526210254361,39.58434229916173,5.9405478681493875
3807,29.39378172011255,68.41019464363328,34.345238171331474,4.811315601704088
3808,39.70696254571286,87.64049571221692,32.59887012872138,4.1132853103955975
3809,45.61977193010813,95.96817005069015,56.46590004439239,2.3643130952369416
3810,81.44913330306883,164.62145423232712,80.9150526409335,0.861593813094735
3811,97.1993232864892,194.3986465729784,82.07929800267351,0.0
3812,52.79092576535231,105.58185153070463,58.7943907678725,0.0
3813,39.297579307850434,78.59515861570087,44.241323746121914,0.0
3814,31.863065102381555,63.72613020476311,32.59887012872138,0.0
3815,31.64265102319209,63.28530204638418,21.53853919219092,0.0
3816,21.71728159624,43.43456319248,7.567594851310352,0.0
3817,21.653487322434263,43.306974644868525,3.4927360852201716,0.0
3818,21.63713546046572,43.27427092093144,2.910613404350162,0.0
3819,21.653646049942402,43.307292099884805,4.656981446960249,0.0
3820,22.474289629184597,45.00362606553042,4.0748587660901805,0.02752340358061284
3821,26.077805962543692,54.32252106699933,30.27037940524129,1.0834545709559702
3822,37.18581170496086,79.90551722074491,82.07929800267351,2.7669469054115936
3823,53.443042151638544,114.22469195606973,73.92958047049315,3.6693038263963254
3824,19.83436520728153,50.451013575459676,72.18321242788312,5.391141580448311
3825,25.56689215511373,65.73753976257693,61.12288149135257,7.301877726174734
3826,24.064686438982235,62.211981275855315,56.46590004439239,7.041304198945423
3827,25.523398671948716,62.55346069410853,58.2122680870025,5.7533316751055485
3828,62.74859399410313,136.02327489939648,70.43684438527303,5.263043455595106
3829,43.818160143517,99.95461486030227,59.95863612961258,6.1591472866341395
3830,27.634580955906852,65.56965927297993,39.58434229916173,5.150248680583116
3831,31.267447102640038,67.36462719827807,34.345238171331474,2.4148664964989996
3832,32.486681301733036,68.44242207978031,32.59887012872138,1.7345297381571239
3833,35.95171176053831,73.93710592498901,56.46590004439239,1.016841201956195
3834,76.338578362687,153.22157121859397,80.9150526409335,0.2722072466099835
3835,89.75687900963017,179.51375801926034,82.07929800267351,0.0
3836,49.547369425339866,99.09473885067973,58.7943907678725,0.0
3837,36.25226200321768,72.50452400643536,44.241323746121914,0.0
3838,30.797247209437245,61.59449441887449,32.59887012872138,0.0
3839,30.572297134483478,61.144594268966955,21.53853919219092,0.0
3840,21.994211007947445,43.98842201589489,7.567594851310352,0.0
3841,21.920483607658355,43.84096721531671,3.4927360852201716,0.0
3842,21.899308078263786,43.79861615652757,2.910613404350162,0.0
3843,21.913553733775828,43.827107467551656,4.656981446960249,0.0
3844,22.61874378365659,45.53915372302759,4.0748587660901805,0.15083307785720435
3845,27.09142371540346,54.959674591148286,30.27037940524129,0.3884135801706812
3846,39.07029817503823,80.82580269076541,82.07929800267351,1.3426031703444776
3847,56.40129929653423,115.54731604942675,73.92958047049315,1.3723587281791454
3848,23.672606799583427,51.01974959309937,72.18321242788312,1.8372679969662582
3849,30.823679306590684,66.50926342423759,61.12288149135257,2.430952405528111
3850,27.290197963344994,62.9143882017135,56.46590004439239,4.166996137511758
3851,26.082583574011238,63.08473948207568,58.2122680870025,5.459786167026605
3852,62.43767644153569,136.83581748721556,70.43684438527303,5.98023230207209
3853,42.06664880393529,99.79543311140841,59.95863612961258,7.831067751768918
3854,24.388326175347117,63.0729501958662,39.58434229916173,7.1481489225859836
3855,26.033358837674655,63.62801616144758,34.345238171331474,5.780649243049138
3856,28.06268117549712,63.83952162314537,32.59887012872138,3.8570796360755693
3857,32.67974033742801,69.42800143525359,56.46590004439239,2.034260380198788
3858,73.55107508618003,147.4140710342204,80.9150526409335,0.1559604309301686
3859,88.47118050716557,176.94236101433114,82.07929800267351,0.0
3860,48.8769372885101,97.7538745770202,58.7943907678725,0.0
3861,36.44129604717477,72.88259209434953,44.241323746121914,0.0
3862,31.039018314991285,62.07803662998257,32.59887012872138,0.0
3863,30.87806548615798,61.75613097231596,21.53853919219092,0.0
3864,22.23274718367917,44.46549436735834,7.567594851310352,0.0
3865,22.16951806779779,44.33903613559558,3.4927360852201716,0.0
3866,22.154028469876906,44.30805693975381,2.910613404350162,0.0
3867,22.1716586180297,44.3433172360594,4.656981446960249,0.0
3868,22.918792051384,46.081827857308326,4.0748587660901805,0.12212187727016406
3869,26.255445425859303,55.61360187470074,30.27037940524129,1.5513555114910678
3870,37.59198152614632,81.78608466919142,82.07929800267351,3.3010608084493924
3871,53.414206301945825,116.94259194438679,73.92958047049315,5.057089670247567
3872,19.565483171869694,51.600900315725255,72.18321242788312,6.234966985992934
3873,26.66514979701298,67.33752170564533,61.12288149135257,7.003611055809684
3874,23.885034217924932,63.802030845119866,56.46590004439239,8.015981204635002
3875,23.465498136924253,63.9699322468966,58.2122680870025,8.519467986524047
3876,60.9082819604637,138.94710516789982,70.43684438527303,8.56527062348621
3877,44.36572289618675,103.98521523025846,59.95863612961258,7.6268847189424775
3878,28.621741906258993,67.80441326321996,39.58434229916173,5.280464725350986
3879,29.778472025965442,69.25787539025787,34.345238171331474,4.850465669163489
3880,32.04624767233355,71.33440258280591,32.59887012872138,3.6209536190694025
3881,37.25575001610521,78.25384241148805,56.46590004439239,1.8711711896388166
3882,79.22904931794007,158.65971315356666,80.9150526409335,0.1008072588432658
3883,93.90767302422294,187.8153460484459,82.07929800267351,0.0
3884,52.992007520010944,105.98401504002189,58.7943907678725,0.0
3885,38.61720617382933,77.23441234765866,44.241323746121914,0.0
3886,32.24070314424515,64.4814062884903,32.59887012872138,0.0
3887,31.54092471199783,63.08184942399566,21.53853919219092,0.0
3888,25.68091574970154,51.36183149940308,7.567594851310352,0.0
3889,25.536365800245182,51.072731600490364,3.4927360852201716,0.0
3890,25.483321535736874,50.96664307147375,2.910613404350162,0.0
3891,25.48420923967228,50.96841847934456,4.656981446960249,0.0
3892,26.302981378636364,52.956101930120504,4.0748587660901805,0.1750695864238869
3893,30.244045395700248,63.77640501784028,30.27037940524129,1.644157113219893
3894,44.1030839173834,93.60405900121778,82.07929800267351,2.6989455832254894
3895,61.74339683788303,133.98550186609546,73.92958047049315,5.249354095164696
3896,22.62637283102927,58.97542104515609,72.18321242788312,6.861337691548777
3897,38.47966288180378,76.95932576360757,61.12288149135257,0.0
3898,27.432511712610612,72.79698708964908,56.46590004439239,8.965981832213927
3899,27.220785105356917,72.877537855574,58.2122680870025,9.217983822430087
3900,70.34463596535178,158.423336779913,70.43684438527303,8.867032424604709
3901,49.853378681733965,116.1196060553905,59.95863612961258,8.20642434596129
3902,30.073189847997817,73.61476152118456,39.58434229916173,6.734190912594465
3903,32.69115154991634,74.92678469780944,34.345238171331474,4.7722407989883795
3904,35.71302710397923,77.93288089861109,32.59887012872138,3.2534133453263148
3905,39.86643437983298,83.82541965928239,56.46590004439239,2.0462754498082116
3906,86.02749756101957,173.2609979231581,80.9150526409335,0.6030014005594778
3907,103.33432908384002,206.66865816768004,82.07929800267351,0.0
3908,56.81407275743667,113.62814551487334,58.7943907678725,0.0
3909,42.265540324727574,84.53108064945515,44.241323746121914,0.0
3910,36.01282888672978,72.02565777345956,32.59887012872138,0.0
3911,35.849861938386155,71.69972387677231,21.53853919219092,0.0
3912,22.132074917335096,44.26414983467019,7.567594851310352,0.0
3913,22.067690558008284,44.13538111601657,3.4927360852201716,0.0
3914,22.051448209679233,44.102896419358466,2.910613404350162,0.0
3915,22.067719526116758,44.135439052233515,4.656981446960249,0.0
3916,22.93018649905776,45.86047789300052,4.0748587660901805,5.244744249972661e-05
3917,27.553363243850058,55.342211387030034,30.27037940524129,0.11774244966495945
3918,40.440038649199984,81.38620700247259,82.07929800267351,0.2530648520363067
3919,57.7063513005113,116.37647160530317,73.92958047049315,0.4818845021402814
3920,24.834556558158233,51.3865267167493,72.18321242788312,0.8587068002164179
3921,32.017260142730535,66.96713796183936,61.12288149135257,1.4663088381891443
3922,29.92415305141633,63.51714524851529,56.46590004439239,1.834419572841316
3923,29.39125787077526,64.0229093984376,58.2122680870025,2.6201968284435426
3924,66.73234529936144,138.67911938429688,70.43684438527303,2.6072143927870064
3925,48.01372465536888,103.52356030288797,59.95863612961258,3.748055496075101
3926,28.43086023061087,68.380860893792,39.58434229916173,5.75957021628513
3927,29.947649223791462,69.5283027233961,34.345238171331474,4.816502137906585
3928,31.129124699373335,68.64731886531547,32.59887012872138,3.1945347332844003
3929,35.697718457154906,74.77165433223729,56.46590004439239,1.6881087089637374
3930,75.29819166650684,151.9947205334099,80.9150526409335,0.6991686001981112
3931,89.17408441344652,178.34816882689304,82.07929800267351,0.0
3932,49.24970326589161,98.49940653178322,58.7943907678725,0.0
3933,36.71372140540661,73.42744281081322,44.241323746121914,0.0
3934,31.260381564182673,62.520763128365346,32.59887012872138,0.0
3935,31.09776568959982,62.19553137919964,21.53853919219092,0.0
3936,24.01195249092625,48.0239049818525,7.567594851310352,0.0
3937,23.947000330322602,47.894000660645204,3.4927360852201716,0.0
3938,23.931509675707986,47.86301935141597,2.910613404350162,0.0
3939,23.94719538194389,47.89439076388778,4.656981446960249,0.0
3940,25.819765266849505,51.68586143791926,4.0748587660901805,0.023165452110123105
3941,31.695030113872516,63.84500082005176,30.27037940524129,0.22747029615336187
3942,47.11999659661554,97.70902327109847,82.07929800267351,1.7345150389336967
3943,62.670848754817996,131.89427120382,73.92958047049315,3.2762868470920083
3944,28.799551929066844,68.91847078758427,72.18321242788312,5.659683464725291
3945,39.01134203943373,91.65225735391557,61.12288149135257,6.814786637524056
3946,27.00096235820123,68.64904248904462,56.46590004439239,7.323558886321078
3947,26.385503841605065,68.80274933458982,58.2122680870025,8.015870825689843
3948,86.07871214643697,187.65484532550755,70.43684438527303,7.748710516316803
3949,70.99145238843289,156.83040191054653,59.95863612961258,7.423748566840367
3950,27.931080627026986,68.81803990111702,39.58434229916173,6.4779393235315235
3951,29.914094766565945,69.98000005550706,34.345238171331474,5.075905261187586
3952,40.33868075474025,89.41305940165823,32.59887012872138,4.367848946088861
3953,47.527134552103654,100.14638837301563,56.46590004439239,2.546059634404161
3954,86.14712237917765,173.14505730240498,80.9150526409335,0.4254062720248439
3955,101.59813046197304,203.19626092394608,82.07929800267351,0.0
3956,55.3665964765704,110.7331929531408,58.7943907678725,0.0
3957,41.748522833916226,83.49704566783245,44.241323746121914,0.0
3958,33.93092284960276,67.86184569920552,32.59887012872138,0.0
3959,33.76955589779478,67.53911179558956,21.53853919219092,0.0
3960,22.02900893927266,44.05801787854532,7.567594851310352,0.0
3961,21.963882825476446,43.92776565095289,3.4927360852201716,0.0
3962,21.949351472772015,43.89870294554403,2.910613404350162,0.0
3963,21.96659308117026,43.93318616234052,4.656981446960249,0.0
3964,23.53352898832508,47.401664843848785,4.0748587660901805,0.16730343359931163
3965,27.46562922263969,58.59966857083198,30.27037940524129,1.8342050627762994
3966,41.50859380051673,89.78959781465298,82.07929800267351,3.3862051068097587
3967,55.29452063320504,121.1204553478471,73.92958047049315,5.265707040718507
3968,24.81713750551872,63.3884941328791,72.18321242788312,6.877109560920833
3969,33.8636450534072,84.12558280345289,61.12288149135257,8.199146348319244
3970,22.44610102365089,63.0259702021682,56.46590004439239,9.06688407743321
3971,22.076972342484375,63.06800418887299,58.2122680870025,9.45702975195212
3972,76.76366827022908,171.89659084389788,70.43684438527303,9.18462715171987
3973,63.38432503949002,143.64170538159274,59.95863612961258,8.436527651306351
3974,23.94790747531217,62.6416091013619,39.58434229916173,7.3728970753687815
3975,25.49794399980027,62.54566839516996,34.345238171331474,5.77489019778471
3976,36.03856479966346,79.92672925591361,32.59887012872138,3.9247998282933465
3977,42.77289230287748,89.3080117456404,56.46590004439239,1.8811135699427184
3978,77.52810584921285,156.35857983194285,80.9150526409335,0.6511840667585681
3979,93.04972716565108,186.09945433130216,82.07929800267351,0.0
3980,50.71422775965953,101.42845551931906,58.7943907678725,0.0
3981,38.25403031275131,76.50806062550262,44.241323746121914,0.0
3982,31.0878936223275,62.175787244655,32.59887012872138,0.0
3983,30.932335145714262,61.864670291428524,21.53853919219092,0.0
3984,24.090432207698875,48.18086441539775,7.567594851310352,0.0
3985,24.031784064790248,48.063568129580496,3.4927360852201716,0.0
3986,24.02135687933144,48.04271375866288,2.910613404350162,0.0
3987,24.042959683057234,48.08591936611447,4.656981446960249,0.0
3988,24.76147493916125,49.98519650436996,4.0748587660901805,0.23112331302372927
3989,28.183184519412784,60.28267786851576,30.27037940524129,1.958154414845097
3990,40.843755706747615,88.58887601264128,82.07929800267351,3.4506822995730255
3991,58.13983637693847,126.78942502932057,73.92958047049315,5.254876137721814
3992,20.985176054638167,55.79679539342566,72.18321242788312,6.913221642074663
3993,28.195916321185116,72.78550398711404,61.12288149135257,8.196835672371906
3994,25.433093094735057,68.87172293142405,56.46590004439239,9.002768370976964
3995,25.121043693014578,68.94031506571005,58.2122680870025,9.349113839840447
3996,65.74493138224504,149.91526359513196,70.43684438527303,9.212700415320938
3997,45.98566501157503,109.36362618083501,59.95863612961258,8.696148078842475
3998,26.64151701782815,68.53183687591502,39.58434229916173,7.624401420129359
3999,28.082415497389473,68.33881680717411,34.345238171331474,6.086992906197583
4000,29.99260490379984,68.31167675034423,32.59887012872138,4.163233471372277
4001,34.96486883713974,74.74949709268303,56.46590004439239,2.4098797092017716
4002,79.88980817348575,161.68877073526502,80.9150526409335,0.9545771941467708
4003,97.11253540775681,194.22507081551362,82.07929800267351,0.0
4004,53.59921457840033,107.19842915680066,58.7943907678725,0.0
4005,39.958609352322995,79.91721870464599,44.241323746121914,0.0
4006,34.03700138720538,68.07400277441076,32.59887012872138,0.0
4007,33.87903957814401,67.75807915628802,21.53853919219092,0.0
4008,23.46695543089419,46.93391086178838,7.567594851310352,0.0
4009,23.406002456706876,46.81200491341375,3.4927360852201716,0.0
4010,23.394929179236627,46.78985835847325,2.910613404350162,0.0
4011,23.416090907396853,46.83218181479371,4.656981446960249,0.0
4012,24.339454115479146,48.67964477200191,4.0748587660901805,0.00036827052180617403
4013,28.09242950947855,58.72680127085309,30.27037940524129,1.2709711259479959
4014,40.07223696965072,86.33299244578495,82.07929800267351,3.0942592532417583
4015,56.629351775416836,123.51528296066374,73.92958047049315,5.128289704915037
4016,20.355049552458656,54.41071150660527,72.18321242788312,6.850306200843977
4017,27.281308219988603,70.94413332728345,61.12288149135257,8.190758443653122
4018,24.552010678286422,67.11305913795125,56.46590004439239,9.004518890689207
4019,24.182383444914336,67.16626739349074,58.2122680870025,9.400750251831033
4020,63.67972592149335,146.0397303095589,70.43684438527303,9.340139233286104
4021,44.59944124982791,106.5918806766321,59.95863612961258,8.696499088488139
4022,25.868801975330797,66.86408757575376,39.58434229916173,7.5632418125460825
4023,27.55705933988645,66.74774810034828,34.345238171331474,5.816814710287686
4024,29.375886515766894,66.73170344909542,32.59887012872138,3.989965208780818
4025,34.2929933014119,72.88577523824266,56.46590004439239,2.1498943177094354
4026,77.92421611009046,157.45402299979102,80.9150526409335,0.8027953898050558
4027,94.58966831373321,189.17933662746643,82.07929800267351,0.0
4028,52.224914544705825,104.44982908941165,58.7943907678725,0.0
4029,38.9294962169454,77.8589924338908,44.241323746121914,0.0
4030,33.1578752019515,66.315750403903,32.59887012872138,0.0
4031,32.999276713358825,65.99855342671765,21.53853919219092,0.0
4032,22.844877036291802,45.689754072583604,7.567594851310352,0.0
4033,22.78639284751362,45.57278569502724,3.4927360852201716,0.0
4034,22.775568504193814,45.55113700838763,2.910613404350162,0.0
4035,22.796734742994936,45.59346948598987,4.656981446960249,0.0
4036,23.606950651620775,47.39186750528663,4.0748587660901805,0.08898310102254042
4037,27.356966200857443,57.18987454474435,30.27037940524129,1.2379710715147318
4038,39.801776793051296,84.09976760755936,82.07929800267351,2.2481070107283827
4039,56.96857393930236,120.30248362530628,73.92958047049315,3.18266787335078
4040,20.20065414218065,53.02828151085199,72.18321242788312,6.313486613245345
4041,26.677263284798,69.22031530189658,61.12288149135257,7.93289436615029
4042,23.90664159992739,65.52760116373162,56.46590004439239,8.85715898193842
4043,23.624529700350394,65.61142208167685,58.2122680870025,9.18118134048803
4044,62.27717590112754,142.33144126997396,70.43684438527303,8.888544733859442
4045,43.61023462252745,103.89408857611728,59.95863612961258,8.336809665531193
4046,25.25348628444065,65.18804550843977,39.58434229916173,7.340536469779235
4047,27.63792983882076,65.11911967531297,34.345238171331474,4.921629998835728
4048,30.123808956653868,65.0525635216855,32.59887012872138,2.402472804188884
4049,34.17624628841421,71.25182302753646,56.46590004439239,1.4496652253540165
4050,76.66178712094944,153.68658297924955,80.9150526409335,0.1815043686753318
4051,92.26004500470363,184.52009000940726,82.07929800267351,0.0
4052,50.98351090028346,101.96702180056693,58.7943907678725,0.0
4053,38.00254442980657,76.00508885961314,44.241323746121914,0.0
4054,32.36754999297648,64.73509998595296,32.59887012872138,0.0
4055,32.19979252197419,64.39958504394838,21.53853919219092,0.0
4056,23.036065137496376,46.07213027499275,7.567594851310352,0.0
4057,22.96704695498886,45.93409390997772,3.4927360852201716,0.0
4058,22.94584524715922,45.89169049431844,2.910613404350162,0.0
4059,22.961829297528045,45.92365859505609,4.656981446960249,0.0
4060,23.692851746769673,47.724181428444744,4.0748587660901805,0.16923896745269765
4061,27.17499465476454,57.56949109943376,30.27037940524129,1.609750894952341
4062,39.1690945216826,84.61036260983602,82.07929800267351,3.1360867832354065
4063,55.438518765404,121.02178286834706,73.92958047049315,5.072372668769532
4064,19.999086922254385,53.36991151755555,72.18321242788312,6.6858688365233885
4065,26.822168822923324,69.65575903075522,61.12288149135257,8.005710692454288
4066,24.161676100397802,65.9130439756289,56.46590004439239,8.794845887416646
4067,23.954235257208822,66.01294963047565,58.2122680870025,9.052239558029003
4068,63.122960611087464,143.18457797941508,70.43684438527303,8.46932837862008
4069,45.24365803485396,104.42875608660839,59.95863612961258,6.970720008450237
4070,26.67551587285405,65.361373662552,39.58434229916173,6.005170958421949
4071,29.925185371645934,65.25153694656888,34.345238171331474,2.700583101638503
4072,28.533675333011846,65.26591127316729,32.59887012872138,4.099280303571799
4073,33.49917582915644,71.28959145211148,56.46590004439239,2.1456198968992997
4074,76.75446919665951,154.2009069478798,80.9150526409335,0.3459842772803746
4075,92.6369535909185,185.273907181837,82.07929800267351,0.0
4076,51.147744883207736,102.29548976641547,58.7943907678725,0.0
4077,38.12854827724411,76.25709655448821,44.241323746121914,0.0
4078,32.471812274285725,64.94362454857145,32.59887012872138,0.0
4079,32.313742502787164,64.62748500557433,21.53853919219092,0.0
4080,22.27050350352848,44.54100700705696,7.567594851310352,0.0
4081,22.210905765739742,44.421811531479484,3.4927360852201716,0.0
4082,22.2004673904599,44.4009347809198,2.910613404350162,0.0
4083,22.222599097589047,44.445198195178094,4.656981446960249,0.0
4084,23.069304582511954,46.19947615056208,4.0748587660901805,0.03043349276908295
4085,26.59141900321894,55.77248366491799,30.27037940524129,1.294822829240053
4086,38.29130361520338,81.99984934899229,82.07929800267351,2.7086210592927604
4087,53.97582892962989,117.24454298002532,73.92958047049315,4.646442560382767
4088,20.196401118782074,51.6217700859823,72.18321242788312,5.614483924209075
4089,26.234755594091492,67.29704852394269,61.12288149135257,7.413768667879853
4090,23.511313898572645,63.62365283983669,56.46590004439239,8.3005125213457
4091,23.921526023116,63.73443122304455,58.2122680870025,7.945689588406276
4092,62.58262767641871,138.4878764751094,70.43684438527303,6.661310561135992
4093,43.137631867958916,101.10577046396479,59.95863612961258,7.415253364023481
4094,24.939986485635643,63.42389692506405,39.58434229916173,6.77196197689638
4095,26.536390918397842,63.33286199795234,34.345238171331474,5.130040080578329
4096,27.691517077393627,63.20707115903194,32.59887012872138,3.912018502122342
4097,32.25259625847802,69.15901461384243,56.46590004439239,2.3269110484431965
4098,74.08700467094081,149.53481492013108,80.9150526409335,0.680402789124732
4099,89.81077269303799,179.62154538607598,82.07929800267351,0.0
4100,49.59157664796069,99.18315329592139,58.7943907678725,0.0
4101,36.9599495381415,73.919899076283,44.241323746121914,0.0
4102,31.474479580712966,62.94895916142593,32.59887012872138,0.0
4103,31.318893290724994,62.63778658144999,21.53853919219092,0.0
4104,23.524554839526317,47.049109679052634,7.567594851310352,0.0
4105,23.46716086678411,46.93432173356822,3.4927360852201716,0.0
4106,23.457981285225134,46.91596257045027,2.910613404350162,0.0
4107,23.481684010909692,46.963368021819385,4.656981446960249,0.0
4108,25.237276434413506,50.69452248348315,4.0748587660901805,0.10998480732806705
4109,29.930636287232524,62.646473090380255,30.27037940524129,1.392600257957603
4110,44.994997923863906,95.90910982603478,82.07929800267351,2.959556989153483
4111,60.16632024787337,129.4864760237396,73.92958047049315,4.576917763996435
4112,27.770179847976816,67.660347981955,72.18321242788312,6.059994143000682
4113,37.640488772379925,89.88877778913215,61.12288149135257,7.303900122186146
4114,25.931695700030573,67.3991641899007,56.46590004439239,7.767886394919779
4115,25.565673527000556,67.49633679515453,58.2122680870025,8.182494870576713
4116,84.00830660739464,184.02592147248092,70.43684438527303,8.004654128845818
4117,69.39923173153804,153.7973263640511,59.95863612961258,7.499431450487501
4118,28.16677932631906,67.09242002389065,39.58434229916173,5.379430685626266
4119,29.01041663985781,66.95975764844809,34.345238171331474,4.469462184366236
4120,39.97703251642862,85.64403054656884,32.59887012872138,2.8449827568558024
4121,45.57779358099985,95.68719374936553,56.46590004439239,2.2658032936829144
4122,83.10371552192511,167.51007544011574,80.9150526409335,0.6513221981327668
4123,99.67054355874733,199.34108711749465,82.07929800267351,0.0
4124,54.350779503518176,108.70155900703635,58.7943907678725,0.0
4125,40.984876331874844,81.96975266374969,44.241323746121914,0.0
4126,33.31180826238284,66.62361652476568,32.59887012872138,0.0
4127,33.14826902938579,66.29653805877157,21.53853919219092,0.0
4128,22.54871745088352,45.09743490176704,7.567594851310352,0.0
4129,22.482898442357367,44.965796884714734,3.4927360852201716,0.0
4130,22.468970831190184,44.93794166238037,2.910613404350162,0.0
4131,22.485716826140155,44.97143365228031,4.656981446960249,0.0
4132,24.196041292337718,48.52071139646093,4.0748587660901805,0.06431440589274741
4133,28.493679134015185,59.9610551112422,30.27037940524129,1.4868484216059168
4134,43.74368526082211,91.80425243302759,82.07929800267351,2.158440955691679
4135,57.58743842929026,123.83128992004498,73.92958047049315,4.32820653073223
4136,26.432566079052684,64.75636955053668,72.18321242788312,5.945618696215655
4137,35.78322782813883,86.05258433389461,61.12288149135257,7.243064338808478
4138,23.71234269445979,64.47651156581033,56.46590004439239,8.525913088445375
4139,23.508803541470154,64.57060597502777,58.2122680870025,8.776499446043733
4140,79.69817368652842,176.01415919105767,70.43684438527303,8.308905909000416
4141,68.27537861383382,147.08762003417385,59.95863612961258,5.268431403253107
4142,27.58331044274146,64.13282109010001,39.58434229916173,4.483100102308544
4143,28.44337451885169,65.81298039605608,34.345238171331474,4.463115679176347
4144,40.018189418305326,85.14443235808044,32.59887012872138,2.554026760734896
4145,47.03360422074964,96.35398523760438,56.46590004439239,1.1433883980525485
4146,82.24223805314855,166.25681808051812,80.9150526409335,0.886170987110501
4147,97.87681255723727,195.75362511447454,82.07929800267351,0.0
4148,53.66739715191628,107.33479430383257,58.7943907678725,0.0
4149,39.753267008919536,79.50653401783907,44.241323746121914,0.0
4150,31.89932041116031,63.79864082232062,32.59887012872138,0.0
4151,31.728645375905028,63.457290751810056,21.53853919219092,0.0
4152,21.6912787078564,43.3825574157128,7.567594851310352,0.0
4153,21.62569995997756,43.25139991995512,3.4927360852201716,0.0
4154,21.60856209795591,43.21712419591182,2.910613404350162,0.0
4155,21.62297234558542,43.24594469117084,4.656981446960249,0.0
4156,22.235557397093164,44.93619372669954,4.0748587660901805,0.23253946625660743
4157,25.40584072735329,54.23775664507602,30.27037940524129,1.7130375951847199
4158,36.493484408650694,79.71600648159632,82.07929800267351,3.3645188321474704
4159,51.63881203842509,113.90063447646388,73.92958047049315,5.311505199806851
4160,18.091889022760107,50.2413050708141,72.18321242788312,7.028763512646945
4161,24.308349764892277,65.49234873902827,61.12288149135257,8.437824604621857
4162,21.654937162894313,62.03609612022319,56.46590004439239,9.363110897217283
4163,21.374009229705365,62.21729191055058,58.2122680870025,9.734636725569926
4164,57.86507213598098,134.86233714339556,70.43684438527303,9.566096435716801
4165,41.24572733075946,100.27318234354317,59.95863612961258,8.890863841012127
4166,24.47091148707454,64.54549625803665,39.58434229916173,7.801836641943784
4167,26.71365848283573,65.81083522170827,34.345238171331474,6.191759128018407
4168,29.75613744739175,68.07613740599267,32.59887012872138,4.281931255604582
4169,35.01436845417993,74.99529240926549,56.46590004439239,2.4832777504528165
4170,75.91154648330713,153.75564822335357,80.9150526409335,0.966277628369651
4171,90.91770365834283,181.83540731668566,82.07929800267351,0.0
4172,50.91029025438309,101.82058050876618,58.7943907678725,0.0
4173,36.99751265447846,73.99502530895693,44.241323746121914,0.0
4174,30.75024964119206,61.50049928238412,32.59887012872138,0.0
4175,30.51330144348692,61.02660288697384,21.53853919219092,0.0
4176,21.63630794574483,43.27261589148966,7.567594851310352,0.0
4177,21.562572847798172,43.125145695596345,3.4927360852201716,0.0
4178,21.5458202391607,43.0916404783214,2.910613404350162,0.0
4179,21.560641970902385,43.12128394180477,4.656981446960249,0.0
4180,22.302094949940184,44.804047499672535,4.0748587660901805,0.09992879989608415
4181,25.097165788105443,54.07544705027184,30.27037940524129,1.9405577370304792
4182,36.293358191855276,79.49993626176543,82.07929800267351,3.4566099390274347
4183,51.489125466974144,113.67586429441384,73.92958047049315,5.348806680232774
4184,18.24017553103628,50.26372739649716,72.18321242788312,6.891688167212302
4185,24.5416131625574,65.54816744002473,61.12288149135257,8.232470557454963
4186,22.106389414841576,62.11838851533749,56.46590004439239,8.95280484282717
4187,22.214471057153467,62.890873848970564,58.2122680870025,9.230965867331813
4188,59.29039108742191,136.69959492745372,70.43684438527303,9.059406376304953
4189,42.44770858587238,101.92252291144177,59.95863612961258,8.51355286984851
4190,25.888024538453386,66.99635196247897,39.58434229916173,7.610151442786096
4191,27.780183749292537,67.78402842331266,34.345238171331474,6.111830462363794
4192,30.551670452364952,69.65406497128737,32.59887012872138,4.275362033278732
4193,35.72063530616912,76.49057983741103,56.46590004439239,2.5246546125363976
4194,76.2408254189746,154.58737770118108,80.9150526409335,1.052863431615948
4195,91.28525798074209,182.57051596148418,82.07929800267351,0.0
4196,51.497235105084194,102.99447021016839,58.7943907678725,0.0
4197,37.63315122716332,75.26630245432663,44.241323746121914,0.0
4198,31.441438538641744,62.88287707728349,32.59887012872138,0.0
4199,30.72208727164782,61.44417454329564,21.53853919219092,0.0
4200,23.454631206874694,46.90926241374939,7.567594851310352,0.0
4201,23.283665281690425,46.56733056338085,3.4927360852201716,0.0
4202,23.23202004311186,46.46404008622372,2.910613404350162,0.0
4203,23.236478490253436,46.47295698050687,4.656981446960249,0.0
4204,24.004375091517595,48.28751699161425,4.0748587660901805,0.13938340428952908
4205,27.255403767245397,58.22702537119688,30.27037940524129,1.8581089183530413
4206,39.423310574533836,85.53442861399496,82.07929800267351,3.343903732463643
4207,55.97335709817829,122.33904806605624,73.92958047049315,5.196166934849826
4208,20.13948505679317,54.01884971974446,72.18321242788312,6.8699398030790615
4209,27.231712884971095,70.64260699660552,61.12288149135257,8.089590613331664
4210,24.886995824978296,67.55989266388026,56.46590004439239,8.892950506961835
4211,25.064677175730584,68.51393585334552,58.2122680870025,9.192290750942174
4212,65.40368112727595,149.00608555008256,70.43684438527303,9.09936164776534
4213,46.897253576619754,110.91106492383086,59.95863612961258,8.558278885295676
4214,28.672739571189926,72.31378973865479,39.58434229916173,7.484155298137469
4215,30.822968529775196,73.58320613889286,34.345238171331474,5.968634539671237
4216,33.59004663079529,75.47287922019257,32.59887012872138,4.146392979300991
4217,38.90437743556161,82.67110916359773,56.46590004439239,2.4311771462372636
4218,82.43909369760966,166.86210513216182,80.9150526409335,0.9919588684712386
4219,98.38175375162506,196.7635075032501,82.07929800267351,0.0
4220,55.4754716693822,110.9509433387644,58.7943907678725,0.0
4221,40.61648145915696,81.23296291831392,44.241323746121914,0.0
4222,33.95708684791785,67.9141736958357,32.59887012872138,0.0
4223,33.21993463398567,66.43986926797135,21.53853919219092,0.0
4224,25.250019655952922,50.500039311905844,7.567594851310352,0.0
4225,25.053532720830404,50.10706544166081,3.4927360852201716,0.0
4226,24.940070963850285,49.88014192770057,2.910613404350162,0.0
4227,24.876583790214664,49.75316758042933,4.656981446960249,0.0
4228,25.726465882180516,51.66119853523831,4.0748587660901805,0.10413338543864108
4229,29.357009401442905,62.2353411081952,30.27037940524129,1.7606611526546962
4230,42.41559109513514,91.31886117292342,82.07929800267351,3.243839491326571
4231,60.301251315347486,130.6810399285561,73.92958047049315,5.039268648930557
4232,22.169176856711875,57.69393598003539,72.18321242788312,6.677791133305821
4233,30.140250303252344,76.08840518914573,61.12288149135257,7.903952291320521
4234,27.65858824010092,72.69470630652994,56.46590004439239,8.688764913164052
4235,28.80257136418382,75.59991673246724,58.2122680870025,8.997387002049798
4236,71.30900768800478,160.3805041035886,70.43684438527303,8.881244363789518
4237,51.47933911609436,119.57481059233466,59.95863612961258,8.30806618007297
4238,32.051887866716285,78.70097771445471,39.58434229916173,7.2986009905110665
4239,33.96871989627056,79.60494043629127,34.345238171331474,5.8337503218750815
4240,36.724053653114964,81.53054115954399,32.59887012872138,4.041216926657025
4241,42.2753448663326,89.16982460041811,56.46590004439239,2.3095674338764502
4242,88.58776621690579,179.0278585529591,80.9150526409335,0.9261630595737596
4243,105.62734380715602,211.25468761431205,82.07929800267351,0.0
4244,59.83107361915085,119.6621472383017,58.7943907678725,0.0
4245,43.93322494647644,87.86644989295289,44.241323746121914,0.0
4246,36.90817125198014,73.81634250396029,32.59887012872138,0.0
4247,36.06437824988086,72.12875649976172,21.53853919219092,0.0
4248,23.82524713466054,47.65049426932108,7.567594851310352,0.0
4249,23.65335048020515,47.3067009604103,3.4927360852201716,0.0
4250,23.550458514224346,47.10091702844869,2.910613404350162,0.0
4251,23.46157380223268,46.92314760446536,4.656981446960249,0.0
4252,24.25871713455006,48.651270243338665,4.0748587660901805,0.06691798711927344
4253,28.006840582178267,58.49408554233153,30.27037940524129,1.2402021889875001
4254,40.532918039279,85.67275152391987,82.07929800267351,2.3034577226809376
4255,57.46526461120845,122.50087603463103,73.92958047049315,3.7851734061070688
4256,22.01175619605126,54.648472528819696,72.18321242788312,5.312480068358587
4257,28.739719734263417,71.55064293909729,61.12288149135257,7.035601735285225
4258,26.362279158209827,69.64848109405482,56.46590004439239,8.461961388817581
4259,27.462222201427004,72.46440841689459,58.2122680870025,8.769982007020289
4260,67.76650395490405,152.42409678876615,70.43684438527303,8.445544439479027
4261,49.212357810650545,114.0039708107569,59.95863612961258,7.7896275947279
4262,30.823348406062003,75.18775321723871,39.58434229916173,6.77052820255735
4263,32.788181988570784,76.31513777119523,34.345238171331474,5.369386897026827
4264,35.650509034522514,77.93492952562299,32.59887012872138,3.316955728288982
4265,40.60367197709834,85.06898383520942,56.46590004439239,1.9308199405063757
4266,83.8083607787538,169.04258328370298,80.9150526409335,0.7129308630976994
4267,99.53439111329563,199.06878222659125,82.07929800267351,0.0
4268,56.58117452420797,113.16234904841593,58.7943907678725,0.0
4269,41.62589250960806,83.25178501921611,44.241323746121914,0.0
4270,34.90333359895272,69.80666719790544,32.59887012872138,0.0
4271,34.13764135822001,68.27528271644002,21.53853919219092,0.0
4272,23.851589564653843,47.703179129307685,7.567594851310352,0.0
4273,23.49416504993595,46.9883300998719,3.4927360852201716,0.0
4274,23.355723405902907,46.711446811805814,2.910613404350162,0.0
4275,23.27770109018188,46.55540218036376,4.656981446960249,0.0
4276,25.000078895278097,50.042551677726955,4.0748587660901805,0.021196943585379078
4277,29.41298593161937,61.595185204789324,30.27037940524129,1.3846066707752906
4278,43.90841318421013,93.9096381685498,82.07929800267351,3.0464059000647667
4279,58.71668184373431,126.60856385473204,73.92958047049315,4.5876000836317115
4280,27.44631576274281,66.6279752495378,72.18321242788312,5.867671862026088
4281,37.29774645760392,88.88682099998196,61.12288149135257,7.1456640423870645
4282,26.63734071810107,68.47863604166024,56.46590004439239,7.6019773027290505
4283,30.211289371664318,72.4817626386975,58.2122680870025,6.029591947684435
4284,86.93846589392815,187.65715418142688,70.43684438527303,6.890111196785278
4285,71.88174585599663,159.06531493969678,59.95863612961258,7.650911613851762
4286,30.749385395154608,75.37119910079403,39.58434229916173,6.936214155242408
4287,32.46396683435664,76.18075612200602,34.345238171331474,5.626411226646367
4288,44.28579150173982,96.10995436720711,32.59887012872138,3.7691856818637306
4289,51.20174613262992,106.50482653740218,56.46590004439239,2.050667136071169
4290,86.93461414842243,175.492026313083,80.9150526409335,0.8113990081190717
4291,102.39292569750219,204.78585139500439,82.07929800267351,0.0
4292,57.63341554094636,115.26683108189272,58.7943907678725,0.0
4293,42.90158906842201,85.80317813684402,44.241323746121914,0.0
4294,34.6297893994773,69.2595787989546,32.59887012872138,0.0
4295,33.772335980559376,67.54467196111875,21.53853919219092,0.0
4296,24.599437480816544,49.19887496163309,7.567594851310352,0.0
4297,24.148179582693874,48.29635916538775,3.4927360852201716,0.0
4298,23.827301066767458,47.654602133534915,2.910613404350162,0.0
4299,23.759348747008737,47.518697494017474,4.656981446960249,0.0
4300,25.56205107551395,51.1241021510279,4.0748587660901805,0.0
4301,31.251707550725758,62.85549717533933,30.27037940524129,0.17604103694390705
4302,47.03890262685553,95.8020939354448,82.07929800267351,0.8621443408668732
4303,63.10682486727749,128.937543530409,73.92958047049315,1.3619468979270057
4304,31.834569163114608,67.58029036360662,72.18321242788312,1.9555760186887021
4305,40.65438328664648,89.54081216112709,61.12288149135257,4.116022793917071
4306,29.51190142540009,67.74783357452021,56.46590004439239,4.362015361860017
4307,26.608067816134167,68.9802573557953,58.2122680870025,7.882060861763485
4308,85.07015192400354,186.6283157335881,70.43684438527303,8.24400594279051
4309,71.32420021627429,158.65004647098547,59.95863612961258,8.000823019218442
4310,30.845638940016123,74.33986626801378,39.58434229916173,6.324294193990768
4311,34.32253306646897,75.8208674187002,34.345238171331474,3.5879006428811313
4312,44.70574824539531,95.64696218231431,32.59887012872138,3.1177328457618456
4313,50.93444824059421,103.5622508661503,56.46590004439239,0.846677192480939
4314,87.13134903504819,174.9261538445142,80.9150526409335,0.33172788720891877
4315,102.89190811902056,205.7838162380411,82.07929800267351,0.0
4316,57.20748772938591,114.41497545877182,58.7943907678725,0.0
4317,42.44957637723434,84.89915275446867,44.241323746121914,0.0
4318,34.24673034049891,68.49346068099781,32.59887012872138,0.0
4319,33.536195158770674,67.07239031754135,21.53853919219092,0.0
4320,25.015201411734758,50.030402823469515,7.567594851310352,0.0
4321,24.856819918605893,49.71363983721179,3.4927360852201716,0.0
4322,24.758347668311046,49.51669533662209,2.910613404350162,0.0
4323,24.71867776552492,49.43735553104984,4.656981446960249,0.0
4324,25.57260939736499,51.22533439322721,4.0748587660901805,0.0400577992486155
4325,30.25973441734361,61.58942825456065,30.27037940524129,0.5349797099367177
4326,44.270706286842454,90.24215116681657,82.07929800267351,0.850369296565829
4327,63.26825411972809,129.12571133732237,73.92958047049315,1.2946015489330918
4328,24.42061843933657,57.352518403726144,72.18321242788312,4.2556407625264985
4329,35.187689885999156,75.44627507415224,61.12288149135257,2.5354476510769652
4330,35.00878418338031,73.66250380531748,56.46590004439239,1.8224677192784347
4331,38.137794266251696,76.27558853250339,58.2122680870025,0.0
4332,79.10953491870143,160.5393826635651,70.43684438527303,1.1601564130811204
4333,58.78363934190408,120.17174607688224,59.95863612961258,1.3022336965370422
4334,38.20742007254245,79.41525279264775,39.58434229916173,1.5002063237814256
4335,39.214238240430305,80.56547380940027,34.345238171331474,1.0684986642698338
4336,40.66362613447639,82.59240409842589,32.59887012872138,0.632575914736556
4337,44.62994934013392,90.15520048085932,56.46590004439239,0.44765090029573895
4338,89.18317397199421,178.5973764370736,80.9150526409335,0.11551424654259201
4339,104.91271763444477,209.82543526888955,82.07929800267351,0.0
4340,59.58295574236618,119.16591148473236,58.7943907678725,0.0
4341,43.90256675398031,87.80513350796062,44.241323746121914,0.0
4342,36.90676014681146,73.81352029362291,32.59887012872138,0.0
4343,36.12609967197645,72.2521993439529,21.53853919219092,0.0
4344,24.445021456399292,48.890042912798584,7.567594851310352,0.0
4345,23.79336251467812,47.58672502935624,3.4927360852201716,0.0
4346,23.690748095271232,47.381496190542464,2.910613404350162,0.0
4347,23.622807739382754,47.24561547876551,4.656981446960249,0.0
4348,24.477956184430887,48.95763990804607,4.0748587660901805,0.000863769592148886
4349,28.554439061189342,58.82214129053346,30.27037940524129,0.8566315840773865
4350,40.44999887406611,86.09036017006669,82.07929800267351,2.595181210967235
4351,56.98122151481834,122.88897037533403,73.92958047049315,4.463263672848673
4352,21.24342501251675,54.42925412008478,72.18321242788312,5.971202047525639
4353,28.342253721324425,70.9772630275675,61.12288149135257,7.146377792459325
4354,25.583366137945035,67.13024425471474,56.46590004439239,7.981755989412334
4355,25.332847233939262,67.54249111145138,58.2122680870025,8.438398321786428
4356,64.97464195634622,147.0386805942009,70.43684438527303,8.544698340754238
4357,46.96684834858356,110.45512989028383,59.95863612961258,8.260716596558355
4358,29.08663626252605,73.1376283663217,39.58434229916173,7.482177920634805
4359,31.489929724691713,73.97803131566522,34.345238171331474,5.499085933140899
4360,33.48283850650185,74.67292935231092,32.59887012872138,3.8536261696536074
4361,37.86262046999547,80.69385898454222,56.46590004439239,2.4843090222756374
4362,80.52556356238176,163.0914270704429,80.9150526409335,1.0201499728396903
4363,96.31609566692802,192.63219133385604,82.07929800267351,0.0
4364,53.52697787938914,107.05395575877829,58.7943907678725,0.0
4365,39.243918485596645,78.48783697119329,44.241323746121914,0.0
4366,33.17809903327667,66.35619806655335,32.59887012872138,0.0
4367,32.88130371497912,65.76260742995824,21.53853919219092,0.0
4368,22.65101746684759,45.30203493369518,7.567594851310352,0.0
4369,22.551668695020673,45.10333739004135,3.4927360852201716,0.0
4370,22.52426748588555,45.0485349717711,2.910613404350162,0.0
4371,22.540875568289877,45.081751136579754,4.656981446960249,0.0
4372,23.348174101073894,46.84660782033541,4.0748587660901805,0.07512980909380973
4373,26.57885839039528,56.51800930258675,30.27037940524129,1.6801462608980944
4374,38.42290843265634,83.08170194555333,82.07929800267351,3.1179425401203282
4375,54.49668138241215,118.82112113618463,73.92958047049315,4.913879185680169
4376,19.644128024028063,52.41621440685323,72.18321242788312,6.563979179398553
4377,26.489241700864532,68.35518560879134,61.12288149135257,7.68835110353114
4378,23.823649873505687,64.68626340933925,56.46590004439239,8.519481831163937
4379,23.36457526604854,64.8243396569621,58.2122680870025,9.047594562432506
4380,61.39091823526338,140.80378741584084,70.43684438527303,9.010975472657046
4381,43.13212584041894,102.90139903206492,59.95863612961258,8.318573675613521
4382,25.29744840722552,64.47433216888709,39.58434229916173,6.939717677218025
4383,26.93737948023595,65.44729308718128,34.345238171331474,5.786267063354689
4384,29.199106428568108,66.11256985534511,32.59887012872138,3.8571784991044504
4385,35.057942290397584,75.01209802721951,56.46590004439239,2.4481067232121676
4386,76.72405380925792,155.3901055253616,80.9150526409335,0.9709989534228809
4387,92.79131281707484,185.58262563414968,82.07929800267351,0.0
4388,51.63108185730558,103.26216371461116,58.7943907678725,0.0
4389,37.78605259142068,75.57210518284136,44.241323746121914,0.0
4390,32.071935801444376,64.14387160288875,32.59887012872138,0.0
4391,31.813175111484416,63.62635022296883,21.53853919219092,0.0
4392,24.344862707388188,48.689725414776376,7.567594851310352,0.0
4393,24.278851421387323,48.557702842774646,3.4927360852201716,0.0
4394,24.262204128157578,48.524408256315155,2.910613404350162,0.0
4395,24.278988856794978,48.557977713589956,4.656981446960249,0.0
4396,25.17551694805472,50.462243017064004,4.0748587660901805,0.05560456047728203
4397,29.809874160908844,60.831415196227745,30.27037940524129,0.6058334372050295
4398,42.62270439653193,89.34633621385977,82.07929800267351,2.050463710397953
4399,60.57644067966559,127.86799757841638,73.92958047049315,3.3575581095426035
4400,23.368627749967374,56.333783933873164,72.18321242788312,4.798264216969209
4401,29.772105549883044,73.47502392687804,61.12288149135257,6.965406413555975
4402,26.510984019664903,69.53395276014754,56.46590004439239,8.255992360408866
4403,25.852126196805607,69.60601816384406,58.2122680870025,8.95088288511642
4404,67.25645976481167,151.37413154210998,70.43684438527303,8.430606006243316
4405,48.83642240258221,111.22270744131231,59.95863612961258,6.774931318073944
4406,29.283248581507056,70.74750980475733,39.58434229916173,6.090506320871608
4407,32.5856109905333,72.36236299719924,34.345238171331474,3.595570508066325
4408,33.78184061089691,74.24610222470156,32.59887012872138,3.3412105014538738
4409,39.68116103530268,81.1147706163789,56.46590004439239,0.8762242728867762
4410,83.48363412071004,167.1074753092206,80.9150526409335,0.07010353390025884
4411,98.38984584802363,196.77969169604725,82.07929800267351,0.0
4412,54.089868032265784,108.17973606453157,58.7943907678725,0.0
4413,40.32522191960311,80.65044383920622,44.241323746121914,0.0
4414,34.34693778093283,68.69387556186565,32.59887012872138,0.0
4415,34.186129371998554,68.37225874399711,21.53853919219092,0.0
4416,23.542235728577197,47.08447145715439,7.567594851310352,0.0
4417,23.481039444353357,46.96207888870671,3.4927360852201716,0.0
4418,23.46825657014525,46.9365131402905,2.910613404350162,0.0
4419,23.488300424198307,46.976600848396615,4.656981446960249,0.0
4420,24.321439254595724,48.822274759708016,4.0748587660901805,0.08969812525828483
4421,28.031264768425668,58.88483773565921,30.27037940524129,1.4111540994039378
4422,40.41875965387122,86.50625717978757,82.07929800267351,2.8343689360225626
4423,57.331630099478836,123.8034079658459,73.92958047049315,4.570073883444115
4424,20.897904188610408,54.605877150139534,72.18321242788312,6.40503438645936
4425,28.00412780027861,71.27611901732716,61.12288149135257,7.633931708384969
4426,25.7881010180409,67.54318516595191,56.46590004439239,7.983491564935055
4427,25.434598257436615,68.03873035419089,58.2122680870025,8.58476691965883
4428,65.24650353490723,147.21627322594642,70.43684438527303,8.361633078065974
4429,47.14118849024245,108.7951949885176,59.95863612961258,7.2564090040163505
4430,29.099176695727113,70.20504125331806,39.58434229916173,6.003343930931916
4431,30.82389306701677,71.58032209407604,34.345238171331474,4.966267980021248
4432,33.49601880111355,74.0071737590538,32.59887012872138,3.507568078413349
4433,38.61994266438264,81.32056867655004,56.46590004439239,2.040341673892375
4434,82.24563138291715,166.53870923485724,80.9150526409335,1.0237232345114606
4435,98.31706783598956,196.63413567197912,82.07929800267351,0.0
4436,54.847092332455915,109.69418466491183,58.7943907678725,0.0
4437,39.945162618889235,79.89032523777847,44.241323746121914,0.0
4438,33.563097955979394,67.12619591195879,32.59887012872138,0.0
4439,33.24996070670733,66.49992141341465,21.53853919219092,0.0
4440,24.867569437295632,49.735138874591264,7.567594851310352,0.0
4441,24.78927837696875,49.5785567539375,3.4927360852201716,0.0
4442,24.767378786853858,49.534757573707715,2.910613404350162,0.0
4443,24.778204106488086,49.55640821297617,4.656981446960249,0.0
4444,26.659031152721024,53.46085434813154,4.0748587660901805,0.0713960213447472
4445,32.09739240425437,65.98616463270255,30.27037940524129,0.8956899120969021
4446,48.07756485356354,100.968795448996,82.07929800267351,2.406832870934467
4447,68.16780845635859,136.33561691271717,73.92958047049315,0.0
4448,29.10796292087516,71.2884121460552,72.18321242788312,6.536243152152437
4449,39.799630349263225,94.81756201164173,61.12288149135257,7.609150656557641
4450,27.220378631902104,71.4395343407778,56.46590004439239,8.499388538486794
4451,27.991113616369326,72.05776884306415,58.2122680870025,8.03777080516275
4452,89.8960091165712,194.96103562928354,70.43684438527303,7.584508698070585
4453,77.54800795429344,164.22506453815853,59.95863612961258,4.564524314785826
4454,36.013686214183245,74.44155560558247,39.58434229916173,1.20709158860799
4455,33.45597570241817,76.00104706109494,34.345238171331474,4.544547828129297
4456,47.10460539066966,98.20595955679956,32.59887012872138,1.9983743877301172
4457,52.54561640984108,110.08419623121978,56.46590004439239,2.4964817057688107
4458,92.06713866922738,186.09570398581207,80.9150526409335,0.9807133236786564
4459,108.96348969696132,217.92697939392264,82.07929800267351,0.0
4460,60.26633122395678,120.53266244791357,58.7943907678725,0.0
4461,44.71144705573221,89.42289411146442,44.241323746121914,0.0
4462,35.508250109606706,71.01650021921341,32.59887012872138,0.0
4463,35.17210808158974,70.34421616317948,21.53853919219092,0.0
4464,23.448271565990186,46.89654313198037,7.567594851310352,0.0
4465,23.32423015150948,46.64846030301896,3.4927360852201716,0.0
4466,23.244381850656836,46.48876370131367,2.910613404350162,0.0
4467,23.246541520895715,46.49308304179143,4.656981446960249,0.0
4468,25.06576562496215,50.15998642113088,4.0748587660901805,0.01422758560329201
4469,30.056506926844218,61.94966186916353,30.27037940524129,0.9183240077375442
4470,44.851691724855364,94.8216983392381,82.07929800267351,2.5591574447636867
4471,60.631124899405386,127.95666741664502,73.92958047049315,3.3472088089171255
4472,28.860843556606888,66.98626528764315,72.18321242788312,4.632289087214687
4473,38.05937910233702,89.50118706171575,61.12288149135257,6.691214428520858
4474,26.593278612903358,67.81011701506458,56.46590004439239,7.311779894628931
4475,29.299364664312915,68.3833473948246,58.2122680870025,4.892309033099383
4476,87.91355371333546,185.57644021350782,70.43684438527303,4.874666393418456
4477,77.3069120791496,157.04425352507502,59.95863612961258,1.2152146833879132
4478,32.10405042581484,72.44333068753802,39.58434229916173,4.117614917954169
4479,34.191554400606876,73.78228093081638,34.345238171331474,2.6995860648013155
4480,45.50903338788833,94.30693826680061,32.59887012872138,1.64443574551198
4481,50.777766579883874,105.40119018033418,56.46590004439239,1.9228285102832148
4482,87.68441062300344,176.77949149480747,80.9150526409335,0.7053351244002931
4483,103.36743240669557,206.73486481339114,82.07929800267351,0.0
4484,57.71010958225827,115.42021916451654,58.7943907678725,0.0
4485,42.86113139550292,85.72226279100585,44.241323746121914,0.0
4486,34.16867324068147,68.33734648136294,32.59887012872138,0.0
4487,33.24070034774895,66.4814006954979,21.53853919219092,0.0
4488,22.03739778449046,44.07479556898092,7.567594851310352,0.0
4489,21.855466265492804,43.71093253098561,3.4927360852201716,0.0
4490,21.719651420649818,43.439302841299636,2.910613404350162,0.0
4491,21.6642180946571,43.3284361893142,4.656981446960249,0.0
4492,22.4742075460986,44.968441746600135,4.0748587660901805,0.0100133272014671
4493,25.4853421760947,54.26048047816212,30.27037940524129,1.64489806298636
4494,36.66002568703863,79.74910447508957,82.07929800267351,3.2145265505061484
4495,51.97265935678557,113.9823597461983,73.92958047049315,5.018520516313581
4496,18.598020342646734,50.48135282509023,72.18321242788312,6.642656069898378
4497,25.33098055152024,66.59093114882081,61.12288149135257,7.964485022890165
4498,22.994354707837847,63.680248280035364,56.46590004439239,8.845769432179836
4499,23.762982306694745,66.14213142348112,58.2122680870025,9.308083405045812
4500,61.052419435926026,140.5435340664259,70.43684438527303,9.219347597286928
4501,44.077512145894985,105.40780025722832,59.95863612961258,8.62638798271917
4502,27.3357779520977,69.58359760668266,39.58434229916173,7.456020851243629
4503,29.407630070132413,70.75357357878335,34.345238171331474,5.969156719259259
4504,32.2731669916867,72.62266354948174,32.59887012872138,4.038164783054168
4505,37.164061813209635,79.27054090232834,56.46590004439239,2.471208637954534
4506,77.93194656127292,157.81383635014316,80.9150526409335,0.9749716137986544
4507,92.79796712364156,185.5959342472831,82.07929800267351,0.0
4508,52.771674609366194,105.54334921873239,58.7943907678725,0.0
4509,38.826346664630414,77.65269332926083,44.241323746121914,0.0
4510,32.434699108748156,64.86939821749631,32.59887012872138,0.0
4511,31.541975818941307,63.08395163788261,21.53853919219092,0.0
4512,22.08365175755078,44.16730351510156,7.567594851310352,0.0
4513,21.884030872589157,43.768061745178315,3.4927360852201716,0.0
4514,21.77416224588266,43.54832449176532,2.910613404350162,0.0
4515,21.66752978203102,43.33505956406204,4.656981446960249,0.0
4516,22.430779567825475,44.89112507517694,4.0748587660901805,0.014782969762994242
4517,26.262780098321358,54.00186827954037,30.27037940524129,0.7381540414488252
4518,37.649956783945235,79.25516531598349,82.07929800267351,1.9776258740465074
4519,54.41354055520343,113.32972848259067,73.92958047049315,2.251323686091898
4520,20.038236357839942,50.623140778112266,72.18321242788312,5.27333403121619
4521,27.369005609269443,66.54264956146298,61.12288149135257,5.902319171462047
4522,25.04695362567398,64.59618624681397,56.46590004439239,7.251139497733008
4523,25.5180150442198,67.63657390293389,58.2122680870025,8.300271907247144
4524,61.83253575898962,141.18836709606575,70.43684438527303,8.76164778904325
4525,44.58461795133225,105.94486095200025,59.95863612961258,8.38781252466788
4526,28.037346591919174,70.67532083386365,39.58434229916173,7.300313825012651
4527,30.201130413268658,72.02462663414346,34.345238171331474,5.81118290380307
4528,31.185033433180813,70.5796993149548,32.59887012872138,4.104816224296586
4529,34.04550274623007,72.91664029961767,56.46590004439239,2.4128174035787615
4530,75.21503045810523,152.32863626381112,80.9150526409335,0.9492876738003291
4531,90.3455033938758,180.6910067877516,82.07929800267351,0.0
4532,50.66606717133583,101.33213434267167,58.7943907678725,0.0
4533,37.20051418824003,74.40102837648006,44.241323746121914,0.0
4534,31.264270567812297,62.52854113562459,32.59887012872138,0.0
4535,30.732641173467776,61.46528234693555,21.53853919219092,0.0
4536,25.36757202392992,50.73514404785984,7.567594851310352,0.0
4537,25.167545780878015,50.33509156175603,3.4927360852201716,0.0
4538,25.01111261535728,50.02222523071456,2.910613404350162,0.0
4539,24.9791094551757,49.9582189103514,4.656981446960249,0.0
4540,25.878281359083875,51.85383419625863,4.0748587660901805,0.04863573904544113
4541,29.553706113860432,62.43491066204904,30.27037940524129,1.66374921716409
4542,42.650498545051796,91.61305283557382,82.07929800267351,3.1560278727351188
4543,60.61034419025536,131.1287402174679,73.92958047049315,4.954025918478594
4544,22.338043436491034,57.74705677897775,72.18321242788312,6.535484952997842
4545,30.11836261105971,75.64414446341131,61.12288149135257,7.703709620645944
4546,27.328626094027463,71.75824234043733,56.46590004439239,8.550495076191202
4547,27.348469100898072,72.66979045609494,58.2122680870025,8.986426127149402
4548,69.24189565254963,156.3181018349303,70.43684438527303,8.917155264915527
4549,49.43706469841024,115.58737681357297,59.95863612961258,8.35662370837625
4550,30.779573564664997,76.22397015674856,39.58434229916173,7.332411513709285
4551,32.75617568735611,77.18916653549468,34.345238171331474,5.838407580391229
4552,34.299873909362596,76.73254788930831,32.59887012872138,4.066400035291555
4553,39.6250265130189,84.08724195102172,56.46590004439239,2.4185944624919595
4554,84.54174501932201,171.07700993538361,80.9150526409335,0.9967599483697974
4555,103.02547673885373,206.05095347770745,82.07929800267351,0.0
4556,57.39976452603131,114.79952905206262,58.7943907678725,0.0
4557,41.72282201341674,83.44564402683348,44.241323746121914,0.0
4558,35.41024159391635,70.8204831878327,32.59887012872138,0.0
4559,35.15119632863242,70.30239265726485,21.53853919219092,0.0
4560,25.078484437561332,50.156968875122665,7.567594851310352,0.0
4561,24.995907943851336,49.99181588770267,3.4927360852201716,0.0
4562,24.97648407418216,49.95296814836432,2.910613404350162,0.0
4563,24.99395703042944,49.98791406085888,4.656981446960249,0.0
4564,25.943052871299493,51.93817132703229,4.0748587660901805,0.02603279221665391
4565,29.8894669254331,62.5891145997919,30.27037940524129,1.4050903744628467
4566,43.016618801667995,91.88422226212737,82.07929800267351,2.9254923293956896
4567,61.14364890107862,131.5329833663515,73.92958047049315,4.622842782097124
4568,22.8407650700547,57.973596504846725,72.18321242788312,6.14603318236866
4569,30.48221512121411,76.01182508966937,61.12288149135257,7.523697423620575
4570,27.90315969447402,72.59146045643278,56.46590004439239,8.392570533742372
4571,27.72457618971015,73.0203241996345,58.2122680870025,8.785585910107104
4572,71.0972713301894,159.53311663268167,70.43684438527303,8.66928698615143
4573,51.23435354968649,118.58446951451877,59.95863612961258,8.057881207572896
4574,31.726091227885416,77.50985860556274,39.58434229916173,7.028838074895955
4575,33.20302515393481,77.67412113475461,34.345238171331474,5.634035413442498
4576,35.02312775121108,77.92048602675807,32.59887012872138,3.937115262167957
4577,39.38878710053067,83.37481045987208,56.46590004439239,2.298618129405369
4578,84.99976802896089,171.66539177689296,80.9150526409335,0.8329278594855957
4579,101.82384041418166,203.64768082836332,82.07929800267351,0.0
4580,56.46020126222614,112.92040252445229,58.7943907678725,0.0
4581,41.684801195731865,83.36960239146373,44.241323746121914,0.0
4582,35.419735902622264,70.83947180524453,32.59887012872138,0.0
4583,35.224666219428805,70.44933243885761,21.53853919219092,0.0
4584,22.882719077801664,45.76543815560333,7.567594851310352,0.0
4585,22.80587567755868,45.61175135511736,3.4927360852201716,0.0
4586,22.78794063594595,45.5758812718919,2.910613404350162,0.0
4587,22.803010502389483,45.60602100477897,4.656981446960249,0.0
4588,23.677767228330456,47.379429883965614,4.0748587660901805,0.01194771365234952
4589,27.619494860598355,57.15166109540038,30.27037940524129,0.9563356871018344
4590,39.71879399394443,83.9978838146657,82.07929800267351,2.2801479133884155
4591,55.96987340463734,120.15908553226379,73.92958047049315,4.109669361494551
4592,20.755761706481653,53.034068552240434,72.18321242788312,5.761272569638563
4593,27.09216657160097,69.19531950941031,61.12288149135257,7.505493183104187
4594,24.541248001279357,65.57965725816202,56.46590004439239,8.24858062780165
4595,24.407641610208245,66.10023401120259,58.2122680870025,8.64247539539305
4596,62.93642387641141,142.9063931892752,70.43684438527303,8.516772718226191
4597,44.29857131485147,104.54022626734131,59.95863612961258,7.971541818819181
4598,26.352098999663117,66.66453691337523,39.58434229916173,6.980169457024498
4599,28.821283745552854,68.53849548385604,34.345238171331474,5.447963996375163
4600,32.61516002519258,70.98217723654147,32.59887012872138,2.8759285930781604
4601,37.4279169404552,78.60459254205144,56.46590004439239,1.874379330570519
4602,79.17510482749002,160.18453444455153,80.9150526409335,0.9171623947857445
4603,94.63306040470268,189.26612080940535,82.07929800267351,0.0
4604,52.616415565903736,105.23283113180747,58.7943907678725,0.0
4605,38.297517272206946,76.59503454441389,44.241323746121914,0.0
4606,32.478043203477114,64.95608640695423,32.59887012872138,0.0
4607,32.18302717323927,64.36605434647853,21.53853919219092,0.0
4608,22.651764072528046,45.30352814505609,7.567594851310352,0.0
4609,22.58320450916175,45.1664090183235,3.4927360852201716,0.0
4610,22.56739047644201,45.13478095288402,2.910613404350162,0.0
4611,22.578712781401233,45.157425562802466,4.656981446960249,0.0
4612,24.356290526973538,48.712581053947076,4.0748587660901805,0.0
4613,29.999595337174636,60.19872407092214,30.27037940524129,0.09976669828643489
4614,45.90520976656214,92.19053078756113,82.07929800267351,0.19005562721842864
4615,60.28876864811477,124.37271316505289,73.92958047049315,1.8975879344116715
4616,29.515313688297915,65.14591769831374,72.18321242788312,3.057645160858955
4617,39.52911848126275,86.5419275192306,61.12288149135257,3.7418452783525473
4618,26.91930341161603,65.22142542833284,56.46590004439239,5.691409302550386
4619,29.0082700248427,65.87581257408003,58.2122680870025,3.9296362621973113
4620,85.57554833310466,177.8798437413793,70.43684438527303,3.3643735375849775
4621,73.93790945061042,150.88180591875835,59.95863612961258,1.5029935087687494
4622,33.58714649034254,69.0562534141557,39.58434229916173,0.9409802167353141
4623,33.16740817014723,70.29386894119695,34.345238171331474,1.9795263004512396
4624,43.72728222059456,90.37675738999167,32.59887012872138,1.4610964744012724
4625,49.89571874332365,101.22803085040543,56.46590004439239,0.7182966818790674
4626,84.90457261242301,170.54570708121673,80.9150526409335,0.3682809281853622
4627,99.78360326685366,199.56720653370732,82.07929800267351,0.0
4628,55.28315939253278,110.56631878506556,58.7943907678725,0.0
4629,41.04882057522759,82.09764115045517,44.241323746121914,0.0
4630,32.71445205877894,65.42890411755788,32.59887012872138,0.0
4631,32.11049445163972,64.22098890327943,21.53853919219092,0.0
4632,24.877531523517863,49.755063047035726,7.567594851310352,0.0
4633,24.729671555788084,49.45934311157617,3.4927360852201716,0.0
4634,24.69787485132197,49.39574970264394,2.910613404350162,0.0
4635,24.709309252538443,49.418618505076886,4.656981446960249,0.0
4636,26.6346294509455,53.31967469252236,4.0748587660901805,0.0252078953156797
4637,31.37417649910764,65.81309876081195,30.27037940524129,1.532372881298336
4638,47.28529518091807,100.66269062476954,82.07929800267351,3.046050131466703
4639,63.09722899102452,135.9014044058769,73.92958047049315,4.853473211913926
4640,29.053452451081913,71.05768548536527,72.18321242788312,6.47539029160072
4641,39.54590526252631,94.69054649634114,61.12288149135257,7.799367985644262
4642,27.56239147680035,71.80152106453919,56.46590004439239,8.338369055469242
4643,30.12220039219226,72.32755317844662,58.2122680870025,6.041576197031051
4644,97.4722986216677,196.50033568736518,70.43684438527303,0.7778692220148856
4645,75.3758699582621,166.46591054951912,59.95863612961258,7.857085316497456
4646,30.987697414886235,76.54112181199969,39.58434229916173,7.28286349111361
4647,33.00563897941562,77.81443411119912,34.345238171331474,5.901578076183939
4648,45.67123785963858,99.52023818805745,32.59887012872138,4.088881234390146
4649,53.149063250987744,111.07111310604446,56.46590004439239,2.3864933020344856
4650,92.55710481251107,186.82340394610853,80.9150526409335,0.8545971605431929
4651,109.39238360895895,218.7847672179179,82.07929800267351,0.0
4652,60.73232046880046,121.46464093760092,58.7943907678725,0.0
4653,45.288744304468885,90.57748860893777,44.241323746121914,0.0
4654,36.19765917461339,72.39531834922678,32.59887012872138,0.0
4655,35.26995396974251,70.53990793948502,21.53853919219092,0.0
4656,22.168452373595887,44.336904747191774,7.567594851310352,0.0
4657,21.990578611223036,43.98115722244607,3.4927360852201716,0.0
4658,21.86492937229234,43.72985874458468,2.910613404350162,0.0
4659,21.821755161987177,43.643510323974354,4.656981446960249,0.0
4660,22.627943427837927,45.26136450125438,4.0748587660901805,0.002738822789262173
4661,27.1552641774367,54.61805172294189,30.27037940524129,0.15376168403424814
4662,39.45352458038645,80.26872791922659,82.07929800267351,0.6808393792268491
4663,56.55019327212359,114.7001966897963,73.92958047049315,0.7999050727745576
4664,23.86955044515226,51.01188663327157,72.18321242788312,1.6363928714835272
4665,31.090975748712047,67.11422236616698,61.12288149135257,2.466135434371446
4666,30.798956581273398,64.16982766099065,56.46590004439239,1.2859572492219262
4667,32.16510642020727,67.38877246400061,58.2122680870025,1.5292798117930289
4668,69.69647680285512,142.56116278892708,70.43684438527303,1.5841045916084173
4669,51.54175102482311,106.99509891258893,59.95863612961258,1.9557984314713606
4670,32.1310548300713,70.76388279214436,39.58434229916173,3.2508865660008768
4671,32.21822983957946,72.08349697518548,34.345238171331474,3.8235186480132857
4672,34.12626126278033,73.97923818202564,32.59887012872138,2.8633578282324876
4673,38.12396111057943,80.92590137539536,56.46590004439239,2.3389895771182507
4674,79.1952729042652,159.87076949781655,80.9150526409335,0.7401118446430859
4675,93.88202267106175,187.7640453421235,82.07929800267351,0.0
4676,53.412749131553454,106.82549826310691,58.7943907678725,0.0
4677,39.41471100727859,78.82942201455718,44.241323746121914,0.0
4678,33.01300218034994,66.02600436069989,32.59887012872138,0.0
4679,31.936780590037436,63.87356118007487,21.53853919219092,0.0
4680,22.80533718159063,45.61067436318126,7.567594851310352,0.0
4681,22.5106926997737,45.0213853995474,3.4927360852201716,0.0
4682,22.400037704013222,44.800075408026444,2.910613404350162,0.0
4683,22.31764540398947,44.63529080797894,4.656981446960249,0.0
4684,23.114675567789146,46.23142976247277,4.0748587660901805,0.0010393134472414024
4685,27.124608138622943,55.56062844405491,30.27037940524129,0.6557060834045125
4686,38.2219870296844,81.3870594151246,82.07929800267351,2.4715426778778964
4687,54.23952349816029,116.25153031421364,73.92958047049315,3.886241658946532
4688,20.047079752604958,52.04512251309782,72.18321242788312,5.975481503943954
4689,26.640462972886347,68.34511143271959,61.12288149135257,7.532092743473447
4690,25.52215536808138,67.56908217295846,56.46590004439239,8.262385718397852
4691,27.129077530928154,69.98320428870665,58.2122680870025,7.86252461342517
4692,65.7960149936198,145.63484211704034,70.43684438527303,7.021406064900361
4693,47.723876616959984,109.8121242178415,59.95863612961258,7.182185491960768
4694,30.735963515111507,73.08828149096429,39.58434229916173,5.8081772303706405
4695,33.00607528515031,74.36823721417741,34.345238171331474,4.178043321938395
4696,34.71998057219461,76.31048991044364,32.59887012872138,3.435264383027209
4697,39.49139801586424,83.36244326886334,56.46590004439239,2.189823618567429
4698,80.70762885677854,162.82210928408722,80.9150526409335,0.7034257852650685
4699,95.63111087326227,191.26222174652455,82.07929800267351,0.0
4700,54.63898979623682,109.27797959247364,58.7943907678725,0.0
4701,40.443001411155535,80.88600282231107,44.241323746121914,0.0
4702,33.74436142794842,67.48872285589684,32.59887012872138,0.0
4703,32.6077254135978,65.2154508271956,21.53853919219092,0.0
4704,24.860733615582735,49.72146723116547,7.567594851310352,0.0
4705,24.45916084043427,48.91832168086854,3.4927360852201716,0.0
4706,24.353116315242538,48.706232630485076,2.910613404350162,0.0
4707,24.31732100101187,48.63464200202374,4.656981446960249,0.0
4708,25.1931407977878,50.3862815955756,4.0748587660901805,0.0
4709,29.11782157715945,60.431331007052215,30.27037940524129,1.0978439263666582
4710,41.488276797893285,88.2491383150236,82.07929800267351,2.6362923596185173
4711,58.618332722291086,125.91162228930706,73.92958047049315,4.337478422362447
4712,22.01544778807629,56.42422458221665,72.18321242788312,6.196664503032035
4713,30.713408343184323,75.7808475314551,61.12288149135257,7.177015422543223
4714,29.50167709452583,74.86281768977403,56.46590004439239,7.929731750361187
4715,29.847976586797763,76.59339898592107,58.2122680870025,8.448722906162773
4716,70.23710799749465,157.40993403863638,70.43684438527303,8.467859021823543
4717,51.40261425490815,118.65507165528882,59.95863612961258,7.924921572736259
4718,32.778513829667894,79.10783533816026,39.58434229916173,6.7754038394122365
4719,34.70237473764906,80.27672616413491,34.345238171331474,5.4359883444184005
4720,37.416025580035566,82.2293544744473,32.59887012872138,3.698651657188086
4721,43.10616100249186,89.59150787432652,56.46590004439239,1.6895929346714
4722,86.95198896021785,175.39138836757212,80.9150526409335,0.7437052235682151
4723,102.7999004608243,205.5998009216486,82.07929800267351,0.0
4724,58.72591519154721,117.45183038309442,58.7943907678725,0.0
4725,43.44658354782407,86.89316709564814,44.241323746121914,0.0
4726,36.37332680081993,72.74665360163986,32.59887012872138,0.0
4727,35.42773836925687,70.85547673851374,21.53853919219092,0.0
4728,24.084268491130334,48.16853698226067,7.567594851310352,0.0
4729,23.591417000331937,47.182834000663874,3.4927360852201716,0.0
4730,23.348348596185094,46.69669719237019,2.910613404350162,0.0
4731,23.263514571034783,46.527029142069566,4.656981446960249,0.0
4732,24.03825936956591,48.07651873913182,4.0748587660901805,0.0
4733,27.672413434060157,57.62178003427776,30.27037940524129,1.138476583078725
4734,39.27148133302116,84.03073860062155,82.07929800267351,2.743887967289618
4735,55.3255235064068,119.73553849161273,73.92958047049315,4.542245739399559
4736,20.712679701366095,53.88207023938877,72.18321242788312,6.228355418328288
4737,28.223694667660972,71.46134519857242,61.12288149135257,7.5069779316252365
4738,27.149986386158645,71.00717293349152,56.46590004439239,8.353600080587112
4739,27.706082078048375,72.87699498161572,58.2122680870025,8.732415412759488
4740,66.5849042754983,150.55251517688754,70.43684438527303,8.69135331294547
4741,48.528454626854845,113.20333175394147,59.95863612961258,8.073211250115891
4742,31.16797592520005,75.89667532970064,39.58434229916173,6.780361739650271
4743,33.201094349290834,77.00195547572828,34.345238171331474,5.299883388573307
4744,35.560383142187064,78.89937383784508,32.59887012872138,3.889303776735471
4745,40.772590050594395,86.11211179612678,56.46590004439239,2.283465847468997
4746,83.08489216763253,167.69043121590877,80.9150526409335,0.7603234403218588
4747,98.1891243906354,196.3782487812708,82.07929800267351,0.0
4748,56.24738493992077,112.49476987984154,58.7943907678725,0.0
4749,41.63133358031279,83.26266716062558,44.241323746121914,0.0
4750,34.71176561226636,69.42353122453272,32.59887012872138,0.0
4751,33.86558447511785,67.7311689502357,21.53853919219092,0.0
4752,24.45170529258348,48.90341058516696,7.567594851310352,0.0
4753,23.96346222592426,47.92692445184852,3.4927360852201716,0.0
4754,23.760988433181055,47.52197686636211,2.910613404350162,0.0
4755,23.700094247289087,47.400188494578174,4.656981446960249,0.0
4756,24.538953915272202,49.077907830544405,4.0748587660901805,0.0
4757,28.194960969242075,58.79670403106205,30.27037940524129,1.2033910462889494
4758,40.16642002749544,85.78151446673107,82.07929800267351,2.7243372058700914
4759,56.71917089969024,122.310290342981,73.92958047049315,4.43597427180026
4760,21.51649833322156,55.16340955332209,72.18321242788312,6.065206443439487
4761,29.59757739925571,73.85946520399881,61.12288149135257,7.332155202743695
4762,28.466003584278614,73.13127447568121,56.46590004439239,8.099633653561991
4763,28.857561719546876,75.00205652573585,58.2122680870025,8.64346654332105
4764,70.03230522678692,153.7028241251712,70.43684438527303,6.819106835798677
4765,52.18020549727784,115.71490900304416,59.95863612961258,5.6772490042442385
4766,35.823986095149806,77.78503770014572,39.58434229916173,3.068532754923055
4767,34.68252609954934,78.80427011990818,34.345238171331474,4.719608960404746
4768,36.56705695976601,80.62558122916153,32.59887012872138,3.745733654814748
4769,41.92566492074737,87.47887693902449,56.46590004439239,1.8137735487648738
4770,84.82645064019115,170.7012548314146,80.9150526409335,0.5241767755161365
4771,100.44920913051764,200.8984182610353,82.07929800267351,0.0
4772,57.28502193745789,114.57004387491578,58.7943907678725,0.0
4773,42.59485072578169,85.18970145156338,44.241323746121914,0.0
4774,35.7933408539408,71.5866817078816,32.59887012872138,0.0
4775,34.863597658781295,69.72719531756259,21.53853919219092,0.0
4776,24.724940638366856,49.44988127673371,7.567594851310352,0.0
4777,24.160544334553823,48.321088669107645,3.4927360852201716,0.0
4778,23.783747774124688,47.567495548249376,2.910613404350162,0.0
4779,23.720470427738913,47.44094085547783,4.656981446960249,0.0
4780,25.434311288253614,50.86862257650723,4.0748587660901805,0.0
4781,30.72861071982433,62.35300364738211,30.27037940524129,0.4478911038667221
4782,46.62556770082448,94.56389004524615,82.07929800267351,0.656377321798592
4783,61.27255264779772,127.06781099517815,73.92958047049315,2.2613528497913578
4784,27.65144600978512,67.58648476723359,72.18321242788312,6.141796373831676
4785,38.9542090617564,92.5786471833848,61.12288149135257,7.335114529935996
4786,28.63028537051725,73.25376093541135,56.46590004439239,7.996595097188427
4787,29.502911393880854,75.03485198368807,58.2122680870025,8.014514597963181
4788,88.51361663549147,189.31536510669872,70.43684438527303,6.144065917857891
4789,73.57438803462067,161.02750841510814,59.95863612961258,6.939366172933407
4790,32.58671667901666,77.80207637902474,39.58434229916173,6.314321510495713
4791,34.26115090508193,78.6211778452653,34.345238171331474,5.049438017550722
4792,46.412718638964485,98.3794392384488,32.59887012872138,2.7770009802599143
4793,53.10213477051903,109.29069778939858,56.46590004439239,1.5432141241802633
4794,88.83119639182416,178.50164859879703,80.9150526409335,0.4196279075743541
4795,104.27465889185726,208.5493177837145,82.07929800267351,0.0
4796,58.7499426409957,117.4998852819914,58.7943907678725,0.0
4797,44.13751542768061,88.27503085536122,44.241323746121914,0.0
4798,35.65386526581405,71.3077305316281,32.59887012872138,0.0
4799,34.688571580208524,69.37714316041705,21.53853919219092,0.0
4800,25.357567633557913,50.715135267115826,7.567594851310352,0.0
4801,24.925408478922634,49.85081695784527,3.4927360852201716,0.0
4802,24.537949287059277,49.075898574118554,2.910613404350162,0.0
4803,24.315982432257236,48.63196486451447,4.656981446960249,0.0
4804,26.02319324804579,52.04638649609158,4.0748587660901805,0.0
4805,30.61407887989194,63.751204984946185,30.27037940524129,1.2615236125811504
4806,45.463319026115244,96.68727176124875,82.07929800267351,2.880316854509131
4807,60.358263115644526,130.07174785662696,73.92958047049315,4.677610812668954
4808,28.267186298549127,69.37096887672598,72.18321242788312,6.418298139813865
4809,39.47508404867541,94.36601872049356,61.12288149135257,7.707925311571365
4810,28.982154118758665,74.97830991141605,56.46590004439239,8.507000836949357
4811,29.697419989796536,77.07399856662305,58.2122680870025,8.839579293514987
4812,88.4928129893048,194.43226730432934,70.43684438527303,8.723320662859875
4813,74.22227893764509,164.90972414154703,59.95863612961258,8.232583133128424
4814,32.59212704604106,79.14799705067959,39.58434229916173,6.9818714792987375
4815,34.45515945643136,80.4486693270416,34.345238171331474,5.76917520708944
4816,46.29662098886431,100.5718409378098,32.59887012872138,3.989299480040584
4817,53.6273380676861,111.79118103346957,56.46590004439239,2.2682524490486915
4818,90.56862518248673,182.64614798326963,80.9150526409335,0.754448809148088
4819,106.03584706004274,212.07169412008548,82.07929800267351,0.0
4820,59.37916724366541,118.75833448733081,58.7943907678725,0.0
4821,44.47014680911586,88.94029361823172,44.241323746121914,0.0
4822,36.00987369134016,72.01974738268032,32.59887012872138,0.0
4823,35.31454909561285,70.6290981912257,21.53853919219092,0.0
4824,26.64214191557583,53.28428383115166,7.567594851310352,0.0
4825,26.26042416893731,52.52084833787462,3.4927360852201716,0.0
4826,25.79848393533206,51.59696787066412,2.910613404350162,0.0
4827,25.56338412084607,51.12676824169214,4.656981446960249,0.0
4828,26.37310154649602,52.74620309299204,4.0748587660901805,0.0
4829,31.015013553983234,63.075401893355824,30.27037940524129,0.5226873926946787
4830,43.24925627243686,91.69583396639236,82.07929800267351,2.5986607107593187
4831,63.32135299703303,130.7077281454549,73.92958047049315,2.0325110756944165
4832,28.769189253781523,58.774023838906956,72.18321242788312,0.6178226656719562
4833,36.56286554448404,78.38284959788696,61.12288149135257,2.6285592544594363
4834,30.06229074419009,77.75814070012558,56.46590004439239,8.8167796058727
4835,30.804551891692746,80.08593820781627,58.2122680870025,9.23841721221539
4836,73.09618049975526,163.92684744458504,70.43684438527303,8.86724322253726
4837,55.605562760665904,123.01134736001995,59.95863612961258,5.900110919344071
4838,35.75613881517734,81.53445914805835,39.58434229916173,5.011090758851832
4839,36.523934429822226,82.25098540999329,34.345238171331474,4.601558275174418
4840,38.871489765710585,83.8983498350754,32.59887012872138,3.077685151827109
4841,43.825659855419495,91.43478954956433,56.46590004439239,1.8917349193626722
4842,89.42736629140131,180.05543177099062,80.9150526409335,0.6003495940939949
4843,105.90949308572942,211.81898617145885,82.07929800267351,0.0
4844,59.16055017213497,118.32110034426994,58.7943907678725,0.0
4845,44.08081539657293,88.16163079314586,44.241323746121914,0.0
4846,37.204766326826025,74.40953265365205,32.59887012872138,0.0
4847,36.41107607286474,72.82215214572948,21.53853919219092,0.0
4848,24.11503461648812,48.23006923297624,7.567594851310352,0.0
4849,23.876612370444594,47.75322474088919,3.4927360852201716,0.0
4850,23.779746940376523,47.559493880753045,2.910613404350162,0.0
4851,23.70198551922145,47.4039710384429,4.656981446960249,0.0
4852,24.50229593618409,49.00459187236818,4.0748587660901805,0.0
4853,28.20268490828745,58.83250790675187,30.27037940524129,1.2135690450884864
4854,40.54579808228996,85.86754373080613,82.07929800267351,2.3879737831131043
4855,57.31449521866462,122.44950784201384,73.92958047049315,3.9102587023423006
4856,21.09744317986935,54.500598619683224,72.18321242788312,6.152856129972259
4857,29.153946868711635,71.76022388397456,61.12288149135257,6.726165073275643
4858,26.598258949718108,69.21877874456013,56.46590004439239,8.011130422561953
4859,27.679311521695922,72.24396254072131,58.2122680870025,8.442669748664736
4860,67.21511200230293,151.8191065722583,70.43684438527303,8.694441283826224
4861,49.22168125608874,113.87330644353193,59.95863612961258,7.714971965677225
4862,30.78192657897718,75.64528846746614,39.58434229916173,7.04071765475589
4863,32.67644495292103,76.6508598203064,34.345238171331474,5.648984957232163
4864,35.62173473680762,78.26821074811183,32.59887012872138,3.512370637248297
4865,40.6298887343267,85.65442037314038,56.46590004439239,2.1973214522434925
4866,84.04098577675977,168.78536912584704,80.9150526409335,0.3516987861637454
4867,99.58396177007148,199.16792354014297,82.07929800267351,0.0
4868,56.28791484140991,112.57582968281982,58.7943907678725,0.0
4869,41.509944645103154,83.01988929020631,44.241323746121914,0.0
4870,34.76116113803086,69.52232227606171,32.59887012872138,0.0
4871,34.06671734579076,68.13343469158151,21.53853919219092,0.0
4872,24.775516708416113,49.551033416832226,7.567594851310352,0.0
4873,24.477653281304942,48.955306562609884,3.4927360852201716,0.0
4874,24.290578753539382,48.581157507078764,2.910613404350162,0.0
4875,24.21550017942242,48.43100035884484,4.656981446960249,0.0
4876,25.055818592806347,50.11163718561269,4.0748587660901805,0.0
4877,28.66319322897123,60.10652853973132,30.27037940524129,1.3900710408944301
4878,41.64772398861607,87.8993397923187,82.07929800267351,2.301945907543278
4879,60.46920328584615,125.50482580577652,73.92958047049315,2.28320961704211
4880,23.910426139387766,55.65437702860352,72.18321242788312,3.9167623749139935
4881,30.351922489312223,73.10025678769297,61.12288149135257,6.198205904534263
4882,28.2662408883425,70.6794807765514,56.46590004439239,7.073499499933201
4883,28.97314275535389,73.6769209308047,58.2122680870025,7.865317710048459
4884,70.70697297783408,155.48405383593413,70.43684438527303,7.035053940132978
4885,51.16322960757365,116.80561735456249,59.95863612961258,7.239579069707596
4886,31.925709606892504,77.08905220821553,39.58434229916173,6.6188164972152626
4887,33.496253055921066,77.84999500964332,34.345238171331474,5.428744448900594
4888,35.85593885008457,79.30366250206774,32.59887012872138,3.7958924009492976
4889,41.187019020217186,86.09325651365849,56.46590004439239,1.8596092366120582
4890,84.73127225743416,170.59833196415812,80.9150526409335,0.5678937246448977
4891,99.64559653408215,199.2911930681643,82.07929800267351,0.0
4892,55.70590720958503,111.41181441917006,58.7943907678725,0.0
4893,41.012373222625556,82.02474644525111,44.241323746121914,0.0
4894,34.53477977975581,69.06955955951162,32.59887012872138,0.0
4895,34.08105936653641,68.16211873307282,21.53853919219092,0.0
4896,21.209253493316247,42.418506986632494,7.567594851310352,0.0
4897,21.068166519073976,42.13633303814795,3.4927360852201716,0.0
4898,21.01228422319512,42.02456844639024,2.910613404350162,0.0
4899,20.914374429805104,41.82874885961021,4.656981446960249,0.0
4900,21.67100797668961,43.34201595337922,4.0748587660901805,0.0
4901,25.910363697798395,52.20162671116703,30.27037940524129,0.1904496577851183
4902,38.0240938516545,76.55550854276296,82.07929800267351,0.253660419726986
4903,54.08363564811313,109.21301697400071,73.92958047049315,0.5228728388872229
4904,23.63787746357658,48.61731864552288,72.18321242788312,0.6707818591848617
4905,30.781518261863145,63.89269585928067,61.12288149135257,1.1648296677771925
4906,28.657838279752195,61.46255529305263,56.46590004439239,2.073439366774122
4907,31.272007986103006,63.92754193770642,58.2122680870025,0.6917629827502039
4908,66.72870096801573,135.34372042041346,70.43684438527303,0.9431592421909961
4909,49.23267432749414,101.84150473233807,59.95863612961258,1.6880780386748935
4910,32.86629457560004,68.11302250853066,39.58434229916173,1.1902166786652963
4911,33.47427896019586,68.47105136491277,34.345238171331474,0.7612467222605205
4912,34.194980878637715,70.4192764512937,32.59887012872138,1.0146573470091327
4913,37.93619522288656,77.49832708803925,56.46590004439239,0.8129683211330664
4914,75.43166764838553,152.03535597861506,80.9150526409335,0.5860103409220064
4915,89.44741414708655,178.8948282941731,82.07929800267351,0.0
4916,50.58092966465478,101.16185932930956,58.7943907678725,0.0
4917,37.357604249926844,74.71520849985369,44.241323746121914,0.0
4918,31.21157209480448,62.42314418960896,32.59887012872138,0.0
4919,30.500419238368803,61.000838476737606,21.53853919219092,0.0
4920,23.999896140271513,47.999792280543026,7.567594851310352,0.0
4921,23.718205740048656,47.43641148009731,3.4927360852201716,0.0
4922,23.518531882246606,47.03706376449321,2.910613404350162,0.0
4923,23.445710716560313,46.89142143312063,4.656981446960249,0.0
4924,24.262495439914563,48.524990879829126,4.0748587660901805,0.0
4925,28.42276630686211,58.23568418055673,30.27037940524129,0.6950757834162589
4926,41.49448581495759,85.09468478876525,82.07929800267351,1.0528565794250293
4927,56.09281625615076,121.44450840512285,73.92958047049315,4.6294379464106585
4928,20.798464598105095,54.33155536569895,72.18321242788312,6.367313084744378
4929,28.484047765065732,72.44780124250244,61.12288149135257,7.739852856185487
4930,27.55499570162029,71.90728355882113,56.46590004439239,8.398646077790278
4931,28.305753484536265,73.83688033016762,58.2122680870025,8.612686680547544
4932,67.37581620157223,152.0623860772215,70.43684438527303,8.655376837038522
4933,49.42322305299558,114.2609133931302,59.95863612961258,7.707233643569517
4934,31.74597311828168,75.71606687165189,39.58434229916173,6.112060317544267
4935,33.74016416102258,76.3052043654027,34.345238171331474,4.4124380216787715
4936,36.39832807842889,77.94431100788503,32.59887012872138,2.573827425513628
4937,41.828879863195425,85.53284505706183,56.46590004439239,0.9375426653354952
4938,83.69655323593788,168.25526979252743,80.9150526409335,0.4310816603258251
4939,99.13651306899351,198.27302613798702,82.07929800267351,0.0
4940,55.992933142193216,111.98586628438643,58.7943907678725,0.0
4941,41.36295226181542,82.72590452363085,44.241323746121914,0.0
4942,34.68587814682047,69.37175629364094,32.59887012872138,0.0
4943,33.8223411037657,67.6446822075314,21.53853919219092,0.0
4944,22.911095888883406,45.82219177776681,7.567594851310352,0.0
4945,22.665324794844835,45.33064958968967,3.4927360852201716,0.0
4946,22.54815538751556,45.09631077503112,2.910613404350162,0.0
4947,22.48684304095307,44.97368608190614,4.656981446960249,0.0
4948,24.203709764755743,48.407419529511486,4.0748587660901805,0.0
4949,28.36127575661574,59.40305011869423,30.27037940524129,1.3402493027313769
4950,42.208778038438844,90.54314346630099,82.07929800267351,3.062793694711648
4951,55.974059065039896,121.92349444273405,73.92958047049315,4.98768815632713
4952,25.328407432205257,64.4315854760941,72.18321242788312,6.887385305841794
4953,34.67362910167772,85.98542205088141,61.12288149135257,8.319081923762983
4954,23.879989200866945,66.24297072427989,56.46590004439239,9.241496161272996
4955,25.05877171943322,69.10793124629457,58.2122680870025,9.495193903714064
4956,80.78331382597948,180.30705059300453,70.43684438527303,9.370211470522793
4957,67.87074206018954,153.06807295725253,59.95863612961258,8.663294418436715
4958,28.767266307850985,72.58779390215491,39.58434229916173,7.526630643226472
4959,30.92301448372831,73.75793661963314,34.345238171331474,5.95595382608826
4960,42.261443706246,92.7532433387389,32.59887012872138,4.115177963123448
4961,49.358107584552556,103.46879356115932,56.46590004439239,2.3762891960270998
4962,84.66086391518282,170.75796205098513,80.9150526409335,0.7181171103097513
4963,99.75610041168949,199.51220082337898,82.07929800267351,0.0
4964,55.804330087651266,111.60866017530253,58.7943907678725,0.0
4965,41.73922093219692,83.47844186439384,44.241323746121914,0.0
4966,33.48811449074865,66.9762289814973,32.59887012872138,0.0
4967,32.52571904647027,65.05143809294054,21.53853919219092,0.0
4968,22.696334546869203,45.392669093738405,7.567594851310352,0.0
4969,22.324416468394677,44.648832936789354,3.4927360852201716,0.0
4970,22.236506885354668,44.473013770709336,2.910613404350162,0.0
4971,22.176474307917655,44.35294861583531,4.656981446960249,0.0
4972,23.784976584878237,47.569953169756474,4.0748587660901805,0.0
4973,28.42521270619639,58.51343947219287,30.27037940524129,0.8315070299000463
4974,42.35048639061236,89.04913523257862,82.07929800267351,2.1740812256769466
4975,56.203458018766014,119.7385262008855,73.92958047049315,3.665805081676737
4976,25.361632549363936,63.425340837204956,72.18321242788312,6.351037869238543
4977,34.53942072351368,84.94819252985177,61.12288149135257,7.934675541412207
4978,25.08609733696374,67.62148248551445,56.46590004439239,8.724643905793487
4979,26.246018358756864,69.68373803014043,58.2122680870025,8.59585065631335
4980,81.50885498516426,178.68448207197704,70.43684438527303,7.833386050824253
4981,68.10914475809317,151.74884667037105,59.95863612961258,7.765278577092364
4982,29.561221272659754,73.01707472136498,39.58434229916173,6.947316088022734
4983,31.49539356800122,73.98745394707755,34.345238171331474,5.498333405537558
4984,42.585251555441445,92.80635761363396,32.59887012872138,3.817927251375537
4985,48.94450642161567,102.34332587548916,56.46590004439239,2.227156516128908
4986,83.7423194962256,168.72892783598485,80.9150526409335,0.6221444217668243
4987,98.51545357902184,197.03090715804368,82.07929800267351,0.0
4988,55.272499951831,110.544999903662,58.7943907678725,0.0
4989,41.61922242435614,83.23844484871228,44.241323746121914,0.0
4990,33.45913679287677,66.91827358575354,32.59887012872138,0.0
4991,32.53031866610643,65.06063733221286,21.53853919219092,0.0
4992,23.61124581656476,47.22249163312952,7.567594851310352,0.0
4993,23.18290704042157,46.36581408084314,3.4927360852201716,0.0
4994,22.777266445405402,45.554532890810805,2.910613404350162,0.0
4995,22.73543041709934,45.47086083419868,4.656981446960249,0.0
4996,23.40114804543303,46.80229609086606,4.0748587660901805,0.0
4997,26.907771227638463,54.87825965039857,30.27037940524129,0.5313585975608203
4998,36.21987348723572,77.19307543572769,82.07929800267351,2.37666423062812
4999,52.420942284471,113.9033643992951,73.92958047049315,4.530739915176548
5000,19.562240051991072,51.76181394152184,72.18321242788312,6.318666918769845
5001,25.713706252776763,66.60144986036474,61.12288149135257,7.587018677405607
5002,24.91132653845424,66.73928383982697,56.46590004439239,8.458315381459242
5003,26.124506484848112,69.1224959461023,58.2122680870025,8.436741488203038
5004,64.32503605919523,145.12009449014246,70.43684438527303,8.235011185876006
5005,47.493568490520175,108.74915647768178,59.95863612961258,6.881009748320718
5006,30.07472368039167,72.38650383605244,39.58434229916173,6.118528237634549
5007,31.442891285402972,73.27371837569,34.345238171331474,5.193967902442025
5008,34.860295154374455,74.66541267828497,32.59887012872138,2.4724111847680272
5009,38.625447306676904,79.46250486619496,56.46590004439239,1.10580512642058
5010,77.38243792513248,155.32272600198075,80.9150526409335,0.2789250758579011
5011,90.69081095417795,181.3816219083559,82.07929800267351,0.0
5012,50.65025361963219,101.30050723926438,58.7943907678725,0.0
5013,38.46708562470055,76.9341712494011,44.241323746121914,0.0
5014,32.620410157188985,65.24082031437797,32.59887012872138,0.0
5015,31.77350562303484,63.54701124606968,21.53853919219092,0.0
5016,24.240548039900805,48.48109607980161,7.567594851310352,0.0
5017,24.18277040510843,48.36554081021686,3.4927360852201716,0.0
5018,24.086740324323355,48.17348064864671,2.910613404350162,0.0
5019,23.961041038823193,47.92208207764639,4.656981446960249,0.0
5020,24.620882144493,49.241764288986,4.0748587660901805,0.0
5021,28.03456897963406,57.22526206816613,30.27037940524129,0.5780620544490079
5022,38.37307468537794,80.14138445752242,82.07929800267351,1.697617543383272
5023,55.659952278164354,117.63857132667711,73.92958047049315,3.1593333851741967
5024,21.09638994299785,54.11446284828072,72.18321242788312,5.960841481142514
5025,28.652460063588045,70.83663707413176,61.12288149135257,6.765858473477833
5026,29.613031552830805,70.37240659784759,56.46590004439239,5.573171746092988
5027,29.07399765255395,72.02178365220517,58.2122680870025,6.936894173548639
5028,67.406597104824,149.3279168146757,70.43684438527303,7.2573613025138375
5029,51.46623585950505,112.21189982823932,59.95863612961258,4.639714054614612
5030,31.883546086855617,74.46824302078996,39.58434229916173,5.350575423539359
5031,35.093376232104895,75.12409355945549,34.345238171331474,2.468670547622847
5032,35.73785660390778,76.6429826508514,32.59887012872138,2.583634721517917
5033,39.72351735253423,83.30177300219226,56.46590004439239,1.9273691485618976
5034,79.9887500958212,160.3341569302947,80.9150526409335,0.17832836932615131
5035,93.52792136329973,187.05584272659945,82.07929800267351,0.0
5036,52.09172346610112,104.18344693220224,58.7943907678725,0.0
5037,39.595285460061625,79.19057092012325,44.241323746121914,0.0
5038,33.68703620368812,67.37407240737625,32.59887012872138,0.0
5039,32.87761484259642,65.75522968519284,21.53853919219092,0.0
5040,25.73486470141937,51.46972940283874,7.567594851310352,0.0
5041,25.142181808412076,50.28436361682415,3.4927360852201716,0.0
5042,24.90459355854614,49.80918711709228,2.910613404350162,0.0
5043,24.82233388971107,49.64466777942214,4.656981446960249,0.0
5044,25.56046683946001,51.12093367892002,4.0748587660901805,0.0
5045,29.051949396346192,60.05761453815307,30.27037940524129,0.9768578727303404
5046,39.72521534477903,84.9413435821135,82.07929800267351,2.7454564462777213
5047,57.99461746565132,125.00995541128039,73.92958047049315,4.510360239988881
5048,22.575976942763084,57.214114919664766,72.18321242788312,6.0310805170693
5049,30.580324333883596,75.8689172506878,61.12288149135257,7.354134291460306
5050,29.42431530373169,75.29716210230086,56.46590004439239,8.224265747418743
5051,29.73257991754651,76.90017509643307,58.2122680870025,8.717507630670026
5052,70.66136878664929,158.70195954949094,70.43684438527303,8.689610988096174
5053,51.242475094864716,118.58881768019101,59.95863612961258,8.051933745230794
5054,32.22693278622713,78.12426233304912,39.58434229916173,6.835198380297427
5055,33.94880991893957,78.59895007175177,34.345238171331474,5.3506651169363195
5056,36.167162453327016,79.4083873134073,32.59887012872138,3.537031203376637
5057,40.370922343255195,84.57329354670716,56.46590004439239,1.9157244300983862
5058,82.35332354823507,165.5231206058584,80.9150526409335,0.4082367546941258
5059,97.83817427052942,195.67634854105884,82.07929800267351,0.0
5060,53.79695372908473,107.59390745816945,58.7943907678725,0.0
5061,40.62486614854798,81.24973229709596,44.241323746121914,0.0
5062,34.71182480654503,69.42364961309006,32.59887012872138,0.0
5063,33.95997632754995,67.9199526550999,21.53853919219092,0.0
5064,22.329083700200805,44.65816740040161,7.567594851310352,0.0
5065,22.084523289349313,44.16904657869863,3.4927360852201716,0.0
5066,21.956153871584117,43.912307743168235,2.910613404350162,0.0
5067,21.891944954905398,43.783889909810796,4.656981446960249,0.0
5068,22.556894189466366,45.11378837893273,4.0748587660901805,0.0
5069,26.410061181334626,53.497528902431206,30.27037940524129,0.3387032698809785
5070,37.493126291959925,76.52478011581462,82.07929800267351,0.7692637659473827
5071,52.748664763860766,111.78998207181826,73.92958047049315,3.146326272048365
5072,19.3246869047762,49.933869580600366,72.18321242788312,5.6422478855239815
5073,25.474518170572765,64.35701130002893,61.12288149135257,6.7039874794416985
5074,23.204892936599997,62.4416938443672,56.46590004439239,8.015953985583604
5075,23.932245117315453,62.90020652363641,58.2122680870025,7.517858144502754
5076,61.32591572086434,137.58606710392564,70.43684438527303,7.4671178310984825
5077,44.47741800288909,102.57461212174385,59.95863612961258,6.809888057982836
5078,27.74423829215733,66.85392070887393,39.58434229916173,5.682722062279635
5079,29.30028426878868,67.70345135274843,34.345238171331474,4.551441407585536
5080,31.4942763740665,69.19363126988154,32.59887012872138,3.1025392608742646
5081,36.311808620614336,75.93055882319644,56.46590004439239,1.653470790983884
5082,74.9612835544602,150.5455156660757,80.9150526409335,0.3114742785776419
5083,88.39507888528314,176.79015777056628,82.07929800267351,0.0
5084,48.59624450811912,97.19248901623824,58.7943907678725,0.0
5085,36.2020463455334,72.4040926910668,44.241323746121914,0.0
5086,30.417401655831146,60.83480331166229,32.59887012872138,0.0
5087,30.1208667122242,60.2417334244484,21.53853919219092,0.0
5088,23.621268432456294,47.24253686491259,7.567594851310352,0.0
5089,23.55971036422529,47.11942072845058,3.4927360852201716,0.0
5090,23.484607775007756,46.96921555001551,2.910613404350162,0.0
5091,23.45549210666954,46.91098421333908,4.656981446960249,0.0
5092,24.26440471061483,48.52880942122966,4.0748587660901805,0.0
5093,28.86003688794547,57.89470251923391,30.27037940524129,0.08731437167148631
5094,41.152148246341355,83.71348709632377,82.07929800267351,0.7045953018205305
5095,57.69387030613578,120.86791273091862,73.92958047049315,2.7400860593235286
5096,23.18489165076706,53.724153808836995,72.18321242788312,3.6771852536514387
5097,32.00845028421364,70.04175434215851,61.12288149135257,3.012426886865615
5098,30.919191307130163,68.37660633511929,56.46590004439239,3.269111860429484
5099,30.38382097941534,71.22936906119743,58.2122680870025,5.230863551183375
5100,69.46164461274824,150.8522903696513,70.43684438527303,5.964500572077405
5101,49.339964166076165,113.65131277384302,59.95863612961258,7.485692220845341
5102,32.8444712420178,75.41597968655117,39.58434229916173,4.863518601257784
5103,33.51767834282399,76.54637106955389,34.345238171331474,4.755507191952952
5104,35.06673803875449,76.91775657453736,32.59887012872138,3.3921402485141967
5105,38.732157140805164,81.64711682729282,56.46590004439239,2.091401272841243
5106,79.1354823752924,159.2760983168735,80.9150526409335,0.502566783144346
5107,94.33725221862426,188.67450443724852,82.07929800267351,0.0
5108,52.133363976157874,104.26672795231575,58.7943907678725,0.0
5109,38.8566093607869,77.7132187215738,44.241323746121914,0.0
5110,33.00006059743957,66.00012119487914,32.59887012872138,0.0
5111,32.43170471960937,64.86340943921874,21.53853919219092,0.0
5112,22.753223783415145,45.50644756683029,7.567594851310352,0.0
5113,22.64080604025436,45.28161208050872,3.4927360852201716,0.0
5114,22.570481022751263,45.140962045502526,2.910613404350162,0.0
5115,22.57788861802259,45.15577723604518,4.656981446960249,0.0
5116,24.29308259361424,48.58616518722848,4.0748587660901805,0.0
5117,29.0833058338332,59.766736959940324,30.27037940524129,0.8000626461369605
5118,43.582849180757826,91.08557979342699,82.07929800267351,1.959940715955668
5119,58.752005322389664,123.34027512574832,73.92958047049315,2.918132240484498
5120,27.75750419235458,64.81675560260233,72.18321242788312,4.650873608946583
5121,37.202209426507395,86.51903155748779,61.12288149135257,6.057306352236501
5122,25.745488761107612,66.1186842637292,56.46590004439239,7.313853370756984
5123,27.721836397536215,68.66072599678793,58.2122680870025,6.60852660085775
5124,84.35850910683921,181.29134905798745,70.43684438527303,6.2871654221545095
5125,71.8496433459689,153.77294295414416,59.95863612961258,5.036828131103175
5126,33.33141554458297,72.50543330362564,39.58434229916173,2.9213011072298545
5127,34.175897296258455,73.74385314396915,34.345238171331474,2.6960292757261195
5128,44.68976826197,92.9903662083039,32.59887012872138,1.8054148421819427
5129,51.13690641512186,103.51028170706535,56.46590004439239,0.6182344384108157
5130,85.43007811520964,171.4306465427643,80.9150526409335,0.28524515617251445
5131,99.62609360023698,199.25218720047397,82.07929800267351,0.0
5132,54.855297189739794,109.71059437947959,58.7943907678725,0.0
5133,41.206640843222516,82.41328168644503,44.241323746121914,0.0
5134,33.14905982328431,66.29811964656862,32.59887012872138,0.0
5135,32.32145966013217,64.64291932026434,21.53853919219092,0.0
5136,23.20076972781697,46.40153945563394,7.567594851310352,0.0
5137,23.04110240235864,46.08220480471728,3.4927360852201716,0.0
5138,22.956465903447018,45.912931806894036,2.910613404350162,0.0
5139,22.904454976136886,45.80890995227377,4.656981446960249,0.0
5140,24.642108363881924,49.28421672776385,4.0748587660901805,0.0
5141,29.65811388374002,60.67838934874662,30.27037940524129,0.6810807906332935
5142,43.889904596503804,92.47175781835449,82.07929800267351,2.3459743126734427
5143,60.312550733832055,124.69972373916968,73.92958047049315,2.037311135752786
5144,29.682411386056728,65.72017600825995,72.18321242788312,3.1776766180732476
5145,38.59265310506747,87.93578848029568,61.12288149135257,5.375241135080372
5146,28.15611030606186,68.99642897796954,56.46590004439239,6.342104182922912
5147,28.720987732779896,71.57359498895953,58.2122680870025,7.0658097616998665
5148,86.16706849938247,185.29251901677446,70.43684438527303,6.4791910090047615
5149,72.39314141849786,157.145910253978,59.95863612961258,6.1798137084911335
5150,33.32308555459629,74.71530123995456,39.58434229916173,4.034565065380988
5151,35.596610671262454,75.76173926411795,34.345238171331474,2.28425896079652
5152,45.95985039411687,95.25689644226148,32.59887012872138,1.6685978270138655
5153,50.871981700440486,105.6573834814108,56.46590004439239,1.9567100402649125
5154,86.80805358804078,174.39884876480173,80.9150526409335,0.3913707943600875
5155,101.88789725167629,203.77579450335259,82.07929800267351,0.0
5156,56.46229473491564,112.92458946983128,58.7943907678725,0.0
5157,42.39233832404524,84.78467664809048,44.241323746121914,0.0
5158,34.13379449611652,68.26758899223304,32.59887012872138,0.0
5159,33.28030330083622,66.56060660167245,21.53853919219092,0.0
5160,25.10671195345246,50.21342390690492,7.567594851310352,0.0
5161,24.793836672723078,49.587673345446156,3.4927360852201716,0.0
5162,24.671666352653805,49.34333270530761,2.910613404350162,0.0
5163,24.6481211177736,49.2962422355472,4.656981446960249,0.0
5164,25.420547550671355,50.84109510134271,4.0748587660901805,0.0
5165,29.282997520864217,59.73542558214471,30.27037940524129,0.5847152702081347
5166,39.86686447853218,84.2752028663953,82.07929800267351,2.270736954665476
5167,59.30014708529132,124.68238961966475,73.92958047049315,3.0410477245410537
5168,23.910212643673383,56.24293500782156,72.18321242788312,4.211254860237397
5169,31.47437120957235,71.88484042553031,61.12288149135257,4.4680490031928075
5170,31.981063901904854,72.23861055242014,56.46590004439239,4.138241374305219
5171,30.709871476230216,74.35817303154883,58.2122680870025,6.4692150395442
5172,73.8050367722982,157.0312333665271,70.43684438527303,4.710579910965352
5173,55.59383514445983,117.9768988793774,59.95863612961258,3.3946142952288665
5174,35.55481126741048,76.48730158023298,39.58434229916173,2.688839522706014
5175,37.8471493763515,76.77097650697387,34.345238171331474,0.5383388771354277
5176,38.22433807911429,77.09663129597514,32.59887012872138,0.32397756887328194
5177,41.27862308200447,83.04443592683488,56.46590004439239,0.24359488141296676
5178,82.81746362491856,165.89021611809713,80.9150526409335,0.12764443413000343
5179,96.93886133372447,193.87772266744895,82.07929800267351,0.0
5180,52.970398983901944,105.94079796780389,58.7943907678725,0.0
5181,40.16069352704283,80.32138705408566,44.241323746121914,0.0
5182,34.3028780351509,68.6057560703018,32.59887012872138,0.0
5183,33.70173689748508,67.40347379497015,21.53853919219092,0.0
5184,24.33434364529085,48.6686872905817,7.567594851310352,0.0
5185,24.13372229955437,48.26744459910874,3.4927360852201716,0.0
5186,24.010918155230648,48.021836310461296,2.910613404350162,0.0
5187,23.964380591401778,47.928761182803555,4.656981446960249,0.0
5188,24.70849252734538,49.41698505469076,4.0748587660901805,0.0
5189,27.90522802774229,58.11030903970819,30.27037940524129,1.149926492111808
5190,38.286991068679946,82.17961815146428,82.07929800267351,2.8028180070521964
5191,56.299177284661106,121.67597424415808,73.92958047049315,4.5388098374179355
5192,21.040325731104886,54.91433972721354,72.18321242788312,6.416844132501881
5193,27.469899748287155,70.44135523464634,61.12288149135257,7.750777869036013
5194,26.444281799057926,70.63238366429873,56.46590004439239,8.871910033091439
5195,27.251233030220888,73.01517154305783,58.2122680870025,9.256352741308028
5196,67.83710308879488,153.86336845005812,70.43684438527303,9.094581136234188
5197,49.22839514220081,115.26737014054989,59.95863612961258,8.405289928074133
5198,30.79682786231556,76.11242775015519,39.58434229916173,7.259386012762038
5199,32.89288422165673,77.17301047529754,34.345238171331474,5.693621015992045
5200,35.49582822551391,78.5726786235402,32.59887012872138,3.7905110862561884
5201,40.50960001769923,85.17801260546707,56.46590004439239,2.0794062850343074
5202,82.60630375976511,165.9788851049665,80.9150526409335,0.38313879271813683
5203,96.96684081852072,193.93368163704145,82.07929800267351,0.0
5204,53.54197975766826,107.08395951533652,58.7943907678725,0.0
5205,40.55686722259415,81.1137344451883,44.241323746121914,0.0
5206,34.453323076716465,68.90664615343293,32.59887012872138,0.0
5207,33.63732803768403,67.27465607536806,21.53853919219092,0.0
5208,25.777342232200674,51.55468446440135,7.567594851310352,0.0
5209,25.38714270044547,50.77428540089094,3.4927360852201716,0.0
5210,25.192086707123803,50.384173414247606,2.910613404350162,0.0
5211,25.085972701821998,50.171945403643996,4.656981446960249,0.0
5212,25.85841862695208,51.71683725390416,4.0748587660901805,0.0
5213,29.348267511976555,60.84673942554727,30.27037940524129,1.075102200797081
5214,40.23887499811825,86.10652939133806,82.07929800267351,2.8143896975507836
5215,58.84522748771387,126.9345257635608,73.92958047049315,4.622035394066533
5216,21.93800995432307,56.9169088909646,72.18321242788312,6.52044449115923
5217,28.19519602887835,72.32865056972813,61.12288149135257,7.969129255985715
5218,25.7658162229661,69.41493346103263,56.46590004439239,8.941650507550216
5219,26.962887002689193,72.66049202970193,58.2122680870025,9.36735901216177
5220,69.89105803362528,158.31054462207632,70.43684438527303,9.264214277412869
5221,50.659305172624414,118.59700357600862,59.95863612961258,8.639196615379896
5222,31.61116000625457,78.2187849426244,39.58434229916173,7.49823246505763
5223,32.89632761367145,77.5709451553953,34.345238171331474,5.889144964026195
5224,33.42620828058304,74.71590255592612,32.59887012872138,3.9317429973800238
5225,37.86936314536122,80.08147363978597,56.46590004439239,2.171373674531761
5226,83.31477223680369,167.42682628757566,80.9150526409335,0.3986409069841389
5227,98.11976988910493,196.23953977820986,82.07929800267351,0.0
5228,53.01059246963589,106.02118493927178,58.7943907678725,0.0
5229,39.68088883724774,79.36177767449549,44.241323746121914,0.0
5230,34.04604605809596,68.09209211619192,32.59887012872138,0.0
5231,33.81833236215905,67.6366647243181,21.53853919219092,0.0
5232,23.264787383238957,46.529574766477914,7.567594851310352,0.0
5233,23.129353703258463,46.258707406516926,3.4927360852201716,0.0
5234,23.0258898796116,46.0517797592232,2.910613404350162,0.0
5235,22.975082741686307,45.950165483372615,4.656981446960249,0.0
5236,23.734095877866118,47.468191755732235,4.0748587660901805,0.0
5237,27.10209412213832,56.28256286420393,30.27037940524129,1.039187309963646
5238,37.524536061009634,80.7330670482571,82.07929800267351,2.8419974631189153
5239,54.42088232387992,118.30526418515677,73.92958047049315,4.73174976869846
5240,19.75713339699315,52.884936781765646,72.18321242788312,6.685334993889673
5241,25.987916840953154,68.33517234677622,61.12288149135257,8.179669332434957
5242,23.74778818871197,65.82127941777733,56.46590004439239,9.162851520176698
5243,24.957986910315334,69.00458233810815,58.2122680870025,9.54430425873874
5244,64.68722581288922,148.13191404322623,70.43684438527303,9.378731208723897
5245,46.67352776240591,110.77292892672098,59.95863612961258,8.712936700954575
5246,28.93735577749568,72.96839048684018,39.58434229916173,7.5468394659244105
5247,31.11599198627842,74.04706663197213,34.345238171331474,5.907541329707645
5248,33.60109711944317,75.05153758700129,32.59887012872138,3.9246716740574774
5249,37.65494861105723,79.59890435153282,56.46590004439239,2.144503564709182
5250,78.0356790674883,156.79801850227315,80.9150526409335,0.36333018364827674
5251,92.52010623597923,185.04021247195845,82.07929800267351,0.0
5252,50.71503015845762,101.43006031691525,58.7943907678725,0.0
5253,37.92053852017336,75.84107704034672,44.241323746121914,0.0
5254,32.18660014767423,64.37320029534845,32.59887012872138,0.0
5255,31.771891805641108,63.543783611282215,21.53853919219092,0.0
5256,22.632357390455248,45.264714780910495,7.567594851310352,0.0
5257,22.54019927476041,45.08039854952082,3.4927360852201716,0.0
5258,22.472035283567628,44.944070567135256,2.910613404350162,0.0
5259,22.457645862478838,44.915291724957676,4.656981446960249,0.0
5260,23.200805892444183,46.40161178488837,4.0748587660901805,0.0
5261,27.497851832148125,55.42090650047355,30.27037940524129,0.21260141808865052
5262,38.433091225493115,80.3924585079247,82.07929800267351,1.7631380284692382
5263,53.99492991817919,116.2214913149376,73.92958047049315,4.115815739289609
5264,20.638989378727082,51.865724348446996,72.18321242788312,5.293872795496416
5265,26.18895470369505,67.55969108716917,61.12288149135257,7.590890839889535
5266,24.243433487585254,65.60052057344195,56.46590004439239,8.556826799135724
5267,25.71972067212056,68.59176745023936,58.2122680870025,8.57616305299912
5268,64.63746900016592,144.807871063264,70.43684438527303,7.766466531466075
5269,47.32680592483952,108.54905546761154,59.95863612961258,6.9477218089662465
5270,28.819482757502115,71.91678804419598,39.58434229916173,7.138911264595875
5271,30.96422990328815,72.8339594849897,34.345238171331474,5.452749839206704
5272,33.461879435297455,74.28159760580182,32.59887012872138,3.678919367603456
5273,38.73419137637101,81.63234154208502,56.46590004439239,2.0819793946714995
5274,78.98300595160994,158.27527314880348,80.9150526409335,0.15463062279180015
5275,93.30589008399143,186.61178016798286,82.07929800267351,0.0
5276,51.64952261768647,103.29904523537294,58.7943907678725,0.0
5277,38.64797540223888,77.29595080447776,44.241323746121914,0.0
5278,32.877969425233196,65.75593885046639,32.59887012872138,0.0
5279,32.118378347075144,64.23675669415029,21.53853919219092,0.0
5280,23.828545350103237,47.657090700206474,7.567594851310352,0.0
5281,23.506394076918934,47.01278815383787,3.4927360852201716,0.0
5282,23.253901462699943,46.507802925399886,2.910613404350162,0.0
5283,23.204580454301002,46.409160908602004,4.656981446960249,0.0
5284,24.89460186718878,49.78920373437756,4.0748587660901805,0.0
5285,30.05191699079022,61.04157131372877,30.27037940524129,0.46886866607416106
5286,44.218366560719936,92.67626500004849,82.07929800267351,2.1197659393043096
5287,58.630692996379565,125.29119869004751,73.92958047049315,4.01490634864419
5288,27.151273043394202,66.14430217151224,72.18321242788312,5.920878042361916
5289,37.42184992606623,89.35772968386,61.12288149135257,7.257014915863769
5290,27.52548052244679,71.20875286263853,56.46590004439239,8.078895908872477
5291,27.777135674494062,72.64031402764535,58.2122680870025,8.543021339328613
5292,84.62788637528013,186.1174361513947,70.43684438527303,8.430831700417235
5293,70.7587892467458,157.27671493947963,59.95863612961258,7.879568222994016
5294,30.50036830357451,74.76548849110576,39.58434229916173,6.882375941978369
5295,32.403332356393555,75.5995698644129,34.345238171331474,5.396452575812896
5296,43.70578534633047,94.49712411983059,32.59887012872138,3.542776713584818
5297,50.732239258977096,105.15628635552233,56.46590004439239,1.8459039187840645
5298,86.63514109704504,173.8641529672385,80.9150526409335,0.2969353865742203
5299,101.34867056503109,202.69734113006217,82.07929800267351,0.0
5300,55.47402352051311,110.94804704102621,58.7943907678725,0.0
5301,41.560534118886814,83.12106823777363,44.241323746121914,0.0
5302,33.38100569303554,66.76201138607108,32.59887012872138,0.0
5303,32.658614399771416,65.31722879954283,21.53853919219092,0.0
5304,23.905175076973713,47.810350153947425,7.567594851310352,0.0
5305,23.700930753848628,47.401861507697255,3.4927360852201716,0.0
5306,23.58369491628549,47.16738983257098,2.910613404350162,0.0
5307,23.53033467103642,47.06066934207284,4.656981446960249,0.0
5308,25.30431060900332,50.60862121800664,4.0748587660901805,0.0
5309,30.326505906721238,62.25979449514762,30.27037940524129,0.8033913408525704
5310,44.953285964939916,94.96294642057619,82.07929800267351,2.5281872453481786
5311,59.846948011732245,128.2035484507059,73.92958047049315,4.25482621362071
5312,27.808194123450992,67.36122713233715,72.18321242788312,5.8724194427175815
5313,37.67206209335545,90.1044925585019,61.12288149135257,7.380184185895501
5314,26.080737725458388,68.7638816298075,56.46590004439239,8.301203089445362
5315,26.53146691895337,70.35929822863726,58.2122680870025,8.648182195365257
5316,85.68243638547638,188.3908376577561,70.43684438527303,8.512982443401665
5317,72.14570921976122,159.89221907373894,59.95863612961258,7.800400317108252
5318,31.231499963763916,75.21153403226968,39.58434229916173,6.374267052370924
5319,34.447893921664196,76.47956662676111,34.345238171331474,3.791889391716358
5320,45.57383818914153,96.07654625755585,32.59887012872138,2.4644349396363876
5321,52.41037731950625,106.86877347637632,56.46590004439239,1.0240094186819044
5322,88.28115168286016,177.09869235278262,80.9150526409335,0.26819449353115216
5323,103.63055892546448,207.26111785092897,82.07929800267351,0.0
5324,56.71653172684142,113.43306345368283,58.7943907678725,0.0
5325,42.41042999702666,84.82085999405332,44.241323746121914,0.0
5326,33.99226986694599,67.98453973389198,32.59887012872138,0.0
5327,33.408456305841646,66.81691261168329,21.53853919219092,0.0
5328,23.755194381882603,47.51038876376521,7.567594851310352,0.0
5329,23.58142228185027,47.16284456370054,3.4927360852201716,0.0
5330,23.484476154071054,46.96895230814211,2.910613404350162,0.0
5331,23.432148296265648,46.864296592531296,4.656981446960249,0.0
5332,24.150070829756196,48.30014165951239,4.0748587660901805,0.0
5333,27.86673140362789,56.859600657039366,30.27037940524129,0.5630689248917927
5334,38.206351745110524,80.44671212921139,82.07929800267351,2.017004319495171
5335,56.35851591766277,119.27639334739698,73.92958047049315,3.2796807560357153
5336,21.43893770077685,53.49259560177179,72.18321242788312,5.307360100109044
5337,27.598335921172186,68.39247919109336,61.12288149135257,6.5979036743744945
5338,25.485810522551553,66.0596997091074,56.46590004439239,7.54403933200215
5339,25.9528832482358,68.7493830473623,58.2122680870025,8.42180827544535
5340,65.71911506586176,148.17446603695566,70.43684438527303,8.36811795261608
5341,47.54385406629041,110.74419514555123,59.95863612961258,7.82824350648521
5342,29.19644340886827,71.89384753775558,39.58434229916173,6.750480360009518
5343,31.543883336890673,73.47885595301855,34.345238171331474,5.195544639618602
5344,33.35294580894047,73.49743298158073,32.59887012872138,3.3957706818498976
5345,36.139342481031406,75.77637311499139,56.46590004439239,1.7488440764642887
5346,76.02327005273779,152.44145881821163,80.9150526409335,0.1974593563680342
5347,89.963021045173,179.926042090346,82.07929800267351,0.0
5348,50.24205495905326,100.48410991810653,58.7943907678725,0.0
5349,37.12821532336557,74.25643064673115,44.241323746121914,0.0
5350,32.05050762547005,64.1010152509401,32.59887012872138,0.0
5351,31.764372418282665,63.52874483656533,21.53853919219092,0.0
5352,22.071386832274616,44.14277366454923,7.567594851310352,0.0
5353,21.91634291760687,43.83268583521374,3.4927360852201716,0.0
5354,21.838872509535893,43.677745019071786,2.910613404350162,0.0
5355,21.791029886846303,43.582059773692606,4.656981446960249,0.0
5356,22.5219514423354,45.0439028846708,4.0748587660901805,0.0
5357,26.22298645034995,53.234049812293975,30.27037940524129,0.3940384557970393
5358,35.6473818047958,75.60072331167846,82.07929800267351,2.1529798510434324
5359,52.080166868441886,111.98491530301216,73.92958047049315,3.912290783064195
5360,19.27204562183731,49.959970224149615,72.18321242788312,5.7079394902374965
5361,24.515731436350684,63.17694543694738,61.12288149135257,7.0727412821230065
5362,22.152022236351314,60.099719333806085,56.46590004439239,7.89783743055173
5363,21.910810114494588,60.17357388594396,58.2122680870025,8.17597682847739
5364,58.982679964572554,133.3215514071019,70.43684438527303,7.678095738978398
5365,41.0705997463475,96.67073341816042,59.95863612961258,7.264766962732712
5366,23.82643874092822,59.7077751455257,39.58434229916173,6.027448831834629
5367,24.75046439399552,59.48416719772648,34.345238171331474,4.991619204867717
5368,26.46933770150867,59.47039383490924,32.59887012872138,3.26585921594595
5369,30.711786162577305,64.57870705629661,56.46590004439239,1.5775673655710003
5370,69.3785836541062,139.15455316458372,80.9150526409335,0.1986929281856646
5371,83.1244260878458,166.2488521756916,82.07929800267351,0.0
5372,44.98291044959582,89.96582089919164,58.7943907678725,0.0
5373,34.28961193705545,68.5792238741109,44.241323746121914,0.0
5374,29.632372396279884,59.26474479255977,32.59887012872138,0.0
5375,29.476070724114255,58.95214144822851,21.53853919219092,0.0
5376,23.140558146337007,46.281116292674014,7.567594851310352,0.0
5377,23.081080509946293,46.16216101989259,3.4927360852201716,0.0
5378,23.069806569895,46.13961313979,2.910613404350162,0.0
5379,23.092007944711554,46.18401588942311,4.656981446960249,0.0
5380,23.885429612145558,47.770859224291115,4.0748587660901805,0.0
5381,27.75559928022619,56.526172041603296,30.27037940524129,0.5074867405754582
5382,38.12648748222228,80.4807991018815,82.07929800267351,2.1139120687184723
5383,55.570266116120706,118.97224624624279,73.92958047049315,3.915857007000688
5384,20.785225225317657,52.943896352585,72.18321242788312,5.686722950974843
5385,26.600642695640744,67.1764984749547,61.12288149135257,6.987606541836605
5386,24.09883765979683,63.933656982217414,56.46590004439239,7.867990831311877
5387,23.749470856468022,64.08833909723336,58.2122680870025,8.294698692148659
5388,62.723766678933984,141.81158756845792,70.43684438527303,8.182027105294978
5389,43.92575035756968,102.91384275142086,59.95863612961258,7.53117101814075
5390,25.56413657493801,64.0638069755097,39.58434229916173,6.467766912816843
5391,27.82499963385841,65.51064752733734,34.345238171331474,4.930324129810261
5392,31.04576736905098,68.72468633479416,32.59887012872138,3.316575798346097
5393,36.032835727773346,75.25203300422648,56.46590004439239,1.593180774339889
5394,77.22079477792974,154.8330120366339,80.9150526409335,0.1957112403872185
5395,91.6363960509004,183.2727921018008,82.07929800267351,0.0
5396,50.50425550065595,101.0085110013119,58.7943907678725,0.0
5397,37.160362817228645,74.32072563445729,44.241323746121914,0.0
5398,31.623792522320723,63.24758504464145,32.59887012872138,0.0
5399,31.450360770883865,62.90072154176773,21.53853919219092,0.0
5400,23.353265832777737,46.706531665555474,7.567594851310352,0.0
5401,23.287571326650358,46.575142653300716,3.4927360852201716,0.0
5402,23.269145116573164,46.53829023314633,2.910613404350162,0.0
5403,23.283274060651618,46.566548121303235,4.656981446960249,0.0
5404,24.107317762112498,48.214635524224995,4.0748587660901805,0.0
5405,28.414620111634445,57.31109855754285,30.27037940524129,0.2409291671369795
5406,39.56649865050634,82.22372332860985,82.07929800267351,1.545363013798585
5407,57.52188322623368,120.52942651167373,73.92958047049315,2.7428300296031836
5408,21.478554351676785,53.524211486927335,72.18321242788312,5.283551391786884
5409,27.132720616006292,68.48328611406163,61.12288149135257,7.1089224410245215
5410,24.73827344815099,65.09342458068357,56.46590004439239,7.808438842190796
5411,24.3223001862901,65.21030946593987,58.2122680870025,8.282854546679836
5412,63.96171888187108,144.21141023252255,70.43684438527303,8.143986234390196
5413,45.303338831921415,105.68303073520822,59.95863612961258,7.5381765356826955
5414,27.915652721239645,68.69541415274723,39.58434229916173,6.432054355133969
5415,30.28929174909258,70.1947215442291,34.345238171331474,4.808069023021968
5416,32.04867407642912,70.34212832096966,32.59887012872138,3.12239008405571
5417,36.70888953108043,75.69915570208043,56.46590004439239,1.1406883199597844
5418,77.81038570849864,155.6479366633697,80.9150526409335,0.013582623186205671
5419,92.20189791777342,184.40379583554684,82.07929800267351,0.0
5420,50.17054896034122,100.34109792068244,58.7943907678725,0.0
5421,37.452343008158415,74.90468601631683,44.241323746121914,0.0
5422,32.12614129775796,64.25228259551592,32.59887012872138,0.0
5423,31.950950305017173,63.901900610034346,21.53853919219092,0.0
5424,25.97268136411811,51.94536272823622,7.567594851310352,0.0
5425,25.899128301133764,51.79825660226753,3.4927360852201716,0.0
5426,25.88513659126493,51.77027318252986,2.910613404350162,0.0
5427,25.902045462746933,51.80409092549387,4.656981446960249,0.0
5428,27.85621140948316,55.71242281896632,4.0748587660901805,0.0
5429,31.646604152709656,64.27335356440794,30.27037940524129,0.49007262949431535
5430,44.48796566797125,93.22769187912726,82.07929800267351,2.125880271592381
5431,66.94161669194263,140.93898076487852,73.92958047049315,3.5278736904966403
5432,55.73651667650152,122.53943922693226,72.18321242788312,5.533202936964609
5433,59.219711282454725,132.24004634043158,61.12288149135257,6.900311887761063
5434,53.52407519099635,122.4121996020376,56.46590004439239,7.682024610022451
5435,48.38618902333128,113.15437913893086,58.2122680870025,8.191000546134148
5436,102.0144880293683,220.17901091640917,70.43684438527303,8.07501742883629
5437,86.34532147040439,187.72211216740882,59.95863612961258,7.5157346133000225
5438,54.59995900093673,122.02969417978117,39.58434229916173,6.414888088953856
5439,50.97109059729726,111.88396912669242,34.345238171331474,4.970893966048946
5440,50.859683602165006,107.89581890646829,32.59887012872138,3.08822585106914
5441,56.46290004454559,116.36344967112073,56.46590004439239,1.7188247910147785
5442,95.19077773077221,190.48881604795014,80.9150526409335,0.05363029320285235
5443,112.30565726070074,224.61131452140148,82.07929800267351,0.0
5444,66.01974446364783,132.03948892729565,58.7943907678725,0.0
5445,55.966334855747895,111.93266971149579,44.241323746121914,0.0
5446,45.96554805504318,91.93109611008636,32.59887012872138,0.0
5447,31.05059626367191,62.10119252734382,21.53853919219092,0.0
5448,25.202265847839787,50.40453169567957,7.567594851310352,0.0
5449,25.141705186108968,50.283410372217936,3.4927360852201716,0.0
5450,25.127835580445588,50.255671160891175,2.910613404350162,0.0
5451,25.141290289794917,50.28258057958983,4.656981446960249,0.0
5452,27.098247553988315,54.19649510797663,4.0748587660901805,0.0
5453,33.32895458764499,66.75023293053349,30.27037940524129,0.046161877621746755
5454,48.916149723176204,101.73195952106998,82.07929800267351,1.9498300373587865
5455,65.21113947055449,137.9439046975121,73.92958047049315,3.76081287820156
5456,30.448379588041725,71.95488357128322,72.18321242788312,5.5290621975998855
5457,40.77831223771525,95.51295595978915,61.12288149135257,6.9781657421793275
5458,28.010757971229864,71.79095636853974,56.46590004439239,7.884720213040004
5459,27.771317888059773,71.96856820098729,58.2122680870025,8.212966212433873
5460,89.95192783341273,196.041300313434,70.43684438527303,8.068722323304264
5461,74.55924472393977,163.7557068209302,59.95863612961258,7.318608686525317
5462,30.84024803554032,73.58702638954298,39.58434229916173,5.953265159231173
5463,33.68800742195004,75.64880001658956,34.345238171331474,4.13639258634474
5464,45.66956491473609,97.12670697305533,32.59887012872138,2.893788571791572
5465,52.93357436735686,107.49966079937735,56.46590004439239,0.8162560323318113
5466,91.44818863707832,183.0845028330979,80.9150526409335,0.09406277947063638
5467,108.24282617775434,216.48565235550868,82.07929800267351,0.0
5468,58.03524936677763,116.07049873355525,58.7943907678725,0.0
5469,43.57052637503375,87.1410527500675,44.241323746121914,0.0
5470,35.482154531925126,70.96430906385025,32.59887012872138,0.0
5471,35.30817122696111,70.61634245392221,21.53853919219092,0.0
5472,22.106085094863207,44.212170189726415,7.567594851310352,0.0
5473,22.0389331857023,44.0778663714046,3.4927360852201716,0.0
5474,22.022319769484096,44.04463953896819,2.910613404350162,0.0
5475,22.03810901361364,44.07621802722728,4.656981446960249,0.0
5476,23.769148283295255,47.53829656659051,4.0748587660901805,0.0
5477,29.326981634711096,58.724848670101,30.27037940524129,0.03544270033940051
5478,43.03502282981772,89.82348536822381,82.07929800267351,1.8767198542941843
5479,57.34596830500681,121.29864326334669,73.92958047049315,3.303353326666538
5480,26.603071984389445,63.40662994232743,72.18321242788312,5.100242986774269
5481,35.55817368007693,84.13901801833013,61.12288149135257,6.511335329088131
5482,23.99579709841048,63.146206479790095,56.46590004439239,7.577306141484566
5483,23.571520127656427,63.38256553739292,58.2122680870025,8.119762641040031
5484,78.37749315466576,172.54891672975583,70.43684438527303,7.896965210212152
5485,64.9902805179271,144.70020181863595,59.95863612961258,7.359820391390863
5486,26.504994832021655,64.23310768149372,39.58434229916173,5.611559008725205
5487,28.443219850414415,64.55546692086139,34.345238171331474,3.8345136100162796
5488,39.81738244595422,84.07117227112109,32.59887012872138,2.218203689606316
5489,46.35868838854297,94.91651490064837,56.46590004439239,1.099569061781213
5490,81.3447571405889,162.73202208793379,80.9150526409335,0.021253903377989384
5491,95.75495031483602,191.50990062967205,82.07929800267351,0.0
5492,51.55862045957032,103.11724091914064,58.7943907678725,0.0
5493,38.42148983461773,76.84297966923546,44.241323746121914,0.0
5494,31.21477485810748,62.42954971621496,32.59887012872138,0.0
5495,31.040592084963173,62.081184169926345,21.53853919219092,0.0
5496,22.750098950463748,45.500197900927496,7.567594851310352,0.0
5497,22.687145027648704,45.37429005529741,3.4927360852201716,0.0
5498,22.665251335175228,45.330502670350455,2.910613404350162,0.0
5499,22.679437290867337,45.358874581734675,4.656981446960249,0.0
5500,23.442846626750732,46.885693253501465,4.0748587660901805,0.0
5501,27.205248812998367,55.35571738644625,30.27037940524129,0.47260988022475886
5502,37.0109068277782,78.5265535336428,82.07929800267351,2.2523699390431955
5503,54.26872400205564,116.4573335375152,73.92958047049315,3.9599427667019595
5504,20.27467855199447,51.91734945634194,72.18321242788312,5.6839961761765005
5505,25.887035393643615,65.66672203886989,61.12288149135257,6.94632562579133
5506,23.409710326763715,62.52878053867204,56.46590004439239,7.854679942572302
5507,23.108374051087416,62.769597045660895,58.2122680870025,8.276424471743033
5508,61.53848574834515,139.40004078665484,70.43684438527303,8.16153464498227
5509,43.24241238744523,101.52485075497374,59.95863612961258,7.520012990041644
5510,25.969847466211128,64.487664190147,39.58434229916173,6.273984628862372
5511,28.88540734818955,67.19208316456508,34.345238171331474,4.710634234092989
5512,30.189739956361286,66.57713514875906,32.59887012872138,3.098827618018241
5513,34.90885755382607,72.7847913599769,56.46590004439239,1.4835381261623803
5514,74.21032506427296,148.48185805762674,80.9150526409335,0.030603964540410155
5515,88.78924669602324,177.57849339204648,82.07929800267351,0.0
5516,47.44950318731415,94.8990063746283,58.7943907678725,0.0
5517,35.74954886863052,71.49909773726104,44.241323746121914,0.0
5518,30.893923509010808,61.787847018021615,32.59887012872138,0.0
5519,30.72421934237424,61.44843868474848,21.53853919219092,0.0
5520,21.39508542705172,42.79017085410344,7.567594851310352,0.0
5521,21.33369903736434,42.66739807472868,3.4927360852201716,0.0
5522,21.321471259976274,42.64294251995255,2.910613404350162,0.0
5523,21.33786725289394,42.67573450578788,4.656981446960249,0.0
5524,22.058143978500127,44.11628795700025,4.0748587660901805,0.0
5525,25.70454854320156,52.153939495194855,30.27037940524129,0.3724212043958651
5526,34.93434047987251,74.09225849177089,82.07929800267351,2.1117887660129324
5527,51.02048460074287,109.73890847898767,73.92958047049315,3.8489696387509635
5528,18.913210594122244,48.98777108764148,72.18321242788312,5.580674949698494
5529,24.11378689087518,61.969647127631305,61.12288149135257,6.871036672940474
5530,21.748949336974437,58.991772524794094,56.46590004439239,7.746936925422609
5531,21.46214894946055,59.17145471356313,58.2122680870025,8.123578407321014
5532,57.5332511584008,131.01868170562835,70.43684438527303,7.976089694413375
5533,40.41112501522039,95.63466895580191,59.95863612961258,7.406209462680564
5534,24.31374103691729,61.24916162686282,39.58434229916173,6.310839776514121
5535,26.986133513781994,63.59416380645003,34.345238171331474,4.810948389443019
5536,29.502370267709676,64.89018101039382,32.59887012872138,2.942720237487233
5537,34.341954716975756,71.4378968081764,56.46590004439239,1.3769936871124453
5538,71.82548207966113,143.66905901912517,80.9150526409335,0.009047429901460765
5539,84.35367565558387,168.70735131116774,82.07929800267351,0.0
5540,45.10644750869768,90.21289501739535,58.7943907678725,0.0
5541,33.88013988864595,67.7602797772919,44.241323746121914,0.0
5542,29.209510199661516,58.41902039932303,32.59887012872138,0.0
5543,28.985041336041064,57.97008267208213,21.53853919219092,0.0
5544,22.409009118699835,44.81801823739967,7.567594851310352,0.0
5545,22.338293413571904,44.67658682714381,3.4927360852201716,0.0
5546,22.32393070039503,44.64786140079006,2.910613404350162,0.0
5547,22.342328537746997,44.684657075493995,4.656981446960249,0.0
5548,23.106933053402976,46.21386610680595,4.0748587660901805,0.0
5549,27.064388899075347,54.695067111773255,30.27037940524129,0.28314465681128026
5550,36.993928149753984,77.8719374672664,82.07929800267351,1.942040583879221
5551,53.834313931764434,115.04488345625589,73.92958047049315,3.6881277963635113
5552,20.213299191265012,51.278570658017614,72.18321242788312,5.425986137743795
5553,25.80590588697363,65.09178357035822,61.12288149135257,6.739985898205478
5554,23.44530119901893,62.10925140064678,56.46590004439239,7.6093245013044575
5555,23.49801130914623,62.980453345627744,58.2122680870025,7.992215363667644
5556,61.618658069247815,138.98304806836657,70.43684438527303,7.872865964935472
5557,44.81733120536645,104.23476835818715,59.95863612961258,7.3000529737271265
5558,27.831101108844056,67.97640023722806,39.58434229916173,6.157099009769975
5559,29.942561425361824,69.2277810475187,34.345238171331474,4.67132909839753
5560,32.43278934298898,70.61325878630132,32.59887012872138,2.873840050161677
5561,37.21865406341295,77.05160681832153,56.46590004439239,1.307149345747815
5562,76.59104461387513,153.18335065202513,80.9150526409335,0.0006307121374300961
5563,89.89941827196154,179.79883654392307,82.07929800267351,0.0
5564,48.63081125650251,97.26162251300502,58.7943907678725,0.0
5565,36.53313553932408,73.06627107864816,44.241323746121914,0.0
5566,31.007468639843108,62.014937279686215,32.59887012872138,0.0
5567,30.630004169785096,61.26000833957019,21.53853919219092,0.0
5568,23.58724513498695,47.1744902699739,7.567594851310352,0.0
5569,23.456744841241584,46.91348968248317,3.4927360852201716,0.0
5570,23.40088276248059,46.80176552496118,2.910613404350162,0.0
5571,23.406458784349194,46.81291756869839,4.656981446960249,0.0
5572,24.232973040770478,48.465946081540956,4.0748587660901805,0.0
5573,28.53820214056656,57.59765237554957,30.27037940524129,0.26062404720822313
5574,39.343383508210174,82.59642267983344,82.07929800267351,1.954827831706547
5575,56.88453073171803,121.04933939933314,73.92958047049315,3.640138967948538
5576,21.535060347261897,53.75168551243184,72.18321242788312,5.340782408954025
5577,27.74197649692761,68.71913204572813,61.12288149135257,6.617589525936456
5578,25.362053176430955,65.74757964089304,56.46590004439239,7.511736644015562
5579,25.36726231475358,66.47018786331914,58.2122680870025,7.867831616905989
5580,65.57908350002356,146.68629199294716,70.43684438527303,7.764062496450021
5581,47.79984756208379,109.94356406610785,59.95863612961258,7.171934470970133
5582,30.064347889033698,72.29590546204349,39.58434229916173,6.08360484198805
5583,32.1704434492525,73.50855446673222,34.345238171331474,4.583833784113606
5584,34.33225304029767,74.40024019696195,32.59887012872138,2.8678670581832995
5585,39.137491056311255,80.77733577642697,56.46590004439239,1.2511768319022263
5586,80.74890646916201,161.49781293832402,80.9150526409335,0.0
5587,94.83828501518333,189.67657003036666,82.07929800267351,0.0
5588,51.45099101357736,102.90198202715472,58.7943907678725,0.0
5589,38.551061813604505,77.10212362720901,44.241323746121914,0.0
5590,32.71465447255819,65.42930894511638,32.59887012872138,0.0
5591,32.39496142951723,64.78992285903446,21.53853919219092,0.0
5592,24.695573630504846,49.39114726100969,7.567594851310352,0.0
5593,24.56785224603157,49.13570449206314,3.4927360852201716,0.0
5594,24.501447820869167,49.002895641738334,2.910613404350162,0.0
5595,24.452331462905295,48.90466292581059,4.656981446960249,0.0
5596,25.341068990919723,50.682137981839446,4.0748587660901805,0.0
5597,30.03571748769391,60.646035253761326,30.27037940524129,0.28730013918675357
5598,41.9601238425869,87.99248723798362,82.07929800267351,2.03611977640491
5599,59.97779250062298,127.39532925342911,73.92958047049315,3.719872126091576
5600,22.743357960951975,56.32086190482541,72.18321242788312,5.4170729914607305
5601,29.79028314804679,72.91253419722393,61.12288149135257,6.6659839505651775
5602,27.339147638335763,69.61084344463548,56.46590004439239,7.466274083981976
5603,27.36251379162801,70.44621081053045,58.2122680870025,7.860591613637212
5604,69.67291209223596,154.79197799948727,70.43684438527303,7.723076907507677
5605,50.96486919232396,116.21284825045004,59.95863612961258,7.141554932901061
5606,32.25677557695459,76.61340205471723,39.58434229916173,6.0499254504040225
5607,33.67349965690406,76.47635683077958,34.345238171331474,4.564678758485729
5608,35.15700086030677,76.05332298899549,32.59887012872138,2.869660634190969
5609,38.926424838045364,80.30993749639065,56.46590004439239,1.2285439101499627
5610,83.55469875841811,167.10939751683622,80.9150526409335,0.0
5611,99.14268799272385,198.2853759854477,82.07929800267351,0.0
5612,53.83170292997869,107.66340585995738,58.7943907678725,0.0
5613,40.1634713795891,80.3269427591782,44.241323746121914,0.0
5614,34.26857069393967,68.53714138787934,32.59887012872138,0.0
5615,34.02199637533114,68.04399275066228,21.53853919219092,0.0
5616,22.27614822643094,44.55229645286188,7.567594851310352,0.0
5617,22.199869980548456,44.39973996109691,3.4927360852201716,0.0
5618,22.17655155189565,44.3531031037913,2.910613404350162,0.0
5619,22.189113186268404,44.37822637253681,4.656981446960249,0.0
5620,23.913735110736713,47.827470221473426,4.0748587660901805,0.0
5621,29.218386975982813,58.958504419415966,30.27037940524129,0.2608652337251706
5622,42.99006162070689,89.92887557311361,82.07929800267351,1.9743761658499164
5623,57.260223993658705,121.8148396558787,73.92958047049315,3.647195834280645
5624,26.531082817995312,63.69521532275449,72.18321242788312,5.316524843381934
5625,35.614950473844026,84.4429746081357,61.12288149135257,6.606536830223823
5626,24.72686578977329,64.25328296635163,56.46590004439239,7.399775693402527
5627,24.7879554901479,65.06567381518974,58.2122680870025,7.744881417446969
5628,80.39554158201022,176.073398031179,70.43684438527303,7.6411574335792745
5629,67.79995884901396,149.82073284769226,59.95863612961258,7.110407574832166
5630,29.177905508943148,70.36451548308807,39.58434229916173,6.004352232600889
5631,31.30457349970223,71.53953242754162,34.345238171331474,4.4651927140685785
5632,42.179891381653206,89.91293577245791,32.59887012872138,2.776576504575749
5633,48.76501557050228,99.8011240724836,56.46590004439239,1.1355464657395227
5634,82.90344006065223,165.80688012130446,80.9150526409335,0.0
5635,97.07927275741669,194.15854551483338,82.07929800267351,0.0
5636,52.667970375653425,105.33594075130685,58.7943907678725,0.0
5637,39.4575925087466,78.9151850174932,44.241323746121914,0.0
5638,31.789744227525265,63.57948845505053,32.59887012872138,0.0
5639,31.458602450016922,62.917204900033845,21.53853919219092,0.0
5640,22.54731898134251,45.09463796268502,7.567594851310352,0.0
5641,22.43675118335676,44.87350236671352,3.4927360852201716,0.0
5642,22.376752225521795,44.75350445104359,2.910613404350162,0.0
5643,22.335233263519978,44.670466527039956,4.656981446960249,0.0
5644,24.05704266135838,48.11408532271676,4.0748587660901805,0.0
5645,29.48196864922786,59.38796802805996,30.27037940524129,0.21201536480212013
5646,43.53767163653433,90.79989471486428,82.07929800267351,1.8622757208978102
5647,57.75641650147645,122.57825240699884,73.92958047049315,3.5327097020229674
5648,26.82449118657214,64.10505051006406,72.18321242788312,5.22803406845989
5649,36.1108442359738,85.33125102831939,61.12288149135257,6.554781278185892
5650,24.997472712666088,64.87004316706883,56.46590004439239,7.4375488708683255
5651,24.953713403082226,65.54155972871071,58.2122680870025,7.817066461273127
5652,81.17257020166817,177.5527041071845,70.43684438527303,7.603781851924085
5653,68.34908967203637,150.70211932285122,59.95863612961258,7.001969989389231
5654,33.43070339582483,70.04968774756722,39.58434229916173,1.5941404779587847
5655,34.26991681681455,71.09450019007754,34.345238171331474,1.277333278224217
5656,43.781061382984035,89.74996633545852,32.59887012872138,1.09392178474523
5657,49.37331070205388,100.20399959404054,56.46590004439239,0.7286890949663942
5658,83.48722158703035,166.9744431740607,80.9150526409335,0.0
5659,97.50769680063816,195.01539360127632,82.07929800267351,0.0
5660,52.94082231543048,105.88164463086096,58.7943907678725,0.0
5661,39.35652069144249,78.71304138288498,44.241323746121914,0.0
5662,31.845466039554925,63.69093207910985,32.59887012872138,0.0
5663,31.538502429916207,63.077004859832414,21.53853919219092,0.0
5664,20.681166860495157,41.362333720990314,7.567594851310352,0.0
5665,20.57827665406848,41.15655330813696,3.4927360852201716,0.0
5666,20.552468852800498,41.104937705600996,2.910613404350162,0.0
5667,20.56616876831547,41.13233753663094,4.656981446960249,0.0
5668,21.25417276340923,42.50834552681846,4.0748587660901805,0.0
5669,24.92365111130225,50.24150860003026,30.27037940524129,0.19710318871288054
5670,33.79868600149339,71.35446465649657,82.07929800267351,1.8785463267549034
5671,49.24133664680754,105.72071269505695,73.92958047049315,3.6190197007209304
5672,18.38849954547382,47.25520617882962,72.18321242788312,5.23910354394099
5673,23.369245308577966,59.754006299345164,61.12288149135257,6.507757841094617
5674,21.075789302402136,56.87032341487248,56.46590004439239,7.3593724050341045
5675,21.021409510241362,57.52800920909796,58.2122680870025,7.742595094307618
5676,56.08907150980425,127.51934012235662,70.43684438527303,7.670598551374064
5677,39.560296514982156,93.2169482156218,59.95863612961258,7.048177592828744
5678,24.103198722903645,60.17457920259838,39.58434229916173,5.984090878395545
5679,26.499452861847104,61.9167723741637,34.345238171331474,4.458933325234744
5680,28.689504194328325,62.99613679462611,32.59887012872138,2.8085642029847313
5681,32.508413468652115,67.27427231918223,56.46590004439239,1.1287226909390025
5682,68.50451397005314,137.00902794010628,80.9150526409335,0.0
5683,80.46483460685032,160.92966921370063,82.07929800267351,0.0
5684,43.119316296815086,86.23863259363017,58.7943907678725,0.0
5685,32.62159791064164,65.24319582128328,44.241323746121914,0.0
5686,28.090923002013668,56.181846004027335,32.59887012872138,0.0
5687,27.878508185070793,55.757016370141585,21.53853919219092,0.0
5688,22.899961699079707,45.799923398159414,7.567594851310352,0.0
5689,22.83158235012491,45.66316470024982,3.4927360852201716,0.0
5690,22.817235332986645,45.63447066597329,2.910613404350162,0.0
5691,22.832516924770182,45.665033849540364,4.656981446960249,0.0
5692,23.604818581548535,47.20963716309707,4.0748587660901805,0.0
5693,27.7472774752482,55.760513029578256,30.27037940524129,0.13297903954092827
5694,39.040988983313596,79.13060562775388,82.07929800267351,0.5243138305633439
5695,57.37307628591765,117.27076070921287,73.92958047049315,1.2623040686887825
5696,23.6284470991559,52.2661281968081,72.18321242788312,2.5046169992481477
5697,31.0691126419771,66.2317908230422,61.12288149135257,2.0467827695440013
5698,26.15486674649221,63.14022298103178,56.46590004439239,5.415244744023681
5699,29.497509725522583,64.04583952589478,58.2122680870025,2.525410037424806
5700,67.65074186912157,141.13099582875157,70.43684438527303,2.9147560452542116
5701,51.87736944642511,105.11916022264683,59.95863612961258,0.6822106648983095
5702,33.777902078678096,68.44795276363351,39.58434229916173,0.44607430313866037
5703,34.37260049480076,69.99683482443402,34.345238171331474,0.6258169174162491
5704,35.1120484377186,70.89742599952189,32.59887012872138,0.3366645620423463
5705,37.85646241843312,76.82979277951914,56.46590004439239,0.5584339713264534
5706,77.08395862505665,154.1679172501133,80.9150526409335,0.0
5707,90.50996878568017,181.01993757136034,82.07929800267351,0.0
5708,48.695532808606835,97.39106561721367,58.7943907678725,0.0
5709,36.628187887995956,73.25637577599191,44.241323746121914,0.0
5710,31.339264897031978,62.678529794063955,32.59887012872138,0.0
5711,31.064251070295946,62.12850214059189,21.53853919219092,0.0
5712,21.904912339891613,43.809824679783226,7.567594851310352,0.0
5713,21.8226944293221,43.6453888586442,3.4927360852201716,0.0
5714,21.801609690360813,43.603219380721626,2.910613404350162,0.0
5715,21.811873651357875,43.62374730271575,4.656981446960249,0.0
5716,22.55870311869175,45.1174062373835,4.0748587660901805,0.0
5717,26.673682266741917,53.408157771954535,30.27037940524129,0.030396619235349902
5718,36.79796653278309,76.04447791196785,82.07929800267351,1.2242724232008328
5719,55.84588852273601,112.30208323870673,73.92958047049315,0.30515309661734974
5720,24.48157826288069,50.080490222356545,72.18321242788312,0.5586668482975855
5721,31.078113345769818,63.60473729326436,61.12288149135257,0.7242553008623617
5722,29.12429691429808,61.019424357047974,56.46590004439239,1.3854152642259103
5723,28.251957044703612,61.86485056842464,58.2122680870025,2.6804682395087105
5724,65.4492039183809,136.46845675027407,70.43684438527303,2.7850244567561386
5725,50.09537656110937,102.55288948132676,59.95863612961258,1.1810681795540074
5726,31.757672249148257,67.24859521082237,39.58434229916173,1.866625356262928
5727,32.80074784226605,68.55013458523563,34.345238171331474,1.4743194503517656
5728,33.712165324159486,69.77415202926409,32.59887012872138,1.1749106904725546
5729,37.39777510233405,75.40652478721884,56.46590004439239,0.30548729127537216
5730,74.71420988247081,149.42841976494162,80.9150526409335,0.0
5731,86.6729545888375,173.345909177675,82.07929800267351,0.0
5732,46.9214134244545,93.842826848909,58.7943907678725,0.0
5733,35.25534721027933,70.51069442055866,44.241323746121914,0.0
5734,30.145823115952172,60.291646231904345,32.59887012872138,0.0
5735,29.84705252142527,59.69410504285054,21.53853919219092,0.0
5736,22.58835934937123,45.17671869874246,7.567594851310352,0.0
5737,22.45317471614312,44.90634943228624,3.4927360852201716,0.0
5738,22.42251172559409,44.84502345118818,2.910613404350162,0.0
5739,22.4335433268374,44.8670866536748,4.656981446960249,0.0
5740,23.221263987159897,46.442527974319795,4.0748587660901805,0.0
5741,27.492769527287617,55.22453313606519,30.27037940524129,0.11949704074497898
5742,39.3188332990673,79.24598407578864,82.07929800267351,0.30415873882701955
5743,57.7635362303672,116.08307431283998,73.92958047049315,0.27800092605278737
5744,25.415848926719,51.606548995353904,72.18321242788312,0.3874255709579508
5745,32.24088092368761,66.02943897589236,61.12288149135257,0.7738385642585678
5746,31.124258916982527,63.50519901804468,56.46590004439239,0.628340592039812
5747,30.259580427279285,64.26520249945962,58.2122680870025,1.8730208224505231
5748,66.37763415402713,141.54687314494294,70.43684438527303,4.395802418444333
5749,50.426619935633326,106.5535891974265,59.95863612961258,2.850174663079927
5750,33.963497824009785,70.25401342566987,39.58434229916173,1.1635088888251468
5751,35.216605167512164,71.56550412505895,34.345238171331474,0.5661468950173139
5752,35.47409566397738,72.34870205856713,32.59887012872138,0.7002553653061858
5753,38.49204214434188,77.8533610822162,56.46590004439239,0.43463839676622074
5754,77.69650001372725,155.3930000274545,80.9150526409335,0.0
5755,91.02447977289984,182.04895954579968,82.07929800267351,0.0
5756,49.64017546903276,99.28035093806552,58.7943907678725,0.0
5757,37.114731995154635,74.22946399030927,44.241323746121914,0.0
5758,31.512500846471845,63.02500169294369,32.59887012872138,0.0
5759,31.125956910666176,62.25191382133235,21.53853919219092,0.0
5760,22.348415127633405,44.69683025526681,7.567594851310352,0.0
5761,22.20146971250726,44.40293942501452,3.4927360852201716,0.0
5762,22.10636316974993,44.21272633949986,2.910613404350162,0.0
5763,22.078611531342204,44.15722306268441,4.656981446960249,0.0
5764,22.867994968488485,45.73598993697697,4.0748587660901805,0.0
5765,27.331911821796737,54.78563343026392,30.27037940524129,0.060904893335222164
5766,38.50489255495767,79.57943437998543,82.07929800267351,1.2848246350350407
5767,54.191704910734565,115.06155963402445,73.92958047049315,3.339074906277658
5768,19.82520969416105,50.98171973574862,72.18321242788312,5.665650173713259
5769,25.8126472814078,66.23020734218191,61.12288149135257,7.302456389683157
5770,23.918368365752123,63.731724672630456,56.46590004439239,7.947493970563104
5771,24.422068935139592,65.18817716150551,58.2122680870025,8.17201964561316
5772,63.62324508903716,141.82120698237514,70.43684438527303,7.287358402150408
5773,45.91253061759768,106.89458303152962,59.95863612961258,7.534760898167126
5774,29.41333366773863,71.08695524647733,39.58434229916173,6.130143955500036
5775,31.77582497874399,72.08130927765663,34.345238171331474,4.264829660084323
5776,33.94845875730309,73.08707674941685,32.59887012872138,2.5950796174053417
5777,38.494970868069984,79.07104147593517,56.46590004439239,1.0405498698976026
5778,78.16481612528369,156.32963225056739,80.9150526409335,0.0
5779,91.62184849661816,183.2436969932363,82.07929800267351,0.0
5780,50.51468267433754,101.02936534867509,58.7943907678725,0.0
5781,37.699167064407455,75.39833412881491,44.241323746121914,0.0
5782,31.759775158898815,63.51955031779763,32.59887012872138,0.0
5783,31.113955186174014,62.22791037234803,21.53853919219092,0.0
5784,23.367445708199636,46.73489141639927,7.567594851310352,0.0
5785,23.222700986244053,46.445401972488106,3.4927360852201716,0.0
5786,23.116935372151517,46.23387074430303,2.910613404350162,0.0
5787,23.066372173230924,46.13274434646185,4.656981446960249,0.0
5788,24.81000351164954,49.62000702329908,4.0748587660901805,0.0
5789,30.32677021561502,61.00863817271775,30.27037940524129,0.17754887074385428
5790,44.32751344762562,92.88309363881864,82.07929800267351,2.114033371783701
5791,59.02082296367962,125.74793773727646,73.92958047049315,3.85314590495861
5792,27.177372564664857,65.81042952585227,72.18321242788312,5.7278421982612775
5793,36.94960060502726,87.83971995766049,61.12288149135257,6.9702593738029925
5794,25.71170102666381,67.06983964318285,56.46590004439239,7.823218794927611
5795,26.778037015398922,69.73803846440497,58.2122680870025,8.090982216803562
5796,84.59862759159503,185.08887180459874,70.43684438527303,7.945808310704329
5797,71.39965365204762,157.41997084595414,59.95863612961258,7.310331770929445
5798,31.712176132997,74.95999519188359,39.58434229916173,5.767821462944793
5799,33.74306254880711,76.14894094184025,34.345238171331474,4.331407922113018
5800,44.66574159850083,94.90121397881337,32.59887012872138,2.7848653909058534
5801,51.44916150432474,104.91985000573054,56.46590004439239,1.010763498540527
5802,86.7715793854862,173.5431587709724,80.9150526409335,0.0
5803,101.13510204477898,202.27020408955795,82.07929800267351,0.0
5804,55.462987559450475,110.92597511890095,58.7943907678725,0.0
5805,41.54404119330239,83.08808238660478,44.241323746121914,0.0
5806,33.42820803116208,66.85641606232416,32.59887012872138,0.0
5807,32.76089001095974,65.52178002191948,21.53853919219092,0.0
5808,21.52622741642616,43.05245483285232,7.567594851310352,0.0
5809,21.39062214914038,42.78124429828076,3.4927360852201716,0.0
5810,21.33176735481104,42.66353470962208,2.910613404350162,0.0
5811,21.284774795927174,42.56954959185435,4.656981446960249,0.0
5812,22.90218797219986,45.80437594439972,4.0748587660901805,0.0
5813,28.142079330319522,56.40464564447613,30.27037940524129,0.06024349191854433
5814,41.272018011631836,86.02179576644521,82.07929800267351,1.738879871590771
5815,54.53254214603505,115.91319756404006,73.92958047049315,3.4240566359849836
5816,24.936249357128442,60.797111356585546,72.18321242788312,5.46230632116433
5817,33.6764293078201,80.94415332847173,61.12288149135257,6.795647356415761
5818,22.90694592482152,61.028244164669964,56.46590004439239,7.607176157513461
5819,23.256068595788978,61.94305821893086,58.2122680870025,7.715460513676451
5820,77.99219216396301,169.2979455433667,70.43684438527303,6.656780607720343
5821,66.49730142911615,144.3746503385461,59.95863612961258,5.690023740156897
5822,30.279388609320485,67.65705572220048,39.58434229916173,3.5491392517797564
5823,31.915760373154555,69.03746697603685,34.345238171331474,2.6029731148638713
5824,41.89040830028112,86.2334252652689,32.59887012872138,1.2263043323533274
5825,45.92896921411376,93.74729992868879,56.46590004439239,0.944680750230628
5826,78.0687364524474,156.1374729048948,80.9150526409335,0.0
5827,91.30229300616519,182.60458601233037,82.07929800267351,0.0
5828,49.69327467098452,99.38654934196904,58.7943907678725,0.0
5829,37.22042497241188,74.44084994482375,44.241323746121914,0.0
5830,30.099098726160967,60.198197452321935,32.59887012872138,0.0
5831,29.8500831424249,59.7001662848498,21.53853919219092,0.0
5832,21.600573850968175,43.20114770193635,7.567594851310352,0.0
5833,21.42347734231108,42.84695468462216,3.4927360852201716,0.0
5834,21.35408196323164,42.70816392646328,2.910613404350162,0.0
5835,21.34515223673178,42.69030447346356,4.656981446960249,0.0
5836,22.05914718754702,44.11829437509404,4.0748587660901805,0.0
5837,25.988753720165196,52.1280640233651,30.27037940524129,0.07527829151735493
5838,35.82518783417811,73.99466682267624,82.07929800267351,1.1721455771600076
5839,52.341690364733715,109.63019229092586,73.92958047049315,2.473405780729219
5840,20.78035866086735,48.93484263834869,72.18321242788312,3.6870626583069956
5841,25.927356424694295,61.96174693586643,61.12288149135257,5.053517043238921
5842,23.56529274187347,59.88509797117792,56.46590004439239,6.3772562437154905
5843,24.502714059733357,60.87328294953711,58.2122680870025,5.9339274150352015
5844,60.67017047948855,134.85303780406448,70.43684438527303,6.756348422543695
5845,44.08587359779445,101.4894779765713,59.95863612961258,6.658865390491191
5846,28.034500691166947,67.02109420805554,39.58434229916173,5.476046412860823
5847,29.96458042153718,68.21764217603022,34.345238171331474,4.144240666477934
5848,32.00655239235862,69.21173278103419,32.59887012872138,2.599313998158475
5849,36.58548524755793,74.76261061795738,56.46590004439239,0.7958200614207535
5850,73.39922958323727,146.79845916647454,80.9150526409335,0.0
5851,85.62190206167531,171.24380412335063,82.07929800267351,0.0
5852,46.49506331794733,92.99012663589465,58.7943907678725,0.0
5853,34.981405398892534,69.96281079778507,44.241323746121914,0.0
5854,29.77516936172675,59.5503387234535,32.59887012872138,0.0
5855,29.33169516611268,58.66339033222536,21.53853919219092,0.0
5856,25.83570845566891,51.67141691133782,7.567594851310352,0.0
5857,25.686347488286547,51.372694976573094,3.4927360852201716,0.0
5858,25.567801513094796,51.13560302618959,2.910613404350162,0.0
5859,25.553307019165167,51.106614038330335,4.656981446960249,0.0
5860,26.4019058354756,52.8038116709512,4.0748587660901805,0.0
5861,30.989460609316385,62.15161385644777,30.27037940524129,0.08634631890749789
5862,42.147783397219726,88.06521738360915,82.07929800267351,1.8848252945848507
5863,61.7996276065149,130.6137026703192,73.92958047049315,3.5072237286447043
5864,23.94090058421245,58.084440904771554,72.18321242788312,5.101319868173328
5865,30.58131639557192,74.2029470725467,61.12288149135257,6.520157140701433
5866,28.429343100431694,71.49456927974707,56.46590004439239,7.317941539441841
5867,29.14375782421962,73.18309979705248,58.2122680870025,7.447792074306618
5868,73.79150612929502,161.39134023682743,70.43684438527303,6.904163989118695
5869,53.90655373357194,120.4584466126204,59.95863612961258,6.322669572738262
5870,33.77552348104504,78.79093944535181,39.58434229916173,5.619946241630861
5871,35.91370610791906,80.10682740109307,34.345238171331474,4.1397075926274765
5872,37.840986430712775,80.78019614452761,32.59887012872138,2.5491116415510295
5873,41.84639672463666,85.45901612293342,56.46590004439239,0.8831113368300499
5874,84.4001065507833,168.8002131015666,80.9150526409335,0.0
5875,99.62077307519073,199.24154615038145,82.07929800267351,0.0
5876,53.652342803602494,107.30468560720499,58.7943907678725,0.0
5877,40.49082221822627,80.98164443645254,44.241323746121914,0.0
5878,34.894771519090824,69.78954303818165,32.59887012872138,0.0
5879,34.66023825006041,69.32047650012082,21.53853919219092,0.0
5880,21.735606181971637,43.47121236394327,7.567594851310352,0.0
5881,21.607365543213113,43.21473108642623,3.4927360852201716,0.0
5882,21.55526339295544,43.11052678591088,2.910613404350162,0.0
5883,21.558461828155995,43.11692365631199,4.656981446960249,0.0
5884,22.29311397581693,44.58622795163386,4.0748587660901805,0.0
5885,26.334756695697212,52.78173197847769,30.27037940524129,0.05610929354163203
5886,35.89193997652781,75.178009210771,82.07929800267351,1.6970646288576907
5887,52.615562249540694,110.98208400906562,73.92958047049315,2.875479754992114
5888,20.152648717161952,49.48189479067965,72.18321242788312,4.588298678177873
5889,24.863958821910707,62.75355535743775,61.12288149135257,6.512818856808168
5890,22.614760784894965,59.666876411043226,56.46590004439239,7.218677420626649
5891,22.323829212810082,59.74689473034804,58.2122680870025,7.549618152363936
5892,58.97749341716994,132.14590118961848,70.43684438527303,7.095457177639301
5893,41.62146245263942,96.67440123447854,59.95863612961258,6.715738164599848
5894,24.723115808670897,60.553473815473055,39.58434229916173,5.553621099065631
5895,26.135288825698492,60.28514939838193,34.345238171331474,4.007285873492475
5896,28.928510075671536,61.95556059472013,32.59887012872138,2.04927022168853
5897,32.97623109721617,67.30302543937054,56.46590004439239,0.6752816224691023
5898,70.40321468009682,140.80642936019365,80.9150526409335,0.0
5899,83.84337959438206,167.6867591887641,82.07929800267351,0.0
5900,45.03033605881844,90.06067211763688,58.7943907678725,0.0
5901,34.22548207270326,68.45096414540652,44.241323746121914,0.0
5902,29.469565727107817,58.939131454215634,32.59887012872138,0.0
5903,29.29628553129355,58.5925710625871,21.53853919219092,0.0
5904,21.809704333466918,43.619408666933836,7.567594851310352,0.0
5905,21.746224888919695,43.49244977783939,3.4927360852201716,0.0
5906,21.733403342800994,43.46680668560199,2.910613404350162,0.0
5907,21.75386479865792,43.50772959731584,4.656981446960249,0.0
5908,22.526682037226415,45.05336407445283,4.0748587660901805,0.0
5909,26.784545432147016,53.60538145276965,30.27037940524129,0.018145294237807166
5910,37.001713938257275,76.97489933634401,82.07929800267351,1.4857357299147285
5911,53.43964582530982,112.7154492413437,73.92958047049315,2.9180787953620357
5912,19.94060059065472,50.106061201047474,72.18321242788312,5.1124300098690165
5913,25.55143858786792,63.992843841022285,61.12288149135257,6.444983332643222
5914,23.941797622575745,61.03899325330576,56.46590004439239,6.577699004077136
5915,23.969843618830385,61.196576792969125,58.2122680870025,6.628444777654177
5916,61.17891907737788,134.3331216265672,70.43684438527303,5.987641735905718
5917,43.48065436019006,97.79598116481426,59.95863612961258,5.417336222217076
5918,26.57855665409393,62.83138745734031,39.58434229916173,4.837137074576227
5919,28.66222221113743,64.55001064143966,34.345238171331474,3.6127831095823972
5920,31.132537564015767,66.82292088674352,32.59887012872138,2.278922879355993
5921,36.09966383220165,73.50894520589316,56.46590004439239,0.6548087707449317
5922,74.3735152530814,148.7470305061628,80.9150526409335,0.0
5923,86.95899653026675,173.9179930605335,82.07929800267351,0.0
5924,47.12507087846206,94.25014175692412,58.7943907678725,0.0
5925,35.294619331814836,70.58923866362967,44.241323746121914,0.0
5926,30.213243303904765,60.42648660780953,32.59887012872138,0.0
5927,29.993407321462115,59.98681464292423,21.53853919219092,0.0
5928,25.272716258185188,50.545432516370376,7.567594851310352,0.0
5929,25.18622004596977,50.37244009193954,3.4927360852201716,0.0
5930,25.129374801868813,50.25874960373763,2.910613404350162,0.0
5931,25.130206618487687,50.260413236975374,4.656981446960249,0.0
5932,26.06709821055234,52.13419642110468,4.0748587660901805,0.0
5933,31.18793635409326,62.37587270818652,30.27037940524129,0.0
5934,44.843405695953344,90.4963363889385,82.07929800267351,0.40476249851590973
5935,64.63264204076546,131.02218590148564,73.92958047049315,0.8784509099773642
5936,27.58411208884667,57.845785301236354,72.18321242788312,1.3387805617715063
5937,36.131147074837564,74.87431445816001,61.12288149135257,1.3060101542424438
5938,33.19139089623426,71.524987628944,56.46590004439239,2.571102918237744
5939,33.85771644864285,72.43317525895068,58.2122680870025,2.3588711808324963
5940,76.59766857883062,159.300042579767,70.43684438527303,3.0523527110528734
5941,56.159466914652214,118.79117873161698,59.95863612961258,3.2361224511562763
5942,36.6871279649456,77.54360921089935,39.58434229916173,2.08467664050407
5943,37.28477938439914,78.85729003372752,34.345238171331474,2.1438656324646277
5944,37.86738812792579,80.11917375073085,32.59887012872138,2.192198747439635
5945,42.87234408124827,87.0768050722865,56.46590004439239,0.6660584548949803
5946,87.55458614088714,175.10917228177428,80.9150526409335,0.0
5947,102.43999431255361,204.87998862510722,82.07929800267351,0.0
5948,55.86855183748618,111.73710367497236,58.7943907678725,0.0
5949,41.37368123041262,82.74736246082524,44.241323746121914,0.0
5950,35.34178383284559,70.68356766569119,32.59887012872138,0.0
5951,35.05386059040173,70.10772118080347,21.53853919219092,0.0
5952,26.435359680842772,52.870719361685545,7.567594851310352,0.0
5953,26.353683370008206,52.70736674001641,3.4927360852201716,0.0
5954,26.329154737070798,52.658309474141596,2.910613404350162,0.0
5955,26.345416789164368,52.690833578328736,4.656981446960249,0.0
5956,28.395036414569304,56.79007282913861,4.0748587660901805,0.0
5957,34.9083783689977,69.88956975426544,30.27037940524129,0.036406508135017
5958,51.28981267711896,106.4438797377294,82.07929800267351,1.9321271917457428
5959,68.61713378087737,144.29772001467657,73.92958047049315,3.5317262264609246
5960,32.336250180957705,75.22550877381393,72.18321242788312,5.276504205949261
5961,43.25127748160407,99.86901551614096,61.12288149135257,6.683230276466409
5962,29.93613020691558,75.06885607645961,56.46590004439239,7.598297831314227
5963,29.961574917103462,75.74058973498478,58.2122680870025,7.908719950388928
5964,95.37638128491362,206.00076312549,70.43684438527303,7.624000277831379
5965,79.31313330039757,172.57187655119395,59.95863612961258,6.9728049751994154
5966,32.60431582742184,76.7799878500449,39.58434229916173,5.785678097600607
5967,35.50489301453904,79.26149045448723,34.345238171331474,4.125852212704573
5968,48.32496003379549,101.5609112314411,32.59887012872138,2.4554955819250535
5969,55.95825271297284,113.24267340164164,56.46590004439239,0.6630839878479744
5970,96.40572672320229,192.81145344640458,80.9150526409335,0.0
5971,112.63441417919275,225.2688283583855,82.07929800267351,0.0
5972,60.68694628409173,121.37389256818346,58.7943907678725,0.0
5973,45.73478778537145,91.4695755707429,44.241323746121914,0.0
5974,37.16544609777258,74.33089219554516,32.59887012872138,0.0
5975,36.95735571689772,73.91471143379545,21.53853919219092,0.0
5976,21.73417031902719,43.46834063805438,7.567594851310352,0.0
5977,21.667677250159972,43.335354500319944,3.4927360852201716,0.0
5978,21.651702791941283,43.303405583882565,2.910613404350162,0.0
5979,21.666783736433686,43.33356747286737,4.656981446960249,0.0
5980,23.369287894297578,46.738575788595156,4.0748587660901805,0.0
5981,28.85859433408581,57.75110589376023,30.27037940524129,0.016958612794305314
5982,42.31829012282442,88.36175024380967,82.07929800267351,1.862584999080412
5983,56.116600919984634,119.25693997728074,73.92958047049315,3.5118690686557352
5984,25.903118796438463,62.35494825733452,72.18321242788312,5.2743553322287955
5985,34.822468192145166,82.80658211664007,61.12288149135257,6.580822866174868
5986,23.584703172512658,62.174759563943404,56.46590004439239,7.502676609459043
5987,23.37458791416787,62.38347086255975,58.2122680870025,7.817147517112006
5988,77.37975765643357,169.93022043052912,70.43684438527303,7.585352558830988
5989,64.33366093213111,142.58770651874448,59.95863612961258,6.960192327241135
5990,25.911088184208054,63.31795284027752,39.58434229916173,5.7478882359307075
5991,27.947783162665363,64.02179153524166,34.345238171331474,4.063112604955467
5992,39.51443689264507,83.77484033660689,32.59887012872138,2.372983275658368
5993,46.482214325347634,94.14716832685448,56.46590004439239,0.5913698380796089
5994,80.02895253252515,160.0579050650503,80.9150526409335,0.0
5995,93.24316042573622,186.48632085147244,82.07929800267351,0.0
5996,50.28970422074019,100.57940844148038,58.7943907678725,0.0
5997,37.79606890471421,75.59213780942842,44.241323746121914,0.0
5998,30.706040012780043,61.41208002556009,32.59887012872138,0.0
5999,30.53313888270081,61.06627776540162,21.53853919219092,0.0
6000,22.655874262438424,45.31174852487685,7.567594851310352,0.0
6001,22.590338445263022,45.180676890526044,3.4927360852201716,0.0
6002,22.571592984761775,45.14318596952355,2.910613404350162,0.0
6003,22.588731102137967,45.17746220427593,4.656981446960249,0.0
6004,23.47163930954437,46.94327861908874,4.0748587660901805,0.0
6005,28.31204407112082,56.63948389221558,30.27037940524129,0.007697874986969341
6006,39.9130096795978,83.2192626369123,82.07929800267351,1.6966216388583513
6007,56.36192762550093,118.96659519069428,73.92958047049315,3.1213699698462096
6008,21.19244665069693,52.45064888862576,72.18321242788312,5.032877793615951
6009,27.80042552910043,68.44553994771945,61.12288149135257,6.422344444759296
6010,25.09816033277846,64.84882397270727,56.46590004439239,7.326251653575173
6011,24.826586281913457,65.02289709222278,58.2122680870025,7.684862264197932
6012,63.099282169941546,141.1221127742545,70.43684438527303,7.461774217185702
6013,45.011142070787955,103.68162859996029,59.95863612961258,6.82967222919219
6014,27.232131352234518,65.77139514227964,39.58434229916173,5.653566218905305
6015,29.574584303380338,67.12333842279611,34.345238171331474,3.9870849080177164
6016,32.39040687381606,69.43997564160378,32.59887012872138,2.329580946985828
6017,37.544467376672145,76.21186442084303,56.46590004439239,0.5614648337493722
6018,78.76774842616796,157.5354968523359,80.9150526409335,0.0
6019,92.65645605162227,185.31291210324454,82.07929800267351,0.0
6020,50.656234455637865,101.31246891127573,58.7943907678725,0.0
6021,37.6197131647985,75.239426329597,44.241323746121914,0.0
6022,32.026777444338414,64.05355488867683,32.59887012872138,0.0
6023,31.85095460642163,63.70190921284326,21.53853919219092,0.0
6024,23.466693901826286,46.93338780365257,7.567594851310352,0.0
6025,23.404336558655388,46.808673117310775,3.4927360852201716,0.0
6026,23.392238224362583,46.784476448725165,2.910613404350162,0.0
6027,23.408547525130164,46.81709505026033,4.656981446960249,0.0
6028,24.32619762286578,48.65239524573156,4.0748587660901805,0.0
6029,29.33407452490944,58.67440326782492,30.27037940524129,0.003127109003021641
6030,41.31000227251515,86.16731340219482,82.07929800267351,1.7736544285822626
6031,58.21747383016878,123.22014590322209,73.92958047049315,3.3925991214422653
6032,22.050980467769875,54.28760776588422,72.18321242788312,5.092823415172232
6033,28.902715243149462,70.80719243857315,61.12288149135257,6.500880976137116
6034,26.100922068120614,67.03769183863919,56.46590004439239,7.417923851198982
6035,25.836833508550026,67.15985571053585,58.2122680870025,7.743094346717901
6036,65.45536867333928,145.9264502371068,70.43684438527303,7.507856445214117
6037,46.55965105041015,106.81978209217037,59.95863612961258,6.850239995675032
6038,28.078420730890834,67.40484416703286,39.58434229916173,5.624001352625599
6039,29.81700954650436,67.51769417635957,34.345238171331474,3.9418375416754263
6040,32.4029103824437,69.36564015421794,32.59887012872138,2.27990969466527
6041,37.23773920716026,75.45727279549503,56.46590004439239,0.49089719058725445
6042,79.5698478977613,159.1396957955226,80.9150526409335,0.0
6043,94.684669084131,189.369338168262,82.07929800267351,0.0
6044,52.16847217799849,104.33694435599698,58.7943907678725,0.0
6045,38.892843271371916,77.78568654274383,44.241323746121914,0.0
6046,33.128508766220726,66.25701753244145,32.59887012872138,0.0
6047,32.96621084563158,65.93242169126316,21.53853919219092,0.0
6048,25.034071437094365,50.06814287418873,7.567594851310352,0.0
6049,24.96862611406838,49.93725222813676,3.4927360852201716,0.0
6050,24.95406308023713,49.90812616047426,2.910613404350162,0.0
6051,24.97179233629931,49.94358467259862,4.656981446960249,0.0
6052,25.955964499546134,51.91192899909227,4.0748587660901805,0.0
6053,31.283449508578244,62.56706675385754,30.27037940524129,8.38683505271963e-05
6054,44.21553916295005,91.84003518027667,82.07929800267351,1.7044784271882814
6055,62.38842813041683,131.43374178765288,73.92958047049315,3.32844276340961
6056,23.866025072958436,57.804365590166,72.18321242788312,5.036157722124562
6057,31.318516353701042,75.51380397606837,61.12288149135257,6.438385634333144
6058,28.407063688443245,71.54005682995609,56.46590004439239,7.362964726534799
6059,28.156038670040584,71.67475788185276,58.2122680870025,7.681340270885795
6060,70.4197108568932,155.73082139607786,70.43684438527303,7.445699841145724
6061,50.195366623322116,113.94766697876783,59.95863612961258,6.778466866061802
6062,30.45675433279201,71.9943147382072,39.58434229916173,5.540403036311588
6063,32.75915171302775,73.25185500001704,34.345238171331474,3.866775786980771
6064,35.65735048295137,75.74726855202323,32.59887012872138,2.2162837930602417
6065,41.27377935347676,83.37383860907775,56.46590004439239,0.4131399510621116
6066,86.74897303970582,173.49794607941163,80.9150526409335,0.0
6067,102.2554880711439,204.5109761422878,82.07929800267351,0.0
6068,55.86581178327794,111.73162356655588,58.7943907678725,0.0
6069,41.54397351728435,83.0879470345687,44.241323746121914,0.0
6070,35.38489098689027,70.76978197378054,32.59887012872138,0.0
6071,35.21679084113649,70.43358168227299,21.53853919219092,0.0
6072,21.94915738346707,43.89831476693414,7.567594851310352,0.0
6073,21.886107042030027,43.77221408406005,3.4927360852201716,0.0
6074,21.872229401967658,43.744458803935316,2.910613404350162,0.0
6075,21.89137887165506,43.78275774331012,4.656981446960249,0.0
6076,22.74626365471868,45.49252730943736,4.0748587660901805,0.0
6077,27.449339759642093,54.89867951928419,30.27037940524129,0.0
6078,38.74384127829139,80.68821891830332,82.07929800267351,1.6002681808602668
6079,54.4138954963328,115.30873389719406,73.92958047049315,3.2404714522642344
6080,20.468902155437167,50.882309462616334,72.18321242788312,4.972252575870999
6081,26.841706683486432,66.36063980015075,61.12288149135257,6.338613216588942
6082,24.165857483923794,62.838818528682935,56.46590004439239,7.253551780417672
6083,24.056224036545075,63.21303205942751,58.2122680870025,7.550291993168681
6084,61.14164099843086,136.88446152307927,70.43684438527303,7.300589763108773
6085,43.71738355475788,100.723249893199,59.95863612961258,6.64424139184162
6086,27.953618938129587,66.79331323783072,39.58434229916173,5.443037680785772
6087,30.71010147379991,69.05420776162782,34.345238171331474,3.8170024070140007
6088,33.11731684560897,70.48300793954462,32.59887012872138,2.12418712416334
6089,38.08335228442114,76.94751461262014,56.46590004439239,0.39040502188892895
6090,77.63640531482282,155.27281062964565,80.9150526409335,0.0
6091,90.626148126711,181.252296253422,82.07929800267351,0.0
6092,49.80919931830485,99.6183986366097,58.7943907678725,0.0
6093,36.668317794442,73.336635588884,44.241323746121914,0.0
6094,31.10849584428968,62.21699168857936,32.59887012872138,0.0
6095,30.87355124742922,61.74710249485844,21.53853919219092,0.0
6096,22.808380147620653,45.616760295241306,7.567594851310352,0.0
6097,22.74034612235655,45.4806922447131,3.4927360852201716,0.0
6098,22.72269722208693,45.44539444417386,2.910613404350162,0.0
6099,22.73998513251699,45.47997026503398,4.656981446960249,0.0
6100,23.63076781966527,47.26153563933054,4.0748587660901805,0.0
6101,28.505361448643953,57.010722897287906,30.27037940524129,0.0
6102,41.25476750059049,83.74422932158026,82.07929800267351,0.6173471601996416
6103,56.738680022264084,119.71443507478354,73.92958047049315,3.118537515127682
6104,21.764631653175712,52.7208823426669,72.18321242788312,4.595809518157737
6105,28.95055292143411,68.79633520978489,61.12288149135257,5.447614683458332
6106,27.942585911335165,65.19346948176056,56.46590004439239,4.654148829545114
6107,27.705843213169715,65.4756725582247,58.2122680870025,5.031993065942638
6108,66.05774574067951,142.48047163418994,70.43684438527303,5.18249007641546
6109,47.326411861498535,104.58699207701663,59.95863612961258,4.967084177009778
6110,29.386799795502455,66.93351224690791,39.58434229916173,4.0799563279515
6111,31.866922382277778,69.31694385995273,34.345238171331474,2.791549547698588
6112,34.64154850832185,70.61407153071951,32.59887012872138,0.6654872570379081
6113,38.065555598048405,76.52308133083238,56.46590004439239,0.19598506736778698
6114,78.91662463736361,157.83324927472722,80.9150526409335,0.0
6115,92.53803449460342,185.07606898920685,82.07929800267351,0.0
6116,50.833346093018605,101.66669218603721,58.7943907678725,0.0
6117,37.81605621794694,75.63211243589387,44.241323746121914,0.0
6118,32.20560379387762,64.41120758775524,32.59887012872138,0.0
6119,32.04292726613612,64.08585453227224,21.53853919219092,0.0
6120,23.963251039881953,47.92650207976391,7.567594851310352,0.0
6121,23.900738363553472,47.801476727106945,3.4927360852201716,0.0
6122,23.8841281557666,47.7682563115332,2.910613404350162,0.0
6123,23.898741471869005,47.79748294373801,4.656981446960249,0.0
6124,25.78766789646501,51.57533579293002,4.0748587660901805,0.0
6125,31.849693457597677,63.699386915195355,30.27037940524129,0.0
6126,48.426476753624364,97.4640081047857,82.07929800267351,0.3055272987684918
6127,64.44619675759684,131.5141530053809,73.92958047049315,1.3108797450936145
6128,33.60793238531855,68.68013686660382,72.18321242788312,0.73213604798336
6129,43.53568565702127,91.35488321257525,61.12288149135257,2.1417559492663565
6130,31.656833847319596,68.4659125371106,56.46590004439239,2.576122421235701
6131,33.29195103881075,68.67847953171203,58.2122680870025,1.0472887270452618
6132,91.97097048583103,187.28448194951153,70.43684438527303,1.671270488924729
6133,75.82467920432136,157.0999663478347,59.95863612961258,2.725303969595995
6134,32.0079390629859,69.50981022345107,39.58434229916173,2.7469660487396363
6135,33.86885303083103,72.43905880572429,34.345238171331474,2.3506763720311077
6136,46.082244976342295,92.76645602861592,32.59887012872138,0.3009830379656614
6137,51.82727164816975,103.66461661362277,56.46590004439239,0.005036658641639203
6138,87.99929084480597,175.99858168961194,80.9150526409335,0.0
6139,102.30156479910318,204.60312959820635,82.07929800267351,0.0
6140,55.379058542131595,110.75811708426319,58.7943907678725,0.0
6141,41.693144954023836,83.38628990804767,44.241323746121914,0.0
6142,33.875661024140506,67.75132204828101,32.59887012872138,0.0
6143,33.699727763345656,67.39945552669131,21.53853919219092,0.0
6144,23.58139083945896,47.16278167891792,7.567594851310352,0.0
6145,23.50849167573258,47.01698335146516,3.4927360852201716,0.0
6146,23.486482382256813,46.97296476451363,2.910613404350162,0.0
6147,23.507047635631107,47.014095271262214,4.656981446960249,0.0
6148,25.367554956285556,50.73510991257111,4.0748587660901805,0.0
6149,31.330489085823203,62.660978171646406,30.27037940524129,0.0
6150,46.32746999485447,95.89177981028396,82.07929800267351,1.6184199102875159
6151,61.44565827425011,129.36507274997325,73.92958047049315,3.23687810073652
6152,29.074213347339175,67.59886610614777,72.18321242788312,4.725219705734709
6153,39.2798626555185,89.81664075462726,61.12288149135257,5.628457721795129
6154,26.89396939587419,67.2526526521951,56.46590004439239,6.732356930223357
6155,26.318189523769707,67.35756462534651,58.2122680870025,7.360592788903549
6156,85.29445541265224,183.83716289321148,70.43684438527303,6.624126033953498
6157,70.85721775106613,153.6435958690048,59.95863612961258,5.964580183436275
6158,29.0350692909593,67.11306972743908,39.58434229916173,4.521465572760243
6159,30.695201529026534,67.21753548986722,34.345238171331474,2.9135662159070743
6160,41.71743546390686,85.82293289947808,32.59887012872138,1.1940309858321787
6161,47.76260605103487,95.69367221930594,56.46590004439239,0.08423005861809715
6162,83.97991518558922,167.95983037117844,80.9150526409335,0.0
6163,99.51562216000869,199.03124432001738,82.07929800267351,0.0
6164,54.23362005186114,108.46724010372228,58.7943907678725,0.0
6165,40.91360758750098,81.82721517500195,44.241323746121914,0.0
6166,33.25504406074462,66.51008812148925,32.59887012872138,0.0
6167,33.09672368100386,66.19344736200772,21.53853919219092,0.0
6168,22.60756844899378,45.21513689798756,7.567594851310352,0.0
6169,22.543942907733985,45.08788581546797,3.4927360852201716,0.0
6170,22.524565077687495,45.04913015537499,2.910613404350162,0.0
6171,22.543363279619385,45.08672655923877,4.656981446960249,0.0
6172,23.43243803463547,46.86487606927094,4.0748587660901805,0.0
6173,28.28197353593355,56.5639470718671,30.27037940524129,0.0
6174,41.22780129573394,83.1442293164809,82.07929800267351,0.34431336250651406
6175,58.68081140934864,118.89829768579936,73.92958047049315,0.768337433551036
6176,24.395442927516594,52.35854888006335,72.18321242788312,1.7838315125150805
6177,32.45855456615452,68.27756788691886,61.12288149135257,1.680229377304909
6178,30.485228801809356,64.61160057352829,56.46590004439239,1.820571484954792
6179,30.880786632800458,64.68777685728078,58.2122680870025,1.4631017958399328
6180,66.52396658853583,140.56534609805942,70.43684438527303,3.758706460493889
6181,45.152976205539886,102.55319872480351,59.95863612961258,6.123623156861869
6182,27.233210541497456,64.24270837107943,39.58434229916173,4.888143644042261
6183,28.534217115447188,64.07659651652695,34.345238171331474,3.5040811428162852
6184,29.99009580849333,63.99120040598286,32.59887012872138,2.0055043944980997
6185,34.79718246571059,69.9802542341905,56.46590004439239,0.19294465138465844
6186,75.7537810582997,151.5075621165994,80.9150526409335,0.0
6187,91.04529843305761,182.09059686611522,82.07929800267351,0.0
6188,50.265596613061454,100.53119322612291,58.7943907678725,0.0
6189,37.476726395911065,74.95345279182213,44.241323746121914,0.0
6190,31.97121148263485,63.9424229652697,57.35859946253272,0.0
6191,31.86128067756635,63.7225613551327,67.52688172891953,0.0
6192,22.979989504641615,45.95997900928323,65.26280722920852,0.0
6193,22.93854507320734,45.87709014641468,68.91931973775205,0.0
6194,22.942726625792865,45.88545325158573,75.1928945669011,0.0
6195,22.972930938824277,45.945861877648554,80.76264313845981,0.0
6196,23.8825082147219,47.7650164294438,84.50064784885568,0.0
6197,28.79572289703564,57.59144579407128,114.41335868613763,0.0
6198,41.891543455306106,84.48926415572772,167.87604787045473,0.35308862255775547
6199,59.1017065211169,120.6935665451622,161.0184318950739,1.2450767514641952
6200,25.71187164231472,53.325249493637976,162.3684992704732,0.9507531045042684
6201,33.77059495282934,69.42163826443283,145.99603979077386,0.9402241793870695
6202,31.937093301513663,65.61405468355925,124.67439050696238,0.8699340402659584
6203,30.623668278742237,65.62894298221256,112.33811715775303,2.1908032123640457
6204,66.50998086480391,142.37847456847388,115.49180034508898,4.679256419433032
6205,47.155787338032304,103.86870885090384,96.93964427757102,4.778567087419615
6206,28.675542146653534,65.04061340103601,63.65142459960101,3.8447645538644726
6207,30.35826929287962,64.886363050884,64.82335568876083,2.08491223256238
6208,31.181758017315513,64.76344868339335,48.875406864762326,1.199966324381162
6209,35.398903382650886,70.88772962432253,84.27563956519964,0.044961429510382976
6210,76.73894158028348,153.47788316056696,120.12857645254991,0.0
6211,92.24895177401218,184.49790354802437,134.47612594464195,0.0
6212,50.99951207345551,101.99902414691103,125.34015520716655,0.0
6213,38.06379972471929,76.12759944943858,114.29006310126174,0.0
6214,32.44386522875955,64.8877304575191,103.32669898158568,0.0
6215,32.295937461558076,64.59187492311615,94.39741985821294,0.0
6216,21.588559900967113,43.177119801934225,83.52129398154888,0.0
6217,21.532643742757887,43.065287485515775,79.14384718934228,0.0
6218,21.526419199806362,43.052838399612725,79.39355394908891,0.0
6219,21.55146002256654,43.10292004513308,81.80389919051355,0.0
6220,22.398037978832882,44.796075957665764,81.80117458698678,0.0
6221,27.017870911122696,54.03574182224539,106.87325438803688,0.0
6222,39.16087183635432,79.3555511675367,163.8262627152443,0.5169037474140318
6223,55.18403388315793,113.25156025944673,151.90182874422658,1.4417462465654352
6224,21.72241006269661,50.105442625713216,148.28212644682412,3.330311250159999
6225,27.54013059291793,65.10157526371371,106.82356172928321,5.010657038938928
6226,24.808175220804113,61.43057958254148,56.46590004439239,5.907114570466629
6227,24.1412180186233,61.50653087938762,58.2122680870025,6.612047421070511
6228,60.64736209998212,133.54083163746685,70.43684438527303,6.1230537187513105
6229,42.91993550507357,97.50081201728898,59.95863612961258,5.8304705035709254
6230,25.951453671026826,61.11106232582447,39.58434229916173,4.604077491885407
6231,27.638305928984515,60.90929134051448,34.345238171331474,2.8163397412727225
6232,28.752426739606165,61.01520425467246,32.59887012872138,1.755175387730068
6233,33.32439985241338,66.77095240326605,56.46590004439239,0.0610763492196438
6234,72.07879966286161,144.15759932572323,80.9150526409335,0.0
6235,86.50850234739727,173.01700469479454,82.07929800267351,0.0
6236,47.77565940583515,95.5513188116703,58.7943907678725,0.0
6237,35.6161378789842,71.2322757579684,44.241323746121914,0.0
6238,30.32811841626888,60.65623683253776,32.59887012872138,0.0
6239,30.169344067086236,60.33868813417247,21.53853919219092,0.0
6240,22.742354503931374,45.48470900786275,7.567594851310352,0.0
6241,22.6845087773861,45.3690175547722,3.4927360852201716,0.0
6242,22.675040940042887,45.350081880085774,2.910613404350162,0.0
6243,22.697963910448983,45.39592782089797,4.656981446960249,0.0
6244,23.595453267565745,47.19090653513149,4.0748587660901805,0.0
6245,28.47794548122545,56.9558909624509,30.27037940524129,0.0
6246,41.66925385526917,83.71318012539288,82.07929800267351,0.1873362074272699
6247,59.69610233193757,119.70756531280131,73.92958047049315,0.15768032446308972
6248,25.777398439226914,52.661280201239954,72.18321242788312,0.553241661393064
6249,33.49696040788924,68.67415899394811,61.12288149135257,0.8401190890848157
6250,31.105161035544235,64.96439506803415,56.46590004439239,1.3770364984728414
6251,29.87081445291539,65.08840074100806,58.2122680870025,2.6733859175886407
6252,69.11468260720928,141.54424471953536,70.43684438527303,1.6574397525584061
6253,50.879242613079676,103.28208978225867,59.95863612961258,0.761802278049659
6254,31.814204516269,64.89416512961796,39.58434229916173,0.6328780485399798
6255,32.01447795368149,64.59535757853347,34.345238171331474,0.2832008355852411
6256,31.776801031330443,64.6796524669455,32.59887012872138,0.563025202142305
6257,35.289007241848005,70.61899162014134,56.46590004439239,0.02048856822266678
6258,76.39967127185871,152.79934254371742,80.9150526409335,0.0
6259,91.72341162145263,183.44682324290525,82.07929800267351,0.0
6260,50.651587923034775,101.30317584606955,58.7943907678725,0.0
6261,37.767810065712034,75.53562013142407,44.241323746121914,0.0
6262,32.170520712441,64.341041424882,32.59887012872138,0.0
6263,32.01231103895826,64.02462207791652,21.53853919219092,0.0
6264,22.730678904794793,45.461357809589586,7.567594851310352,0.0
6265,22.671366736952237,45.342733473904474,3.4927360852201716,0.0
6266,22.659004366739392,45.318008733478784,2.910613404350162,0.0
6267,22.679203541430905,45.35840708286181,4.656981446960249,0.0
6268,23.571704429768896,47.14340885953779,4.0748587660901805,0.0
6269,28.444927061074196,56.88985412214839,30.27037940524129,0.0
6270,40.28956894621005,83.60701751333546,82.07929800267351,1.5139398104576787
6271,56.5895921768971,119.54499003155863,73.92958047049315,3.182902838882212
6272,21.37352651241191,52.59309467511164,72.18321242788312,4.923020825143907
6273,28.027458672157884,68.61729632338178,61.12288149135257,6.2811894895330065
6274,25.382448452757377,64.8931227374539,56.46590004439239,7.064112915969569
6275,25.240205568834686,65.02441492256598,58.2122680870025,7.272001892448304
6276,63.69720886901871,141.37763889043234,70.43684438527303,6.991610576197459
6277,45.13390297657653,103.05637114524383,59.95863612961258,6.394282596045387
6278,27.125498831819385,64.48733841897959,39.58434229916173,5.11817037767041
6279,28.724822420501006,64.32954670627802,34.345238171331474,3.4399509326380064
6280,30.34229172668873,64.33338327312435,32.59887012872138,1.8243999098734447
6281,35.13869980825288,70.40988786845422,56.46590004439239,0.06624412597422959
6282,76.217511876219,152.435023752438,80.9150526409335,0.0
6283,91.55251864294517,183.10503728589035,82.07929800267351,0.0
6284,50.5450869462351,101.0901738924702,58.7943907678725,0.0
6285,37.68419222844613,75.36838445689226,44.241323746121914,0.0
6286,32.0970501228425,64.194100245685,32.59887012872138,0.0
6287,31.943539289973124,63.88707857994625,21.53853919219092,0.0
6288,23.28089626878304,46.56179253756608,7.567594851310352,0.0
6289,23.222655693716042,46.445311387432085,3.4927360852201716,0.0
6290,23.213190553561315,46.42638110712263,2.910613404350162,0.0
6291,23.23668505629474,46.47337011258948,4.656981446960249,0.0
6292,25.08266237075743,50.16532474151486,4.0748587660901805,0.0
6293,30.99983792509839,61.99967585019678,30.27037940524129,0.0
6294,47.13573570443635,94.92196736555863,82.07929800267351,0.3252479783429678
6295,63.282037143478746,128.07054994027183,73.92958047049315,0.7532378266571713
6296,31.979717259263378,66.84516312910387,72.18321242788312,1.4428643052885561
6297,42.168733292108556,88.79906988915516,61.12288149135257,2.230801652469026
6298,31.58163024879856,66.50594950659162,56.46590004439239,1.6713445044972486
6299,32.20647265725785,66.61886122571197,58.2122680870025,1.1029579555981346
6300,87.29231306696094,181.91783257751965,70.43684438527303,3.6666032217988778
6301,72.49260392856121,152.01817632538234,59.95863612961258,3.5164842341299614
6302,31.059531316297548,66.27299321553619,39.58434229916173,2.076965291470547
6303,31.172759856996542,66.15682282177283,34.345238171331474,1.9056515538898748
6304,41.80780569626757,84.66755125267211,32.59887012872138,0.525969930068486
6305,47.293850775423024,94.58801737729567,56.46590004439239,0.00015791322480928136
6306,82.85303109118372,165.70606218236745,80.9150526409335,0.0
6307,98.53315920067594,197.06631840135188,82.07929800267351,0.0
6308,53.71018040197113,107.42036080394226,58.7943907678725,0.0
6309,40.52363428255824,81.04726856511648,44.241323746121914,0.0
6310,32.938725018654694,65.87745003730939,32.59887012872138,0.0
6311,32.7795136245747,65.5590272491494,21.53853919219092,0.0
6312,22.412245489146322,44.824490978292644,7.567594851310352,0.0
6313,22.353364738046043,44.706729476092086,3.4927360852201716,0.0
6314,22.340924138928383,44.681848277856766,2.910613404350162,0.0
6315,22.361459722412594,44.72291944482519,4.656981446960249,0.0
6316,24.131056686361223,48.262113372722446,4.0748587660901805,0.0
6317,29.82241617289578,59.64483234579156,30.27037940524129,0.0
6318,44.819725424831354,91.33053642414352,82.07929800267351,0.845542787240404
6319,60.20499307607045,123.17449918855164,73.92958047049315,1.3822565182053683
6320,29.338970304337295,64.32902286065287,72.18321242788312,2.82554112598914
6321,41.17080808454729,85.47650002436986,61.12288149135257,1.5674419276376375
6322,29.742688202179227,64.02063652012824,56.46590004439239,2.267630057884891
6323,29.206785224352423,64.1469623727367,58.2122680870025,2.8666959620159234
6324,86.03170577155197,175.02929591434216,70.43684438527303,1.4829421856191036
6325,72.12459510112343,146.4255622387901,59.95863612961258,1.0881860182716172
6326,31.48875741977651,63.7759211050937,39.58434229916173,0.39920313277034397
6327,31.074308646144083,63.629920575493514,34.345238171331474,0.7406516416026749
6328,39.53737790348996,81.55107440782963,32.59887012872138,1.2381593004248528
6329,45.502124966292214,91.00435462112385,56.46590004439239,5.2344269714224315e-05
6330,79.68912532345342,159.37825064690685,80.9150526409335,0.0
6331,94.75207910793594,189.50415821587188,82.07929800267351,0.0
6332,51.651767809553,103.303535619106,58.7943907678725,0.0
6333,38.968181337436334,77.93636267487267,44.241323746121914,0.0
6334,31.67244737654306,63.34489475308612,32.59887012872138,0.0
6335,31.514960825317374,63.02992165063475,21.53853919219092,0.0
6336,23.58459967792762,47.16919935585524,7.567594851310352,0.0
6337,23.524654063598707,47.04930812719741,3.4927360852201716,0.0
6338,23.51236863020077,47.02473726040154,2.910613404350162,0.0
6339,23.529762372606598,47.059524745213196,4.656981446960249,0.0
6340,24.455156480349856,48.91031296069971,4.0748587660901805,0.0
6341,29.495702943199486,58.99140588639897,30.27037940524129,0.0
6342,43.07690052132432,86.65546893745288,82.07929800267351,0.2508339474021207
6343,60.48782976699824,123.94562547583504,73.92958047049315,1.4849829709192828
6344,26.097371078793856,54.49224286240837,72.18321242788312,1.148750352410329
6345,34.42868142104954,71.19036154301646,61.12288149135257,1.1664993504586951
6346,32.47180146654347,67.4523583506182,56.46590004439239,1.2543777087656345
6347,32.42393407196529,67.59652253819239,58.2122680870025,1.3743271971309046
6348,69.12609906475842,146.76317851000462,70.43684438527303,4.255490190243887
6349,50.305567772147754,107.18617289942013,59.95863612961258,3.2875186775623138
6350,30.717800993754576,67.14715045399019,39.58434229916173,2.8557742332405196
6351,32.18075525282545,67.06185716153176,34.345238171331474,1.3501733279404287
6352,33.495653342397695,67.78180037739504,32.59887012872138,0.39524684629982837
6353,37.70802576993291,75.41605153986582,56.46590004439239,0.0
6354,79.96511841537303,159.93023683074605,80.9150526409335,0.0
6355,95.04192653167087,190.08385306334173,82.07929800267351,0.0
6356,52.494023566927034,104.98804713385407,58.7943907678725,0.0
6357,39.145750058764605,78.29150011752921,44.241323746121914,0.0
6358,33.34639602359559,66.69279204719118,32.59887012872138,0.0
6359,33.185791942958524,66.37158388591705,21.53853919219092,0.0
6360,24.227080728368932,48.454161456737864,7.567594851310352,0.0
6361,24.163744574058757,48.327489148117515,3.4927360852201716,0.0
6362,24.148623534720095,48.29724706944019,2.910613404350162,0.0
6363,24.166364589677922,48.332729179355844,4.656981446960249,0.0
6364,25.11687807967478,50.23375615934956,4.0748587660901805,0.0
6365,30.28056066062356,60.56112132124712,30.27037940524129,0.0
6366,43.40984183593544,88.91396922675038,82.07929800267351,1.04714277743975
6367,62.21489259919176,127.18935688181008,73.92958047049315,1.379785841713284
6368,25.446795589367127,55.89965052038808,72.18321242788312,2.5030296708269115
6369,33.848889719889506,73.04459507259718,61.12288149135257,2.673407816409082
6370,30.729928143620796,69.1995322013726,56.46590004439239,3.869837957065506
6371,29.57163664871682,69.342113962074,58.2122680870025,5.099420332320177
6372,69.35504316815519,150.61747220742816,70.43684438527303,5.953692935558891
6373,52.2555435290124,109.96863148920839,59.95863612961258,2.728772215591798
6374,30.8635817416195,69.23121758670602,39.58434229916173,3.752027051733509
6375,32.087666241020464,70.11443266925674,34.345238171331474,2.969550093607906
6376,34.34210471679641,71.99284311280041,32.59887012872138,1.654316839603796
6377,39.42651957024121,78.85303914048242,56.46590004439239,0.0
6378,82.60066783660248,165.20133567320497,80.9150526409335,0.0
6379,97.8360742571841,195.6721485143682,82.07929800267351,0.0
6380,53.8671997998436,107.7343995996872,58.7943907678725,0.0
6381,40.17293131426178,80.34586262852356,44.241323746121914,0.0
6382,34.22515255799368,68.45030511598736,32.59887012872138,0.0
6383,34.06136534298777,68.12273068597554,21.53853919219092,0.0
6384,23.25232007578224,46.50464015156448,7.567594851310352,0.0
6385,23.18827688958609,46.37655377917218,3.4927360852201716,0.0
6386,23.17289952719111,46.34579905438222,2.910613404350162,0.0
6387,23.190374674879244,46.38074934975849,4.656981446960249,0.0
6388,24.099531488781565,48.19906297756313,4.0748587660901805,0.0
6389,29.067521265225086,58.13504253045017,30.27037940524129,0.0
6390,41.309423148279755,85.38751685639977,82.07929800267351,1.3843352799201314
6391,57.82177642170693,122.09543429892004,73.92958047049315,3.225940727753092
6392,21.904530996827596,53.706762480002936,72.18321242788312,4.9488502431738715
6393,28.675223634684478,70.10111770720354,61.12288149135257,6.375335218917294
6394,25.98733998571381,66.4077810667397,56.46590004439239,7.216550547656042
6395,25.849467527261314,66.55584010825393,58.2122680870025,7.428452526865651
6396,65.1696845106548,144.5731228973984,70.43684438527303,7.1168769380443955
6397,46.408496958712675,105.7258714157697,59.95863612961258,6.454438749172173
6398,28.25812414093095,66.68958384366428,39.58434229916173,5.086667780901192
6399,30.40422568906883,67.5691378082478,34.345238171331474,3.380343215055072
6400,32.99887991966733,69.28669943953552,32.59887012872138,1.6444698001004323
6401,37.796222996554036,75.59244599310807,56.46590004439239,0.0
6402,79.58933235157667,159.17866470315334,80.9150526409335,0.0
6403,93.9240907074399,187.8481814148798,82.07929800267351,0.0
6404,51.71443166973898,103.42886333947796,58.7943907678725,0.0
6405,38.55832644546905,77.1166528909381,44.241323746121914,0.0
6406,32.84454872358041,65.68909744716082,32.59887012872138,0.0
6407,32.682976945333884,65.36595389066777,21.53853919219092,0.0
6408,23.476767520214395,46.95353504042879,7.567594851310352,0.0
6409,23.416474034377448,46.832948068754895,3.4927360852201716,0.0
6410,23.401772445174963,46.803544890349926,2.910613404350162,0.0
6411,23.421003788567507,46.842007577135014,4.656981446960249,0.0
6412,24.34135058889525,48.6827011777905,4.0748587660901805,0.0
6413,29.356079945753486,58.71215989150697,30.27037940524129,0.0
6414,41.76306687509236,86.21280913569346,82.07929800267351,1.3433376927543672
6415,58.4986573688011,123.27772611425726,73.92958047049315,3.1402056883275353
6416,22.338904213682163,54.25517079626058,72.18321242788312,4.788681184448127
6417,29.21667199006243,70.80962196842705,61.12288149135257,6.188138994151095
6418,26.482651069922454,67.05665755660822,56.46590004439239,7.045677708381655
6419,26.2668451258968,67.15239788634939,58.2122680870025,7.309353817277894
6420,65.963401030039,145.87284401470208,70.43684438527303,6.973020977312043
6421,47.01636587896925,106.65045493768072,59.95863612961258,6.308861589871103
6422,28.587222015660025,67.06457692964854,39.58434229916173,4.945066449164246
6423,30.273765113200522,67.04725416616947,34.345238171331474,3.2498619698842126
6424,31.70573986929106,66.516475622999,32.59887012872138,1.5524979422084364
6425,36.33335823674281,72.66671647348562,56.46590004439239,0.0
6426,78.60618733304953,157.21237466609907,80.9150526409335,0.0
6427,94.42745200581456,188.85490401162912,82.07929800267351,0.0
6428,52.13936808979702,104.27873617959403,58.7943907678725,0.0
6429,38.87511502501459,77.75023005002917,44.241323746121914,0.0
6430,33.11142911246824,66.22285822493647,32.59887012872138,0.0
6431,32.956023042907724,65.91204608581545,21.53853919219092,0.0
6432,23.098033644350263,46.196067288700526,7.567594851310352,0.0
6433,23.038273537542082,46.076547075084164,3.4927360852201716,0.0
6434,23.025443031842823,46.050886063685645,2.910613404350162,0.0
6435,23.044006838371338,46.088013676742676,4.656981446960249,0.0
6436,23.949875959314646,47.89975191862929,4.0748587660901805,0.0
6437,28.895699691058724,57.79139938211745,30.27037940524129,0.0
6438,41.21396188512868,84.9168219481406,82.07929800267351,1.2444490889416109
6439,57.68700528303501,121.44490870865953,73.92958047049315,3.03544907129475
6440,22.086371396287227,53.4372175039922,72.18321242788312,4.632237355708873
6441,28.91417504196106,69.74471986951127,61.12288149135257,5.958184892794579
6442,26.144089138842602,65.98936002717159,56.46590004439239,6.850590874743192
6443,25.934188462780455,66.11261612388496,58.2122680870025,7.122119599162028
6444,65.07713763063724,143.72062419533495,70.43684438527303,6.783174467030241
6445,46.38405485236859,104.96713720278957,59.95863612961258,6.099513749026194
6446,28.109884435595852,65.73463616156648,39.58434229916173,4.75743364518739
6447,29.696600475112152,65.59044712767815,34.345238171331474,3.0986230887269195
6448,31.345157442202044,65.52646425235476,32.59887012872138,1.4180746839753327
6449,35.81213499273255,71.6242699854651,56.46590004439239,0.0
6450,77.5184191172225,155.036838234445,80.9150526409335,0.0
6451,93.06102541278764,186.1220508255753,82.07929800267351,0.0
6452,51.384296004265956,102.76859200853191,58.7943907678725,0.0
6453,38.308808985957334,76.61761797191467,44.241323746121914,0.0
6454,32.62757254513158,65.25514509026316,32.59887012872138,0.0
6455,32.47080930443754,64.94161860887507,21.53853919219092,0.0
6456,23.027241199704655,46.05448239940931,7.567594851310352,0.0
6457,22.96793599391903,45.93587198783806,3.4927360852201716,0.0
6458,22.95815435690522,45.91630871381044,2.910613404350162,0.0
6459,22.978369478668085,45.95673895733617,4.656981446960249,0.0
6460,24.800749526494332,49.601499052988665,4.0748587660901805,0.0
6461,30.65157739549681,61.30315479099362,30.27037940524129,0.0
6462,45.81034348501295,93.85974570441542,82.07929800267351,1.119529367194759
6463,60.96489267142989,126.62445883797291,73.92958047049315,2.3473367475565663
6464,28.712505043063917,66.11516067837547,72.18321242788312,4.345075296123819
6465,38.09544475436908,87.883404018504,61.12288149135257,5.846257254882918
6466,26.28289197740763,65.86206208005429,56.46590004439239,6.648139062619515
6467,26.040456148275457,66.04600545756595,58.2122680870025,6.98254658050752
6468,83.45843670791837,180.08046271885755,70.43684438527303,6.58179465151041
6469,69.30107650964888,150.53318947379375,59.95863612961258,5.9655182272479985
6470,28.216119937954357,65.67210183223649,39.58434229916173,4.6199309781638895
6471,29.892326356405746,65.76233804380473,34.345238171331474,2.988842665496619
6472,40.70674737148253,84.14671361075955,32.59887012872138,1.3666094338972443
6473,47.02638199528721,94.05276399057442,56.46590004439239,0.0
6474,82.09211514615602,164.18423029231204,80.9150526409335,0.0
6475,97.44628594436186,194.89257188872372,82.07929800267351,0.0
6476,53.12481904737381,106.24963809474762,58.7943907678725,0.0
6477,40.07838017633121,80.15676035266242,44.241323746121914,0.0
6478,32.57447648624706,65.14895297249411,32.59887012872138,0.0
6479,32.413953951223284,64.82790790244657,21.53853919219092,0.0
6480,22.22443408944436,44.44886817888872,7.567594851310352,0.0
6481,22.161259342112935,44.32251868422587,3.4927360852201716,0.0
6482,22.14718546453589,44.29437092907178,2.910613404350162,0.0
6483,22.16413323430095,44.3282664686019,4.656981446960249,0.0
6484,23.916775771957635,47.83355154391527,4.0748587660901805,0.0
6485,29.567920409757605,59.13584081951521,30.27037940524129,0.0
6486,44.80621476491647,90.56767603619251,82.07929800267351,0.47762325317978754
6487,58.45288266510088,122.13994774630856,73.92958047049315,2.6170912080534023
6488,27.539483099960837,63.79823799081212,72.18321242788312,4.359635895445223
6489,36.64695714781648,84.76816849652883,61.12288149135257,5.737127100447933
6490,25.534621644747766,63.57020873445257,56.46590004439239,6.25048272247852
6491,24.903649902468608,63.707209797504795,58.2122680870025,6.949954996283789
6492,80.33699611390735,173.578745987886,70.43684438527303,6.452376880035661
6493,66.71932849509444,145.0570532984125,59.95863612961258,5.809198154111816
6494,27.21196442291906,63.50497749499415,39.58434229916173,4.540524324578016
6495,28.84604609406883,63.589933754922434,34.345238171331474,2.94892078339239
6496,39.38981477243191,81.3153334985494,32.59887012872138,1.2678519768427894
6497,45.44834207478729,90.89668414957458,56.46590004439239,0.0
6498,79.25442461634356,158.5088492326871,80.9150526409335,0.0
6499,93.98006520616111,187.96013041232223,82.07929800267351,0.0
6500,51.248091590757916,102.49618318151583,58.7943907678725,0.0
6501,38.664553154077424,77.32910630815485,44.241323746121914,0.0
6502,31.42935483575526,62.85870967151052,32.59887012872138,0.0
6503,31.26873914904303,62.53747829808606,21.53853919219092,0.0
6504,23.4272566927083,46.8545133854166,7.567594851310352,0.0
6505,23.364090353549077,46.728180707098154,3.4927360852201716,0.0
6506,23.350625369721726,46.70125073944345,2.910613404350162,0.0
6507,23.36913036386902,46.73826072773804,4.656981446960249,0.0
6508,24.28494934369666,48.56989868739332,4.0748587660901805,0.0
6509,29.288244245077422,58.576488490154844,30.27037940524129,0.0
6510,41.97301358681279,86.03595388722373,82.07929800267351,1.044963356799076
6511,58.72235856732524,123.03597326150492,73.92958047049315,2.7956280634272215
6512,22.649959711111276,54.10162991454904,72.18321242788312,4.400855246163242
6513,29.584115655159618,70.59617125810874,61.12288149135257,5.713969973894751
6514,26.877399657599064,66.85144942981424,56.46590004439239,6.548325057308055
6515,26.607605244967154,67.00070820951903,58.2122680870025,6.892748859792361
6516,66.19213727973211,145.54791337168487,70.43684438527303,6.581819406110324
6517,47.33045297361234,106.35152284064448,59.95863612961258,5.845308446709901
6518,29.01540479242123,67.00771247887953,39.58434229916173,4.4884514470185355
6519,30.679312175435754,67.09886102402132,34.345238171331474,2.8701183365749063
6520,32.377802171805804,67.14818033746009,32.59887012872138,1.1962879969242413
6521,36.92067724915634,73.84135449831268,56.46590004439239,0.0
6522,79.13830177140514,158.27660354281028,80.9150526409335,0.0
6523,94.36994419327924,188.73988838655848,82.07929800267351,0.0
6524,52.101904674044896,104.20380934808979,58.7943907678725,0.0
6525,38.85647847124147,77.71295694248295,44.241323746121914,0.0
6526,33.10107306185026,66.20214612370052,32.59887012872138,0.0
6527,32.94161099146634,65.88322198293268,21.53853919219092,0.0
6528,22.957731493814155,45.91546298762831,7.567594851310352,0.0
6529,22.896254094428034,45.79250818885607,3.4927360852201716,0.0
6530,22.87879738948989,45.75759477897978,2.910613404350162,0.0
6531,22.896198502314576,45.79239700462915,4.656981446960249,0.0
6532,23.793156649212122,47.586313298424244,4.0748587660901805,0.0
6533,28.70127775200445,57.4025555040089,30.27037940524129,0.0
6534,41.35165610611619,84.32688271502566,82.07929800267351,0.811785251396642
6535,57.804301523068425,120.56892085632474,73.92958047049315,2.4801589050939445
6536,22.92691719314312,53.04114503087996,72.18321242788312,3.59365532229686
6537,29.097486029873508,69.1877488561803,61.12288149135257,5.496388398216647
6538,26.270720721993083,65.48929071465854,56.46590004439239,6.473924635336185
6539,26.028667356548997,65.6100879050925,58.2122680870025,6.776376595997253
6540,64.821063585648,142.5965479995475,70.43684438527303,6.477210414125755
6541,46.374308670661314,104.17999016011143,59.95863612961258,5.7156864093944035
6542,28.51776424171261,65.60400260876085,39.58434229916173,4.284237062667816
6543,30.16032295712991,65.51799911807655,34.345238171331474,2.598676601908362
6544,31.698976688443555,65.50100899596721,32.59887012872138,1.051527809540052
6545,35.851816624317635,71.70363324863527,56.46590004439239,0.0
6546,77.2330595142735,154.466119028547,80.9150526409335,0.0
6547,92.41246818352604,184.8249363670521,82.07929800267351,0.0
6548,51.04880762774956,102.09761525549912,58.7943907678725,0.0
6549,38.07039678516927,76.14079357033854,44.241323746121914,0.0
6550,32.42870594420117,64.85741188840234,32.59887012872138,0.0
6551,32.270954707883845,64.54190941576769,21.53853919219092,0.0
6552,25.46514987329259,50.93029974658518,7.567594851310352,0.0
6553,25.374523432178847,50.749046864357695,3.4927360852201716,0.0
6554,25.36079577803129,50.72159155606258,2.910613404350162,0.0
6555,25.37799175016641,50.75598350033282,4.656981446960249,0.0
6556,26.411534475106567,52.823068950213134,4.0748587660901805,0.0
6557,31.890545413411505,63.78109082682301,30.27037940524129,0.0
6558,46.64085888478296,94.89553188008566,82.07929800267351,0.8069070552598716
6559,64.62126774238459,134.37659514132005,73.92958047049315,2.5670298282754405
6560,25.192218616750235,58.707982419782205,72.18321242788312,4.161772593140868
6561,32.44056953976376,75.92373036962624,61.12288149135257,5.5212956450493635
6562,29.499341508548287,71.82928045520717,56.46590004439239,6.415298719055296
6563,29.269270327420948,71.97251159560065,58.2122680870025,6.716985470379377
6564,72.34597003387756,157.39878780719883,70.43684438527303,6.3534238697218495
6565,51.76841410360538,114.72761936951724,59.95863612961258,5.59539558115324
6566,31.561967798526116,71.66562990646595,39.58434229916173,4.270847154706861
6567,33.045492711068725,71.53521405890136,34.345238171331474,2.722114318381957
6568,34.833967241899934,71.76781578425329,32.59887012872138,1.049940650226709
6569,39.323953439955055,78.64790687991011,56.46590004439239,0.0
6570,85.56595979300931,171.13191958601863,80.9150526409335,0.0
6571,102.88821148031492,205.77642296062984,82.07929800267351,0.0
6572,57.00231768702591,114.00463537405182,58.7943907678725,0.0
6573,42.42507837944896,84.85015675889792,44.241323746121914,0.0
6574,35.887409358193345,71.77481871638669,32.59887012872138,0.0
6575,35.498573644242725,70.99714728848545,21.53853919219092,0.0
6576,24.844619424273798,49.689238848547596,7.567594851310352,0.0
6577,24.78256868427784,49.56513736855568,3.4927360852201716,0.0
6578,24.768359698029542,49.536719396059084,2.910613404350162,0.0
6579,24.785697568583824,49.57139513716765,4.656981446960249,0.0
6580,25.824828278272523,51.64965655654505,4.0748587660901805,0.0
6581,31.24737259691365,62.4947451938273,30.27037940524129,0.0
6582,46.45542020933641,94.24981526448968,82.07929800267351,0.6694874229084344
6583,63.466824143545075,132.03097001466938,73.92958047049315,2.548660863789612
6584,24.5472887371695,57.43655546195424,72.18321242788312,4.1709889938076214
6585,31.2881516181835,73.53736974783214,61.12288149135257,5.48053325573257
6586,28.374016500913505,69.54117971685785,56.46590004439239,6.396573357515421
6587,28.208621295842992,69.68187296101544,58.2122680870025,6.63231518466473
6588,70.26048028490959,153.14955760539812,70.43684438527303,6.314298517789464
6589,50.09369429417517,111.39013730610738,59.95863612961258,5.601374358878515
6590,30.446075934140886,69.37630948407994,39.58434229916173,4.242078807899083
6591,32.04130218610876,69.47384579359046,34.345238171331474,2.695620710686467
6592,33.94805427565208,69.82435330702006,32.59887012872138,0.9641223778579461
6593,38.193425868343205,76.38685173668641,56.46590004439239,0.0
6594,83.76593015796807,167.53186031593614,80.9150526409335,0.0
6595,100.96321529929054,201.92643059858108,82.07929800267351,0.0
6596,56.14935632746492,112.29871265492984,58.7943907678725,0.0
6597,41.71215120659359,83.42430241318718,44.241323746121914,0.0
6598,35.03814727058244,70.07629454116488,32.59887012872138,0.0
6599,34.43019518031105,68.8603903606221,21.53853919219092,0.0
6600,23.498265498537467,46.996530997074935,7.567594851310352,0.0
6601,23.433632171394557,46.86726434278911,3.4927360852201716,0.0
6602,23.419634287629094,46.83926857525819,2.910613404350162,0.0
6603,23.435716475365297,46.87143295073059,4.656981446960249,0.0
6604,24.447251241895128,48.894502483790255,4.0748587660901805,0.0
6605,29.64831727568742,59.29663455137484,30.27037940524129,0.0
6606,44.85368973703917,90.6399242619857,82.07929800267351,0.46627239395368053
6607,60.76101657305237,125.60358792335253,73.92958047049315,2.0407773886238907
6608,23.533351576528627,54.44949254461463,72.18321242788312,3.6913946957786883
6609,29.394876732341594,69.00942612814102,61.12288149135257,5.109836331728913
6610,26.447624671283485,65.27774972753552,56.46590004439239,6.1912501924842775
6611,26.361801727905146,65.45238755814303,58.2122680870025,6.364392051166368
6612,66.42040478708613,144.32082502046737,70.43684438527303,5.740007723147557
6613,47.444243969766916,104.82782166961333,59.95863612961258,4.969666865039745
6614,28.90423300334894,65.23521278618168,39.58434229916173,3.7133733897418995
6615,30.26327037409065,65.18687332145896,34.345238171331474,2.330166286638832
6616,31.800805900956217,65.53358640587994,32.59887012872138,0.9659873019837565
6617,35.802464951053004,71.60492990210601,56.46590004439239,0.0
6618,79.23239144327195,158.4647828865439,80.9150526409335,0.0
6619,95.87893924057332,191.75787848114663,82.07929800267351,0.0
6620,53.520006295112736,107.04001259022547,58.7943907678725,0.0
6621,39.695016763018145,79.39003352603629,44.241323746121914,0.0
6622,33.106510702117184,66.21302140423437,32.59887012872138,0.0
6623,32.31522732441568,64.63045464883136,21.53853919219092,0.0
6624,22.18720322435886,44.37440644871772,7.567594851310352,0.0
6625,22.129331588879708,44.258663177759416,3.4927360852201716,0.0
6626,22.11382215945378,44.22764431890756,2.910613404350162,0.0
6627,22.131381902487217,44.26276380497443,4.656981446960249,0.0
6628,23.882045251967295,47.76409050393459,4.0748587660901805,0.0
6629,29.74687469065756,59.49374938131512,30.27037940524129,0.0
6630,47.29224578787603,96.08601590152931,82.07929800267351,0.7507621628886295
6631,60.402871916657816,125.31167689890087,73.92958047049315,2.2529665327926196
6632,28.996739275292676,65.95249580469019,72.18321242788312,3.9795086270524176
6633,38.272891329476344,85.22678028869075,61.12288149135257,4.340498814869027
6634,26.08319895776062,63.3863390208327,56.46590004439239,5.609970552655731
6635,26.203093401309552,63.10793766298239,58.2122680870025,5.350875430181641
6636,82.2382748638614,173.23635202526867,70.43684438527303,4.37990114877293
6637,68.63548296188488,145.9616998180416,59.95863612961258,4.3453669471359335
6638,29.311914097258953,65.40056289493948,39.58434229916173,3.388367350210789
6639,30.392315464079115,64.49010510850215,34.345238171331474,1.8527370901719602
6640,38.703576963995005,78.6714668753075,32.59887012872138,0.6321564736587444
6641,43.825605930819485,87.65121186163897,56.46590004439239,0.0
6642,78.85205210905366,157.70410421810732,80.9150526409335,0.0
6643,94.87264687367546,189.74529374735093,82.07929800267351,0.0
6644,52.58002520491555,105.1600504098311,58.7943907678725,0.0
6645,39.91932963052624,79.83865926105248,44.241323746121914,0.0
6646,31.562726299827748,63.125452599655496,32.59887012872138,0.0
6647,30.607046792723796,61.21409358544759,21.53853919219092,0.0
6648,21.766541155995377,43.53308231199075,7.567594851310352,0.0
6649,21.70374923343742,43.40749846687484,3.4927360852201716,0.0
6650,21.69147869383423,43.38295738766846,2.910613404350162,0.0
6651,21.711010176304192,43.422020352608385,4.656981446960249,0.0
6652,23.42652314913972,46.85304629827944,4.0748587660901805,0.0
6653,29.24971567856632,58.49943135713264,30.27037940524129,0.0
6654,47.48546203532084,95.74513206761289,82.07929800267351,0.3871039984855986
6655,60.45996741159109,123.88016350654479,73.92958047049315,1.4801143416813047
6656,29.554890363834716,65.3244225865696,72.18321242788312,3.107320929450082
6657,37.02116031911382,83.84692859464124,61.12288149135257,4.902303978206802
6658,25.64150011543335,62.23919797843008,56.46590004439239,5.478098873781689
6659,24.68973191051081,61.867523156380386,58.2122680870025,6.244029667679382
6660,79.0123654215937,170.14514883570064,70.43684438527303,6.060208996256616
6661,66.59287463911339,143.64084191322257,59.95863612961258,5.227546317497891
6662,28.3728853993858,64.77117883636535,39.58434229916173,4.012704018796876
6663,29.227682060557857,63.27107132555929,34.345238171331474,2.4078536022217882
6664,37.66672676998951,76.68299985081386,32.59887012872138,0.6747731554174159
6665,42.94341993162198,85.88683986324396,56.46590004439239,0.0
6666,77.57582239351201,155.15164478702403,80.9150526409335,0.0
6667,93.46880574776777,186.93761149553555,82.07929800267351,0.0
6668,52.018839354635155,104.03767870927031,58.7943907678725,0.0
6669,39.55557417638621,79.11114835277242,44.241323746121914,0.0
6670,31.06990804908918,62.13981609817836,32.59887012872138,0.0
6671,29.93310032196334,59.86620064392668,21.53853919219092,0.0
6672,24.42056097179039,48.84112194358078,7.567594851310352,0.0
6673,24.357961896715125,48.71592379343025,3.4927360852201716,0.0
6674,24.34093263591327,48.68186527182654,2.910613404350162,0.0
6675,24.35808603569766,48.71617207139532,4.656981446960249,0.0
6676,25.503901196436615,51.00780239287323,4.0748587660901805,0.0
6677,31.08521603191023,62.17043206382046,30.27037940524129,0.0
6678,48.937825759570394,98.64517707969692,82.07929800267351,0.3847627802780677
6679,65.05641323747781,132.7450505176903,73.92958047049315,1.316112021367334
6680,26.73189621537319,56.71565702997055,72.18321242788312,1.6259322996120846
6681,33.702155398808905,69.75485521971075,61.12288149135257,1.1752722110464715
6682,30.533924017717712,65.81871409947982,56.46590004439239,2.375433032022199
6683,29.523933957117656,65.94524410254795,58.2122680870025,3.4486880941563167
6684,69.57999782617108,147.8636035540455,70.43684438527303,4.351803950851676
6685,48.4096767336491,106.87731699891859,59.95863612961258,5.028981765810196
6686,29.019345586876916,65.5839538950113,39.58434229916173,3.7726313606287376
6687,30.50222712738053,65.5258817300056,34.345238171331474,2.2607137376222672
6688,32.434730108543775,66.13007356584318,32.59887012872138,0.6303066743778128
6689,36.16499846333273,72.32999692666546,56.46590004439239,0.0
6690,82.64652769461703,165.29305538923407,80.9150526409335,0.0
6691,100.90626771241304,201.81253542482608,82.07929800267351,0.0
6692,56.88514392377715,113.7702878475543,58.7943907678725,0.0
6693,41.953303131234094,83.90660626246819,44.241323746121914,0.0
6694,34.270868176105346,68.54173635221069,32.59887012872138,0.0
6695,32.79891944075279,65.59783888150558,21.53853919219092,0.0
6696,23.334167991309545,46.66833598261909,7.567594851310352,0.0
6697,23.2734857458698,46.5469714917396,3.4927360852201716,0.0
6698,23.26101179521447,46.52202359042894,2.910613404350162,0.0
6699,23.279025060066893,46.558050120133785,4.656981446960249,0.0
6700,24.404636423666165,48.80927284733233,4.0748587660901805,0.0
6701,29.819602548209936,59.63920509641987,30.27037940524129,0.0
6702,47.26235847737341,95.84067476283518,82.07929800267351,0.6579789040441758
6703,61.37627870878402,127.7220491580384,73.92958047049315,2.4847458702351792
6704,23.143549303241905,54.36572169557016,72.18321242788312,4.039311544543175
6705,27.67673539015678,66.16385501846939,61.12288149135257,5.405192119077915
6706,24.877242890945546,62.33168186240894,56.46590004439239,6.288598040258925
6707,24.659307151739824,62.43008991959882,58.2122680870025,6.555737808059587
6708,64.17951145231629,140.87648339650775,70.43684438527303,6.258730245937582
6709,45.38961496524691,101.662254297582,59.95863612961258,5.441512183544086
6710,27.053888433069186,62.23138590452446,39.58434229916173,4.061804519193042
6711,28.560627080468684,62.15886301396014,34.345238171331474,2.518804426511388
6712,30.77430896598429,63.109881346999565,32.59887012872138,0.780631707515493
6713,34.48392766483294,68.96785532966588,56.46590004439239,0.0
6714,79.21982810705781,158.43965621411562,80.9150526409335,0.0
6715,96.97216472846267,193.94432945692535,82.07929800267351,0.0
6716,54.86151744704436,109.72303489408873,58.7943907678725,0.0
6717,40.39698155868068,80.79396311736136,44.241323746121914,0.0
6718,32.77580039556165,65.5516007911233,32.59887012872138,0.0
6719,31.14964944553144,62.29929889106288,21.53853919219092,0.0
6720,23.596277427959667,47.19255485591933,7.567594851310352,0.0
6721,23.534244147565083,47.068488295130166,3.4927360852201716,0.0
6722,23.518731017556057,47.037462035112114,2.910613404350162,0.0
6723,23.535638849949343,47.07127769989869,4.656981446960249,0.0
6724,24.70419908491946,49.40839816983892,4.0748587660901805,0.0
6725,30.230597556541785,60.46119511308357,30.27037940524129,0.0
6726,48.54998650806332,98.30000995948926,82.07929800267351,0.600018471681309
6727,62.43696044987702,129.79724343637517,73.92958047049315,2.461661268310566
6728,23.50015977220238,54.9885117712398,72.18321242788312,3.994096113417518
6729,27.840638423216976,66.2525742774026,61.12288149135257,5.2856487154843235
6730,25.142835817700135,62.425550592883866,56.46590004439239,6.069939478741799
6731,24.987278691197957,62.56714859571061,58.2122680870025,6.296295606657348
6732,64.9010316754012,141.7886692941712,70.43684438527303,5.993302971684401
6733,45.90779945126273,102.20104868580506,59.95863612961258,5.192724891639796
6734,27.29324276040196,62.30365106765957,39.58434229916173,3.8585827734278264
6735,28.92436833781722,62.12744554266,34.345238171331474,2.1393544335127794
6736,31.038650081200135,63.04798378815184,32.59887012872138,0.485341812875783
6737,34.449856287245645,68.89971257449129,56.46590004439239,0.0
6738,80.1037380154348,160.2074760308696,80.9150526409335,0.0
6739,98.40686999519265,196.8137399903853,82.07929800267351,0.0
6740,55.85127954416514,111.70255908833028,58.7943907678725,0.0
6741,41.05201559319144,82.10403118638288,44.241323746121914,0.0
6742,33.07223959596543,66.14447919193086,32.59887012872138,0.0
6743,31.218111009266913,62.436222018533826,21.53853919219092,0.0
6744,21.02595341614828,42.05190683229656,7.567594851310352,0.0
6745,20.966307857441425,41.93261571488285,3.4927360852201716,0.0
6746,20.954556433422365,41.90911286684473,2.910613404350162,0.0
6747,20.97528799329529,41.95057598659058,4.656981446960249,0.0
6748,22.044663963123195,44.08932792624639,4.0748587660901805,0.0
6749,27.066890326795065,54.13378065359013,30.27037940524129,0.0
6750,44.044364196280426,89.15697403712416,82.07929800267351,0.5341228222816542
6751,55.84227412369028,116.60009181125002,83.11624125394151,2.457771781934734
6752,20.825283920096826,49.51161614928758,129.15318993443057,3.930524154546965
6753,24.250714557619315,58.94530619659291,118.48954129665326,5.221938540677141
6754,21.639124385876848,55.34699976675103,68.45508379873749,6.03437549749867
6755,21.451379607119456,55.44220184427981,58.2122680870025,6.2697213150204485
6756,57.084691612383814,126.15083711398572,70.43684438527303,5.990726944609043
6757,40.26178227302111,90.80945273039167,59.95863612961258,5.142944092174721
6758,23.703305715994972,55.06316861727406,39.58434229916173,3.8282785926420586
6759,25.48217751834381,55.01675818250145,34.345238171331474,2.0262015729069147
6760,27.584716315112153,55.95088711171468,32.59887012872138,0.39072724074518705
6761,30.55154823313472,61.10309646626944,56.46590004439239,0.0
6762,71.64090149402519,143.28180298805037,80.9150526409335,0.0
6763,88.21774227623516,176.4354845524703,82.07929800267351,0.0
6764,50.24842799327922,100.49685598655844,58.7943907678725,0.0
6765,36.87541884648508,73.75083769297017,44.241323746121914,0.0
6766,29.5029996845631,59.0059993691262,32.59887012872138,0.0
6767,27.6420433239092,55.2840866478184,21.53853919219092,0.0
6768,24.0844842431824,48.1689684863648,7.567594851310352,0.0
6769,24.023709195722017,48.04741839144403,3.4927360852201716,0.0
6770,24.012183109623454,48.02436621924691,2.910613404350162,0.0
6771,24.034239004708535,48.06847800941707,4.656981446960249,0.0
6772,25.311422282151355,50.62284456430271,13.111826942640532,0.0
6773,31.180373725620115,62.36074745124023,89.35999676260093,0.0
6774,51.32344049632115,103.66724803874473,157.0078173329909,0.5101835230512192
6775,64.8001166531707,134.4551291917542,168.78161362605505,2.4274479427063893
6776,24.439533213849757,56.67848407002386,173.4297070240586,3.899708821162177
6777,28.228710960051174,66.83759759077252,158.09197359071118,5.190087835335085
6778,25.389100356982368,62.81600917717679,125.30724134526491,6.018904231606024
6779,25.095000540629307,62.74466355350337,86.98375306662746,6.27733123612238
6780,65.8130211128508,143.56032156014018,70.43684438527303,5.967139667219279
6781,46.40154607135446,103.08877533003113,59.95863612961258,5.142841593661102
6782,27.317783445169688,62.24671583719254,39.58434229916173,3.805574473426581
6783,29.362966140656972,62.17616097279644,34.345238171331474,1.7251143457412468
6784,31.39866371737726,63.41349350533564,32.59887012872138,0.30808303529055847
6785,34.58153913189284,69.16307826378568,56.46590004439239,0.0
6786,82.0411914356912,164.0823828713824,80.9150526409335,0.0
6787,101.3675264089748,202.7350528179496,82.07929800267351,0.0
6788,57.88928064225574,115.77856128451148,58.7943907678725,0.0
6789,42.40323828429015,84.8064765685803,44.241323746121914,0.0
6790,33.70051783607819,67.40103567215638,32.59887012872138,0.0
6791,31.379113908716835,62.75822781743367,21.53853919219092,0.0
6792,23.560953875922838,47.121907751845676,22.23610213564445,0.0
6793,23.631750722477218,47.263501444954436,81.05371838079964,0.0
6794,23.676211502009707,47.352423004019414,106.45399086324441,0.0
6795,23.752280114378827,47.504560228757654,134.18483745194087,0.0
6796,25.689712552214154,51.37942510442831,153.77828458131796,0.0
6797,32.39003574895839,64.78007149791678,189.3754385832477,0.0
6798,56.412780400894505,113.48133212818774,255.67579485890866,0.3278856631993651
6799,68.10881624739123,140.48170845161172,262.5013998121952,2.1320379784146333
6800,33.98903488157157,75.28989049847449,261.2904485438911,3.655910367665677
6801,41.37434052551215,92.77431434287575,237.59721176708695,5.0128166459257235
6802,27.955072073035705,67.56842576307658,144.95503412715095,5.829140808502584
6803,26.906007710973164,65.99536644491671,58.2122680870025,6.091675511485192
6804,86.07272612629887,183.9718823699351,70.43684438527303,5.913215058668668
6805,73.44787245732014,157.0899219108491,59.95863612961258,5.097088498104409
6806,33.048584178416384,73.5819277936289,39.58434229916173,3.742379718398072
6807,32.92068751984709,70.27391880519882,34.345238171331474,2.2162718827523133
6808,39.053099191195614,78.99694034699608,32.59887012872138,0.44537098230242794
6809,44.49340827622615,88.9868165524523,56.46590004439239,0.0
6810,83.7092072288199,167.4184144576398,80.9150526409335,0.0
6811,102.90173661756519,205.80347323513038,82.07929800267351,0.0
6812,58.57880751981002,117.15761503962004,58.7943907678725,0.0
6813,44.914726191969145,89.82945238393829,44.241323746121914,0.0
6814,33.92609172906573,67.85218345813146,32.59887012872138,0.0
6815,31.440504883537074,62.88100976707415,21.53853919219092,0.0
6816,21.744117305862122,43.488234611724245,7.567594851310352,0.0
6817,21.68644537007454,43.37289074014908,3.4927360852201716,0.0
6818,21.744298686636863,43.48859737327373,37.1993312967117,0.0
6819,21.888240570259757,43.776481140519515,84.41475933803116,0.0
6820,23.70957997782363,47.41915995564726,111.50239329372468,0.0
6821,30.071707073604188,60.143414147208375,177.97317421456316,0.0
6822,53.084358535002664,106.50032259706121,245.39716826189212,0.1658027635279397
6823,64.43552161201447,130.80590660195372,245.37572788353884,0.9674316889623956
6824,32.979855059273206,70.41574428255618,258.8592827611765,2.2280170820048855
6825,38.91394248199704,86.07088788434633,226.15030133548143,4.121501460176127
6826,25.39005119027454,62.40427523644707,109.41448237289977,5.812086427948995
6827,24.92461282593661,61.02404132336778,58.2122680870025,5.587407835747282
6828,80.07969988840861,170.0586789154405,70.43684438527303,4.949639569311647
6829,68.25644728180104,145.50804761560272,59.95863612961258,4.497576526000312
6830,30.900958145400377,68.64829956930176,39.58434229916173,3.423191639250502
6831,31.07005417385672,65.25493409339278,34.345238171331474,1.5574128728396666
6832,36.0071588783912,72.48032526454318,32.59887012872138,0.2330037538803859
6833,40.89040779038002,81.78081558076003,56.46590004439239,0.0
6834,77.39940864672421,154.79881729344842,80.9150526409335,0.0
6835,95.40138649483723,190.80277298967445,82.07929800267351,0.0
6836,54.531460573935924,109.06292114787185,58.7943907678725,0.0
6837,41.871247534958705,83.74249506991741,44.241323746121914,0.0
6838,31.43204652704469,62.86409305408938,32.59887012872138,0.0
6839,28.92738560811103,57.85477121622206,21.53853919219092,0.0
6840,22.4839748764565,44.967949752913,7.567594851310352,0.0
6841,22.42302137850861,44.84604275701722,3.4927360852201716,0.0
6842,22.410299992522514,44.82059998504503,2.910613404350162,0.0
6843,22.494419767614744,44.98883953522949,15.645841398952903,0.0
6844,23.97148968079222,47.94297936158444,88.47103117125233,0.0
6845,29.654301778241887,59.308603556483774,148.8300521618706,0.0
6846,50.72597030419939,101.6625048029355,221.8357261541448,0.10528209726835777
6847,63.29605135829502,128.38189960945962,235.85051491998004,0.8948984464347931
6848,25.233441168791366,53.978560027846235,248.37564196599556,1.7558388451317533
6849,27.935586699161124,61.391423692633396,216.627655975742,2.7601251471555748
6850,25.12126292576841,57.03106593554727,116.30989003553964,3.3942700420052248
6851,25.956933320496713,56.87339149666837,58.2122680870025,2.4797624278374704
6852,64.07837416197488,132.4859659803619,70.43684438527303,2.164608828206071
6853,45.076524895545596,94.67096502631429,59.95863612961258,2.2589576176115505
6854,26.95057713647606,56.56560569219172,39.58434229916173,1.3322257096197971
6855,26.589853108727127,56.39661922059252,34.345238171331474,1.6084565015691317
6856,28.530595684301954,57.8409103227846,32.59887012872138,0.38985947709034796
6857,31.530921294773833,63.061842589547666,56.46590004439239,0.0
6858,76.98040014742419,153.96080029484838,80.9150526409335,0.0
6859,95.88778573740711,191.77557147481423,82.07929800267351,0.0
6860,55.29305085337913,110.58610170675826,58.7943907678725,0.0
6861,40.310622369501246,80.62124473900249,44.241323746121914,0.0
6862,31.398970283052332,62.797940566104664,32.59887012872138,0.0
6863,28.614328604093938,57.228657208187876,21.53853919219092,0.0
6864,23.31738696287127,46.63477392574254,7.567594851310352,0.0
6865,23.28512727051665,46.5702545410333,5.169809893526286,0.0
6866,23.35531075624951,46.71062151249902,16.118785292999075,0.0
6867,23.512902207484,47.025804414968,69.59573427353914,0.0
6868,24.925123336233387,49.850246672466774,93.85037403934697,0.0
6869,30.87592663016671,61.75185326033342,154.15435798442317,0.0
6870,53.378243726716484,106.83306862518783,216.6286600243509,0.038290585877431414
6871,66.32611354789411,133.7630800211882,218.76915203982756,0.555426462699977
6872,24.581680177827142,55.898055753996985,224.77927864650124,3.367347699171352
6873,28.168059122527755,63.080147539975,210.13330421337065,3.372014647459746
6874,24.759115804162914,58.868721586725485,152.36963067560276,4.675244989199829
6875,25.08137179541986,58.60402382028246,100.43280071593766,4.220640114721369
6876,64.35050605165338,136.6156429247427,70.43684438527303,3.957315410717971
6877,45.258353373584214,97.39463438199597,59.95863612961258,3.438963817413775
6878,26.37875458148063,57.877070357013345,39.58434229916173,2.55978059702604
6879,26.949930359107366,57.75179243844771,34.345238171331474,1.9259658601164873
6880,29.388228189045407,59.36867850415369,32.59887012872138,0.2961110630314411
6881,32.351953922674994,64.70390784534999,56.46590004439239,0.0
6882,79.90447920987211,159.80895841974422,80.9150526409335,0.0
6883,99.83919042065712,199.67838084131424,82.07929800267351,0.0
6884,57.744714129469436,115.48942825893887,59.24175205679281,0.0
6885,42.13714695796623,84.27429391593246,51.82032554333428,0.0
6886,32.67808337110939,65.35616674221878,42.99722902136475,0.0
6887,29.704905760288753,59.409811520577506,70.2147458266423,0.0
6888,23.499471550969503,46.998943101939005,104.52586916536794,0.0
6889,23.496741912684097,46.993483825368195,114.69198539708248,0.0
6890,23.57885425231102,47.15770850462204,135.19118134923974,0.0
6891,23.704118338682914,47.40823667736583,160.0405855213613,0.0
6892,25.119481924924713,50.238963849849426,172.3495942213838,0.0
6893,31.05736591217871,62.11473182435742,220.43324519548327,0.0
6894,53.851929675522214,107.95009953500319,274.5519909859648,0.12312009197938098
6895,64.96924909376382,133.86869446530326,270.9724506561301,1.9650981388878135
6896,25.222442959564184,56.249836911031636,289.78312953512506,2.902475495951633
6897,26.42906509176168,62.585310035362944,262.49582629389073,4.863589925919793
6898,23.777173870670357,57.90074163860839,153.90198187526485,5.173196948633836
6899,23.339732630840686,57.122480188207774,58.2122680870025,5.2215074632632
6900,61.49235695749268,134.750823749095,70.43684438527303,5.883054917054815
6901,43.1529014547113,95.92837923443663,59.95863612961258,4.811288162507016
6902,25.613367027501884,56.78221535763693,39.58434229916173,2.7777406513165817
6903,27.327802989058124,56.709385940326364,34.345238171331474,1.0268899811050562
6904,29.167138463644452,58.44573680954435,32.59887012872138,0.05572994112772149
6905,31.855703295575193,63.711406591150386,56.46590004439239,0.0
6906,79.22950005524913,158.45900011049827,80.9150526409335,0.0
6907,99.25038954969915,198.5007790993983,82.07929800267351,0.0
6908,57.57663604231319,115.15327208462638,58.7943907678725,0.0
6909,41.841326320749126,83.68265264149825,44.241323746121914,0.0
6910,32.166192956770075,64.33238591354015,32.87996163599354,0.0
6911,29.005917432812982,58.011834865625964,28.770884149403503,0.0
6912,22.926298261753114,45.85259652350623,33.58823711675205,0.0
6913,23.167138374464525,46.33427674892905,120.93462782296454,0.0
6914,23.271774916039742,46.543549832079485,154.7915758408125,0.0
6915,23.411979977597245,46.82395995519449,186.96030029111736,0.0
6916,24.877414455521453,49.75482891104291,211.62395310963797,0.0
6917,30.82616782620195,61.6523356524039,271.9598425025477,0.0
6918,53.99186406156932,108.05604913956142,339.65948496583997,0.0361605082113848
6919,65.97034936383331,132.8817593829065,343.024121089852,0.47053032761994595
6920,26.81078212718013,55.915484595349234,356.4424189483415,1.146960170494488
6921,28.304851518031878,61.552780966120174,335.05069409532905,2.4715389650282082
6922,25.01630711298061,57.23753559250892,260.306813313011,3.6024606832738493
6923,23.108573135397485,56.1154500188204,127.47679727482958,4.949151874012713
6924,61.25345254746532,131.74781519339743,70.43684438527303,4.62045504923339
6925,43.520531042522904,93.59850028096429,59.95863612961258,3.2787190979592418
6926,25.279108704688227,55.129333413330706,39.58434229916173,2.285558001977126
6927,26.205693183019637,55.01133939327663,34.345238171331474,1.2999765136186763
6928,28.205319273329525,56.84838898331484,32.59887012872138,0.21887521832789472
6929,31.031484196028114,62.06296839205623,56.46590004439239,0.0
6930,77.97805597549278,155.95611195098556,80.9150526409335,0.0
6931,97.95941049753067,195.91882099506134,82.07929800267351,0.0
6932,56.999873807131245,113.99974761426249,58.7943907678725,0.0
6933,41.43279369834572,82.86558739669144,49.058233474484574,0.0
6934,31.826656728384958,63.653313456769915,53.29024186747806,0.0
6935,28.61097648141271,57.22195296282542,84.21016655511283,0.0
6936,23.54731613265922,47.09463226531844,137.94451393353265,0.0
6937,23.66040602305961,47.32081204611922,180.2352460279853,0.0
6938,23.688234561590402,47.376469123180804,190.84154517313792,0.0
6939,23.79736604260349,47.59473208520698,212.6613624740681,0.0
6940,25.335902505564825,50.67180501112965,243.29502714727926,0.0
6941,31.25653309585635,62.5130661917127,270.175549881393,0.0
6942,55.08115580952717,110.56417788109746,334.5598925087693,0.2009331310215671
6943,65.34665789564835,135.01301089252615,348.5854334964015,2.1598475506147268
6944,24.852723869221865,56.65425102858458,361.9939569919751,3.474401645070425
6945,26.343702330346154,61.68800849875224,341.84906154579784,4.500301919029967
6946,23.738363064541993,57.4360348492884,274.48411735577463,4.979654360102206
6947,23.332835756462313,56.76944439328792,188.16260822272832,5.051886440181647
6948,62.389231316278135,132.53995071077898,75.3141102656509,3.8807440391113577
6949,43.90921988545771,93.96960057960278,59.95863612961258,3.0755804043436794
6950,24.833059240015206,55.06299801527913,39.58434229916173,2.698439767624356
6951,26.305623336848978,55.05552323876602,34.345238171331474,1.2221382825340315
6952,28.353837696507433,56.989660251565326,32.59887012872138,0.14099242927522962
6953,31.049231445920448,62.098462891840896,56.46590004439239,0.0
6954,78.81206344158609,157.62412688317218,80.9150526409335,0.0
6955,99.28974108763764,198.57948217527527,82.07929800267351,0.0
6956,58.06296203797096,116.12592407594192,68.74758339319783,0.0
6957,42.31309275014372,84.62618550028743,75.01182529432184,0.0
6958,32.28750419872438,64.57500839744876,73.21663987235502,0.0
6959,28.886192787151725,57.77238557430345,139.97697669381142,0.0
6960,23.5927802683812,47.1855605367624,178.9547742108196,0.0
6961,23.637112968177977,47.274225936355954,203.2099488979318,0.0
6962,23.78048190448239,47.56096380896478,240.47270594335706,0.0
6963,23.87424231438745,47.7484846287749,259.7168213810065,0.0
6964,25.80956260119272,51.61912520238544,290.5322050982661,0.0
6965,32.64981081731228,65.29962163462456,317.3299942591035,0.0
6966,60.770555265259006,121.84450586757737,392.28767174469823,0.15169766852967925
6967,71.48576416703689,143.89427363271744,407.2523477735652,0.4613726493218356
6968,38.702103691777914,79.00644365608811,419.2791450446954,0.8011181362661371
6969,45.785922708138656,92.99709663875824,399.69521890263906,0.712625611240462
6970,32.37373443143274,67.4323422004873,330.889582216484,1.342436668810914
6971,31.319572418023064,64.18523741737833,198.9532661306067,0.7730462906661011
6972,88.37787850882599,177.71717493849832,85.90629314165199,0.48070896042316774
6973,75.58427053255551,153.53169999285782,59.95863612961258,1.1815794638733985
6974,37.055988318334684,75.02805281577827,39.58434229916173,0.45803808955445047
6975,34.72119625724259,69.68899916892555,34.345238171331474,0.12330332722018449
6976,36.01854891112312,72.05015575660876,32.59887012872138,0.006528967181264061
6977,40.89493038621344,81.78986077242688,56.46590004439239,0.0
6978,80.75726230195376,161.51452460390752,80.9150526409335,0.0
6979,101.39610154680649,202.79220309361298,82.07929800267351,0.0
6980,59.243161773718434,118.48632354743687,61.985516614145176,0.0
6981,46.01079942929303,92.02159885858606,64.48275911133244,0.0
6982,33.51762794173371,67.03525588346741,67.34505931970247,0.0
6983,29.762193319933015,59.52438663986603,63.06721322536447,0.0
6984,23.66470637639798,47.32941275279596,53.70701403104514,0.0
6985,23.68620716874448,47.37241433748896,71.51568777756539,0.0
6986,23.882714533234626,47.76542906646925,131.75856113395736,0.0
6987,23.98385514811491,47.96771029622982,157.99574998906536,0.0
6988,25.886625773101557,51.77325154620311,175.56125741008586,0.0
6989,33.10086037375114,66.20172074750228,247.83631379417662,0.0
6990,62.67475337227665,125.35521146667504,340.18578754416023,0.002852361060871778
6991,73.20133235104832,147.3886855159064,373.3967974678552,0.49301040690487097
6992,40.061021451957,81.06726100459133,411.3066716293882,0.4726090503386676
6993,47.032060675491934,94.76918384481917,375.9076613485585,0.35253124691765186
6994,33.558657033924405,68.0680773912543,258.1514076345683,0.4753816617027474
6995,31.553266056004833,64.47230242025736,105.56628513483852,0.6828851541238496
6996,90.18645720082623,181.2507679060064,72.04737397214154,0.4389267521769668
6997,78.08280704343683,157.10159717626166,59.95863612961258,0.46799154469399573
6998,38.07452276881725,77.21337827748481,39.58434229916173,0.5321663699251529
6999,35.508181198135894,71.57068598273035,34.345238171331474,0.2771617932292859
7000,36.50560337917589,73.01191584125218,32.59887012872138,0.00035454145019651634
7001,41.43508766651777,82.87017533303553,56.46590004439239,0.0
7002,82.3959888324926,164.7919776649852,80.9150526409335,0.0
7003,103.75229978472198,207.50459956944397,82.07929800267351,0.0
7004,60.88191536617362,121.76383073234724,69.28714610510363,0.0
7005,47.40807028349865,94.8161405669973,76.65782149889588,0.0
7006,34.421860601645946,68.84372120329189,100.28613132123284,0.0
7007,30.59193750405881,61.18387500811762,181.72383791678567,0.0
7008,25.62948350996765,51.2589670199353,205.0999728858117,0.0
7009,25.61657114434457,51.23314228868914,214.2459302386021,0.0
7010,25.664905723763773,51.32981144752755,226.86583889387828,0.0
7011,25.75339706892109,51.50679413784218,242.5633348896711,0.0
7012,27.491676456109932,54.983352912219864,270.60735599037304,0.0
7013,34.17197049835042,68.34394099670084,328.08348035388315,0.0
7014,62.15485887473725,124.32017461077531,423.001986728208,0.0052284306504046685
7015,74.095463107277,148.38282607489086,434.06164382412186,0.09594993016843184
7016,30.569818526957576,61.67031872330761,441.5555740914878,0.2653408346962292
7017,32.06929167303436,65.0892352128872,427.2662671824275,0.47532593340924173
7018,29.51703448435637,60.061016405096396,318.9030395049821,0.5134737181918273
7019,28.742447333303076,58.42317347868794,133.18327128434873,0.4691394060408944
7020,70.12353683473441,140.9879301968729,77.73710002392784,0.37042826370203835
7021,49.28132042541275,99.31412628836969,59.95863612961258,0.37574271877209653
7022,28.530788284316298,57.461238563684105,39.58434229916173,0.19983099752575328
7023,28.62162959326748,57.39559677801004,34.345238171331474,0.07616879573753921
7024,29.937232869060086,59.881402496860446,32.59887012872138,0.003468379370136914
7025,32.57765279350472,65.15530558700944,56.46590004439239,0.0
7026,85.31768709416035,170.6353741883207,80.9150526409335,0.0
7027,108.56308735507866,217.12617471015733,103.66417187358532,0.0
7028,64.2966219097811,128.5932438195622,129.86312875095,0.0
7029,46.763505972504284,93.52701194500857,190.91195286105668,0.0
7030,35.22604892478499,70.45209784956998,239.99978510979864,0.0
7031,30.85200610168088,61.70401220336176,282.85920236959396,0.0
7032,21.289130060160318,42.578260120320635,271.9568765102927,0.0
7033,21.383946454170072,42.767892908340144,301.4957114276776,0.0
7034,21.506399025460386,43.01279805092077,330.3446587761206,0.0
7035,21.721225006864355,43.44245001372871,376.1290009578449,0.0
7036,23.247378528794684,46.49475705758937,420.9844318945527,0.0
7037,28.9479213766903,57.8958427533806,479.54135861365444,0.0
7038,52.39616552502581,104.81008960539108,558.6722395805397,0.00887927766973117
7039,61.193969177998845,123.77271935647475,560.1313083383565,0.6923905002385341
7040,25.353067510832247,53.168138488274096,589.1464319954155,1.2310017333047998
7041,26.409408943600592,55.2623394681983,563.5011450185741,1.221760790498558
7042,23.742872071789662,51.22501093979581,491.92473621254135,1.8696333981082403
7043,24.194752690128258,50.073321154377744,377.9591901534208,0.8419078870606155
7044,55.53371604352495,115.20178240080408,188.54007647467805,2.0671751568770893
7045,39.670923117305676,80.85035084739357,85.64173653870391,0.7542523063911096
7046,22.526565153009848,46.56475033365841,52.7674265633935,0.7558100138193556
7047,23.004865607550215,46.32905294942997,38.85091863546029,0.15966086716477085
7048,24.174219452810338,48.36670992173639,32.59887012872138,0.009135508057855008
7049,26.363810693502074,52.72762138700415,56.46590004439239,0.0
7050,69.82786964916514,139.65573929833027,110.8451135408412,0.0
7051,89.28289169748172,178.56578339496343,191.7066444655708,0.0
7052,53.395554934325716,106.79110986865143,267.4499267727433,0.0
7053,38.94168111067942,77.88336222135884,296.66834691572114,0.0
7054,29.25222252324903,58.50444504649806,316.20752201822035,0.0
7055,25.442246774086303,50.88449354817261,334.4488583156071,0.0
7056,24.364470341798626,48.72894068359725,332.06165323229385,0.0
7057,24.4429510395314,48.8859020790628,342.4116171133914,0.0
7058,24.518947044368467,49.037894088736934,348.8336834006966,0.0
7059,24.773047806631965,49.54609561326393,384.9802199694348,0.0
7060,26.433809207813898,52.867618415627796,400.1942962273685,0.0
7061,32.65924556115338,65.31849112230675,430.5285361619529,0.0
7062,59.55352943420032,119.2598650763126,493.5176958217677,0.07640310395597366
7063,68.4992000712156,140.0783410399118,494.4274590514477,1.5399704487402988
7064,26.224634444336125,59.10105065968671,501.0073540773579,3.3258908855072304
7065,27.252266743944702,61.050428360767334,491.2952565740917,3.272947436438965
7066,24.640672824175528,55.28294594141702,336.5850744363374,3.00080014653298
7067,22.466697412969204,53.50233958751783,173.86601375451318,4.284472380789711
7068,60.27258302742734,129.04158057625474,100.89287408062762,4.248207260700037
7069,41.50405333965833,90.57932847133466,79.3610873246313,3.7856108960090062
7070,23.2568658131581,51.91485228461413,50.82461900118587,2.7005603291489626
7071,24.398211015352526,51.63507217926122,34.65821282793951,1.419325074278086
7072,27.111531870965983,54.22479325520778,39.218520723878086,0.000864756637906975
7073,29.548120082124367,59.096240164248734,69.3094693234229,0.0
7074,79.19001165164399,158.38002330328797,123.46402957611824,0.0
7075,101.33302696636544,202.66605393273088,151.43123801716007,0.0
7076,60.528248560078715,121.05649712015743,192.34882429427148,0.0
7077,44.07745798218966,88.15491596437931,260.1756840467267,0.0
7078,32.965786960436695,65.93157392087339,310.7736303394859,0.0
7079,28.52705996334268,57.05411992668536,333.52828090856013,0.0
7080,25.078991036794505,50.15798207358901,349.290393482343,0.0
7081,25.19879977953678,50.39759955907356,366.2232652432174,0.0
7082,25.43324294786002,50.86648589572004,394.84957315428676,0.0
7083,25.733299784682544,51.46659956936509,431.6227689460006,0.0
7084,27.407199835114792,54.814399670229584,434.18180185014023,0.0
7085,34.05775421779261,68.11550843558523,499.5501682532384,0.0
7086,62.1603477575731,124.32436984685498,552.8206225039036,0.0018371658543871376
7087,71.78761829437765,144.82738426555406,552.9510911317897,0.6260738383993839
7088,30.092454370900562,61.357007453343314,548.6750653447576,0.5860493557710948
7089,29.685759003308547,62.682091074319935,538.4288771360007,1.655286533851419
7090,27.704935992631135,56.9161526533469,398.35867379232786,0.7531403340423126
7091,26.811612301676767,54.39362364908804,217.03100304188527,0.38519952286725384
7092,65.02618961722389,131.0894260664124,104.15909691418511,0.5185234159823011
7093,45.60043910988928,91.85661460794918,79.05158893067038,0.32786819408531087
7094,25.797857055717103,52.36313346321708,48.2745825980614,0.38370967589143773
7095,25.90336540041285,52.11354038909437,36.38905163244928,0.1534047941343342
7096,27.407329619870282,54.814659239740564,32.59887012872138,0.0
7097,29.838643709307267,59.67728741861453,56.46590004439239,0.0
7098,80.73912683745299,161.47825367490597,100.10804686882976,0.0
7099,103.5627975855178,207.1255951710356,126.64827399973089,0.0
7100,61.90590429490623,123.81180858981246,126.34100193239492,0.0
7101,44.78418326310297,89.56836652620593,131.19992154973127,0.0
7102,33.132387044117216,66.26477408823443,195.3164757039228,0.0
7103,28.407110048852527,56.81422009770505,243.0620429410605,0.0
7104,24.856282314798026,49.71256462959605,279.36063458373724,0.0
7105,25.13539678507908,50.27079357015816,325.3560289067616,0.0
7106,25.269930592458348,50.539861184916695,340.42067029468205,0.0
7107,25.518483186647327,51.03696637329465,370.6687975286026,0.0
7108,27.327443825172573,54.654887650345145,389.5010889218496,0.0
7109,33.97279615372224,67.94559230744449,440.34133048408984,0.0
7110,62.892192704716635,125.78438540943327,497.86805343525134,0.0
7111,72.71393933789506,145.64724473140473,495.53492405850017,0.10968302780730735
7112,30.08070690953441,60.7285002479342,468.7726966175336,0.28354321443269004
7113,30.28346772600746,61.21042866110396,440.25913933757244,0.32174660454452275
7114,28.114767925319963,57.49095994648554,438.980050222796,0.6307120479228048
7115,28.009322601487046,57.60679348310019,437.2769375173937,0.7940741400630478
7116,67.29225585658354,135.9986677675615,439.6205522526913,0.7070780271972148
7117,47.97377310979245,96.64833510653334,421.3408687951492,0.35039444347421955
7118,28.001298780514134,56.82238535715988,384.7075185476192,0.40989389806580784
7119,28.16980566598234,56.73564626187104,379.523785643224,0.1980174649531774
7120,29.857417115660635,59.71483423132127,387.9301725198367,0.0
7121,32.05491052367724,64.10982104735449,393.12819516113007,0.0
7122,84.04860947011512,168.09721894023025,469.3737949000096,0.0
7123,107.21359673488399,214.42719346976799,492.8900451765019,0.0
7124,65.1655280661835,130.331056132367,485.4769981069648,0.0
7125,47.71429046302531,95.42858092605061,481.78336959612307,0.0
7126,35.58667557464057,71.17335114928115,481.3890139791756,0.0
7127,30.49486312633472,60.98972625266944,482.89492366068544,0.0
7128,26.067376166811,52.134752333622,476.5842427714173,0.0
7129,26.04668177054718,52.09336354109436,474.926295104464,0.0
7130,26.06788207254102,52.13576414508204,475.7052048031836,0.0
7131,26.129937923519563,52.259875847039126,480.28036441378157,0.0
7132,27.984794729971316,55.96958945994263,486.8138337654574,0.0
7133,35.178672432115086,70.35734486423017,508.94318810452484,0.0
7134,67.8941774096214,135.78894075916145,564.9374671284324,0.0002929699593119403
7135,75.8623229065437,153.55296752888728,563.3396657934098,0.9141608578999478
7136,41.707526337695064,86.82581341014135,553.3548274596689,1.7053803673756098
7137,47.99713154502953,97.93384627546074,538.6735701749011,0.9697915927008398
7138,33.746524387013224,71.46004745760735,502.92004416532876,1.9834993417904465
7139,31.980399902504168,68.00370028216037,456.70219575707404,2.0214502385760156
7140,88.44768870472299,181.67225541820076,387.40424756470316,2.388439004377393
7141,76.13920535405721,159.144597380798,320.08683587985814,3.43309333634178
7142,40.23250457797628,82.14820386800847,233.75699250425333,0.8415973560279516
7143,36.3236932063275,73.48995053364688,154.48082947278175,0.4212820604959428
7144,34.98594396079864,69.97188792159729,167.64298811448154,0.0
7145,40.09575947986808,80.19151895973616,232.86719213652125,0.0
7146,82.58318062662836,165.16636125325672,348.02488120601606,0.0
7147,105.32719253752329,210.65438507504658,384.9100948579419,0.0
7148,64.16833374579595,128.3366674915919,387.4030927365406,0.0
7149,50.80060902368885,101.6012180473777,397.1372418375087,0.0
7150,36.22534311096998,72.45068622193996,390.59412744793474,0.0
7151,31.099195023863178,62.198390047726356,394.9890342246558,0.0
7152,24.022224292912863,48.04444858582573,390.8146768881668,0.0
7153,23.95686112075887,47.91372224151774,384.23091102827084,0.0
7154,23.90157171073275,47.8031434214655,374.64415321338936,0.0
7155,23.93928220655166,47.87856441310332,376.843392696582,0.0
7156,25.628026271952404,51.25605254390481,378.7981871835078,0.0
7157,32.42621905931796,64.85243811863592,407.9237425443312,0.0
7158,63.58908504999332,127.17817009998664,479.1021996752249,0.0
7159,70.5719240357193,143.0386992946371,471.5917497241432,0.9474256115992498
7160,38.588125121242285,80.86454234318153,473.059771065079,1.844146050348476
7161,43.50393201391481,90.88337901109846,467.4818378469204,1.937757491634414
7162,31.952917981335077,66.25203788127483,445.31337727531985,1.1731009593023394
7163,30.88202731514872,63.03014423778899,409.0059420971452,0.633044803745776
7164,82.71416353654763,169.82246438249157,414.12161714624017,2.197068654698152
7165,73.94763673695712,149.79149018102527,398.3536586735123,0.9481083535555118
7166,39.051518878193306,78.91562814544181,348.6677160813806,0.4062951945276018
7167,35.553061772984336,71.72279593209731,339.82729853685146,0.3083361930643195
7168,33.587768565910956,67.17553713182191,330.462485723497,0.0
7169,38.15042061130832,76.30084122261664,365.0969876123335,0.0
7170,77.526352985385,155.05270597077,426.663631469455,0.0
7171,98.86728527004189,197.73457054008378,447.1856550998211,0.0
7172,60.539094639991426,121.07818927998285,425.57496467923187,0.0
7173,47.99921850106932,95.99843700213864,420.5424492176376,0.0
7174,34.110992909686374,68.22198581937275,403.2815232301061,0.0
7175,29.08355617604021,58.16711235208042,396.09503110936174,0.0
7176,26.5271066113381,53.0542132226762,397.13985491431725,0.0
7177,26.532661470572563,53.065322941145126,402.52177275046836,0.0
7178,26.574573503202053,53.14914700640411,409.54335341226573,0.0
7179,26.57622188954803,53.15244377909606,407.2591144756032,0.0
7180,28.398461709135407,56.796923418270815,419.6667045991988,0.0
7181,35.06541978820297,70.13083957640595,450.46133874518205,0.0
7182,65.87517190098389,131.7503631292516,506.8747011486176,9.663641921271886e-06
7183,72.9314828138497,149.12051526248592,482.37116054321467,1.6287748173932577
7184,27.810121602431078,62.26271163372214,475.7168564549687,3.3212342144299924
7185,25.839640412600417,60.831234193492186,460.29107693451004,4.575976684145676
7186,22.545563567995053,55.879190349561405,379.45304107971765,5.39403160678565
7187,21.379168101733775,53.90903701095947,247.37011364909364,5.5753504037459605
7188,59.74158779450543,130.1227786795959,124.72637150380895,5.31980154529253
7189,40.78587918587679,90.30338247364529,90.63494877429417,4.365812050945855
7190,22.850179353847327,50.34556070380809,56.941356645554656,2.322600998056718
7191,23.657667677132302,49.99605344721919,40.22525664446915,1.3403590464772939
7192,26.549716171475552,53.099432342951104,32.59887012872138,0.0
7193,28.937956776416705,57.87591355283341,66.67535038385591,0.0
7194,81.9251466244675,163.850293248935,116.24655110683442,0.0
7195,106.14180337195783,212.28360674391567,138.7119256579235,0.0
7196,64.15309656986682,128.30619313973364,132.78100673337184,0.0
7197,46.222919080676824,92.44583816135365,129.04309142507336,0.0
7198,33.33881798721414,66.67763597442828,128.03694592411713,0.0
7199,27.709469409887546,55.41893881977509,175.37015690334619,0.0
7200,26.480387569373146,52.96077513874629,212.5768941324985,0.0
7201,26.535464782966994,53.07092956593399,237.63699675725644,0.0
7202,26.696728767206153,53.393457534412306,268.2737628559302,0.0
7203,26.842102631652832,53.684205263305664,285.1693975978968,0.0
7204,28.87995034809321,57.75990069618642,304.77975156478493,0.0
7205,36.094916896722026,72.18983379344405,340.2423900430417,0.0
7206,69.66163552874528,139.32327105749056,394.8485935996605,0.0
7207,76.90438682316638,157.46958584131153,392.1314163820481,1.8304060974893939
7208,28.725595864782616,64.18732228321221,402.6237189255385,3.36806527682349
7209,27.80575927280055,62.02823173599093,388.6140391027012,3.208356595194916
7210,24.547956278844996,57.46615560637993,349.1052225685361,4.185121524344969
7211,23.154680973953685,56.46539748288727,274.6593799837796,5.078017767489949
7212,65.6990433572655,138.20429021391612,122.09137322319667,3.4031017496925617
7213,44.20491820346735,95.37929733061532,75.27671462830685,3.4847304618403103
7214,23.572065002775545,52.81101901820115,41.95192001452482,2.8334445063250313
7215,24.789599924656308,52.63101535158982,34.345238171331474,1.5259077511385986
7216,28.09002088546098,56.18004177092196,32.59887012872138,0.0
7217,30.583598364435282,61.167196728870564,66.79467431348142,0.0
7218,87.59742846015483,175.19485692030966,116.14870229276342,0.0
7219,113.76162918717107,227.52325837434213,135.2548137820934,0.0
7220,68.829516159849,137.659032319698,125.62630703178948,0.0
7221,49.47005493322163,98.94010986644327,140.08886260998761,0.0
7222,35.576647559575775,71.15329511915155,211.29775999659842,0.0
7223,29.32301954830609,58.64603909661218,244.48092461844158,0.0
7224,22.798120636907193,45.596241273814385,264.9379196647264,0.0
7225,22.77835323707283,45.55670647414566,265.5252025300938,0.0
7226,22.945740414113455,45.89148082822691,284.93935419405113,0.0
7227,23.04423664740792,46.08847329481584,292.1193487480453,0.0
7228,24.575500665259362,49.151001330518724,269.1413838608111,0.0
7229,30.807951880438225,61.61590376087645,298.11681337613345,0.0
7230,60.10185697509989,120.20371395019978,363.6807989441079,0.0
7231,67.33467275450593,134.94331542743706,359.3984837954049,0.13698495921260057
7232,26.78010218049881,54.92760642092973,357.04849701929,0.6837010299660529
7233,25.82766552445672,52.44261055108723,341.87627694155276,0.39363975108689536
7234,23.73946457474223,48.44163644996469,299.55484997212176,0.4813536502401153
7235,23.201624061263587,47.65620284967314,237.64515911486387,0.6264773635729847
7236,58.50667969773986,117.85117093287394,161.00151563246638,0.41890576869710483
7237,40.38790137080761,81.7537289826301,119.20359107741542,0.48896312050743196
7238,22.53700373295144,45.61136576399978,90.53848276766455,0.2686791490484499
7239,22.522530336920536,45.25971439193626,77.54846163687817,0.10732685904759127
7240,24.24205428499719,48.48410856999438,80.31029561995877,0.0
7241,26.23328433657491,52.46656867314982,102.11968894408149,0.0
7242,75.46290543537691,150.92581087075382,222.2470473351416,0.0
7243,98.1060385754925,196.212077150985,270.31669298223943,0.0
7244,59.931013685273484,119.86202737054697,275.18709000745855,0.0
7245,43.28636264263095,86.5727252852619,280.94503165341627,0.0
7246,31.00399117813999,62.00798235627998,278.18860501915304,0.0
7247,25.469716727932237,50.939433455864474,288.623839238392,0.0
7248,26.06172196088094,52.12344392176188,297.8629416165934,0.0
7249,26.055853407995286,52.11170681599057,298.92416593117645,0.0
7250,26.075701213492355,52.15140242698471,299.464725315739,0.0
7251,26.189344441344144,52.37868888268829,312.0008449299896,0.0
7252,28.106797471035556,56.21359494207111,315.28717092757,0.0
7253,35.13347951495075,70.2669590299015,344.8667930851548,0.0
7254,68.66853899268484,137.3370779853697,397.24715763011716,0.0
7255,76.54321859592993,153.24698325610004,393.6644481035815,0.08027303212009111
7256,30.93163307673005,62.20351051187997,396.60110238975403,0.1701221792099329
7257,29.142606741360638,58.777259467576734,384.4479787963224,0.2460229924277285
7258,26.830898560327945,54.60662921422638,361.822758681293,0.47241604678524357
7259,26.889914217600026,54.43501994060646,344.43241531667917,0.32759575270320346
7260,67.12256433289429,134.91818765776458,342.849188540623,0.3365294959880034
7261,46.7829678527726,94.2535896261191,313.12734343329,0.3438269602869445
7262,26.081787234152806,52.72694319890053,234.86144903626348,0.2816843652974585
7263,26.376856691006473,52.979426676928135,249.5269548469909,0.11285664745759266
7264,28.268036563995622,56.536073127991244,242.8220045956279,0.0
7265,30.379632163163087,60.759264326326175,260.56002017372947,0.0
7266,86.28903432700008,172.57806865400016,344.47335463220656,0.0
7267,111.9943829116674,223.9887658233348,378.29802837687316,0.0
7268,68.81077726695428,137.62155453390855,379.1450025366585,0.0
7269,49.78699255886772,99.57398511773545,381.49270080538463,0.0
7270,35.65146813628921,71.30293627257842,382.34713645144654,0.0
7271,29.07347983614159,58.14695967228318,377.5485856595714,0.0
7272,25.400241647630796,50.80048329526159,368.2625846189619,0.0
7273,25.40868553463971,50.81737106927942,372.3539574555596,0.0
7274,25.462815052027903,50.925630104055806,379.72333160086794,0.0
7275,25.548314908603743,51.096629817207486,389.41029108780594,0.0
7276,27.36134579270622,54.72269158541244,389.8589975871328,0.0
7277,34.05510102705256,68.11020205410512,418.6224682103154,0.0
7278,66.34309847511724,132.6861969502345,474.8674774036716,0.0
7279,73.30701652190135,146.93693561957997,468.86817788439856,0.16145128788863503
7280,29.322857943916443,60.43894931531919,470.7924715820127,0.8966167137431525
7281,25.702757226444326,56.46105209603943,453.20070986109295,2.527768821575391
7282,21.56817543760021,52.2429591205438,412.19922627502467,4.5533041226716895
7283,20.234416372960695,51.48429895301284,352.6302329423536,5.507733103545723
7284,56.7909266579877,123.96939946000829,141.43460210531413,5.193773072016445
7285,38.80078939316132,86.0949779861435,122.2985355535401,4.246699599910438
7286,20.888301317132566,46.491345553332614,61.78200008567429,2.3573714595337396
7287,21.801473702778747,46.20711736115566,47.645092942725405,1.3020849777990828
7288,24.83884715574173,49.67769431148346,40.44640468958836,0.0
7289,27.071424399569295,54.14284879913859,77.6137126341812,0.0
7290,79.9524638438498,159.9049276876996,128.8628642337006,0.0
7291,104.67438448540202,209.34876897080403,155.89996289656855,0.0
7292,64.0888331222892,128.1776662445784,177.15187218785167,0.0
7293,46.170074518565414,92.34014903713083,240.87177153269303,0.0
7294,32.71808207472274,65.43616414944547,277.24851683759977,0.0
7295,26.55358586665411,53.10717173330822,309.95584009548037,0.0
7296,25.043584944477,50.087169888954,321.85988307261994,0.0
7297,25.345702615122132,50.691405230244264,371.3030882068175,0.0
7298,25.450682258532503,50.901364517065005,385.5581036690051,0.0
7299,25.576879587541463,51.153759175082925,399.08694557408774,0.0
7300,28.368473200278334,56.73694640055667,402.7295045587949,0.0
7301,35.19356499325402,70.38712998650804,435.3134701453308,0.0
7302,54.21908907625632,108.43817815251263,489.9839005718125,0.0
7303,70.03552115512325,141.1080843355111,476.821843327044,0.5185210126323084
7304,52.531585521984255,108.27761163378698,477.7837487984517,1.6072202949092358
7305,70.26792634527122,144.3772037466486,452.8309367549416,1.9206755280530756
7306,60.48735293831183,125.46901329606084,407.74104931638755,2.2471537097185923
7307,56.39856695368709,115.66614574859125,352.9643568898606,1.43450592060854
7308,116.86563788936363,236.92946303730244,262.1935101482365,1.5990936292875875
7309,106.5939379986057,214.35715837070484,100.64077685488317,0.5846411867467187
7310,60.082065515147384,120.78861127513456,83.64783479193777,0.312240122419897
7311,50.77510075882154,102.27159204184562,75.38674176404784,0.3606952621012747
7312,41.811943848478045,83.62388769695609,62.19630363094608,0.0
7313,51.53257053092091,103.06514106184181,107.61114725849792,0.0
7314,96.21738908954745,192.4347781790949,199.05539957404244,0.0
7315,112.13282963109644,224.26565926219288,264.6785419014241,0.0
7316,61.83858626900836,123.67717253801672,281.72351362795126,0.0
7317,52.6979594884772,105.3959189769544,296.97571153491464,0.0
7318,39.0125326909352,78.0250653818704,311.6019147723342,0.0
7319,32.625937279430715,65.25187455886143,323.5958492924612,0.0
7320,24.126642145559224,48.25328429111845,328.5181239001448,0.0
7321,24.12644732344478,48.25289464688956,330.4484206545242,0.0
7322,24.221083837889314,48.44216767577863,342.89846739824463,0.0
7323,24.356662408976838,48.713324817953676,359.2859035650214,0.0
7324,26.109587988873393,52.21917597774679,359.56832090852845,0.0
7325,33.45655232377622,66.91310464755244,389.7924713783854,0.0
7326,68.88036429984588,137.76072859969176,437.90741399837367,0.0
7327,75.52896992298817,151.38226255367428,422.54739711794196,0.16216135384896715
7328,42.413219250436704,85.46450939755398,426.3160679867308,0.3190354483402852
7329,46.36771509285091,93.57136401005756,394.18618841138834,0.4179669121778741
7330,33.081652824489886,66.82816971903803,345.4362267859482,0.33243203502912894
7331,30.287582810642817,61.45972727984361,213.68223231715896,0.4422808292789885
7332,85.41079016246726,171.51158991213964,125.206112268567,0.3450047936025606
7333,75.72391252612101,152.15295440622472,115.07618914073116,0.3525646769913507
7334,40.17758726945667,80.74115429093027,102.87318461379218,0.19298987600846257
7335,35.7734432671645,71.75841262138538,93.67455457491661,0.10576304352818792
7336,31.355142947936066,62.71028589587213,82.67717054298532,0.0
7337,36.11363647855695,72.2272729571139,116.86737782136989,0.0
7338,78.74408979816248,157.48817959632495,221.09605424901008,0.0
7339,102.49222030693561,204.98444061387121,268.9867970111502,0.0
7340,63.366769259046166,126.73353851809233,287.74085797790514,0.0
7341,50.34430953193542,100.68861906387085,305.3934803699355,0.0
7342,34.4251812794101,68.8503625588202,272.06752699922527,0.0
7343,28.419106016649337,56.838212033298674,293.90366795094513,0.0
7344,24.597806499462685,49.19561299892537,260.52552446905247,0.0
7345,24.644342713760715,49.28868542752143,270.11777273277306,0.0
7346,24.648354630276803,49.296709260553605,269.63471078199103,0.0
7347,24.69659643029613,49.39319286059226,273.3620322275126,0.0
7348,26.61316250350454,53.22632500700908,290.5099442314812,0.0
7349,33.3319654524538,66.6639309049076,324.5178214052143,0.0
7350,65.61359852712677,131.22719705425354,382.0381875284358,0.0
7351,72.52544634624357,145.47779169888048,376.88464493200286,0.21344950319666747
7352,28.66657522232112,58.87650252275416,370.1446137301787,0.771676039055956
7353,25.81616670773485,55.03448851298054,362.6034452434613,1.7010775487554182
7354,21.094954844117822,51.21272391500022,350.4724366213479,4.511407113382287
7355,20.140823541570946,51.14182504424138,342.09710034780255,5.430088980549744
7356,58.21076405221458,126.85921802209494,332.9146697592491,5.21884495883289
7357,40.763322524068904,88.86602342743447,328.1533058351798,3.669689189648333
7358,23.063194107929466,50.31299236694699,295.97443196908154,2.0933020755440297
7359,23.524669738788955,50.101151729064014,284.8233575904753,1.5259061257430526
7360,26.884729314891757,53.769458629783514,290.6725956257888,0.0
7361,29.00307885561335,58.0061577112267,320.1335205656241,0.0
7362,81.91232141646024,163.8246428329205,383.3121269743494,0.0
7363,106.35219244151361,212.70438488302722,401.4008665347953,0.0
7364,65.56138031745228,131.12276063490455,389.0646101544806,0.0
7365,47.358775392250124,94.71755078450025,376.07562902996705,0.0
7366,33.69004057801707,67.38008115603414,363.6931320144081,0.0
7367,27.24302143790114,54.48604287580228,352.5618540673188,0.0
7368,27.200740371156417,54.401480742312835,349.23821200465574,0.0
7369,27.1962425801717,54.3924851603434,352.02593613629796,0.0
7370,27.29883491123033,54.59766982246066,367.86279142359143,0.0
7371,27.438187406492485,54.87637481298497,387.1772169077643,0.0
7372,29.272762552857348,58.545525105714695,368.319842866802,0.0
7373,36.4521518578486,72.9043037156972,391.24851664258597,0.0
7374,71.3958695692924,142.7917391385848,454.73174974160736,0.0
7375,78.60051581174758,158.24956795573684,450.50636860815,0.5242681661208307
7376,30.935561621358474,64.40999354022263,440.29653082188617,1.2694351487528401
7377,28.983834770217882,59.97091095952402,409.9175221324252,1.0016207095441285
7378,26.47846453688426,55.430550465471235,368.0261923469371,1.2368106958513565
7379,26.32230155424644,55.16928481814727,342.9158040502201,1.2623408548271942
7380,67.27875825331296,137.44221621473847,348.1057014395696,1.4423498540562678
7381,47.564712466316415,96.27678291818124,345.79772893209713,0.573678992774205
7382,26.951847208279784,54.95505886601742,342.42352621870674,0.5256822247289247
7383,27.4060315739971,54.945739920448425,349.05670045551824,0.06683838622711132
7384,29.44584142434117,58.89168284868234,354.6869754470097,0.0
7385,31.821158071453656,63.64231614290731,394.1875126993065,0.0
7386,88.96347322898507,177.92694645797013,449.60608001680185,0.0
7387,115.39696025815344,230.79392051630688,462.96233256355595,0.0
7388,71.22604536737276,142.45209073474552,449.0372397209078,0.0
7389,51.5762847326559,103.1525694653118,444.2357570180952,0.0
7390,36.84139422457716,73.68278844915432,441.44384407001513,0.0
7391,29.87618570456122,59.75237140912244,431.8455266072581,0.0
7392,26.91029379364577,53.82058758729154,415.97946958051347,0.0
7393,26.35597991843783,52.71195983687566,330.5482046728277,0.0
7394,26.137650138188647,52.275300276377294,292.0085193010634,0.0
7395,26.360338493197194,52.72067698639439,322.3166998748535,0.0
7396,28.232147733484375,56.46429546696875,320.67718421581435,0.0
7397,35.21112406534923,70.42224813069846,350.5757765817566,0.0
7398,68.9313422360615,137.862684472123,404.70805749519013,0.0
7399,74.89477438153976,152.46970412234435,376.2319067420129,1.3400776796324096
7400,27.806905312759422,61.54809064120746,351.3536901301677,2.967140007844306
7401,24.504071899537223,57.38840763801845,332.44953677845274,4.190131919472003
7402,21.45277893010461,53.006005756049845,294.6241412808883,5.050223947920311
7403,20.898925842211952,52.444803174125255,255.57823617293346,5.323475744850676
7404,60.53769153139328,131.0686944144468,206.24139959326,4.996655675830128
7405,40.65865635941295,89.47562168277415,110.81347160519147,4.079154481974121
7406,22.136125797566482,49.83611263990174,104.61008514017738,2.781930522384388
7407,23.459758404282248,49.24945320554477,88.09147960541024,1.1649681984901372
7408,26.462913136158946,52.92582627231789,86.9722260639994,0.0
7409,29.487103937270962,58.974207874541925,193.69210342871176,0.0
7410,85.18941488421757,170.37882976843514,323.68558941462067,0.0
7411,110.88402245460509,221.76804490921018,367.95868984273716,0.0
7412,68.29026499073626,136.58052998147252,373.1343262154539,0.0
7413,49.363465018292025,98.72693003658405,380.25953163503846,0.0
7414,35.19662602867803,70.39325205735607,389.69559072137287,0.0
7415,28.48346503441927,56.96693006883854,383.31148460520086,0.0
7416,27.807472776805813,55.614945553611626,380.26647007703355,0.0
7417,27.799189630970936,55.59837926194187,381.29902052912774,0.0
7418,27.818741824395143,55.63748364879029,382.48366363639866,0.0
7419,27.84976395779948,55.69952791559896,382.6479305999963,0.0
7420,29.849069692870028,59.698139385740056,381.77494820780197,0.0
7421,37.243960990353976,74.48792198070795,416.4057695764565,0.0
7422,72.8093198939033,145.6186397878066,468.18012040624757,0.0
7423,79.2285025221378,161.35274948153227,459.6880254915464,1.44787221862834
7424,29.560524541137926,65.31047264312524,427.3552284505549,3.0947117804246913
7425,26.236263031383857,60.997895150938966,410.55366369873707,4.2626845440856265
7426,23.368617720290153,56.87591678288022,405.2500960465747,5.069340671149955
7427,23.17735019316657,57.05939946414848,415.2137966400119,5.352349538907667
7428,65.40650560050432,140.8406853063566,414.64272270355303,5.013837052673982
7429,45.65317649561868,98.68015538660273,398.2848599087532,3.6869011976826886
7430,26.121708242582788,56.42745491394963,371.8591573832936,2.0920192143920286
7431,27.20917578012151,56.14024142622067,369.19623611780196,0.8609449329888242
7432,30.001144326462605,60.00228865292521,363.7244393657595,0.0
7433,31.89942079055819,63.79884158111638,370.18483522723375,0.0
7434,90.67470607210016,181.34941214420033,450.126305841222,0.0
7435,117.59514201581449,235.19028403162898,456.81468200024966,0.0
7436,72.49445583371217,144.98891166742433,435.4134757623808,0.0
7437,52.46733140626972,104.93466281253944,432.590708996779,0.0
7438,37.4653481946225,74.930696389245,434.1514641805214,0.0
7439,30.37168367035719,60.74336734071438,424.9684220646224,0.0
7440,27.545987708675366,55.09197541735073,407.19899078074565,0.0
7441,27.488119480961778,54.976238961923556,400.1295792160774,0.0
7442,27.45628675197066,54.91257350394132,393.37605192080593,0.0
7443,27.49656200409425,54.9931240081885,395.07701220456124,0.0
7444,29.505445319692463,59.010890639384925,403.8365505593038,0.0
7445,36.748893447484924,73.49778689496985,442.9738178451153,0.0
7446,71.46738532726623,142.93477065453246,502.15307987828305,0.0
7447,78.74596563698319,158.20183786101347,490.02806794076685,0.35495329352355315
7448,31.492144246602997,64.7775329297162,472.7933811486058,0.8966222182551041
7449,28.768733135235557,60.54177843669644,455.0952273427466,1.5021560831126624
7450,26.356250935396776,56.30881874553868,433.86203342048907,1.7981584373725648
7451,23.36157148031289,55.70385474191386,391.7727602489554,4.490355890644039
7452,65.01553977281003,137.49540530103013,395.9168855756267,3.732162877705041
7453,45.56784402729305,96.32014381161903,375.4809599216424,2.59222787851647
7454,26.001889542012034,55.00842520606111,353.18119682520893,1.5023230610185208
7455,26.0583367740946,54.28137958775784,314.20569584660063,1.0823530197843227
7456,28.29540890838996,56.59081781677992,245.1022954298732,0.0
7457,30.164707979409567,60.32941595881913,259.45202380048045,0.0
7458,87.72760817710515,175.4552163542103,363.481319218627,0.0
7459,114.31255758913699,228.62511517827397,410.68533420183235,0.0
7460,70.5144873970519,141.0289747941038,410.95890045704243,0.0
7461,51.06823278850516,102.13646557701033,417.42150119100575,0.0
7462,36.49016686301963,72.98033372603926,423.9248524979094,0.0
7463,29.671104665416014,59.34220933083203,429.39574727015895,0.0
7464,26.796951489551446,53.59390297910289,428.70834844582055,0.0
7465,26.839086784512283,53.678173569024565,437.1181773670343,0.0
7466,26.941125630518496,53.88225126103699,450.79317370535495,0.0
7467,27.013098956226084,54.02619791245217,457.5093460987016,0.0
7468,28.93765325631458,57.87530651262916,463.2278430006235,0.0
7469,36.84411329937418,73.68822659874836,495.1403878634016,0.0
7470,75.09157803619622,150.18315607239245,554.7531909352867,0.0
7471,81.129785354965,165.0412046134918,549.76878761455,1.3908169517809053
7472,43.864357984832054,93.8518768478583,547.0293125317747,3.0615804390971
7473,47.15718246986099,102.80914310495572,526.5913102779058,4.247389082616871
7474,31.611323579541512,73.36069706215308,447.8719876297632,5.069024951535026
7475,28.12453239506074,66.87410692913274,289.7700803874188,5.31252106950563
7476,87.49681222115359,184.9913874868058,171.37573387499512,4.998881522249312
7477,77.70065286929712,163.59762085157817,104.13273065163447,4.098157556491973
7478,40.1303260733582,85.9461651194146,71.51091230260431,2.8427564863491046
7479,36.99357183090596,76.21290499276098,57.169422028372615,1.1128806654745325
7480,33.375158266064,66.750316532128,50.863901404966995,0.0
7481,38.564237384649935,77.12847476929987,97.98049500792546,0.0
7482,84.12912218641591,168.25824437283183,142.89961156535065,0.0
7483,109.85329451950169,219.70658903900338,179.82889613133705,0.0
7484,67.75413069159671,135.50826138319343,246.1861716223288,0.0
7485,53.73574975102402,107.47149950204803,281.84484225164374,0.0
7486,36.93740686065484,73.87481372130968,315.26345317619337,0.0
7487,30.501764065073317,61.003528130146634,345.5000544701813,0.0
7488,27.272172304937406,54.54434460987481,349.209264827445,0.0
7489,27.345743838349073,54.691487676698145,360.1820922590145,0.0
7490,27.433484374936345,54.86696874987269,369.13647986090876,0.0
7491,27.625851693911002,55.251703387822005,391.98762538301764,0.0
7492,29.64583870060056,59.29167740120112,391.7931596558531,0.0
7493,38.02566055561681,76.05132111123362,421.0524514793826,0.0
7494,78.66557057833647,157.33114115667294,481.5219966350592,0.0
7495,86.10930092787451,173.1341167498084,475.11088518424674,0.45775744702969234
7496,48.1855576936157,97.06849923169372,448.56749328555395,0.3486919222311586
7497,52.46451103509037,106.72624665010883,431.8807464693987,0.8986122899640522
7498,37.221106843100166,75.76605505487335,363.29387220970716,0.6619206843365104
7499,33.57560128997122,68.89029029793024,196.77462641323112,0.8695438589939007
7500,97.06656624058753,196.0406380568918,111.598318464286,0.9537527878583654
7501,85.94894845028928,173.52670490642234,88.79379910554445,0.8144040029218967
7502,45.22270643920265,91.24183757278887,68.6050669658368,0.3982123471917819
7503,40.18965500664062,81.21416370405932,67.64100761531681,0.41742684538903807
7504,35.60032492814747,71.20064985629494,67.15063073791629,0.0
7505,41.02006815722656,82.04013631445312,105.09751819470883,0.0
7506,89.64920233921643,179.29840467843286,184.2043216298701,0.0
7507,116.89850045950143,233.79700091900287,256.281580197328,0.0
7508,71.96418586958933,143.92837173917866,276.0214230204333,0.0
7509,57.02488722182951,114.04977444365902,295.3508591532582,0.0
7510,39.176289299527866,78.35257859905573,315.5316336932162,0.0
7511,32.2129222445924,64.4258444891848,325.2622799881272,0.0
7512,25.705328026513897,51.41065605302779,331.49278380105375,0.0
7513,25.811144243326254,51.62228848665251,348.2102674132985,0.0
7514,25.973129400284428,51.946258800568856,369.97042857798135,0.0
7515,26.121332102982862,52.242664205965724,387.0038466050385,0.0
7516,28.121038073519788,56.242076147039576,403.23225526714356,0.0
7517,35.14865696260855,70.2973139252171,443.5092216637846,0.0
7518,68.75501443285579,137.51002886571158,511.2312348540457,0.0
7519,75.74236049535413,152.46806314669482,514.2764737717389,0.49167107799327037
7520,30.303742253607666,62.60266258900598,514.8902393034734,0.9975890408953235
7521,27.971413897086464,58.525054259251895,498.12186690163753,1.2911132325394838
7522,23.670873949837148,54.36624230617865,470.27528828745864,3.5122472032521754
7523,22.43593239725316,53.90435129518014,430.7450925402416,4.51624325033691
7524,61.53479455983248,131.54723016223485,347.4004581109091,4.238820521284947
7525,41.706394388737266,90.57199197906685,239.88289713936592,3.57960160079616
7526,22.664036717962045,49.075306790374995,110.22179160297227,1.8736166772254523
7527,23.86862503784269,48.851212717034116,88.57244238886003,0.5569813206743659
7528,26.194697836220747,52.389395672441495,86.44100700206022,0.0
7529,28.682781108091792,57.365562216183584,177.13967607325847,0.0
7530,83.99314053721261,167.98628107442522,290.1699097248238,0.0
7531,109.71398707968976,219.42797415937952,342.0856077455748,0.0
7532,67.48180671289167,134.96361342578334,347.5519366811267,0.0
7533,48.771499156852975,97.54299831370595,363.04990444452227,0.0
7534,34.72619065652896,69.45238131305793,373.1447498921323,0.0
7535,28.16413278375601,56.32826556751202,381.36229877330743,0.0
7536,26.651091206300794,53.30218241260159,380.4593635436243,0.0
7537,26.705570133680247,53.411140267360494,390.2597700404433,0.0
7538,26.83091219891109,53.66182439782218,407.349754112267,0.0
7539,26.92927140702299,53.85854281404598,417.61497226389025,0.0
7540,28.87170368556217,57.74340737112434,420.0962950099458,0.0
7541,36.06540474361762,72.13080948723524,466.51053075891065,0.0
7542,70.22962010617042,140.45924021234083,523.487942035479,0.0
7543,76.56509903408931,155.53116179083636,512.9680734961307,1.2004818613288668
7544,28.887185755793134,63.70567868060662,497.5104779240301,2.965653584510176
7545,25.61047044952988,59.52145375772376,475.7447692344719,4.150256429332
7546,22.549374319930898,55.007364099673666,434.0498271818211,4.954307729905937
7547,21.033314821851224,52.525092094420884,279.08946786488025,5.229231225359219
7548,60.69633777316852,131.12725357968088,155.25852664563436,4.867289016671922
7549,41.166280392409966,90.37780812473592,107.72408880168072,4.022623669957995
7550,22.115938188903897,49.73932353684583,87.10698730660236,2.7537235795190185
7551,23.435976756153682,49.137419760983065,65.25205794983488,1.1327331243378493
7552,26.42582840064192,52.85165680128384,60.040605422038105,0.0
7553,28.811039933716714,57.62207986743343,102.92189979145417,0.0
7554,85.08711383678549,170.17422767357098,181.39138719847645,0.0
7555,111.2637567992027,222.5275135984054,270.50877151590095,0.0
7556,68.30499844472402,136.60999688944804,297.93469792592504,0.0
7557,49.24248853194411,98.48497706388822,313.83952717991787,0.0
7558,34.986270758190976,69.97254151638195,333.446962780185,0.0
7559,28.34753145692996,56.69506291385992,349.62456402035974,0.0
7560,25.05339839121823,50.10679678243646,346.90461448461747,0.0
7561,25.148253109056146,50.29650621811229,362.7706309628609,0.0
7562,25.197469576596877,50.394939153193754,367.432847045274,0.0
7563,25.28403996697681,50.56807993395362,374.9440196675071,0.0
7564,27.136540915228306,54.27308183045661,378.85848245676624,0.0
7565,33.83175500782723,67.66351001565447,404.1553275869532,0.0
7566,66.187413443772,132.374826887544,460.9271927569559,0.0
7567,72.92504365601489,146.67773130889918,455.3694990660245,0.41382199843470296
7568,28.960773355886438,59.78007348083596,440.51680721794133,0.9292633845315428
7569,26.9741245490542,56.075436756321594,439.4746524205376,1.0635938291065974
7570,24.193238503655873,52.41036073505953,438.2030247971294,2.0119418638738895
7571,23.008641363219834,52.40882607739598,434.6362033379444,3.1957716754781558
7572,59.66142059546229,128.2784313702551,423.8621546036228,4.477795089665265
7573,40.86337980363352,89.72165123140401,384.59871709838603,3.9974458120684844
7574,22.712163546742122,50.675728204620064,322.04927593729354,2.6257005555679096
7575,24.420478949806633,50.72483952943243,323.09707427174743,0.9419408149095825
7576,27.286021877273,54.572043754546,339.16400731940354,0.0
7577,29.484183223779834,58.96836644755967,382.11620940273656,0.0
7578,82.55023791484476,165.10047582968951,450.23379660690165,0.0
7579,107.08064343070039,214.16128686140078,472.87951015272677,0.0
7580,66.21976165219162,132.43952330438324,460.18995371845295,0.0
7581,48.029838667012406,96.05967733402481,453.0302715618885,0.0
7582,34.382020395113365,68.76404079022673,446.65435078561813,0.0
7583,27.941186140490355,55.88237228098071,437.22208181769895,0.0
7584,26.445285311895482,52.890570623790964,433.00218118960424,0.0
7585,26.472604929733087,52.945209859466175,438.9235564663451,0.0
7586,26.533569157575595,53.06713831515119,446.4380462591995,0.0
7587,26.59558599710156,53.19117199420312,451.68621747116305,0.0
7588,28.477308856078864,56.95461771215773,456.3528310812762,0.0
7589,35.33258651978935,70.6651730395787,489.8646499396838,0.0
7590,68.20087385183461,136.40174770366923,537.6042570458702,0.0
7591,74.4872318965749,150.88603831825682,526.5595542594186,0.9557872625535173
7592,28.524525706082798,62.34906942756045,508.31134015759056,2.650009007697428
7593,25.373262976452562,58.30260332664748,488.216841217989,3.778038686871177
7594,22.551092756309025,54.18589653910759,460.63071685849116,4.5418555132447676
7595,22.394547595835274,53.59994952340606,418.29315126587187,4.405427165867757
7596,60.3662192082137,129.5780130378652,332.26306189911594,4.422787310718896
7597,41.46410531437988,89.01380495771365,218.62801528186284,3.042797164476944
7598,23.036511961310293,49.03804380776292,140.9194348057465,1.4825099425711676
7599,23.832259574252184,48.69915214365223,120.55094618293339,0.5173164975739287
7600,26.17465778700669,52.34931557401338,137.06575912293567,0.0
7601,28.480381783280546,56.96076356656109,212.49347938565234,0.0
7602,83.03513726170047,166.07027452340094,324.2621134395482,0.0
7603,108.20283711503926,216.40567423007852,370.61411794878006,0.0
7604,66.69847340062192,133.39694680124384,374.618592762689,0.0
7605,48.28388883329823,96.56777766659646,383.3686997168086,0.0
7606,34.462932425883665,68.92586485176733,389.0580540261388,0.0
7607,27.97530865374698,55.95061730749396,390.6504960025181,0.0
7608,25.144632516661982,50.289265033323964,385.270592469133,0.0
7609,25.138810801148058,50.277621602296115,386.0734673075262,0.0
7610,25.204110652196153,50.408221304392306,393.7736291671002,0.0
7611,25.26728998437173,50.53457996874346,398.85851687506033,0.0
7612,27.094734226182837,54.189468452365674,405.62688343161835,0.0
7613,33.752004671449,67.504009342898,446.0946748277199,0.0
7614,65.52214700565257,131.04429401130514,513.0725291008994,0.0
7615,71.91298506152873,145.02680474385141,507.0380285768018,0.6004173103969733
7616,27.846460963357007,60.048909944829255,502.5509157510719,2.1779940090576195
7617,24.499091612662536,56.1648657040643,485.05548681923005,3.5833412393696134
7618,21.726720805210363,52.32598764019339,468.4995427448887,4.436273014886333
7619,21.016650390110144,51.029303868918504,383.73457452085523,4.498001544349107
7620,58.1369336314587,124.11267771173728,293.22308453570884,3.919405224409932
7621,39.96087863399914,83.9635597339707,132.2217548591192,2.0209012329862097
7622,22.50069003812114,46.07632358336191,80.10726473487988,0.5374717535598174
7623,22.623044170098403,45.64519354011043,63.75612086925434,0.1995525999568107
7624,24.539789075453044,49.07957815090609,57.25317607760075,0.0
7625,26.832880624522865,53.66576124904573,107.13665375108475,0.0
7626,78.89540594389575,157.7908118877915,180.49316346797062,0.0
7627,103.31482414352229,206.62964828704457,282.44633586997475,0.0
7628,63.47295942748613,126.94591885497226,312.5265100145344,0.0
7629,45.775865083507085,91.55173016701417,328.84210037363374,0.0
7630,32.71957647054938,65.43915294109875,367.25783423574114,0.0
7631,26.64549177255333,53.29098354510666,393.6219977908838,0.0
7632,26.7284204916618,53.4568409833236,392.0788896257495,0.0
7633,26.834265345216842,53.668530690433684,408.02802443315034,0.0
7634,26.9751556910076,53.9503113820152,425.646788346884,0.0
7635,27.150639424478054,54.30127884895611,444.7670363397756,0.0
7636,29.127767662180105,58.25553532436021,447.20205479610905,0.0
7637,37.3182655022678,74.6365310045356,488.3704754007921,0.0
7638,76.65565802510133,153.31131605020266,559.7028734173963,0.0
7639,83.45290857199608,168.60369984322003,555.7556775274575,0.8489413496139356
7640,45.208182185155195,95.64962131465785,561.7040500926339,2.616628472173727
7641,48.50486330084708,104.74704278889466,530.3461956631362,3.868658093600255
7642,33.01026029577362,75.31414244551983,491.077721436121,4.646810926986296
7643,29.6462666459337,69.13179987158625,352.5232439466628,4.9196332898594255
7644,90.45396183451686,190.0789462182544,216.1294659682703,4.585511274610339
7645,80.28847529877959,168.1267874104352,121.21421909360656,3.7749184064380255
7646,41.70361536437706,88.39573693766481,78.88759589436992,2.494253104455349
7647,38.41466095389581,78.3694110605804,63.40122241363142,0.770044576394393
7648,34.325693494627906,68.65138698925581,57.11722320383817,0.0
7649,39.6529603922458,79.3059207844916,105.85596651258183,0.0
7650,86.51377037450239,173.02754074900477,193.70605191904426,0.0
7651,113.032694359007,226.065388718014,289.17169040900916,0.0
7652,69.73300302459204,139.46600604918407,319.42452594560353,0.0
7653,55.35025793526217,110.70051587052434,349.21490569718395,0.0
7654,38.174142999649035,76.34828599929807,377.1035729232657,0.0
7655,31.529135153861674,63.05827030772335,395.2492168200481,0.0
7656,24.268105453543512,48.536210907087025,409.2207278181152,0.0
7657,24.331403605966553,48.66280721193311,417.29475345382895,0.0
7658,24.339949315020277,48.679898630040555,412.32692453913177,0.0
7659,24.63371741485723,49.26743482971446,449.7906024426914,0.0
7660,26.46524501114822,52.93049002229644,461.67038987975315,0.0
7661,33.804347320779,67.608694641558,495.4207940407897,0.0
7662,69.16381672348136,138.32763344696272,567.2501542278229,0.0
7663,75.1742349619735,152.02358683051668,561.2468061220012,0.837558453284848
7664,41.189138694065775,86.63170076768982,567.1869573893331,2.1267116897791363
7665,45.99838696283769,95.11979336447139,563.4454397091858,1.5615097193980025
7666,30.271090086926236,68.53927791426295,514.7081485631148,3.9985488702052407
7667,27.415662369390766,62.6397004967764,362.5130541196157,3.904187878997435
7668,83.35647555804599,170.84274886915165,225.9947490148028,2.0648988765298437
7669,72.57815248907627,151.10388898053512,127.02684827305085,2.973792001191279
7670,38.73657822614917,79.44317489545315,78.5905701534574,0.9850092215774102
7671,35.00044244458972,70.41878003468554,63.400577067721144,0.20894757275304474
7672,30.850528442976422,61.701056885952845,57.47971890773833,0.0
7673,35.666941151383234,71.33388230276647,105.09595318593007,0.0
7674,77.69860563783001,155.39721127566003,167.20338338130844,0.0
7675,101.55713064462151,203.11426128924302,281.4304115840697,0.0
7676,62.70064589829245,125.4012917965849,304.84418415190794,0.0
7677,49.82466434552167,99.64932869104334,337.90888353407837,0.0
7678,34.33591868203845,68.6718373640769,357.5148352274751,0.0
7679,28.38625566064228,56.77251132128456,373.51348955468404,0.0
7680,26.29165501483856,52.58331002967712,377.63195931977117,0.0
7681,26.37727866268777,52.75455732537554,388.7501851579218,0.0
7682,26.597104075159407,53.194208150318815,417.5206798863403,0.0
7683,26.687894675927733,53.37578935185547,423.8054462238981,0.0
7684,28.58349245674538,57.16698491349076,416.5078911305157,0.0
7685,35.672639948254066,71.34527989650813,446.7675546924362,0.0
7686,69.63135936883316,139.26271873766632,481.14846434092937,0.0
7687,76.1845677477295,153.96418849431657,441.542587791713,0.7975264994287815
7688,28.43004325114794,62.12784675728821,402.47343358006754,2.6338801274961647
7689,24.88825646877148,57.529394384623465,348.54656673770296,3.8764407235402536
7690,21.58052464433933,52.491534442465095,264.48622525149926,4.665242576893217
7691,20.152793300727208,50.259542601832145,112.37403594233795,4.976978000188865
7692,60.35126858494421,129.9956227484182,101.51894135085965,4.646542789264895
7693,40.97477808934249,89.5495678919243,80.29514036356066,3.800005856619656
7694,21.870931134749682,48.82180349673896,48.35580641152865,2.539970613619797
7695,23.566518249327917,48.56040477005622,35.64928767611829,0.7136841357001935
7696,26.184062979009852,52.368125958019704,36.81914318473911,0.0
7697,28.64054722821264,57.28109445642528,89.28904950434219,0.0
7698,84.31529718021586,168.63059436043173,128.58273175099455,0.0
7699,110.14438448134017,220.28876896268034,140.0004200007592,0.0
7700,67.10463926367375,134.2092785273475,125.06492769502262,0.0
7701,48.18650065903872,96.37300131807744,167.096605079171,0.0
7702,34.133492891976765,68.26698578395353,246.05315055194475,0.0
7703,27.50254170583091,55.00508341166182,276.3096214483273,0.0
7704,24.434163350171897,48.86832670034379,290.996643586059,0.0
7705,24.47108476177569,48.94216952355138,303.95957045211554,0.0
7706,24.51477686760752,49.02955373521504,311.03511022658444,0.0
7707,24.57549240748285,49.1509848149657,316.70786128007103,0.0
7708,26.599566521846963,53.19913304369393,342.12160033909583,0.0
7709,33.522783322838244,67.04556664567649,393.2482754509737,0.0
7710,66.19941808748973,132.39883617497946,470.5739038341756,0.0
7711,72.78675147732604,146.9988164045291,479.177291352145,0.7126567249385098
7712,27.468972307532262,60.02847766495788,486.54039652178716,2.5452665249466797
7713,24.245068229713326,56.00484515776707,463.70212668519474,3.7573543491702113
7714,21.658168427768636,52.37386902576445,461.77323725918876,4.528766085113588
7715,21.71147902276941,52.34637910994653,455.28408743198503,4.461710532203855
7716,59.964615827637395,128.68966941776654,448.39580031833617,4.3802188812458756
7717,41.40673912110829,90.04684783083944,414.88266973982036,3.6166847943114298
7718,22.98016020787677,50.93599428768115,361.79906618862486,2.4878369359638013
7719,24.849335599427295,50.706640202899536,348.6088541056864,0.503984502022471
7720,27.30504512369445,54.6100902473889,367.113272627813,0.0
7721,29.44974468119888,58.89948936239776,417.7747391129563,0.0
7722,83.03249429854607,166.06498859709214,494.69484006778885,0.0
7723,107.77873172423759,215.55746344847518,529.3363836437978,0.0
7724,66.82677484058993,133.65354968117987,534.8565416863381,0.0
7725,48.58002522505678,97.16005045011356,532.7349574101225,0.0
7726,34.852259602793644,69.70451920558729,523.6317385811991,0.0
7727,28.50689081288033,57.01378162576066,532.8475262974448,0.0
7728,28.13061937056285,56.2612387411257,525.5102939740141,0.0
7729,28.110774421120695,56.22154884224139,522.5899824056487,0.0
7730,28.13728303774043,56.27456607548086,521.7362739272234,0.0
7731,28.20575284596584,56.41150569193168,524.4138252485823,0.0
7732,30.17609130951226,60.35218261902452,524.2357039273049,0.0
7733,37.37083777098599,74.74167554197199,552.8132523447208,0.0
7734,72.0390120408391,144.0780240816782,602.3858627550633,0.0
7735,79.29827071083048,159.4615343382584,596.1149448886375,0.4324964582987151
7736,30.859170679685487,66.37802781429772,596.2666092989225,2.329843227463376
7737,27.84278023245228,62.306471953453375,591.4225041495059,3.310455744274406
7738,24.616544702271373,57.896159302932695,559.3552883404215,4.331534949194975
7739,23.046628610574423,55.35878492643028,412.87151284014163,4.632763852640718
7740,63.063394411894556,134.7137310209493,280.5097208136155,4.293471098580095
7741,42.88401417060602,92.68794666087324,185.4012992818387,3.459959159830595
7742,23.239182524370094,51.02674273978222,124.38153254097399,2.2741888455210186
7743,24.629440245102014,50.504387618255315,90.15354204087872,0.6227535640256444
7744,27.198390680124778,54.396781360249555,107.06460099094181,0.0
7745,29.843549578274505,59.68709915654901,212.50589078989802,0.0
7746,87.11745517581205,174.2349103516241,336.1616480422153,0.0
7747,113.94149088117595,227.8829817623519,416.7712078564792,0.0
7748,70.35712161692322,140.71424323384645,442.71716817244055,0.0
7749,51.00183384010297,102.00366768020594,460.0315651723254,0.0
7750,36.58091707621117,73.16183415242234,488.20796357699794,0.0
7751,29.792682801333783,59.585365602667565,496.2597221229435,0.0
7752,27.431419767762588,54.862839535525175,516.8023942441857,0.0
7753,27.504894734456784,55.00978946891357,528.4868494635133,0.0
7754,27.502163909473612,55.004327818947225,523.5074711355246,0.0
7755,27.677813603553815,55.35562720710763,542.5827087676284,0.0
7756,29.776676167367967,59.55335233473593,566.2330382380843,0.0
7757,36.85660943832341,73.71321887664682,597.2708407307143,0.0
7758,71.03642967360935,142.0728593472187,673.4906838323154,0.0
7759,78.17174054470382,157.22539054179563,672.2801935948772,0.44095472619399556
7760,30.642444428347282,66.06633626136535,676.6129812928687,2.3907237023353947
7761,27.464246262183465,61.9084158345014,657.0031947661502,3.4899616550672325
7762,24.48739067549875,57.33582301598836,606.4418936656364,4.1805208324954295
7763,23.147308071797916,55.00768924342997,465.7294259463895,4.356536549917071
7764,63.17847051963316,133.57064625259335,357.3942118619831,3.606852606663517
7765,44.019586301371035,93.36246499635287,323.03633954459025,2.661646196805397
7766,23.232889746263723,50.762534761312565,188.1228727384559,2.1483776343925616
7767,25.712546481072636,52.19478734240551,241.31836373087086,0.38484719013011875
7768,28.135309028897343,56.270618057794685,274.2585502080804,0.0
7769,30.16681058581045,60.3336211716209,334.3569551649836,0.0
7770,86.68337072924459,173.36674145848917,439.9931175123258,0.0
7771,112.57785426258492,225.15570852516984,477.16063419071986,0.0
7772,69.65789463071353,139.31578926142706,480.63861742295427,0.0
7773,50.62529920077665,101.2505984015533,490.4208024495874,0.0
7774,36.3810907465359,72.7621814930718,502.7854705662325,0.0
7775,29.727583005647347,59.45516601129469,512.1932573425352,0.0
7776,29.024104783786164,58.04820956757233,520.0955042543585,0.0
7777,29.083371745865172,58.166743491730344,530.6429406490852,0.0
7778,29.20188517800332,58.40377035600664,546.1113124334411,0.0
7779,29.380157104616583,58.760314209233165,568.0534844548082,0.0
7780,31.3438391601599,62.6876783203198,560.2696188828867,0.0
7781,38.780691861292446,77.56138372258489,594.9698326794227,0.0
7782,74.65359426122286,149.30718852244573,668.6418419489996,0.0
7783,82.23693761179626,165.22995121991164,663.2892394270372,0.3780379981595491
7784,32.55992541873459,69.48586405903863,675.0588592017956,2.1830066107847235
7785,28.945593649418896,65.10516354356437,658.6949819545883,3.606988122363292
7786,25.771761615116937,60.27225957592792,611.6008829267793,4.364368172847023
7787,24.45898697831952,58.21999715287727,488.09167229113694,4.651011598119116
7788,65.73591160824019,140.20401537812137,356.87896234294965,4.366096080820498
7789,44.18995629704787,95.46444901595024,214.36326175673463,3.5422682109272503
7790,24.41817536333398,53.36895675817996,157.80613296202125,2.266303015756001
7791,25.967235951831174,52.99274321591982,153.32606750467693,0.5291356561287357
7792,28.293803680148972,56.587607360297945,159.45660999453455,0.0
7793,31.194645124958644,62.38929024991729,233.27553705644274,0.0
7794,90.0835362364942,180.1670724729884,312.35888759226583,0.0
7795,117.53835352048102,235.07670704096205,371.28182216799223,0.0
7796,72.33926901224183,144.67853802448366,361.24436894702075,0.0
7797,52.12511458550559,104.25022917101118,339.7180636122021,0.0
7798,37.100346347846155,74.20069269569231,344.7557197268695,0.0
7799,30.092802190440647,60.185604380881294,353.96496343242967,0.0
7800,26.796996312251597,53.593992624503194,360.9723855529523,0.0
7801,27.034662978362547,54.069325956725095,399.35777004936733,0.0
7802,27.331272031775008,54.662544063550015,444.0515580671942,0.0
7803,27.44619126460342,54.89238252920684,458.95330928172655,0.0
7804,29.410419737633163,58.820839475266325,467.10655991584576,0.0
7805,37.50139075929804,75.00278151859608,511.0768407318771,0.0
7806,76.35996763469589,152.71993526939178,584.8784313225725,0.0
7807,83.49780535124624,167.8457895228951,585.4707710171631,0.4250894102013127
7808,45.471634999574974,95.82049499489403,596.0991066915695,2.4386124978720436
7809,48.89413483765835,105.04706217587389,590.9354841264865,3.6293962502785933
7810,33.68959657110225,76.09750583063088,572.9029831389274,4.359156344213189
7811,30.455632197850974,70.21262691470503,453.3639443128169,4.65068125950154
7812,90.25972519326194,189.21994963053686,309.09239977248893,4.350249622006491
7813,80.1544948401978,167.4116151665456,246.31420584956922,3.551312743074997
7814,41.942888199227966,88.46454139659438,185.26927141581976,2.289382499069228
7815,38.7885286220662,78.57580972484614,173.58436276007015,0.4993762403568661
7816,34.63496809713287,69.26993619426574,209.64794880674697,0.0
7817,40.268890536965486,80.53778107393097,328.5187906760298,0.0
7818,87.08327289469239,174.16654578938477,451.5751803547011,0.0
7819,113.24715347078698,226.49430694157397,503.06098558391506,0.0
7820,70.50428794684403,141.00857589368806,515.9456813458602,0.0
7821,56.30455265132318,112.60910530264636,529.6561347730807,0.0
7822,39.222361087151164,78.44472217430233,534.7786760865009,0.0
7823,32.64150495895086,65.28300991790172,546.1911376428292,0.0
7824,25.294798141339097,50.589596282678194,557.91615340158,0.0
7825,25.402490150502906,50.80498030100581,570.217076861669,0.0
7826,25.553151923857367,51.106303847714734,585.0893539035,0.0
7827,25.743393748911146,51.48678749782229,603.7707031944724,0.0
7828,27.53563767518598,55.07127535037196,612.9179778541942,0.0
7829,34.80209576771885,69.6041915354377,654.8713649766247,0.0
7830,69.38041400591351,138.76082801182702,715.5110735047347,0.0
7831,75.75376242656007,152.25407898720056,715.5924361649949,0.37327706704020613
7832,41.678136754283955,88.15483287946427,716.8722269682172,2.3992796854481777
7833,44.31335533371261,95.85257222683909,704.8957611929069,3.6129307797069354
7834,30.506472831193403,69.65210499724493,645.1261718287645,4.319579667429063
7835,27.239630461466884,63.61195018217164,489.90584419756794,4.566344629618935
7836,80.37246721005734,169.30579378505408,364.3923160042982,4.280429682469696
7837,71.25510164227093,149.54330798778093,273.24847720328677,3.5165523516195383
7838,37.379514451798535,79.26744413581812,208.3041975737747,2.2542076161105276
7839,34.76117699071368,70.44491020901353,193.33212891176868,0.46127811379308725
7840,31.052080955890677,62.104161911781354,217.33677604264844,0.0
7841,35.997826891790986,71.99565378358197,316.2468965446732,0.0
7842,77.86465460005279,155.72930920010558,458.1066334393681,0.0
7843,101.35585184361511,202.71170368723023,542.6873231296544,0.0
7844,63.44012938223603,126.88025876447206,573.0060143930284,0.0
7845,50.85220700282679,101.70441400565358,593.8382002551772,0.0
7846,35.62457843598035,71.2491568719607,593.5549153468709,0.0
7847,29.729523534495517,59.45904706899103,599.5732837276054,0.0
7848,27.277587956673802,54.555175913347604,613.6158739401603,0.0
7849,27.237608961781486,54.47521792356297,605.2291084078433,0.0
7850,27.259446091508607,54.518892183017215,601.7324022601337,0.0
7851,27.67883189894831,55.35766379789662,655.7868006516597,0.0
7852,29.833009428878338,59.666018857756676,700.8762401597836,0.0
7853,36.67603533998317,73.35207067996635,737.0202992473077,0.0
7854,69.55342504399921,139.10685008799842,805.7387356789825,0.0
7855,76.5137190879624,153.79095394029633,808.3970668435621,0.3817578821857611
7856,30.78612539898017,66.23430458885296,809.278185767609,2.331026895446309
7857,27.49841633507643,62.102760456639054,796.8678302170728,3.552963893243095
7858,24.90115400253699,58.366744098349244,789.6558253088239,4.282218046637632
7859,24.58781368661228,58.26941374285312,776.891531154368,4.546893184814279
7860,63.22171563242609,134.9260603303851,757.4001517614656,4.241314532766458
7861,44.45042545464651,95.84264071259392,710.2800218140497,3.4708949016504445
7862,25.38994207648914,55.1753865833005,584.8145315661278,2.19775121516111
7863,24.9200932951293,51.28697964121212,440.83706701702823,0.7233965254767611
7864,28.189810888762143,56.379621777524285,469.2985642277767,0.0
7865,30.585722018975204,61.17144403795041,551.7926388512349,0.0
7866,85.18883408345282,170.37766816690564,676.0013560346151,0.0
7867,110.23324502938058,220.46649005876117,730.5264952884997,0.0
7868,69.06063012957848,138.12126025915697,739.5465810996342,0.0
7869,50.788536699060934,101.57707339812187,750.0549245930989,0.0
7870,37.23767039777246,74.47534079554492,780.7029964866737,0.0
7871,30.76769101260459,61.53538202520918,777.443044913973,0.0
7872,27.484735258785562,54.969470517571125,758.935373542683,0.0
7873,27.51502637170788,55.03005274341576,762.5503591532586,0.0
7874,27.59895111401076,55.19790222802152,770.925753351721,0.0
7875,27.691398840083064,55.38279768016613,774.8872455426495,0.0
7876,29.41611090121787,58.83222180243574,768.7836143644338,0.0
7877,35.90652207850548,71.81304415701096,801.8928362678286,0.0
7878,66.97770271957249,133.95540543914498,872.5571295943921,0.0
7879,73.40992273128651,147.52852402101817,857.3012832204425,0.3543392792225779
7880,29.96255029870247,64.73818559578844,846.8972923340771,2.4065424991917475
7881,26.790462584174993,60.93642032800283,837.0293015264077,3.677747579826423
7882,24.158350459053338,57.33006358143483,830.9499186927214,4.506681331664077
7883,23.11829149228206,55.89625878667127,741.2215801599662,4.829837901053571
7884,59.21271307132922,127.54875695406702,678.7954838086083,4.561665405704287
7885,41.22505200839571,89.92106406760999,593.2478989257767,3.735480025409289
7886,24.15088491761268,53.06808153611143,554.785808549498,2.3831558504430346
7887,26.07065062015675,53.14940080177213,560.971902072206,0.5040497807293136
7888,28.11857068743273,56.23714137486546,555.1477191483777,0.0
7889,29.532962188632354,59.06592437726471,572.3080270397401,0.0
7890,81.11305806894114,162.2261161378823,673.5658578311738,0.0
7891,104.70886531814385,209.4177306362877,712.5960337926197,0.0
7892,65.80793764746755,131.6158752949351,719.3123288789518,0.0
7893,48.5663868566228,97.1327737132456,732.1791972362757,0.0
7894,35.61678801285096,71.23357602570192,739.5161690281286,0.0
7895,29.5845102980731,59.1690205961462,748.1720761045921,0.0
7896,28.519459298534642,57.038918597069284,746.0927836559592,0.0
7897,28.476391111469983,56.952782222939966,741.0971871828377,0.0
7898,28.73697868723707,57.47395737447414,774.4492628882659,0.0
7899,28.76901489915661,57.53802979831322,775.3844156425323,0.0
7900,30.685414698395288,61.370829396790576,790.9852191883444,0.0
7901,37.475750694935556,74.95150138987111,840.4048825898172,0.0
7902,69.42818842888467,138.85637685776933,891.2667341028811,0.0
7903,76.12812898693349,152.89203646978186,878.1214126183329,0.31788924795743756
7904,31.19870850710449,67.04584459721764,864.6791303396461,2.3242137915043264
7905,28.082071676201693,63.34645488036824,861.6484373092737,3.5911557639824285
7906,25.083282704915987,58.9178083712728,812.4400082589392,4.3756214807204135
7907,23.252933750981484,55.799146037963226,648.5315873691937,4.64663926800013
7908,59.949625986315745,128.65373080151545,520.0764185602746,4.37723941444198
7909,41.03356166428169,89.23632469225338,397.1858365108809,3.5846006818449965
7910,22.55276927402905,49.615557168610444,294.6804417588522,2.2550093102761717
7911,23.81181064276653,48.57870208368491,250.23583962896606,0.47754039907592205
7912,26.05936721682022,52.11873443364044,265.7412505736734,0.0
7913,28.97057650492536,57.94115300985072,400.56351892082773,0.0
7914,82.32792437549892,164.65584875099785,534.5220920409247,0.0
7915,106.97592385865596,213.95184771731192,606.0310089469094,0.0
7916,66.81295604188075,133.6259120837615,626.7012841477715,0.0
7917,48.95859536888362,97.91719073776724,638.3455320016656,0.0
7918,35.60299878786254,71.20599757572508,652.1770667759116,0.0
7919,29.473795713923977,58.947591427847954,675.2526488441202,0.0
7920,29.91895167719097,59.83790335438194,669.5867558006905,0.0
7921,30.05609660771269,60.11219321542538,687.2658700546601,0.0
7922,30.14988469231718,60.29976938463436,696.237867465641,0.0
7923,30.403740544511948,60.807481089023895,724.8598596415918,0.0
7924,32.537465678026926,65.07493135605385,733.6025232962885,0.0
7925,39.840756889944565,79.68151377988913,756.6349518393283,0.0
7926,75.28792264243053,150.57584528486106,833.0817105733867,0.0
7927,82.88259340552356,166.2625986054596,827.8718650838518,0.24870589720622896
7928,34.1620268881423,72.00505867642553,846.828665980204,1.8405024500704665
7929,30.743802170556968,67.65800833875275,850.500777301718,3.0852019988194064
7930,29.03364994465975,63.09342146354933,813.5981671238609,2.513060787114918
7931,27.378443354966574,60.351366578726235,663.7202562634319,2.7972399343965426
7932,67.78911312832535,140.62877273634203,517.9808850913431,2.5252732398456663
7933,46.7080026503249,97.42271905843383,398.7428897959199,2.0033568788920144
7934,25.99257537993809,54.1026466434239,306.3444507442864,1.0587479417738626
7935,26.495949917244296,53.33208378593576,273.7060763329729,0.17009197572358215
7936,28.588760144571676,57.17752028914335,286.2494961993768,0.0
7937,31.66698035207903,63.33396070415806,418.3754112271854,0.0
7938,90.45182928441477,180.90365856882954,559.1401058052679,0.0
7939,117.63924232056775,235.2784846411355,633.9611168532135,0.0
7940,73.30898483853612,146.61796967707224,656.0959667760925,0.0
7941,53.65794110816502,107.31588221633004,675.9908035839585,0.0
7942,39.01919734022913,78.03839468045825,705.6092959017371,0.0
7943,32.04370774273123,64.08741548546246,699.6278273861853,0.0
7944,29.07041026527993,58.14082053055986,697.8695699022179,0.0
7945,29.354712103745054,58.70942420749011,728.9315504450665,0.0
7946,29.442680263713033,58.885360527426066,732.515649979161,0.0
7947,29.486670947812872,58.973341895625744,727.2580813827427,0.0
7948,31.46935220380642,62.93870440761284,730.4650391434828,0.0
7949,38.561319400795114,77.12263880159023,764.2917011069762,0.0
7950,72.3053201669803,144.6106403339606,800.8753268139999,0.0
7951,79.5937131427143,159.58688836445427,789.1546340978126,0.19973103951284132
7952,32.344646615639796,68.94838939524516,792.5044096466587,2.1295480819827812
7953,29.065492508780537,65.05711989026582,789.8783074154082,3.4630674363523766
7954,26.27567960404371,61.07504334711292,786.5654489459363,4.26184206951275
7955,25.940559516423804,60.93553943416344,789.5062032891152,4.527210200657914
7956,66.04639260466959,140.61020400446708,797.9112762013244,4.258709397563947
7957,46.79954416146854,100.55674091032922,781.8553461713942,3.4788262936960708
7958,28.046759421392622,60.42682227041295,765.7921478278122,2.1666517138138532
7959,29.720215491245263,60.1506553779557,739.2927055334897,0.35511219773258895
7960,31.92096132753712,63.84192265507424,720.1281267031915,0.0
7961,34.078669371689635,68.15733874337927,744.0126247701423,0.0
7962,89.57693551795776,179.15387103591553,791.7015947148628,0.0
7963,115.18748149149481,230.37496298298962,799.1345826985216,0.0
7964,72.39895607662424,144.7979121532485,782.6007415654091,0.0
7965,53.40789330143832,106.81578660287664,780.7508725733185,0.0
7966,39.15229515518616,78.30459031037232,777.4244321466093,0.0
7967,32.382543492954,64.765086985908,762.9637477966337,0.0
7968,28.79870684633916,57.59741369267832,748.7600238643948,0.0
7969,28.75962458912746,57.51924917825492,743.6809120408961,0.0
7970,28.778192468201482,57.556384936402964,744.004537206649,0.0
7971,28.792098774726508,57.584197549453016,741.9893532638392,0.0
7972,30.53437607286519,61.06875214573038,737.1514053766699,0.0
7973,37.99493963337407,75.98987926674813,765.5744508003773,0.0
7974,74.01724354495167,148.03448708990334,808.450721814516,0.0
7975,80.76974054990266,161.92492078713335,795.165167795647,0.19271984366400852
7976,45.162634135244154,94.76178378854935,797.1808611970972,2.218257759030523
7977,47.86965206900313,102.73145608788474,777.6977476694827,3.496075974939238
7978,33.61070421194578,75.80323730223041,759.4233172873318,4.290914439169428
7979,31.48446334282739,72.05401561280124,744.3979554054406,4.542544463573228
7980,88.2509243917876,185.1135280863382,725.7689445654903,4.305839651381485
7981,79.08838413373171,165.2228302691245,703.4109462244767,3.5230310008305366
7982,43.74258997842967,91.8597015540081,662.6635128112192,2.1872607985743815
7983,41.05206764650667,82.81682488439164,651.3930241906068,0.35634479568914446
7984,36.41277654720109,72.82555309440218,602.4678943181214,0.0
7985,41.46873015758256,82.93746031516513,659.1930678474256,0.0
7986,84.56049114506317,169.12098229012634,710.6770711601124,0.0
7987,108.4691240982029,216.9382481964058,716.1456323179457,0.0
7988,68.39306144290896,136.78612288581792,697.7694876663403,0.0
7989,54.9843563389893,109.9687126779786,690.6300960800827,0.0
7990,39.02785724749881,78.05571449499762,690.4431781003456,0.0
7991,32.961904894726004,65.92380978945201,712.0111100237974,0.0
7992,28.311722589498018,56.623445178996036,738.0080653799973,0.0
7993,28.374779229870285,56.74955845974057,748.9984252395894,0.0
7994,28.457209454778404,56.91441890955681,748.6612432354908,0.0
7995,28.6203866846406,57.2407733692812,759.4293193322405,0.0
7996,30.325623184838726,60.65124636967745,748.3934192964284,0.0
7997,37.67965858385231,75.35931716770462,773.3888650429841,0.0
7998,73.18780149391085,146.3756029878217,820.9291535211007,0.0
7999,79.88701252467034,159.7894010621984,789.4933102424392,0.007688006428857885
8000,46.54722865270979,93.58468636925657,780.5759157587647,0.2451145319184925
8001,50.136582776595304,101.55413320798662,759.3213631930107,0.6404838273980106
8002,36.2388087392425,74.96705043034363,740.2948952676727,1.2447164759293152
8003,35.00311110687761,71.19537535646188,720.2329016202657,0.5945765713533263
8004,89.8000298828608,182.48415301970385,709.3473563130734,1.4420466269911312
8005,80.38682983649352,162.8558168162124,684.9659278474693,1.041078571612687
8006,44.89572864551792,91.1593396440941,671.7100316779432,0.6839411765291306
8007,41.041646647146884,82.34197389495853,668.2447018160906,0.12934030033237914
8008,36.92006685273258,73.84013370546516,671.4387799314466,0.0
8009,41.931371298875426,83.86274259775085,727.0795632427426,0.0
8010,84.08514560596666,168.17029121193332,759.6398448845727,0.0
8011,107.64120348619232,215.28240697238465,766.1474620008462,0.0
8012,68.23067635150875,136.4613527030175,746.2518128214358,0.0
8013,55.00977236445676,110.01954472891352,731.5807314817715,0.0
8014,39.16994444167416,78.33988888334832,714.1899349764557,0.0
8015,32.95033742903143,65.90067485806286,703.1320026922583,0.0
8016,29.625011646220347,59.250023292440694,689.0158233533142,0.0
8017,29.669510370501005,59.33902074100201,694.1595446241283,0.0
8018,29.77375911046689,59.54751822093378,706.1992504600659,0.0
8019,29.914823256430097,59.829646512860194,721.8006167587306,0.0
8020,31.772224525957316,63.54444905191463,724.3807470468214,0.0
8021,38.579362243676464,77.15872448735293,753.0826170009942,0.0
8022,71.42720653711591,142.85441307423181,806.6783337737877,0.0
8023,78.66602353094996,157.3320919151846,799.8444840622496,2.242664234408516e-05
8024,34.50985858362217,69.19869087653404,799.1126227534418,0.08948685464485392
8025,32.08845413350444,64.7923435659612,788.2390847613151,0.3077176494761601
8026,29.91098581545483,60.75209334392656,778.5266637979229,0.4650608565084506
8027,29.869341047174153,60.60864997355885,768.6726820570191,0.43498393960527104
8028,68.63698672243936,137.89796517881376,772.7642734667072,0.3119958669675199
8029,49.552475478310875,99.44020427866197,786.1721976814558,0.16762666102010707
8030,30.030438011416795,60.353408394632744,767.7308509892287,0.14626618589957757
8031,29.96541308591905,59.93222075907477,750.2465315351877,0.0006972936183329573
8032,31.245076277767904,62.49015255553581,707.9418099983404,0.0
8033,32.81918989372766,65.63837978745532,723.688945188536,0.0
8034,87.43526949847782,174.87053899695564,794.0389834597112,0.0
8035,112.27440788298449,224.54881576596898,800.5001115972674,0.0
8036,70.70793825042638,141.41587650085276,781.0395494474773,0.0
8037,52.19957983481698,104.39915966963396,770.056959232852,0.0
8038,38.32613729460293,76.65227458920586,763.0977742126361,0.0
8039,31.834240908757952,63.668481817515904,760.9601459215894,0.0
8040,28.368832433739247,56.73766486747849,744.6654918169381,0.0
8041,28.369725974869446,56.73945194973889,739.6918809671159,0.0
8042,28.474470969572188,56.948941939144376,744.5287221462962,0.0
8043,28.515790864475875,57.03158172895175,742.8091862449817,0.0
8044,30.201873764180174,60.40374752836035,733.5358172430089,0.0
8045,36.66936227074332,73.33872454148664,766.1202935828842,0.0
8046,67.43303038863041,134.86606077726083,806.6504133869075,0.0
8047,74.16092978301029,148.3441334403825,790.802155301791,0.011136937180965843
8048,32.73599098628763,65.88798271205783,799.2203517764516,0.20800036974128247
8049,30.507822619776856,61.80460974019991,793.9128631994231,0.3944822503230959
8050,28.300591259995635,57.77817442704934,768.6068681282463,0.5884959535290383
8051,27.13285287064175,57.14473634965467,732.0815003461408,1.4395153041855868
8052,61.442510620810964,128.06938049763892,656.8713978941316,2.5921796280084974
8053,41.314881777497035,89.21807733213446,534.0812312596161,3.294156888570193
8054,23.727936949673303,50.31296960026548,406.531255753347,1.4285478504594369
8055,24.939758201524963,50.473552862244986,399.9974284761392,0.2970182295975316
8056,25.417079488091716,50.83415897618343,340.14179985217766,0.0
8057,29.085011380900838,58.170022761801675,477.8483391923549,0.0
8058,80.3161862052125,160.632372410425,587.2055439284695,0.0
8059,103.92150612052879,207.84301224105758,632.5771940881602,0.0
8060,65.27190303725621,130.54380607451242,662.3455569800303,0.0
8061,48.196617572046605,96.39323514409321,691.3814648382014,0.0
8062,35.35185930054245,70.7037186010849,703.278004544177,0.0
8063,29.276135254178957,58.552270508357914,701.176530443809,0.0
8064,28.176400968991548,56.352801937983095,706.5031044555645,0.0
8065,28.277962809924688,56.555925619849376,718.360376324949,0.0
8066,28.358152146895073,56.716304293790145,721.5966832216129,0.0
8067,28.488099550789084,56.97619910157817,725.5282115445257,0.0
8068,30.328626950041482,60.657253900082964,725.7602180807443,0.0
8069,36.9698313347673,73.9396626695346,754.1875093004837,0.0
8070,68.83056222780642,137.66112445561285,819.4808763069221,0.0
8071,75.90518071735758,152.0079606864487,830.5715556231279,0.0987996258667701
8072,31.459571224906185,67.1538174696491,838.0362464737601,2.1173375099183662
8073,28.16274378958617,63.25610628712347,846.8927508100467,3.4653093539755657
8074,25.344638916892805,59.160925186241144,818.923534629292,4.235823676227765
8075,23.401416627192376,55.77050337523182,669.1178524589134,4.483835060423534
8076,59.46261550222249,127.46012715026545,526.6154755977244,4.2674480729102315
8077,40.974707696429746,88.93998821818194,439.7818976828302,3.49528641266122
8078,23.489461085235575,51.37789152577649,406.27992576210806,2.1994846776526686
8079,24.25755695309854,49.17617448050889,347.9371376453217,0.33053028715590654
8080,26.394545152793192,52.789090305586384,353.66004184077315,0.0
8081,29.684053030675713,59.368106061351426,488.1967947748415,0.0
8082,82.36296525669543,164.72593051339086,604.2163189371041,0.0
8083,106.65377730502337,213.30755461004674,652.8725758945507,0.0
8084,66.87719830578766,133.75439661157532,678.6051722917512,0.0
8085,49.21086021930836,98.42172043861672,695.1941159978945,0.0
8086,35.95716206819439,71.91432413638879,706.6625910123175,0.0
8087,29.611725293840983,59.22345058768197,692.6516797075268,0.0
8088,28.859063314457156,57.71812662891431,685.1668326888786,0.0
8089,28.919699154079012,57.839398308158025,685.6297336396955,0.0
8090,29.16378072190616,58.32756144381232,704.8804389437588,0.0
8091,29.491544853349954,58.98308970669991,736.9185059324913,0.0
8092,31.381224184241596,62.76244836848319,734.0939354513796,0.0
8093,38.4218543879498,76.8437087758996,774.5230758288276,0.0
8094,71.73082347286456,143.46164694572911,824.1045793652074,0.0
8095,79.09443001547356,158.2194374333074,814.577971172339,0.015288701180142793
8096,34.12749888022365,69.19374013531912,828.8606832460016,0.46937118743591105
8097,31.76104838169998,65.12807420798248,826.6821372380256,0.8029887222912618
8098,29.269097610660687,60.97404556779625,807.1161368099454,1.2179251732374397
8099,27.405370198783373,57.91413374231471,663.6622935547068,1.5516966723739831
8100,64.97883358203553,133.47135601751202,523.2881228064533,1.7568444267204797
8101,46.32575635517562,93.34684294919433,430.83819901214883,0.34766511942154293
8102,27.127076755573086,54.634928341761665,448.2115947398505,0.19038741530774783
8103,26.94386812708953,54.509621511977926,452.75989567661355,0.3109426288994332
8104,29.474038788359948,58.948077576719896,500.33584874733896,0.0
8105,31.746306974055344,63.49261394811069,570.6287509425197,0.0
8106,86.8840208559992,173.7680417119984,657.236292394398,0.0
8107,112.42351129237822,224.84702258475644,706.2606232731417,0.0
8108,70.55961943983975,141.1192388796795,714.2977797791817,0.0
8109,51.9507606351453,103.9015212702906,718.0188758145705,0.0
8110,38.04689973258541,76.09379946517082,725.8142234564044,0.0
8111,31.323114676461277,62.64622935292255,699.8540716620902,0.0
8112,30.315082324960134,60.63016464992027,687.229145562686,0.0
8113,30.298207035464777,60.596414070929555,680.5888913012018,0.0
8114,30.485139220332748,60.970278440665496,697.5337561334358,0.0
8115,30.55333863675651,61.10667727351302,699.9709837216266,0.0
8116,32.45544502330906,64.91089004661812,690.4298083807128,0.0
8117,39.64819969610546,79.29639939221092,717.4938110149014,0.0
8118,74.34996713106239,148.69993426212477,774.641257966624,0.0
8119,81.99098822411574,163.98330115077027,765.5423924995811,0.0006623512694029829
8120,34.74831932492602,71.09506250298038,781.1768190767145,0.7992119265641687
8121,32.3342110025241,66.68091736095344,775.434987049083,1.0062476779526255
8122,29.399231216087173,62.72154525339953,774.541008133222,1.9615414106125941
8123,29.218125138859076,62.635761926465435,766.6132762072399,2.0997558243736414
8124,70.81416111579306,143.83801195385445,748.1700604941251,1.104844861134167
8125,49.34186333392215,101.67575194363212,674.4416568437356,1.496012637893912
8126,28.797711077492107,60.3326427313786,638.7255551415348,1.3686102881971927
8127,29.286264773490444,59.073092543722666,584.2175887900247,0.2502814983708891
8128,31.419074268339486,62.83814853667897,584.5232511647072,0.0
8129,33.491216809747,66.982433619494,622.891197307297,0.0
8130,90.9391996008282,181.8783992016564,697.4498521865412,0.0
8131,117.29142817951059,234.58285635902118,719.1260921023596,0.0
8132,73.46740437010504,146.9348087402101,707.7386819716318,0.0
8133,53.98750522228092,107.97501044456185,704.3893734510305,0.0
8134,39.32517582849674,78.65035165699348,695.3652770732677,0.0
8135,32.4691522167476,64.9383044334952,692.2059200729149,0.0
8136,29.82502044452063,59.65004088904126,690.3068643776179,0.0
8137,29.93519975139346,59.87039950278692,705.6782102993767,0.0
8138,30.18985815498058,60.37971630996116,737.3397364381392,0.0
8139,30.414888871938736,60.82977774387747,764.3573847840075,0.0
8140,32.38005859628881,64.76011719257762,766.7307894161318,0.0
8141,40.47067097954865,80.9413419590973,807.6189858845503,0.0
8142,79.05736325084509,158.11472650169017,868.9975162137773,0.0
8143,86.47614423385086,172.99058703367066,853.738851303606,0.01914928298447143
8144,48.965102661785885,101.7378851382206,882.1209975506658,1.9038399073244152
8145,52.121976734257174,110.45115314060104,866.6094358139588,3.103599836043342
8146,36.9922067836705,81.86308384646675,855.5196337233765,3.939335139562879
8147,34.45625051848313,77.28737447092473,811.5891212557008,4.187436716979239
8148,94.75079795926163,197.8084217119563,786.1704465394401,4.153412896716512
8149,82.66801781608818,172.1220470095711,582.7913061473631,3.393005688697378
8150,43.82898221731195,91.89566045258117,444.09369590188396,2.1188480089786332
8151,40.83474258406269,82.23182533153147,420.1020912354652,0.2811700817030469
8152,35.52963946187001,71.05927892374002,364.09483481374,0.0
8153,41.91381728048491,83.82763456096983,488.60500055813884,0.0
8154,88.77010296812367,177.54020593624733,636.0105515168294,0.0
8155,114.93399420659864,229.86798841319728,721.0656403720154,0.0
8156,72.25180603547433,144.50361207094866,714.0032787524958,0.0
8157,58.064468244050474,116.12893648810095,716.456175162167,0.0
8158,40.86928276827255,81.7385655365451,692.7606592999547,0.0
8159,34.297918275078565,68.59583655015713,698.4005054147143,0.0
8160,26.25479082316587,52.50958164633174,702.7764461021776,0.0
8161,26.22221446271422,52.44442892542844,696.935326932837,0.0
8162,26.04494810450775,52.0898962090155,667.3690411258485,0.0
8163,26.200548450574203,52.40109690114841,670.42561625314,0.0
8164,27.885198929083643,55.770397858167286,668.9670550967503,0.0
8165,34.86278499684901,69.72556999369802,704.2602837705779,0.0
8166,67.91326727227678,135.82653454455357,736.4209365727957,0.0
8167,74.2944872339754,148.61182579160197,722.6719830828777,0.011425661825589217
8168,41.409231853391816,86.78351457471499,707.881050765206,1.9825254339656762
8169,43.69516541786798,93.97052876105171,677.6193654240219,3.2900989626578747
8170,30.51068416267428,69.19679565418008,658.4675667080725,4.087713664415758
8171,27.255318054178915,63.27583669521201,534.8181131849706,4.382600293427088
8172,78.05401226777478,164.2992413497907,378.01041912344385,4.095608407120562
8173,69.113395076441,144.77883076776706,282.19118212983375,3.2760203074425354
8174,36.09292547125538,76.71640802190392,204.88501361852556,2.2652785396965793
8175,33.79544390292224,68.09722317669714,176.23443338236896,0.25316768542633084
8176,30.0103312740904,60.0206625481808,193.4868189097845,0.0
8177,34.97264958389147,69.94529916778293,304.3261218154395,0.0
8178,75.1320837075353,150.2641674150706,417.8631491474967,0.0
8179,97.58754716790294,195.17509433580588,491.12641212895045,0.0
8180,61.150830800401216,122.30166160080243,521.3175155068736,0.0
8181,48.960718514197794,97.92143702839559,530.6305877928612,0.0
8182,34.404788366578444,68.80957673315689,546.702328840766,0.0
8183,28.7458465011135,57.491693002227,558.1222475838673,0.0
8184,27.642128336932874,55.28425667386575,564.9106871189919,0.0
8185,27.745893488979085,55.49178697795817,575.9534016040657,0.0
8186,27.85569960331456,55.71139920662912,577.6453588983543,0.0
8187,28.058810717199965,56.11762143439993,593.4036771988671,0.0
8188,31.004328843580662,62.008657687161325,606.6544552735126,0.0
8189,37.999558910283405,75.99911782056681,642.3108124273084,0.0
8190,57.44205864845969,114.88411729691938,705.5826097598333,0.0
8191,74.15189667392988,148.30379334785977,701.8833599883005,0.0
8192,57.2431240585966,115.01471989407052,710.810469886804,0.2642358884386651
8193,75.3776447995307,152.09426769962482,719.0574398608935,0.6694890502817156
8194,65.73871367002016,133.33946807726616,720.7685567916784,0.9310203686129243
8195,59.91335808618977,121.58742332633896,600.19719364658,0.8803535769797135
8196,120.53216533924851,243.69585853596556,456.39335559835706,1.3157639287342646
8197,110.12304350590425,221.58088880649018,358.2359861142317,0.6674008973408394
8198,61.43869558700105,124.90713871650986,271.0237090548467,1.0148737712538818
8199,52.84921825054532,105.84523998367656,244.90819802044786,0.07340174129296195
8200,43.73320813582811,87.46641627165621,266.10031115577704,0.0
8201,54.155749515347146,108.31149903069429,389.5609408062974,0.0
8202,100.20501330640099,200.41002661280197,514.4774759475201,0.0
8203,116.48374187515267,232.96748375030535,571.0273688888796,0.0
8204,65.3553888680186,130.7107777360372,592.4085373918218,0.0
8205,56.16060772070153,112.32121544140306,617.2492045129285,0.0
8206,42.280873591876166,84.56174718375233,635.0084474170768,0.0
8207,35.738190777861064,71.47638155572213,634.7107334090817,0.0
8208,28.105775825196528,56.211551650393055,648.9613528437359,0.0
8209,28.284789905799716,56.56957981159943,670.3498577079622,0.0
8210,28.460956521269704,56.92191304253941,688.360638117981,0.0
8211,28.597977693364758,57.195955386729516,698.701300975886,0.0
8212,30.5972021969652,61.1944043939304,714.322891295402,0.0
8213,37.48604802405031,74.97209604810062,747.1410864795743,0.0
8214,70.49867160625004,140.99734321250008,809.2229956566878,0.0
8215,77.8646715602557,155.7294015338672,806.3550256560059,2.9206677899859756e-05
8216,32.536041659688806,67.76525204090007,818.5077129354496,1.3465843607612238
8217,29.684985733577644,63.776088569351195,799.433756833229,2.203058551097954
8218,27.447788098586642,59.50265226452963,761.9698654466085,2.303538033678172
8219,27.423687225958247,56.90412147484894,632.7740449959714,1.0283735114662258
8220,65.53130250195282,134.32767376108302,623.1455165001929,1.6325343785886843
8221,47.12067612508198,95.68316596896072,626.3725229575177,0.7209068593983858
8222,27.86317242110473,56.54954625662799,595.7204166169467,0.4116007072092656
8223,28.111003745303943,56.27759316028237,576.2241731953985,0.027792834837241816
8224,29.971794634842343,59.943589269684686,577.7433271854367,0.0
8225,32.389854431485844,64.77970886297169,636.7151325437211,0.0
8226,86.61735990660446,173.23471981320893,705.5312459813064,0.0
8227,111.66651366374111,223.33302732748223,728.6561765424349,0.0
8228,70.04887361266618,140.09774722533237,711.6899949803997,0.0
8229,51.531917993343576,103.06383598668715,701.9461399111646,0.0
8230,37.67320922125581,75.34641844251162,697.3417540620911,0.0
8231,31.207597653033726,62.41519530606745,697.0041417571795,0.0
8232,29.852968608720694,59.70593721744139,714.6651957167435,0.0
8233,29.962281185400546,59.92456237080109,728.4657680930875,0.0
8234,30.141503261600086,60.28300652320017,748.508809736991,0.0
8235,30.31446684671156,60.62893369342312,766.3987410746832,0.0
8236,32.255508407095725,64.51101681419145,772.3631455202924,0.0
8237,39.246769074419866,78.49353814883973,806.089064294258,0.0
8238,72.76615667769178,145.53231335538356,864.5683768479263,0.0
8239,80.19608462672112,160.39216925344223,860.262748284402,0.0
8240,33.65789192465304,70.67155272152792,861.7691134721865,1.6778844361109175
8241,30.287229902734143,66.64848917396624,849.7722641258616,3.0370146842489767
8242,28.27221696295904,62.65106865970485,840.9898525334063,3.053317366893385
8243,27.24091677788779,62.43644818831988,832.6634746247998,3.97730731627215
8244,66.4704345839692,140.95054322929275,822.9389734827372,4.0048370306771846
8245,47.31737678109407,101.08820556955378,794.749055372803,3.226726003682824
8246,28.61090109363244,61.155667886777266,761.359465257047,1.9669328497561953
8247,30.238928729498014,61.29801887454091,762.8709203482259,0.4100807077724401
8248,32.63194725231453,65.26389450462906,771.5449608559722,0.0
8249,34.792091925720925,69.58418385144185,795.6518689736375,0.0
8250,89.50452044879127,179.00904089758254,826.2539307864523,0.0
8251,114.85989516224801,229.71979032449602,836.5402158083467,0.0
8252,72.38829377164221,144.77658754328442,802.7385878926365,0.0
8253,53.4648137841128,106.9296275682256,782.2526576047574,0.0
8254,39.30246627144401,78.60493254288802,770.38340599195,0.0
8255,32.66599701034919,65.33199402069837,763.8506879045831,0.0
8256,32.02337765834663,64.04675531669326,752.849967643747,0.0
8257,32.00990279111046,64.01980558222093,752.1095734323399,0.0
8258,32.02015135457052,64.04030270914105,752.7156090392173,0.0
8259,31.93567353317509,63.87134706635018,741.5791391758554,0.0
8260,33.87057560307917,67.74115120615834,733.3621913747683,0.0
8261,41.16884493476476,82.33768986952953,758.1201870771824,0.0
8262,76.53914233348388,153.07828466696776,808.9034496714652,0.0
8263,84.39321534483045,168.7864306896609,804.8009681276849,0.0
8264,36.757398079790285,73.78914102028749,810.2087517598295,0.13717243035346136
8265,32.57206810293594,69.06758082375988,794.2269752945859,1.9617223089440041
8266,28.932217969997225,64.4714823470304,776.321075303808,3.303523203517975
8267,28.590729656197283,64.13927580645645,756.7390940244914,3.4789082470309456
8268,70.1569900529167,147.4746465088818,757.6256641606265,3.5803332015241978
8269,49.61318826188656,105.28331418687637,729.3059392206667,3.028468831551624
8270,29.73961534059836,63.28544256560301,715.763655585188,1.9031059422031475
8271,31.43859004242857,63.21522294629685,714.9937174938211,0.16902143071985617
8272,33.603236903648884,67.20647380729777,718.5245156633326,0.0
8273,35.776135539421574,71.55227107884315,740.7911775943644,0.0
8274,93.81361223019286,187.62722446038572,783.8224464954154,0.0
8275,120.60494541627517,241.20989083255034,790.4749164400096,0.0
8276,75.69548668701688,151.39097337403376,763.6938728157241,0.0
8277,55.6149481270495,111.229896254099,738.9430498967803,0.0
8278,40.550650364528536,81.10130072905707,719.7532525911262,0.0
8279,33.42785774065213,66.85571548130426,702.5550207019605,0.0
8280,27.014929848211253,54.029859696422506,682.2173938652583,0.0
8281,26.921102067180822,53.842204134361644,664.7203748912449,0.0
8282,26.88618628354925,53.7723725670985,654.48597624152,0.0
8283,26.88719365943609,53.77438731887218,648.623641775564,0.0
8284,28.60093109135277,57.20186218270554,654.5108256469107,0.0
8285,34.67572270992358,69.35144541984717,674.9428952443016,0.0
8286,64.03458609665822,128.06917219331643,711.6408789657125,0.0
8287,70.45857353503021,140.91714707006042,696.2089987191526,0.0
8288,30.08900242751201,61.88748089064855,686.9728675297682,0.8547380178122624
8289,26.736840369584872,58.08554401312039,669.3952387670068,2.3059316369753224
8290,24.1916366871395,54.14872476935291,638.026238090467,2.882725697536956
8291,23.343525191368293,53.1769949686309,587.7931205665767,3.2449722929471583
8292,57.34135586236558,121.75078227551353,554.3294301984248,3.5340352753911826
8293,40.57036060986048,86.45250496965384,514.4576153802631,2.655891874966445
8294,23.989133889001963,50.75699535920219,464.2630200067652,1.3893637905991352
8295,24.80615893053842,49.76907166561769,416.40897402956057,0.07837690227042542
8296,26.285540688948274,52.57108137789655,405.04135374024355,0.0
8297,28.772381718752097,57.544763437504194,502.5194761431458,0.0
8298,77.49691061316425,154.9938212263285,581.3467343961613,0.0
8299,99.87809297187206,199.75618594374413,606.4895156377196,0.0
8300,62.72707043961553,125.45414087923106,601.6265579119174,0.0
8301,46.268059621929346,92.53611924385869,608.8812138386388,0.0
8302,33.99460260050637,67.98920520101274,622.3733557100298,0.0
8303,28.18676835582827,56.37353671165654,622.5259295987372,0.0
8304,28.12761727817845,56.2552345563569,618.468792784922,0.0
8305,28.166936467200244,56.33387293440049,625.4850891906674,0.0
8306,28.21556754974451,56.43113509948902,630.9115083652341,0.0
8307,28.269361166582584,56.53872233316517,640.2754492631997,0.0
8308,30.118334821308025,60.23666964261605,649.3462618613445,0.0
8309,37.62488450335262,75.24976900670524,680.7088720121217,0.0
8310,73.9111814187055,147.822362837411,732.7280479880076,0.0
8311,80.93737064098389,161.87474128196777,726.2805781022001,0.0
8312,47.0021312656187,94.27047480067415,725.8322412367494,0.13310613471837432
8313,50.39345837236079,102.40732925967166,708.2871584162009,0.8102062574750346
8314,37.2899273481223,75.50214427314489,700.4101478806496,0.46114478845014706
8315,35.28156481018145,71.84600495535916,692.7027546314813,0.6414376674981283
8316,91.81432823212928,185.78294921878657,692.6055987072928,1.0771463772640018
8317,82.42341351215575,165.92280259881173,679.117877042746,0.5379877872501199
8318,45.64638124627224,92.15894892915723,642.865707375543,0.4330932183063755
8319,41.36843239449042,82.7830582058906,617.4123244018147,0.02309670845488062
8320,37.02599034392553,74.05198068785106,625.8709252487416,0.0
8321,41.86436584127457,83.72873168254914,666.8151434909556,0.0
8322,85.19046259157348,170.38092518314696,717.7228045194988,0.0
8323,109.2760648608024,218.5521297216048,727.6019611934546,0.0
8324,68.97490389848805,137.9498077969761,707.8194955284803,0.0
8325,55.47460353574182,110.94920707148364,696.9056006444024,0.0
8326,39.33873632137961,78.67747264275923,687.7592351294968,0.0
8327,32.96958874016678,65.93917748033356,676.2282733844154,0.0
8328,29.725812912128273,59.451625824256546,665.7623877728095,0.0
8329,29.68886378624371,59.37772757248742,662.8923357216146,0.0
8330,29.680037380283718,59.360074760567436,661.0726564487879,0.0
8331,29.718615425479687,59.437230850959374,663.4988235861055,0.0
8332,31.643770034978346,63.28754006995669,661.2091052403057,0.0
8333,39.60535179722421,79.21070359444842,687.7551736095378,0.0
8334,78.14090741595169,156.28181483190338,746.8817684133231,0.0
8335,85.63315942902919,171.26631885805838,742.2392653066772,0.0
8336,48.13020680837343,99.5923145682053,741.8985459374178,1.665950475729218
8337,51.16819598110331,108.3144018230996,723.6861558564384,2.9890049304464923
8338,36.0094158773552,79.75585398008802,713.9788903613047,3.8685111126888096
8339,33.667263621469246,75.79405543794532,701.3781568269924,4.229764097503415
8340,94.20211240327977,196.3838599109486,686.0542640363367,3.989817552194521
8341,84.47738629533647,175.4114725768187,676.1554100195639,3.2283499930728836
8342,46.70624447619292,97.43719846952146,651.53533690789,2.0123547585678105
8343,43.778072761216016,88.15416921972658,663.3255846018493,0.2990118486472726
8344,39.396561039117074,78.79312207823415,670.7165068659748,0.0
8345,44.1173152707672,88.2346305415344,686.7513086701822,0.0
8346,90.17341939978273,180.34683879956546,728.4858383641359,0.0
8347,115.72068753875601,231.44137507751202,732.9905390430494,0.0
8348,73.03411084181384,146.06822168362768,715.3402794290536,0.0
8349,58.73826830049571,117.47653660099142,703.1507441512484,0.0
8350,41.55543214984031,83.11086429968061,681.5982436777992,0.0
8351,34.79578722206813,69.59157444413626,665.8291086815902,0.0
8352,27.42013601894172,54.84027203788344,651.0917570192938,0.0
8353,27.384341731161737,54.76868346232347,646.4719735783607,0.0
8354,27.427400872639016,54.85480174527803,650.2418521980543,0.0
8355,27.486901009150447,54.973802018300894,654.7000494472359,0.0
8356,29.219569863624155,58.43913972724831,659.4613090418196,0.0
8357,35.42919758981669,70.85839517963338,677.4886917282483,0.0
8358,65.73631437807377,131.47262875614754,736.1538901421484,0.0
8359,72.3639103782996,144.7278207565992,726.2036337689918,0.0
8360,30.010009322308765,63.57265660631938,717.8229524826982,1.7763189808509254
8361,26.619411638318795,59.405397793532295,697.8711646721425,3.0832872584473523
8362,23.87575205954827,55.59008171849275,688.99206205666,3.919288799698106
8363,23.42959634950923,55.44643800922797,679.341004833419,4.293622655104756
8364,58.98179574104275,126.13488342387373,663.4472223975285,4.08564597089411
8365,41.83262746187737,90.31467757049363,646.2111620473102,3.3247113233694425
8366,25.151778325668495,54.453714523257396,631.0810599755049,2.075078935960204
8367,26.831105324210068,54.212020376727416,622.0744489217947,0.2749048641536395
8368,28.785685124301626,57.57137024860325,622.4617131684328,0.0
8369,30.70066279229871,61.40132558459742,648.1826347362439,0.0
8370,80.18185050211713,160.36370100423426,684.3135288229182,0.0
8371,102.97532878150795,205.9506575630159,685.5937278523256,0.0
8372,64.73325678623326,129.4665135724665,662.2247178058668,0.0
8373,47.6968429887536,95.3936859775072,646.2719519665159,0.0
8374,34.913444550843494,69.82688910168699,634.8128281177452,0.0
8375,28.88178720062107,57.76357440124214,623.7406561032751,0.0
8376,30.508300349094398,61.016600698188796,607.3837135088748,0.0
8377,30.454447186078994,60.90889437215799,600.6359003739645,0.0
8378,30.445596435020484,60.89119287004097,597.1268193010437,0.0
8379,30.457051352755766,60.91410270551153,595.7681733514919,0.0
8380,32.36922330745865,64.7384466149173,587.3168093215163,0.0
8381,39.5932446464849,79.1864892929698,609.6723968671994,0.0
8382,74.72781361099622,149.45562722199244,659.9329854383009,0.0
8383,82.48315650841174,164.96631301682348,650.580109874609,0.0
8384,33.54286955987005,70.42385912455863,645.5932896086453,1.6690600024092703
8385,29.85174947552246,65.66320916413875,617.431530692356,2.9798551065469123
8386,26.771671138976036,61.12634063480942,601.6901646903335,3.791499178428672
8387,26.193897253761925,60.747609581226364,580.2338969074458,4.179907536851257
8388,67.49320378785605,142.99450079467636,552.0437664453752,4.0040466094821365
8389,47.33122890661002,101.23662278708149,530.4168409566499,3.287082486930721
8390,27.789261825251515,59.6878319444718,528.2285427093694,2.054654146984386
8391,29.430013675924787,59.39270705212286,518.5224747207975,0.2663398501366414
8392,31.83947834237689,63.67895668475378,539.2622115672351,0.0
8393,34.149580292882874,68.29916058576575,574.406132844526,0.0
8394,91.76305857145125,183.5261171429025,619.5129472548722,0.0
8395,118.38469994744375,236.7693998948875,627.8271916909845,0.0
8396,73.87781649514378,147.75563299028755,604.366694775491,0.0
8397,54.05122362203967,108.10244724407934,589.6993289059023,0.0
8398,39.23707668220166,78.47415336440332,585.9627690269461,0.0
8399,32.23441054963042,64.46882109926084,576.1529227304079,0.0
8400,28.85460322345314,57.70920644690628,565.460670764949,0.0
8401,28.84924686789192,57.69849373578384,564.5722393957453,0.0
8402,28.921750965678697,57.843501931357395,571.8269485184568,0.0
8403,29.078196314705668,58.156392629411336,588.9054933053377,0.0
8404,30.97294856382511,61.94589712765022,591.0104765045141,0.0
8405,37.891755805259756,75.78351161051951,619.4051400363858,0.0
8406,71.26500615199534,142.53001230399067,670.4292971538591,0.0
8407,78.64616606712332,157.29233213424664,663.1266595088935,0.0
8408,32.24226830680358,67.72714506235954,664.2906111883591,1.6213042243761886
8409,28.7087167986169,63.32348268941845,650.2056336342382,2.9530245460923235
8410,25.66615358917155,58.93753106430832,637.5813722823756,3.802611942982607
8411,25.255037897362072,58.81777556956309,629.5041464882651,4.153849887419472
8412,64.74732718979017,137.31541894967287,628.6776209708216,3.91038228504627
8413,45.389870481981056,97.19800848347572,584.1420599705773,3.209133759756805
8414,26.385414085867726,56.7487462975069,528.1336606128147,1.9889590628857234
8415,28.048949447581883,56.52629131449684,516.3643733853444,0.21419620966653544
8416,30.144498211842553,60.288996423685106,522.8122440049054,0.0
8417,32.31721234652088,64.63442469304177,568.6985942657138,0.0
8418,87.34711048107093,174.69422096214186,632.2456665007653,0.0
8419,112.75250549455372,225.50501098910743,659.4033726120674,0.0
8420,70.6058819228317,141.2117638456634,657.1146015682854,0.0
8421,51.80478830237871,103.60957660475742,650.3120739586432,0.0
8422,37.69821835638424,75.39643671276848,641.8780656903048,0.0
8423,31.15830080313091,62.31660160626182,636.7501283769523,0.0
8424,29.80189014468582,59.60378028937164,634.8838258881451,0.0
8425,29.95453269777758,59.90906539555516,652.5970016895528,0.0
8426,29.90916482732019,59.81832965464038,642.8444896673586,0.0
8427,29.862052811228768,59.724105622457536,630.7816454271443,0.0
8428,31.839720525976844,63.67944105195369,634.6238997219782,0.0
8429,38.93489369514996,77.86978739029992,663.3943887174449,0.0
8430,73.26403818528843,146.52807637057685,736.9210518127725,0.0
8431,80.79736203380722,161.59472406761444,727.362574930099,0.0
8432,33.257506640033355,69.85805943270258,723.4652212197941,1.6715230763179347
8433,29.718110771512286,65.3578263463537,707.5700788456078,2.960802401664564
8434,26.67613551758219,60.90080234591272,693.8427331819826,3.7742656553741734
8435,25.256733981976584,58.66290936179419,586.0356195227162,4.074720698920512
8436,63.91381183238881,135.57621384723825,419.9621109417583,3.8742950912303185
8437,43.22451736886401,92.81546265161657,254.76567634346603,3.183213956944278
8438,23.374860140789753,50.81643398123388,134.58320923803257,2.033356849827187
8439,24.73657855053386,50.24149129647133,108.93819722377987,0.3841670977018044
8440,27.000383964967607,54.000767929935215,105.24069777443495,0.0
8441,29.637295507672757,59.274591015345514,175.00313246167676,0.0
8442,86.06999033635498,172.13998067270995,288.8577039477473,0.0
8443,112.32917031755828,224.65834063511656,347.56557005302295,0.0
8444,69.62917424669851,139.25834849339702,400.44012766193055,0.0
8445,50.691524400366056,101.38304880073211,435.46340568991434,0.0
8446,36.51680748142608,73.03361496285216,466.4703052877252,0.0
8447,29.856464446734346,59.71292889346869,477.2626774885399,0.0
8448,26.304770682795166,52.60954136559033,481.7715386039048,0.0
8449,26.41035251436354,52.82070502872708,495.7240499376174,0.0
8450,26.50490650951626,53.00981301903252,504.7607577905572,0.0
8451,26.69984058886047,53.39968117772094,526.1046881830501,0.0
8452,28.578229746997792,57.156459493995584,535.92976631746,0.0
8453,35.34074702726829,70.68149405453659,581.1773950330876,0.0
8454,67.32030095251963,134.64060190503926,645.4893602362501,0.0
8455,74.49827502273732,148.99655004547463,656.5729331148382,0.0
8456,30.05420430080357,63.43424849964392,646.7230433606644,1.66291994901839
8457,26.927991728367335,59.849089781591665,652.9132565688512,2.996553162428498
8458,24.10323805931899,55.81657787344784,640.4176427194417,3.805050877404932
8459,23.35630717462289,54.934325082212105,603.1196666718076,4.110855366483159
8460,60.4925384394431,128.79442680089022,536.1746822654247,3.9046749610020064
8461,40.13783332668479,86.75224044168976,338.66902993003936,3.238286894160089
8462,22.046383455691966,48.17422706473873,235.24011172648193,2.0407300766774
8463,23.424512763969233,47.479577788146166,182.54034293498515,0.3152761301038517
8464,25.6021671439487,51.2043342878974,179.24053731518478,0.0
8465,28.258269172400936,56.51653834480187,276.80189183671166,0.0
8466,81.14184769697468,162.28369539394936,398.29399309792257,0.0
8467,105.77529431300053,211.55058862600106,475.9792563578046,0.0
8468,65.62790456573022,131.25580913146044,478.6819121895435,0.0
8469,47.71318583907468,95.42637167814937,469.50099927066526,0.0
8470,34.30280336488402,68.60560672976804,465.67261795220406,0.0
8471,27.87136769460326,55.74273538920652,440.31459461749245,0.0
8472,27.68385759872026,55.36771519744052,449.40925319327664,0.0
8473,27.86703470448649,55.73406940897298,476.7279662772653,0.0
8474,27.997036893844538,55.994073787689075,489.77233865245216,0.0
8475,28.001002579114836,56.00200515822967,483.9835006011247,0.0
8476,29.843520014004827,59.687040028009655,470.5528727444222,0.0
8477,38.08312488534002,76.16624977068004,527.4554978660987,0.0
8478,77.0746397948789,154.1492795897578,603.8717808681039,0.0
8479,84.67827357746243,169.35654715492487,606.4229235699255,0.0
8480,48.40261109239667,97.48809603467399,647.3686294273073,0.34143692494032785
8481,51.92431362699125,106.38788532239249,634.0042246986225,1.2696290342049978
8482,35.56186644124551,77.39199708087901,625.4981196443048,3.134132099193994
8483,33.274757048123554,72.73808576902803,578.2237328107137,3.09428583639046
8484,92.47352687641407,192.82805865113144,462.3337420624728,3.940502449151655
8485,81.10303625268328,168.71740874841313,296.00198695063557,3.255668121523286
8486,42.47189467250033,89.03379401424313,195.52345765489585,2.0450023346212336
8487,39.24367387229046,79.12213134297936,169.16726879592343,0.3173917991992186
8488,34.77471093730638,69.54942187461276,179.40758956012266,0.0
8489,40.48892221806841,80.97784443613682,294.4761085719224,0.0
8490,87.55145587384615,175.1029117476923,419.37239364608274,0.0
8491,113.77498541690085,227.5499708338017,485.1897199274546,0.0
8492,70.87410141239607,141.74820282479214,506.5278730757034,0.0
8493,56.689748391303226,113.37949678260645,536.1818655445397,0.0
8494,39.51156997654936,79.02313995309872,542.9664728127563,0.0
8495,32.886775831938266,65.77355166387653,557.8739629146304,0.0
8496,28.39028542743861,56.78057085487722,561.3410641423854,0.0
8497,28.59457159724747,57.18914319449494,577.7000326651621,0.0
8498,28.740034073813394,57.48006814762679,585.2744440933333,0.0
8499,28.808464105819873,57.616928211639745,582.0050541809339,0.0
8500,30.765139494776175,61.53027898955235,576.0990073538691,0.0
8501,39.03546564985287,78.07093129970573,618.3464780809501,0.0
8502,78.43057722037642,156.86115444075284,673.6956242635944,0.0
8503,86.2113110800018,172.4226221600036,682.9724471748016,0.0
8504,48.713883845166485,99.35308717066724,697.4969851241328,0.9626597401671357
8505,51.91413598863826,108.50155364168455,690.4566412931449,2.3366408322040186
8506,36.47191424845274,78.89416686833523,665.0781987011497,2.975169185714878
8507,34.68347339566342,72.96967341253044,552.6595524414224,1.8013633106018028
8508,94.0839270513936,194.27047296381454,419.7936817121732,3.0513094305136685
8509,82.2693995282905,169.94715104881485,251.15433876167523,2.7041759961169154
8510,43.19538008708669,89.75218950262352,140.0817551033787,1.6807146642250728
8511,39.41973108527174,79.35158752548482,94.37006808723854,0.2560626774706653
8512,34.80860960284847,69.61721920569694,89.96199186790994,0.0
8513,40.13568271252577,80.27136542505154,130.34522789111838,0.0
8514,87.14691226037516,174.29382452075032,192.35556152098619,0.0
8515,113.53494714004692,227.06989428009385,246.389458961282,0.0
8516,70.27400924004965,140.5480184800993,293.6077215404527,0.0
8517,55.91980253023855,111.8396050604771,329.05712486897244,0.0
8518,38.62354265384572,77.24708530769144,354.3687501774885,0.0
8519,32.18677180088016,64.37354360176032,417.0001012595244,0.0
8520,26.771471127454294,53.54294225490859,479.53619327133987,0.0
8521,27.028438122221107,54.056876244442215,511.0943915467813,0.0
8522,27.238286240105094,54.47657248021019,534.1984798151083,0.0
8523,27.465529472962952,54.931058945925905,558.1103696222665,0.0
8524,29.472064253591903,58.944128507183805,572.6474633361125,0.0
8525,36.533472537091214,73.06694507418243,619.1303546090638,0.0
8526,69.83538158328679,139.67076316657358,683.588629348489,0.0
8527,77.51816318811262,155.03632637622525,719.5797726750966,0.0
8528,31.62768253945322,66.16243842969118,723.0689507561013,1.4535366753923677
8529,28.2187768484515,61.955614600722946,714.610763203953,2.7590304519099726
8530,25.4321049015796,58.1239629677423,725.1980772082753,3.62987658229155
8531,24.81952692448457,57.71554600640141,705.1302003115422,4.038246078716137
8532,62.98118364107324,133.65994220772896,600.3044948770241,3.8487874627912424
8533,42.89934523342783,92.18549335122631,464.3025582448539,3.193401442185325
8534,23.363940927159653,50.75545048125236,311.863375658669,2.0137843134665268
8535,24.485600289991147,49.75247361654544,243.76779062229,0.3906365182815704
8536,26.694898913269142,53.389797826538285,245.34075526705286,0.0
8537,29.85882604233383,59.71765208466766,375.985563774786,0.0
8538,84.74198138474772,169.48396276949543,481.4824767392685,0.0
8539,110.20815055658919,220.41630111317838,537.670685221953,0.0
8540,68.42763402644208,136.85526805288416,547.0581807134396,0.0
8541,49.85711336344759,99.71422672689518,553.1414824557116,0.0
8542,35.93372591713501,71.86745183427001,557.9551509672774,0.0
8543,29.46270183689884,58.92540367379768,558.2925395217485,0.0
8544,27.53226146153347,55.06452292306694,546.7941001891836,0.0
8545,27.465139273228026,54.93027854645605,529.242791671755,0.0
8546,27.53275643159207,55.06551286318414,528.2782699835362,0.0
8547,27.65288407964908,55.30576815929816,533.5674289704108,0.0
8548,29.425716129765743,58.851432259531485,513.774592154703,0.0
8549,36.22738541292539,72.45477082585079,525.5058064384541,0.0
8550,69.49674068231351,138.99348136462703,586.9842803685516,0.0
8551,76.74560145516324,153.49120291032648,565.0336759893016,0.0
8552,30.988528441467565,65.07741098904376,601.9432160946224,1.5501770530543122
8553,28.15023325360643,61.940462823354814,672.806161167605,2.819998158070977
8554,25.11947328811105,57.72761033714711,668.0505823509043,3.7443318804625085
8555,24.238446609352902,56.63508774331282,601.3376903379399,4.07909726230351
8556,62.31154744940626,132.37781041656416,476.06174583198384,3.8773577588758155
8557,42.49652739687055,91.64398275673416,369.24386640834,3.3254639814965334
8558,22.518654910990552,49.37355838335788,218.08029680099165,2.16812428068839
8559,24.217906900731624,49.346787910070326,174.3445612553153,0.45548705430353886
8560,26.412609939333024,52.82521987866605,165.25671200002247,0.0
8561,29.19815339378766,58.39630678757532,279.17465786097875,0.0
8562,84.17594671464258,168.35189342928516,395.30507455074934,0.0
8563,109.67715080083903,219.35430160167806,461.0223778534851,0.0
8564,67.94431625549045,135.8886325109809,478.315428163039,0.0
8565,49.54874978671523,99.09749957343045,511.0432804948791,0.0
8566,35.69290670527288,71.38581341054577,514.7807361732508,0.0
8567,29.457885180733555,58.91577036146711,554.2445636835182,0.0
8568,27.645642780377433,55.291285560754865,559.6068297956939,0.0
8569,27.769027843622066,55.53805568724413,570.9120765802236,0.0
8570,27.898820682001006,55.79764136400201,581.1355067633906,0.0
8571,28.012018425058955,56.02403685011791,587.3148302842166,0.0
8572,30.00575608210306,60.01151216420612,598.7354670930499,0.0
8573,36.950817212310874,73.90163442462175,629.7642833561258,0.0
8574,70.2564447460987,140.5128894921974,688.0570877400698,0.0
8575,77.56921228689205,155.1384245737841,672.1135231499683,0.0
8576,31.80423344531857,66.4622149579787,700.2433351632841,1.4268740336707824
8577,28.424373349923734,62.636341281576826,721.109572419463,2.8937972908646787
8578,25.484226313482214,58.179310811798395,695.9287020989573,3.6054290924169847
8579,24.161924124513188,56.44856917432548,597.5858747980153,4.062360462649551
8580,62.185904878300576,132.22343815212716,470.7189987877875,3.9258141977630037
8581,41.88704938941737,90.29440359724092,307.20274071416424,3.2601524092030902
8582,22.80061838529668,49.73826939308385,188.96921815636463,2.068516311245245
8583,24.175705171773053,49.17397511149463,151.45611928696394,0.411282383974259
8584,26.48385183317859,52.96770366635718,170.81675650820864,0.0
8585,29.35512690416139,58.71025380832278,296.3575889345235,0.0
8586,84.46983714437083,168.93967428874166,416.4034540101722,0.0
8587,110.04502027746085,220.0900405549217,487.3373254192355,0.0
8588,68.25087369370854,136.50174738741708,506.94371348063817,0.0
8589,49.79668403999651,99.59336807999301,532.1260940344368,0.0
8590,36.15805394263996,72.31610788527992,572.9575171040583,0.0
8591,29.87199648293642,59.74399296587284,607.2907618785421,0.0
8592,26.829245168773742,53.658490337547484,624.9224754782443,0.0
8593,27.04490055125717,54.08980110251434,650.5803977915494,0.0
8594,27.527332736541034,55.05466547308207,710.7558426696115,0.0
8595,27.849883405583128,55.699766811166256,748.1820390155871,0.0
8596,30.7036876951394,61.4073753902788,773.7002372708455,0.0
8597,37.345215132344755,74.69043026468951,814.8675118400295,0.0
8598,55.69123240926048,111.38246481852096,874.5748117892995,0.0
8599,71.40909143040415,142.8181828608083,865.0315029228373,0.0
8600,54.45740599857153,111.26619308280266,859.45660584362,1.1756905428298012
8601,70.37429660676806,145.77005773372795,828.2544187271878,2.510732260095926
8602,60.45844488082116,127.91312329398366,805.5493292536225,3.498116766170669
8603,55.36089968794336,118.6802061596134,776.3629577572128,3.9792033918633467
8604,114.1005284720319,235.88020848955418,742.7326406640601,3.839575772745192
8605,104.85709644557308,216.14962044748032,709.6093781544328,3.2177137781670795
8606,60.473797146666975,125.15511207788121,624.4969876945407,2.1037588922736306
8607,52.51405269859946,105.59760350072271,524.3656825544704,0.28474905176189996
8608,43.339989755778895,86.67997951155779,477.38978744654924,0.0
8609,53.443104153522235,106.88620830704447,553.4052453141144,0.0
8610,96.30696621497613,192.61393242995226,617.4827911760096,0.0
8611,111.41801776263229,222.83603552526458,643.1061163865533,0.0
8612,63.04440139553056,126.08880279106113,640.8949220171634,0.0
8613,54.396393431210534,108.79278686242107,668.8369731583927,0.0
8614,41.20737428916174,82.41474857832348,673.5326428155499,0.0
8615,35.06127874806826,70.12255749613652,679.9159454843035,0.0
8616,28.810980098998584,57.62196019799717,677.5917169104262,0.0
8617,28.800920764731465,57.60184152946293,674.6844314961558,0.0
8618,29.005779493966067,58.01155898793213,696.5524437535105,0.0
8619,29.43302194824163,58.86604389648326,745.0201519352045,0.0
8620,32.28259293526601,64.56518587053202,757.9692945611449,0.0
8621,39.20607107695826,78.41214215391652,806.1420234188473,0.0
8622,58.22040124192796,116.44080248385592,870.2130467962324,0.0
8623,74.5798760964167,149.1597521928334,870.9665680710707,0.0
8624,57.44932923486647,116.54482474625065,876.9668474405775,0.8230831382588613
8625,76.01003614372668,152.67394550475996,865.3039233300557,0.326936608653302
8626,66.70559377518245,134.3252278516443,855.175655885813,0.4570201506397116
8627,61.6947191642436,124.80886089105746,827.380591485593,0.7097112812851304
8628,121.22497559843443,245.659178397202,764.568920779322,1.6046136001665707
8629,109.02918024174588,219.7724954595755,544.2295766471165,0.8570674880418749
8630,61.28901463261793,125.94390141999844,462.25228495846665,1.6829360773812907
8631,52.56392978646611,106.00224228332401,411.5606445361844,0.4371913551958926
8632,44.09407922111951,88.18815844223901,434.3149456025945,0.0
8633,55.23552980161766,110.47105960323532,591.4809689832069,0.0
8634,100.00309092919494,200.00618185838988,693.7413954809388,0.0
8635,116.02134948003456,232.04269896006912,763.3711349586184,0.0
8636,65.9816416735657,131.9632833471314,779.7028921698819,0.0
8637,56.91333661529321,113.82667323058642,792.7199865527421,0.0
8638,43.291162260537895,86.58232452107579,795.1048393481354,0.0
8639,37.02151592703673,74.04303185407346,808.1259883987527,0.0
8640,29.870170210084318,59.740340420168636,828.6944088853219,0.0
8641,29.919719036655827,59.839438073311655,832.295190075978,0.0
8642,30.062303639525535,60.12460727905107,844.2776529295242,0.0
8643,30.165297641110218,60.330595282220436,850.3330420026532,0.0
8644,32.119343969152496,64.23868793830499,861.8952810039854,0.0
8645,39.94439548979407,79.88879097958814,907.0833689446745,0.0
8646,77.0530693645103,154.1061387290206,957.948375496382,0.0
8647,84.3347530742144,168.6695061484288,958.9510328114168,0.0
8648,49.29240425107108,99.66096529282963,961.450978817229,0.538078395343735
8649,53.07261832847428,108.36811324533097,962.7206852376712,1.1114382941912122
8650,38.91382894921273,80.39531450485113,932.6923532779239,1.2838283032128388
8651,34.58242662776583,75.68580791867335,873.395154355508,3.260477331570847
8652,92.87670092289626,191.64218689288913,834.3629490938249,2.9443925235482955
8653,81.3778501576521,168.59345860750938,698.2484893343978,2.918879146102577
8654,45.05787393247971,94.0542948699947,679.5735978709212,1.969273502517642
8655,41.13233024388591,83.08632715320947,613.6951214826116,0.41083333271882366
8656,36.97549997147601,73.95099994295202,622.266003872061,0.0
8657,42.76530989599436,85.53061979198873,726.0156015879955,0.0
8658,87.47490537315568,174.94981074631136,808.4575110098128,0.0
8659,112.33693107689476,224.6738621537895,845.3355611911678,0.0
8660,71.35146222069157,142.70292444138315,847.1228927904624,0.0
8661,57.70732116403106,115.41464232806211,849.0342173122091,0.0
8662,41.46689524953209,82.93379049906417,864.8224196085516,0.0
8663,35.20183003304105,70.4036600660821,878.4942867626996,0.0
8664,31.211646975681898,62.423293951363796,875.293226700699,0.0
8665,31.263737175582904,62.52747435116581,878.108469738141,0.0
8666,31.418541194535926,62.83708238907185,892.0716621587143,0.0
8667,31.652242222435728,63.304484444871456,915.2257791131262,0.0
8668,33.55945113398242,67.11890226796484,916.141454156214,0.0
8669,41.56739071251738,83.13478142503476,960.9224891032896,0.0
8670,79.69612952704489,159.39225905408978,1017.9456747213268,0.0
8671,87.12803737106624,174.25607474213248,1014.3219193621178,0.0
8672,51.71848419884227,103.49721013211557,1025.5633952846542,0.030120867215518307
8673,55.31824452663214,112.33394900897152,1020.971951950177,0.8487299778536136
8674,41.56350178220443,83.77858287616816,1003.8727534135676,0.3257896558796445
8675,38.16321862445019,77.14285125647089,874.767791431837,0.4082070037852587
8676,96.99615207201404,195.6854381123832,808.7150004924551,0.8465669841775519
8677,85.7145236446416,172.90127512971324,705.3096416974363,0.7361139202150173
8678,47.96168159278051,96.56528571276995,694.2182376713001,0.3209612636044663
8679,43.20130281236375,86.44464525958982,663.2022339063149,0.021019817431158383
8680,37.68501540593937,75.37003081187873,633.2745346415732,0.0
8681,44.04362233104281,88.08724466208562,747.8377518112432,0.0
8682,89.90102106260049,179.80204212520098,828.5547437226987,0.0
8683,115.36542212001723,230.73084424003446,857.6436206909597,0.0
8684,73.1580697193051,146.3161394386102,848.6699027126303,0.0
8685,59.12324390471947,118.24648780943895,852.8652270373597,0.0
8686,42.253006187033144,84.50601237406629,850.9499461967907,0.0
8687,35.651261185801665,71.30252237160333,847.8683390358851,0.0
8688,31.624702696001076,63.24940539200215,842.9365299609225,0.0
8689,31.5914095232605,63.182819046521,833.4340729477634,0.0
8690,31.64126233029122,63.28252466058244,832.5439662690468,0.0
8691,31.77629132267115,63.5525826453423,842.4350189697911,0.0
8692,33.79738621530343,67.59477243060687,848.3245492790509,0.0
8693,40.944154951350924,81.88830990270185,876.754484741019,0.0
8694,75.39647230956724,150.7929446191345,932.8081894562436,0.0
8695,83.05277899670675,166.1055579934135,928.8234107011831,0.0
8696,36.748531537671184,73.75162263554066,926.6007139299039,0.12727978009914517
8697,34.12564185554615,69.0191171200059,899.2484977249492,0.3839167044567999
8698,31.98321870123841,64.67976055018856,879.4456726652512,0.35666157385587033
8699,31.708466701353572,64.43200954692126,863.362385080385,0.5075380721070591
8700,72.0429447320901,145.04485564837782,843.732284832025,0.4794830920988065
8701,51.25470636194688,103.26415534212398,774.4536798929586,0.37737130911511435
8702,29.899616055468023,61.46000893912309,706.9375958627522,0.830388414093524
8703,30.599046772991628,61.33795308651343,699.6431278546208,0.06992977026508657
8704,32.855250977256944,65.71050195451389,724.5959424151703,0.0
8705,35.200680616137426,70.40136123227485,766.9007670511403,0.0
8706,91.6496544843148,183.2993089686296,818.5357229535863,0.0
8707,117.65872841258243,235.31745682516487,823.4820954776229,0.0
8708,74.13062067175625,148.2612413435125,810.6221102396191,0.0
8709,54.759448853093,109.518897706186,804.5727264031697,0.0
8710,40.17807003631476,80.35614007262951,793.6709434079801,0.0
8711,33.405313257091045,66.81062651418209,796.0531208346205,0.0
8712,28.99179560210389,57.98359120420778,789.1635760014167,0.0
8713,28.90419458409088,57.80838916818176,780.592748059761,0.0
8714,29.006445498480886,58.01289099696177,785.6968136837559,0.0
8715,29.063857892297314,58.12771578459463,786.2028170294709,0.0
8716,30.847018796192646,61.69403759238529,788.5737201491037,0.0
8717,37.329328385592945,74.65865677118589,815.4477734132853,0.0
8718,68.5010404697232,137.0020809394464,874.7825515874559,0.0
8719,75.34662259197987,150.69324518395973,865.5189516348139,0.0
8720,32.24910390974084,67.52070436471033,871.5239236486483,1.511248272614321
8721,28.808700595808197,63.34671767454452,857.9937037012951,2.864658241464063
8722,26.04863614399264,59.48574208901237,845.1251007281433,3.694234900513547
8723,25.134532381006366,58.41846870935136,788.8505493147126,4.0747019736693115
8724,61.27092104412682,130.4612210562018,736.8473885800101,3.9596894839740737
8725,43.08194014533377,92.32457131116313,654.4104363595558,3.0803455102477946
8726,25.768001670688395,54.890127356142344,603.4379053341816,1.6770620073827764
8727,26.42809759741875,53.48361641816286,548.0075984073785,0.3137106116626824
8728,27.235777851093893,54.471555702187786,496.0487185055282,0.0
8729,31.078296440237462,62.156592880474925,641.6196934747659,0.0
8730,82.41302555638576,164.82605111277152,727.6453305989575,0.0
8731,106.15607720318317,212.31215440636635,764.6017419815636,0.0
8732,67.04463936132238,134.08927872264476,773.0050011502069,0.0
8733,49.571706031179396,99.14341206235879,768.0364790354382,0.0
8734,36.49109155104388,72.98218310208776,766.6298674711585,0.0
8735,30.362461885632698,60.724923771265395,765.6921406400294,0.0
8736,29.594055650368745,59.18811130073749,760.7031876963348,0.0
8737,29.633441008211143,59.26688201642229,762.6623973627586,0.0
8738,29.685953485722468,59.371906971444936,758.2058180102856,0.0
8739,29.823107381321737,59.646214762643474,766.1744639908297,0.0
8740,31.739896273646043,63.479792547292085,771.8670557280502,0.0
8741,38.52823982796782,77.05647965593565,800.0366230332185,0.0
8742,71.2673860079113,142.5347720158226,867.4570086976328,0.0
8743,78.44219389637556,156.8843877927511,855.2820830461826,0.0
8744,34.53695277736403,69.55226757878124,857.6722614035438,0.23918101202659328
8745,32.34048547429746,65.17645236364113,842.1564457860806,0.24774070752310481
8746,30.12090847561997,61.09050044843583,828.7215058239017,0.4243417485979447
8747,30.04508861671398,60.88632893968736,814.99870794067,0.3980758531297023
8748,68.31547204412175,137.37989211535577,807.0274171966634,0.37447401355613213
8749,48.761836174735464,98.43813071427934,772.2655162696265,0.45722918240420607
8750,29.249880101346545,59.3822758668658,733.6549993309297,0.44125783208635455
8751,29.34130096228242,58.866183129425984,708.8674509095584,0.091790602430572
8752,31.325998060442107,62.65199612088421,714.9178366706993,0.0
8753,33.84773258518959,67.69546517037918,775.2984260546378,0.0
8754,87.10290677797795,174.2058135559559,816.1238837046153,0.0
8755,111.85097731773926,223.70195463547853,836.6888148019842,0.0
8756,70.67877658070839,141.35755316141677,829.0606419509609,0.0
8757,52.37864412063762,104.75728824127523,824.730599130156,0.0
8758,38.773307096161055,77.54661419232211,829.29716913381,0.0
8759,32.38604905121865,64.7720981024373,829.8644561104899,0.0
